names,scores,logfoldchanges,pvals,pvals_adj,pct_nz_group
lncRNA:CR34335,107.12273,1.5267662,0.0,0.0,0.9971050258649329
lncRNA:noe,82.60504,0.56937903,0.0,0.0,1.0
RpL41,74.97711,1.1563444,0.0,0.0,0.9037539746571117
RpL39,64.88745,1.3418158,0.0,0.0,0.7866736272602155
Dsp1,64.16022,1.3422751,0.0,0.0,0.7990603198709126
Hex-A,61.85506,1.2992204,0.0,0.0,0.7962602629206018
UQCR-6.4,56.24398,1.3494965,0.0,0.0,0.6911394808029994
stai,54.362854,1.0162392,0.0,0.0,0.8334677993450714
Neb-cGP,50.86535,1.0831857,0.0,0.0,0.7834464429785013
nrv3,50.592976,0.43492317,0.0,0.0,0.9837217028142945
cype,49.86136,0.9103699,0.0,0.0,0.8723838450951544
RpL29,49.42631,0.87066627,0.0,0.0,0.8272032651511556
bel,48.903374,1.1374595,0.0,0.0,0.7024346257889991
TP53INP,46.94449,1.0562924,0.0,0.0,0.7429168050875611
Dhit,46.107216,0.94784844,0.0,0.0,0.7922737411608372
egh,45.575363,1.1171991,0.0,0.0,0.6601964785724456
unc-119,45.4966,1.1859908,0.0,0.0,0.6001139006217076
Rdh,44.41768,1.0838432,0.0,0.0,0.658772720801101
Sxl,44.211243,1.0650841,0.0,0.0,0.6778985335294955
Cp110,42.017395,1.2319264,0.0,0.0,0.5097052821413317
capu,41.93371,1.2554896,0.0,0.0,0.4906269280053154
Pitslre,41.461685,0.940081,0.0,0.0,0.7591001850885103
NdufA3,40.77273,1.0516251,0.0,0.0,0.6003037349912201
Lk6,40.112244,0.7790009,0.0,0.0,0.8389729960609368
sif,39.93643,0.82688606,0.0,0.0,0.7801243415120308
pcs,39.731968,1.2803191,0.0,0.0,0.4429785012576527
Tom6,38.890392,1.254339,0.0,0.0,0.43875468653599736
Cbp53E,38.730335,0.9925945,0.0,0.0,0.7201841393384272
CG17124,38.675617,1.0421108,0.0,0.0,0.556309619856675
fru,38.620197,1.2933271,0.0,0.0,0.437378387357031
sun,37.881115,0.96462405,0.0,0.0,0.6089411988040435
Vap33,37.751255,0.81682,0.0,0.0,0.7608086944141237
fs(1)h,37.42381,0.7803294,1.6024117866606212e-306,4.8829493169015775e-304,0.8141996108395425
Liprin-gamma,37.267788,0.84174925,5.4589780242500754e-304,1.5842734080377184e-301,0.6986379383987471
mei-P26,36.932255,0.49573222,1.4035260822474829e-298,3.9785068410499e-296,0.9480328413459257
numb,36.378338,1.0589873,9.36897243614859e-290,2.4297532983875568e-287,0.4967490864220967
Top1,36.156322,1.0042853,2.9596048402143025e-286,7.515546541119195e-284,0.5143087656020122
ox,35.925472,1.0262477,1.2229470675559872e-282,3.042143225804067e-280,0.5006406909971051
RpS21,35.67156,0.7594541,1.0916848181537738e-278,2.6091267153875194e-276,0.7919889896065683
Mnn1,35.391933,0.7204618,2.2722658368121526e-274,5.225782695264778e-272,0.7977789378767026
RhoGAP93B,34.960125,0.93456733,9.086834755850436e-268,2.0511005340566843e-265,0.5489060794456836
heca,34.440933,0.8757556,6.155622683216388e-260,1.339837230102224e-257,0.6682169806843529
COX7B,34.010403,0.7083347,1.5634942662755087e-253,3.2857640709710647e-251,0.8295761947700632
tow,33.997612,0.95103824,2.4163137753531668e-253,4.991940441996568e-251,0.5049119643111385
COX8,33.995216,0.7496183,2.6216267961976467e-253,5.325834836475519e-251,0.7846803663803331
Frq2,33.650013,1.1114558,3.1167388287427374e-248,6.227857308777906e-246,0.42356793697498935
glec,32.75818,0.8922524,2.322110507108143e-235,4.224508204647934e-233,0.5396516539319444
Smr,32.494694,0.7820323,1.2671794485856169e-231,2.2385000433058093e-229,0.6738645531773527
flw,32.33114,0.78508747,2.5545940186633135e-229,4.448278070498161e-227,0.6794172084855963
Tom7,31.96606,0.9080388,3.2320580812856526e-224,5.3966515003823046e-222,0.489867590527265
UQCR-Q,31.942043,0.7393413,6.968024256911937e-224,1.147746590101346e-221,0.7539746571116701
lqf,31.880266,0.83847255,5.013022456832114e-223,8.039964569253504e-221,0.5387499406767595
CG42613,31.798634,0.7268052,6.760897351924716e-222,1.0702412704235112e-219,0.7258791704238052
Polr2A,31.790081,1.1813807,8.87558745644475e-222,1.3869812244436546e-219,0.3469697688766551
Fim,31.727938,0.8096315,6.399939652171845e-221,9.751108052540327e-219,0.5991172701817664
cindr,31.545631,0.77175176,2.058344674699981e-218,3.0974275604837125e-216,0.6657016752883109
Imp,31.275164,1.5024517,1.0157791836942106e-214,1.509918593908382e-212,0.3098571496369418
Yp3,30.88402,5.2338395,1.9578717920808477e-209,2.875240876346199e-207,0.17336623795738218
fax,30.651129,0.72464573,2.5527161884470817e-206,3.704173526307319e-204,0.7097432490152342
14-3-3zeta,30.626272,0.35808232,5.4715355420067e-206,7.846181967237608e-204,0.9568126809358835
MESK2,30.539902,0.6471633,7.700442113111031e-205,1.0914033594966322e-202,0.7775615775236107
rin,30.520378,0.76077884,1.398447420188188e-204,1.9592730580084856e-202,0.6150633572208248
CG16711,30.27383,0.7894694,2.5345913073806052e-201,3.510696982461613e-199,0.5516586778036163
GluRIA,30.006039,1.0056956,8.185397879777317e-198,1.096393568753909e-195,0.40093018841061173
gro,29.870798,0.8708847,4.714392772549311e-196,6.178896075763823e-194,0.4498599971524845
CG15431,29.812893,0.92935467,2.658993773327577e-195,3.411628958219983e-193,0.42613070096340944
ND-MWFE,29.68944,0.78807706,1.0510614124926285e-193,1.320761603801304e-191,0.5439229272459779
Ubr1,29.569616,1.092355,3.674940381603297e-192,4.570800848098224e-190,0.34132219638365524
Ih,29.43849,0.50630534,1.767535864852969e-190,2.176211581484125e-188,0.8780788761805325
Tmtc1,29.297392,0.9907824,1.1195663296991422e-188,1.3646393992702844e-186,0.38484172559441887
Caper,29.282583,0.73643917,1.7284086636078527e-188,2.085898336704566e-186,0.6016800341701866
Eip63E,29.233313,0.73610157,7.318802128281994e-188,8.745968543296984e-186,0.6070428551089174
Cdc14,29.167934,0.8691594,4.948931110118778e-187,5.8565554661395904e-185,0.4328698210811067
hrg,29.126144,0.8819842,1.6754740038778013e-186,1.963687753198704e-184,0.4241374400835271
CG42594,28.8863,1.039628,1.7746132351302033e-183,2.0600724498097188e-181,0.3738787907550662
MtnA,28.723343,0.8773455,1.9503418628741655e-181,2.221749249212449e-179,0.4498599971524845
mrva,28.695349,0.95741004,4.36068506083321e-181,4.921517611712592e-179,0.37886194295477194
Fas2,28.66845,0.9641783,9.441191345471413e-181,1.0557677184399179e-178,0.4080964358597124
Ctdnep1,28.647884,0.84110355,1.7033651969040214e-180,1.8874834895511922e-178,0.44084286460063593
nAChRalpha6,28.60913,0.6507436,5.172839878239959e-180,5.680337412240258e-178,0.7875278819230221
Gprk2,28.542645,0.7564753,3.466060048209535e-179,3.7721255292523233e-177,0.5486213278914147
msi,28.412401,0.69693935,1.4211234477551e-177,1.532926876520966e-175,0.7014854539414361
Con,28.187973,0.74708205,8.211387750104304e-175,8.77970221807205e-173,0.618907503203455
CG17931,27.997322,1.3214444,1.7514830185357804e-172,1.85641969677675e-170,0.27203265151155614
PAN3,27.937193,0.70113975,9.433192220731417e-172,9.912170687801314e-170,0.6136395994494803
Cip4,27.935726,0.80417645,9.828488393573398e-172,1.0239268805920184e-169,0.4534193915808457
cdi,27.920347,0.7611931,1.510925628865959e-171,1.560734956800608e-169,0.49337952636324806
Pat1,27.881493,1.0800376,4.4735909909226705e-171,4.5822353435593644e-169,0.3180674861183617
CG13364,27.82063,0.9934598,2.4422490190103997e-170,2.4807144410598133e-168,0.3477291063547055
CG34250,27.57741,1.1819825,2.076823360835174e-167,2.0920991690264412e-165,0.29172796734848844
ari-1,27.545488,0.76988286,5.011893932281352e-167,5.007375011522737e-165,0.47563001281381995
CG10804,27.340387,0.8032894,1.4050792724173946e-164,1.3923992887394817e-162,0.47382658630345026
HDAC4,27.093914,0.7158724,1.1614277481446427e-161,1.1416647437205684e-159,0.5396991125243226
Drep2,26.850224,0.70209557,8.384160587011234e-159,8.175562671606395e-157,0.543638175691709
Ten-a,26.844748,0.5502182,9.713584651910887e-159,9.396736771598555e-157,0.8805941815765744
Tsp66E,26.68383,0.74727654,7.251360578369136e-157,6.959593235412708e-155,0.4820369227848702
sty,26.58332,0.7680723,1.0583986411659853e-155,1.0078766435290777e-153,0.46509420530587064
Pde4,26.45283,0.5937293,3.385265209289238e-154,3.1740767412328092e-152,0.7868634616297281
nkd,26.389355,0.84700394,1.8153758458852167e-153,1.6891310065263285e-151,0.39309952066821696
Mic10b,26.026842,0.6858058,2.4609666466935937e-149,2.2553926659058807e-147,0.5322481135209529
Dmtn,26.003044,0.9160074,4.5747634316164826e-149,4.161327721490545e-147,0.34037302453609225
Pacs,25.955383,0.6535008,1.5808565157897964e-148,1.4273377830342095e-146,0.6043851739357411
ND-B12,25.897905,0.6502037,7.031544010083585e-148,6.302021319037413e-146,0.6192397133501021
CG32982,25.842463,1.0856266,2.957277461097471e-147,2.631113501701976e-145,0.303924825589673
Pits,25.530392,0.57260185,9.066702726734903e-144,7.893859966869409e-142,0.7832566086089886
sdt,25.434702,0.61553705,1.0424891961128712e-142,9.011986391077864e-141,0.7176213753500071
CG32486,25.269003,0.6221338,7.002812915880735e-141,6.011076523357062e-139,0.6518437663138912
swm,25.144423,0.8735281,1.626340326464886e-139,1.3862561006489855e-137,0.33714584025437805
CG5758,25.125372,0.7727447,2.6272587366967452e-139,2.223865051499766e-137,0.4105642826633762
Dp,25.071186,0.90167236,1.0257673241966323e-138,8.62281235491914e-137,0.32490152342081535
tipE,24.848501,0.7993486,2.684205032081702e-136,2.225698988846521e-134,0.38170945849746096
Wdr62,24.78085,0.629872,1.4423407267793813e-135,1.1878845350482349e-133,0.5930425703573632
Socs36E,24.770073,0.7934812,1.884530276756023e-135,1.5416469492200782e-133,0.3740686251245788
luna,24.7481,0.769517,3.2497895529549357e-135,2.6407789907311804e-133,0.41958141521522474
Tmep,24.67017,0.7266318,2.236131020344122e-134,1.8050464243029473e-132,0.41611693797161975
CASK,24.286007,0.5619257,2.7556058390889743e-130,2.1669728756551941e-128,0.7314318257320488
Snap25,24.254002,0.40274343,5.999750462070592e-130,4.687881947575541e-128,0.8881875563570785
mbl,24.238564,0.6622558,8.728858732482499e-130,6.776819050333069e-128,0.6134023064875895
SPR,24.22621,0.92721236,1.1781396062999892e-129,9.088825102019347e-128,0.31949124388970623
beat-Ic,24.19085,0.74096847,2.777161467133487e-129,2.1289824605591242e-127,0.4523278439561483
CG8671,24.181612,0.6477701,3.4736312769900886e-129,2.6462557272020118e-127,0.49271510606995395
CG7646,24.159012,0.564515,6.003914501488326e-129,4.545448065754112e-127,0.7286792273741161
CG44242,24.11952,0.6436531,1.560063402136844e-128,1.1738032597929623e-126,0.529732808124911
Marf,24.082342,0.69819665,3.827914238541707e-128,2.8624813897904827e-126,0.42461202600730863
CG44774,24.071009,0.6759243,5.031111117006115e-128,3.71661899425379e-126,0.45152104788571973
emb,24.053186,0.772172,7.730957504122925e-128,5.676665121551465e-126,0.3590717099330834
Gbeta13F,24.035574,0.49054605,1.1815657965184246e-127,8.624015265726394e-126,0.8382136585828864
Toll-6,23.975796,0.69540185,4.974588549551106e-127,3.609241656576097e-125,0.4597788429595178
CG42524,23.97138,1.0463398,5.531221447976033e-127,3.9893525579514715e-125,0.27507000142375776
Eip78C,23.936176,1.1001014,1.2872886528503633e-126,9.229859640937106e-125,0.2630629775520858
tou,23.88526,0.6546977,4.358453642791631e-126,3.094957748334727e-124,0.4754876370366855
UQCR-11,23.885174,0.5902891,4.367320803294553e-126,3.094957748334727e-124,0.6769968202743106
Ac3,23.870707,0.6437134,6.173069235765449e-126,4.349337625129772e-124,0.49499311850410516
shi,23.714703,0.43103004,2.542992243665845e-124,1.7814099113817807e-122,0.8699159982914907
Pkc53E,23.6671,0.61157125,7.87005786527179e-124,5.450462234079424e-122,0.624270324142186
CG31221,23.534517,0.63112724,1.808596807461984e-122,1.2454794624945832e-120,0.824165915238954
CG33303,23.441837,0.9381369,1.6012757770840691e-121,1.0903882931216602e-119,0.29125338142470697
elff,23.305305,0.68800914,3.9167310011917174e-120,2.6522796763069915e-118,0.4653789568601395
RhoGAP71E,23.301334,0.630213,4.29734751374783e-120,2.893943030114492e-118,0.4781453182098619
SKIP,23.034687,0.69018996,2.0946864458748214e-117,1.387615928737402e-115,0.4228560580893171
hrm,23.029394,0.7485113,2.36680026925918e-117,1.5594015395675753e-115,0.35987850600351196
CG13739,22.739096,0.71674174,1.8398093375380413e-114,1.1928423412367652e-112,0.4126524607280148
Bsg,22.70813,0.51775205,3.723620208701013e-114,2.401439509198764e-112,0.8173318779365004
dpr10,22.577951,0.83250767,7.138252081844702e-113,4.5554007657384846e-111,0.3171657728631769
Psi,22.500933,0.6596732,4.064313603209114e-112,2.5668351559334657e-110,0.40529637890940157
Calx,22.386202,0.7659037,5.364057593571202e-111,3.370231856084504e-109,0.3473494376156803
RASSF8,22.34069,0.6847051,1.4872506098972236e-110,9.296460350788337e-109,0.37976365620995683
GluRIB,22.299654,0.6140629,3.7237463409774745e-110,2.3157522525599206e-108,0.49822030278581936
Frq1,22.210548,0.5456349,2.71604409451517e-109,1.6805005821342848e-107,0.7376014427412083
MtnF,21.699759,0.8887998,2.0624458597175968e-104,1.2632739992008937e-102,0.2959517820701438
Rbfox1,21.698614,0.41885898,2.1143599477223984e-104,1.2885966701394158e-102,0.8879028048028096
futsch,21.690102,0.4050648,2.544266564452933e-104,1.5428888136376518e-102,0.8916045750083053
CG42337,21.641796,0.66993314,7.261963515770225e-104,4.3819838264219444e-102,0.382041668644108
CG14478,21.46949,0.60436535,3.0029254462729366e-102,1.8030866140207301e-100,0.42783921028902283
CG6770,21.40342,0.5276082,1.2415797934013785e-101,7.382251756960684e-100,0.7982535238004841
ssp3,21.303253,0.7843972,1.0590496083154785e-100,6.236113853022882e-99,0.2959517820701438
CG13751,21.22783,1.1211947,5.284503491626307e-100,3.096769858626589e-98,0.22433676617151535
da,21.101303,0.6090585,7.73748346480626e-99,4.4910564739296907e-97,0.40216411181244366
mtgo,20.880558,0.55251384,8.044672008898315e-97,4.647227825424719e-95,0.5061933463053486
CG3744,20.82463,0.8259337,2.589174273500625e-96,1.4886530764009015e-94,0.2733140335057662
mamo,20.741915,0.5691786,1.4503698716999844e-95,8.29979266016484e-94,0.6536471928242609
CG1677,20.664288,0.55341184,7.262149446417226e-95,4.1363710094569896e-93,0.4647145365668454
Rbp6,20.641567,0.3929744,1.1623408036446152e-94,6.589661421220565e-93,0.9096862987043804
mbt,20.544867,0.63421446,8.55462435678891e-94,4.8051758656635955e-92,0.361159887997722
apolpp,20.494091,1.1573383,2.430788717773308e-93,1.3591231046302225e-91,0.1970006169617009
CG44422,20.41256,0.60492706,1.2932930671902429e-92,7.198150317799941e-91,0.42228655498077927
ND-MLRQ,20.36713,0.5189148,3.273074377429046e-92,1.813431981203756e-90,0.655260784965118
Tm1,20.301098,0.54804873,1.257452806158387e-91,6.935335861658182e-90,0.4584500023729296
CG6700,20.268377,0.51852626,2.4459123719829118e-91,1.336915959735413e-89,0.5772863176878174
mir-9381,20.19931,1.0575163,9.92751745980776e-91,5.402076353464142e-89,0.22424184898675906
CG4080,20.18757,0.73305887,1.259073066618134e-90,6.820818492892639e-89,0.2970907882872194
Met,20.120493,0.6806153,4.8820012304050655e-90,2.6330403981153695e-88,0.32661003274642875
CtBP,20.010109,0.5027395,4.4967220408915386e-89,2.4145614518249762e-87,0.6495182952873618
CG42238,19.962456,0.6188881,1.1682817407650894e-88,6.24569567464284e-87,0.34853590242513405
wry,19.852089,0.5272694,1.057116685837991e-87,5.602258818990988e-86,0.5668454273646244
wdb,19.697113,0.47224212,2.282694849509729e-86,1.2044921004620816e-84,0.7414930473162166
alpha-Cat,19.694565,0.5636596,2.4004966841127752e-86,1.2611919863211471e-84,0.39665891509657825
RpL38,19.682041,0.43780366,3.0736871059066254e-86,1.6079473018839422e-84,0.8552512932466423
fne,19.583841,0.35572562,2.12384380610752e-85,1.1063047928480582e-83,0.8980114849793556
Mnt,19.580826,0.53078026,2.2533695477439663e-85,1.1687796347851576e-83,0.45792795785677
CG33181,19.580204,0.5238071,2.2810776701287582e-85,1.1781379542881115e-83,0.5082815243699872
Tlk,19.545605,0.50476307,4.4963807874448075e-85,2.312505713846614e-83,0.5636657016752883
lbk,19.518862,0.8474745,7.591141515407494e-85,3.8877489046765526e-83,0.24336766171515353
Yp1,19.496773,7.6836405,1.169314336141779e-84,5.963503114323073e-83,0.1073038773669973
ct,19.448227,0.55724555,3.0168468254213096e-84,1.5321810814608474e-82,0.562953822789616
betaTub56D,19.416403,0.51752234,5.608293493958486e-84,2.8364933360107876e-82,0.5327226994447345
Eph,19.324074,0.52350324,3.369763241022255e-83,1.697274551438854e-81,0.45541265246072804
CG6966,19.307947,0.6160261,4.605205096246738e-83,2.3099936180309253e-81,0.3500071187888567
Ptp99A,19.277555,0.4965613,8.290356302152604e-83,4.141440695366315e-81,0.754259408665939
CG45049,19.087,0.48454657,3.2384665865329714e-81,1.611170172377567e-79,0.5678895163969436
dlg1,19.072695,0.48958263,4.257947115104555e-81,2.1097608693499766e-79,0.7056143514783352
CG43737,19.049416,0.5039559,6.643919179928733e-81,3.278653072232847e-79,0.5828864315884391
ReepA,19.004593,0.6657254,1.5625210605809042e-80,7.679665002992194e-79,0.3117080347396896
Ptp36E,18.851744,0.6836558,2.843144033820974e-79,1.39177038667646e-77,0.29808741872716055
mahe,18.781525,0.49894455,1.0696522537543486e-78,5.194418852992732e-77,0.48488443832755923
beat-IIIc,18.749422,0.61942863,1.9570577468364004e-78,9.46610193499559e-77,0.3563665701675288
Rok,18.666656,1.1211348,9.24631928396513e-78,4.454679278745097e-76,0.18988182810497842
Lar,18.596703,0.45580497,3.416864210408722e-77,1.6268811664324965e-75,0.7136823121826207
BtbVII,18.455896,0.6003023,4.6754272456433875e-76,2.217462361756702e-74,0.3185895306345214
Rgk1,18.436365,0.73909855,6.710330538340582e-76,3.1702410438695098e-74,0.27635138341796783
yrt,18.41182,0.73075366,1.0561467909005576e-75,4.970414376172548e-74,0.2681410469365479
Galphao,18.360367,0.46427077,2.7275593950595595e-75,1.2787008256300373e-73,0.6934174932371506
Nup153,18.355848,0.57463396,2.9642470288579094e-75,1.3843374342815731e-73,0.33648141996108394
hth,18.312202,0.4834923,6.613868828950351e-75,3.076963631911291e-73,0.5712116178634141
pros,18.294062,0.5649913,9.227629703042118e-75,4.260438577665923e-73,0.8655023492003228
dpr9,18.252665,0.48218423,1.970587730871969e-74,9.063959943999407e-73,0.5587300080679607
psq,18.033556,0.46101314,1.0623375778487118e-72,4.849750088538558e-71,0.6071852308860519
lncRNA:CR40469,18.02058,0.89836335,1.3432498782715712e-72,6.109280882929919e-71,0.20084476294433107
CG31650,17.980902,0.6446959,2.749873874681009e-72,1.24141528364766e-70,0.29372122822837077
CG18467,17.958788,1.1261494,4.0965448288372975e-72,1.8425381888818386e-70,0.1864648094537516
Obp44a,17.921932,0.61994094,7.951844933596456e-72,3.55036768848378e-70,0.3213895875848322
Cipc,17.916294,0.5287474,8.799733101082595e-72,3.914596597412254e-70,0.38835366143040195
CG13954,17.874401,0.5288779,1.8666903912468522e-71,8.273850610511957e-70,0.37373641497793175
CG17776,17.832943,0.98006636,3.922150594445545e-71,1.732141072307853e-69,0.20250581367756632
5-HT1A,17.826836,0.60504794,4.3749461965069524e-71,1.9251342667589618e-69,0.3306440130985715
side-VIII,17.813595,0.6668913,5.543197127992258e-71,2.4304327263704183e-69,0.28712448388780787
Stat92E,17.804441,0.64791334,6.527938122506371e-71,2.8519368378218695e-69,0.29049404394665657
dally,17.787401,0.51935357,8.848933899030055e-71,3.8521305462599054e-69,0.3989843861231076
CG11768,17.711462,1.2338625,3.4206790497525734e-70,1.4785339339515644e-68,0.17350861373451665
jeb,17.70339,0.4815396,3.948100033415099e-70,1.7004731910705525e-68,0.5646623321152294
Aps,17.683483,0.4692929,5.6214084578949415e-70,2.4126530877916003e-68,0.4806131650135257
CG43759,17.582283,0.80507773,3.367358476823186e-69,1.4401660517192216e-67,0.24398462341606947
CG3961,17.567766,1.0360613,4.349583203320161e-69,1.8537436945898404e-67,0.19923117080347397
mRpL33,17.562235,1.0246829,4.795031901437855e-69,2.036468426711708e-67,0.19097337572967585
AMPdeam,17.543324,0.70658123,6.689833416077911e-69,2.8313326218254742e-67,0.2803853637701106
eIF2beta,17.535057,0.65210634,7.737304138215513e-69,3.263321804176778e-67,0.27635138341796783
CG43736,17.534851,0.45303932,7.765282694574784e-69,3.263828647040415e-67,0.5075696454843149
Msp300,17.492393,0.4256286,1.6373581653767233e-68,6.858336315387244e-67,0.8206065208105927
CG4612,17.483274,0.45877087,1.921387131167096e-68,8.020475254039634e-67,0.6207583883062029
Pdk1,17.369503,0.6135965,1.4043589241070122e-67,5.842228984962585e-66,0.29495515163020264
dpr13,17.349085,0.49381775,2.0041356468991048e-67,8.308982789133737e-66,0.4444971762137535
fok,17.327475,0.49211782,2.9186552447016548e-67,1.205948772124355e-65,0.3786246499928812
CG14442,17.288975,0.48583043,5.695573485249818e-67,2.345383284179393e-65,0.39324189644535146
Mkp3,17.21859,0.4450065,1.9262692056792792e-66,7.905486649166578e-65,0.6011105310616487
Sin3A,17.200737,0.44450894,2.62172709594041e-66,1.0652077190805884e-64,0.4742537136348536
RSG7,17.18137,0.4552167,3.661650037195866e-66,1.4827857908099805e-64,0.5295429737553984
Gdap2,17.162743,0.44243467,5.047211744635333e-66,2.037101455475499e-64,0.5646148735228513
Ucp4A,17.140047,0.747508,7.458946572913624e-66,2.9906940716198734e-64,0.23928622277063263
AP-1gamma,17.06811,0.5006533,2.5637174197803116e-65,1.0245623485148269e-63,0.3532343030705709
Usp7,17.021095,0.4451503,5.728868017853834e-65,2.2819990937784438e-63,0.4720231597930805
tth,17.014252,0.71155226,6.439155997881853e-65,2.556575650103645e-63,0.23857434388496038
Cngl,17.008987,0.42143613,7.044396461542909e-65,2.787797028238523e-63,0.8098334203407527
Rip11,16.997976,0.81856775,8.50027644564838e-65,3.353070213463046e-63,0.2110958188980115
Prp4k,16.93127,0.73176634,2.6460534621748303e-64,1.0370657765417687e-62,0.22931991837122112
AstC-R2,16.90235,0.9189972,4.3233090652535566e-64,1.6890004550120383e-62,0.20971951971904512
Rgl,16.784958,0.72366005,3.144480234351257e-63,1.22453896410567e-61,0.23468273930995207
hang,16.758646,0.5548831,4.896478236893218e-63,1.9003952663476254e-61,0.31996582981348776
pyd,16.758469,0.5852884,4.911186388542965e-63,1.9003952663476254e-61,0.2960466992549001
Rga,16.685968,0.605105,1.6579388099281767e-62,6.395131694371691e-61,0.27464287409235444
roh,16.610552,0.4363245,5.845346765496811e-62,2.24760036986248e-60,0.7211807697783684
milt,16.598919,0.44758362,7.095770616526519e-62,2.7112961769542866e-60,0.41232025058136773
sno,16.594948,0.4326465,7.580977703090082e-62,2.8876417882176566e-60,0.4940914052489203
Asap,16.581669,0.7513428,9.456533400068669e-62,3.590831327521402e-60,0.222011295144986
sbb,16.55912,0.38048866,1.375897169652312e-61,5.208326273568954e-60,0.8356034360020882
mspo,16.5215,0.51346993,2.5693285140839735e-61,9.695834445253732e-60,0.3392814769113948
CG2924,16.491564,0.45069018,4.218870426177466e-61,1.5871546797739856e-59,0.4097100280005695
Ptp10D,16.479088,0.59867436,5.186063347216507e-61,1.9450131119760614e-59,0.2734089506905225
jvl,16.433064,0.48621202,1.1090972780000099e-60,4.1468670924975835e-59,0.35038678752788194
fend,16.424063,0.43810332,1.2865714822429828e-60,4.795724708580953e-59,0.5073798111148023
Unc-115a,16.380754,0.7715851,2.624645613609828e-60,9.753599202527498e-59,0.215367092212045
CG1695,16.234623,0.43411866,2.8700996266064084e-59,1.060110434809258e-57,0.4312087703478715
Rac1,16.233027,0.5150944,2.9456798373115237e-59,1.0847399255888267e-57,0.3248540648284372
heph,16.164106,0.4395677,9.033932538885368e-59,3.316704931219089e-57,0.6686441080157562
CG9932,16.07693,0.47684675,3.702880808349236e-58,1.3553878130020671e-56,0.399743723601158
MYPT-75D,16.068405,0.50651985,4.248742906673513e-58,1.5505367451929178e-56,0.32414218594276495
tei,16.046894,0.43343008,6.009624879702829e-58,2.186606497274561e-56,0.5400787812633477
ed,16.032007,0.54194266,7.637435895986722e-58,2.7706162540530404e-56,0.30397228418205113
cmpy,15.998526,0.4836685,1.3083667952497958e-57,4.732250108991027e-56,0.3552750225428314
Reph,15.961397,0.41692492,2.3735917724083183e-57,8.559677548486683e-56,0.5966019647857245
cyri,15.956777,0.5967418,2.5559453418724175e-57,9.190093738077551e-56,0.2587917042380523
jigr1,15.891261,0.5634195,7.28472593180826e-57,2.611574246553261e-55,0.2809548668786484
CG9705,15.837024,0.93403435,1.7280761507252835e-56,6.176985396243542e-55,0.17683071520098714
UBL3,15.794002,0.4373772,3.4216862312886106e-56,1.2195009787478618e-54,0.38299084049167104
B4,15.774269,0.48547488,4.677790098800781e-56,1.662320219075298e-54,0.33543733092876465
CG2865,15.710314,0.47059667,1.2854117003216154e-55,4.528289946595425e-54,0.3457358454748232
Polr2K,15.665718,1.0180832,2.5948227329555675e-55,9.114782216713375e-54,0.17175264581652508
FBXO11,15.653316,0.5372872,3.1535155798795427e-55,1.101381129030136e-53,0.280527739547245
alt,15.610262,0.4496374,6.198207396233833e-55,2.1585699986484054e-53,0.35750557638460445
cic,15.596561,0.4099116,7.682177544318398e-55,2.667751056629543e-53,0.6118361729391106
ben,15.586205,0.40991342,9.034483216628619e-55,3.128446475212677e-53,0.4850742726970718
CG12991,15.582127,0.48588333,9.629720151452214e-55,3.3251178166020124e-53,0.3005078069384462
InR,15.516504,0.5746193,2.6827268308546026e-54,9.21119925106669e-53,0.2686630914527075
side-VI,15.513277,0.40499187,2.821061989474166e-54,9.658967581376576e-53,0.5410754117032889
CHES-1-like,15.509483,0.4480777,2.9927600851987707e-54,1.021813800517866e-52,0.3635802762090076
CG31635,15.494072,0.42987755,3.8041424849436886e-54,1.295214881256386e-52,0.39072659104930946
AnxB10,15.4763565,0.6974651,5.010554483454787e-54,1.7012158384075322e-52,0.23145555502823786
Rala,15.4723215,0.70033824,5.334786865498921e-54,1.8062699195435098e-52,0.22196383655260785
CG45002,15.435545,0.4551619,9.440029429305333e-54,3.1873827898560306e-52,0.35503772958094065
rdgB,15.424218,0.39854416,1.125087471919913e-53,3.777876362322816e-52,0.5174884912913483
Syn,15.417012,0.4128788,1.257904165029845e-53,4.212251062513401e-52,0.645816525081866
lncRNA:CR43651,15.413156,0.6206602,1.3352927550933212e-53,4.459146134748628e-52,0.23392340183190166
bi,15.375521,0.64721686,2.3891549785048968e-53,7.956669407922455e-52,0.27117839684874945
trn,15.327811,0.6186869,4.984992538935959e-53,1.6556423448798477e-51,0.2656257415405059
Trf2,15.157748,0.39557418,6.733874097539854e-52,2.224368329943449e-50,0.4956100802050211
bin3,15.144321,0.4574638,8.260326142077932e-52,2.7138845106681376e-50,0.33306440130985715
CG8860,15.117608,0.670266,1.239642973174922e-51,4.061830161298152e-50,0.22960466992549
Pde6,15.0640135,0.39898512,2.793050336919577e-51,9.127209264534244e-50,0.5619097337572968
qm,15.04836,0.61487865,3.5389779911741904e-51,1.1533850998508611e-49,0.23325898153860755
Chc,14.964102,0.44389707,1.2601339814208642e-50,4.095939493210377e-49,0.3429832471168905
Klp98A,14.91647,0.54897547,2.575423175598736e-50,8.348891778556647e-49,0.2597408760856153
Pgant9,14.892158,0.47079822,3.7061284798547866e-50,1.1982493379562332e-48,0.3243794789046557
dths,14.869719,0.39571705,5.183067416870799e-50,1.6713335646623855e-48,0.6238906554031607
Dbp80,14.85863,0.4287895,6.116298695105432e-50,1.967059757114515e-48,0.3389967253571259
CG6340,14.849103,0.46625188,7.050602630938698e-50,2.2615735649608368e-48,0.3118978691092022
SLO2,14.834078,0.3959868,8.820768843511791e-50,2.8219514811959376e-48,0.4024963219590907
Paf-AHalpha,14.804389,0.80500126,1.3722923773480152e-49,4.378762248035329e-48,0.18451900716624745
CG18508,14.7652445,0.8787216,2.454318549983297e-49,7.810884805677913e-48,0.18062740259123913
NdufV3,14.749383,0.40271908,3.1048967594915233e-49,9.855621510792235e-48,0.4353376678847705
E2f1,14.683904,0.48962057,8.17456019393878e-49,2.5880445247771373e-47,0.2985145460585639
CG42258,14.663716,0.41238353,1.1007960491134527e-48,3.4760629644155116e-47,0.3678990081154193
CG12084,14.632289,0.5835465,1.7480563616833698e-48,5.505699998077157e-47,0.2384319681078259
RabX1,14.61638,1.1024404,2.2083461583878035e-48,6.937508073347663e-47,0.1435147833515258
Actbeta,14.565287,0.433831,4.670199855538746e-48,1.4596170779272248e-46,0.3279863319253951
Eip93F,14.542232,0.41033265,6.542428600878707e-48,2.0395310029695796e-46,0.47843006976413077
brp,14.540812,0.35636884,6.679620818293912e-48,2.076987197810829e-46,0.7785582079635518
schlank,14.5346985,0.4561674,7.303401968376457e-48,2.2651696333979803e-46,0.3065825067628494
RhoGAP19D,14.524341,0.37487072,8.495532565997968e-48,2.6282245291103868e-46,0.5770490247259267
Kap-alpha3,14.515979,0.47792745,9.597727058132942e-48,2.9616884838375303e-46,0.2893075791372028
Atg13,14.505347,0.86867803,1.1206918418724915e-47,3.4495234496423735e-46,0.16904750605097052
kuz,14.498598,0.3891906,1.2364962138853803e-47,3.796385982631965e-46,0.3794789046556879
beat-IIa,14.387045,0.4077106,6.240584148848903e-47,1.9016620047579818e-45,0.4017369844810403
GEFmeso,14.357481,1.1470647,9.564057251269205e-47,2.907139497150133e-45,0.1420910255801813
Cad87A,14.341474,0.9279799,1.2047050068580217e-46,3.652773464823987e-45,0.169189881828105
Rab8,14.340253,0.6930127,1.2260725191956456e-46,3.6991579050682486e-45,0.20193631056902853
app,14.334932,0.47966707,1.3237539495288242e-46,3.9840091088411946e-45,0.29865692183569836
Rad23,14.327934,0.45395833,1.4641084095144077e-46,4.3955707890569245e-45,0.3100944425988325
CG34117,14.307506,0.6602098,1.9643445681369434e-46,5.882898265607175e-45,0.21484504769588533
Sec63,14.273582,0.6407481,3.1972152651515604e-46,9.551680604640288e-45,0.21123819467514593
CG32369,14.265294,0.41071108,3.600725757495589e-46,1.0730867055773528e-44,0.34208153386170564
C3G,14.241796,0.49861977,5.041505445491184e-46,1.4943081165956907e-44,0.27915144036827866
clu,14.241665,0.5930506,5.050906095967057e-46,1.4943081165956907e-44,0.2217265435907171
CG46301,14.214386,0.57665277,7.46031285028884e-46,2.201785794967813e-44,0.2448388780788762
CG4629,14.176189,0.61098665,1.2864562924608627e-45,3.7875883451220905e-44,0.22016041004223816
Rgk3,14.163036,0.68094784,1.5514357044139648e-45,4.556734891831763e-44,0.21493996488064163
lncRNA:alphagamma-element:CR32865,14.106378,0.9840764,3.469494629263675e-45,1.014140768251677e-43,0.1614541312704665
kairos,14.091092,0.5375282,4.30845356460819e-45,1.2563574282059624e-43,0.27260215462009396
rsh,14.080755,0.38597804,4.9873746359535523e-45,1.450861800420951e-43,0.519291917801718
Pvf3,14.0508995,0.37964848,7.606166354870383e-45,2.2074181357027403e-43,0.5778558207963552
CG32683,14.028697,0.68467623,1.0404629896404442e-44,3.0123998529043644e-43,0.20848559631721322
CG3726,13.99824,0.46091014,1.5977665870769907e-44,4.614970836464796e-43,0.30411465995918563
alpha-Spec,13.975676,0.36489198,2.1942113401012746e-44,6.322752251653531e-43,0.4831759290019458
ckn,13.973399,0.5053357,2.265515915021143e-44,6.512823935894507e-43,0.2760666318636989
Dop2R,13.9147835,0.41133383,5.151565972107035e-44,1.4740008834275273e-42,0.7774666603388544
ND-B18,13.908031,0.38032085,5.661595315492849e-44,1.6161401709728883e-42,0.4146457216078971
ab,13.880326,0.4121657,8.336387564339132e-44,2.374117477143217e-42,0.3316881021308908
5-HT2A,13.855936,0.6299263,1.1711977192287041e-43,3.327675757500857e-42,0.21921123819467514
ens,13.853994,0.37188965,1.2032973096825922e-43,3.410928118074678e-42,0.3886384129846709
inaE,13.842099,0.35456014,1.4199779785967971e-43,4.015803151071081e-42,0.5509467989179441
Dyb,13.838329,0.40364018,1.4964356437034768e-43,4.222234736366129e-42,0.34122727919889895
CG46339,13.810019,0.5510921,2.2177454211298732e-43,6.228594225380651e-42,0.23658108300507807
Dscam4,13.775667,0.38144085,3.570683743416353e-43,1.0005302103103891e-41,0.3594513786721086
CG8369,13.775202,0.5125999,3.593757457799476e-43,1.0046860012182984e-41,0.25304921456029617
Lim1,13.751295,0.75897276,5.002563244775146e-43,1.39533737735845e-41,0.21114327749038964
side-III,13.740232,0.361598,5.828866386395159e-43,1.6221016525975022e-41,0.5576859190356414
CG42346,13.712513,0.62308484,8.544594087398306e-43,2.372438663583097e-41,0.21351620710929714
robo2,13.694377,1.0816547,1.0969738449256853e-42,3.038866862681631e-41,0.1447487067533577
CG8668,13.62454,0.52597797,2.8620642062367334e-42,7.892692445660531e-41,0.24099473209624603
eff,13.614846,0.3672537,3.2683254577324714e-42,8.99269052015826e-41,0.6205210953443121
DIP-delta,13.497291,0.5626525,1.6223401285171018e-41,4.44375366887527e-40,0.24588296711119548
CG10011,13.48939,0.35812578,1.8058856550699176e-41,4.935412612028526e-40,0.4121778748042333
Nadsyn,13.481888,0.53482795,1.999240720054178e-41,5.451620835959816e-40,0.23501494945659912
hwt,13.480603,0.34531036,2.0343623222180712e-41,5.535009452124122e-40,0.477860566655593
LPCAT,13.459807,0.8007706,2.696171877964953e-41,7.319295995660315e-40,0.1703288880451806
beta-Spec,13.4540205,0.34940332,2.915787334345651e-41,7.897895959630922e-40,0.5266005410279531
CG7945,13.452565,0.40903693,2.9737449236357256e-41,8.037023697160945e-40,0.30961985667505104
Drak,13.346727,0.44061372,1.2376838578646542e-40,3.3229358025357424e-39,0.2668596649423378
DIP-kappa,13.326216,0.68360823,1.6295589084541659e-40,4.3654271505819405e-39,0.20592283232879313
Ehbp1,13.268515,0.48105106,3.5249774900801857e-40,9.422357593549864e-39,0.2515779981965735
mRpL34,13.261058,1.0114508,3.893619694267379e-40,1.0384973841012053e-38,0.1406672678088368
wge,13.234024,0.43059537,5.581692692159012e-40,1.4854858564350698e-38,0.28574818470884156
jdp,13.177482,0.36914468,1.1827317063970038e-39,3.133981906363713e-38,0.6928005315362347
CG43867,13.158324,0.34655115,1.52428557048093e-39,4.0302639519722464e-38,0.3986521759764605
zfh2,13.137585,0.63330966,2.0052671426695467e-39,5.279093132181232e-38,0.20720421432300318
Rlip,13.124238,0.43794474,2.391773563390303e-39,6.269532895519226e-38,0.28774144558872383
sau,13.08764,0.4626163,3.874635214021426e-39,1.0134748631696813e-37,0.2646765696929429
svr,13.055976,0.3453755,5.8752099054034384e-39,1.5334675275580837e-37,0.4845996867732903
sd,13.021909,0.33513576,9.184543372074157e-39,2.392102546201109e-37,0.4160694793792416
Sirt1,13.020492,0.33393928,9.356698804509555e-39,2.431744173308464e-37,0.4104693654786199
Adcy1,13.001459,0.3724078,1.2003171205131455e-38,3.1129075280712193e-37,0.3262303640074035
Rap1,13.000355,0.33658874,1.2177756840448073e-38,3.1514793657796515e-37,0.5118409187983485
kmr,12.983504,0.3529695,1.5177503640992456e-38,3.91946169237409e-37,0.3870248208438138
unk,12.979796,0.40270522,1.5930309178557214e-38,4.1051699487829576e-37,0.2901618338000095
retm,12.979356,0.53904253,1.6022193910989974e-38,4.120137586098244e-37,0.22205875373736414
RpS14b,12.938388,0.36324084,2.733033694314822e-38,7.013252147369129e-37,0.36187176688339423
Myc,12.910894,0.69272435,3.907337398312899e-38,1.000557469496553e-36,0.1820986189549618
mgl,12.896789,0.5519157,4.692505819667264e-38,1.1990975563086852e-36,0.21778748042333065
amon,12.878429,0.33635896,5.953459063695474e-38,1.518132061242346e-36,0.47458592378150066
NFAT,12.859554,0.3305888,7.601391784765425e-38,1.9343082351671353e-36,0.4408903231930141
CG12071,12.854981,0.4012206,8.064550162340039e-38,2.0478917068492238e-36,0.2975653742110009
sr,12.801441,0.46028784,1.6093740615459855e-37,4.0783077829904405e-36,0.2515779981965735
EndoA,12.800961,0.34027913,1.6193506819922661e-37,4.09507582215845e-36,0.61544302595985
CG1607,12.797617,0.58343285,1.6905933149702315e-37,4.266385489890715e-36,0.20620758388306204
CG43902,12.787801,0.37357208,1.918249438259255e-37,4.8308971906905086e-36,0.34867827820226854
Mob2,12.772204,0.33560994,2.344188545563905e-37,5.891404985954317e-36,0.514546058563903
drn,12.764901,0.33917147,2.574782607657821e-37,6.457618354885016e-36,0.5556926581557591
Sema2b,12.730953,0.4415884,3.979499903696218e-37,9.960189800031457e-36,0.27711072089601824
eIF4G1,12.728942,0.32217604,4.083367549633129e-37,1.019921456198324e-35,0.4295002610222581
ND-18,12.727494,0.34174117,4.15977497325266e-37,1.0368813322899115e-35,0.45066679322291303
Dscam1,12.720752,0.44772282,4.534777336536926e-37,1.1280489990826243e-35,0.2574628636514641
AGO2,12.717769,0.51954496,4.711247574660745e-37,1.1695600140028475e-35,0.2228655498077927
CG11122,12.697567,0.32394797,6.099660461500626e-37,1.5111536862851857e-35,0.402591239143847
5-HT1B,12.688536,0.7198838,6.8453396517031876e-37,1.6924512173348916e-35,0.17497983009823928
CG5445,12.684389,0.72312015,7.217425186491854e-37,1.7808339189908747e-35,0.16866783731194532
Ciz1,12.679935,0.32379684,7.639472900059055e-37,1.8811623268448446e-35,0.42290351668169524
CG2269,12.622005,0.35099107,1.5970146198175894e-36,3.924599032450927e-35,0.7531678610412416
lawc,12.621836,0.52774024,1.6004714742515367e-36,3.925180442585912e-35,0.21484504769588533
mGluR,12.591928,0.37418136,2.3389211331919643e-36,5.7247208217825e-35,0.33747805040102513
UQCR-14,12.577134,0.34795004,2.820800774833322e-36,6.890328786461595e-35,0.6183380000949172
endos,12.569574,0.38884586,3.10391060812397e-36,7.566713280484614e-35,0.2893075791372028
Pgant2,12.52811,0.56517196,5.2396534748270136e-36,1.2722337889375792e-34,0.20734659010013762
CG14989,12.527147,0.3958394,5.3036291888635634e-36,1.2852074787884288e-34,0.5971714678942622
CG42342,12.511244,0.31927547,6.480113550140813e-36,1.5671846044179837e-34,0.4701722746903327
SCAP,12.507129,0.45569593,6.824702489840101e-36,1.6472534385873465e-34,0.24146931802002752
CG6329,12.503564,0.25730023,7.137785592145799e-36,1.719416375151485e-34,0.8873807602866499
CG43901,12.472588,0.3321324,1.05348309991245e-35,2.532722979256973e-34,0.37933652887855346
CG4502,12.453699,0.35672018,1.3351143659567377e-35,3.2034860249304477e-34,0.31574201509183236
upSET,12.434538,0.31891838,1.697196906345103e-35,4.056300606164796e-34,0.5365668454273647
kirre,12.425682,0.32638684,1.8960145254835478e-35,4.5226068593187795e-34,0.40956765222343505
dtn,12.419821,0.3209677,2.0401820438756964e-35,4.856988072812669e-34,0.4603958046604338
vvl,12.405545,0.5612085,2.438470907591657e-35,5.793863916692926e-34,0.21152294622941484
NK7.1,12.40356,0.475489,2.4996629088686087e-35,5.927702567353983e-34,0.2359641213041621
Octbeta2R,12.399799,0.3391204,2.6197758539896743e-35,6.2004753173359495e-34,0.5136918039010963
CG17075,12.387303,0.5526232,3.0616529914373734e-35,7.232265176866306e-34,0.20981443690380144
aop,12.354365,0.34957623,4.613838128696662e-35,1.0877770396650602e-33,0.29182288453324473
eys,12.336723,0.31844378,5.744678908146094e-35,1.3517739616098985e-33,0.45052441744577854
Polr2L,12.336557,0.67851686,5.756520393954748e-35,1.3519504254704127e-33,0.174884912913483
Pdcd4,12.312906,0.34283754,7.719243158284226e-35,1.8094202856985853e-33,0.6602439371648237
AP-2alpha,12.307776,0.32113552,8.225871649542329e-35,1.924475039083905e-33,0.3978928384984101
CG15201,12.304996,0.49867442,8.51413085004713e-35,1.9880984852724995e-33,0.21256703526173415
tral,12.291843,0.3103149,1.0019494393477363e-34,2.3351360834052693e-33,0.45536519386834984
Ald1,12.286873,0.358383,1.0654848058521388e-34,2.478472194376282e-33,0.7842532390489299
CG9171,12.285632,0.5391864,1.081963389650387e-34,2.5120098583711556e-33,0.20668216980684354
Mef2,12.269878,0.3468706,1.314509372090704e-34,3.046113067759238e-33,0.38579089744198186
CARPB,12.2459345,0.78048706,1.7663173186463632e-34,4.0853210240949756e-33,0.16814579279578568
Patronin,12.234892,0.44174445,2.0237400956209524e-34,4.671850004834051e-33,0.24635755303497697
SP2353,12.224347,0.32898024,2.304249116733271e-34,5.309355857062729e-33,0.36737696359925964
dsd,12.220974,0.3850112,2.4018984444901175e-34,5.5239132339415176e-33,0.2650562384319681
wts,12.051408,0.44681418,1.906642332643525e-33,4.3520717963655297e-32,0.22623510986664136
haf,12.044687,0.5882089,2.068596380158365e-33,4.7129198650000583e-32,0.19628873807602867
CG10132,12.024797,0.43281758,2.6323160554432923e-33,5.974916275567651e-32,0.23833705092306962
nAChRbeta1,11.993656,0.30518746,3.835928255761013e-33,8.690730392094979e-32,0.8670684827488017
CG13365,11.980627,0.44250068,4.489147581637787e-33,1.0151803315878107e-31,0.26073750652555644
CG9917,11.96417,0.5827542,5.474171416241176e-33,1.2356421368993276e-31,0.1858003891604575
CG32448,11.952569,0.7092962,6.294878747075124e-33,1.4156508680461012e-31,0.16188125860186986
Pdha1,11.933968,0.32505065,7.872946580939488e-33,1.7672807711799524e-31,0.36049546770442786
Nmdar2,11.933176,0.38531655,7.948235534559983e-33,1.7809015244623463e-31,0.2780598927435812
drongo,11.9265785,0.36838427,8.603795084575251e-33,1.9242506107502336e-31,0.28627022922500117
Diap1,11.923035,0.3118364,8.977793343835792e-33,2.004218371209056e-31,0.380143324948982
Pkn,11.900237,0.6024671,1.1801170924241577e-32,2.629697850010614e-31,0.17759005267903755
Golgin97,11.883916,0.58294415,1.4348535676056415e-32,3.191501849552037e-31,0.17469507854397037
Arp2,11.872414,0.82233447,1.646469515748349e-32,3.655522209008493e-31,0.14242323572682833
Pi3K68D,11.8331995,0.76810247,2.629264130343959e-32,5.826927360865912e-31,0.14536566845427365
crc,11.830125,0.42296618,2.727354105578429e-32,6.033342866224224e-31,0.23264201983769162
SiaT,11.810832,0.8873726,3.431484716954642e-32,7.577240437492778e-31,0.1389587584832234
Gprk1,11.805485,0.31218183,3.656774762415327e-32,8.060113486271324e-31,0.5994969389207916
smog,11.801001,0.301704,3.8569832217464034e-32,8.486059294199803e-31,0.41796782307436764
Sirup,11.780184,0.49678615,4.938509231690987e-32,1.0846034058573233e-30,0.23572682834227138
Corin,11.739718,0.30240297,7.975179456400146e-32,1.748371625792471e-30,0.4446870105832661
mRpS5,11.71086,0.3195035,1.1213659066820445e-31,2.453919037082126e-30,0.5979782639646908
Pli,11.703243,0.43353358,1.226739518101298e-31,2.6797003559384803e-30,0.23510986664135541
CG42450,11.692174,0.33867878,1.3976248581886042e-31,3.0475222533919313e-30,0.7146789426225618
CG42724,11.690932,0.32798928,1.4182186012979065e-31,3.0869047377178898e-30,0.3223862180247734
CG42674,11.669764,0.3304774,1.8192880209412806e-31,3.9457832183724676e-30,0.3242845617198994
RapGAP1,11.637161,0.31479603,2.667478336758309e-31,5.7751142889426344e-30,0.5760998528783636
Khc-73,11.63463,0.2950951,2.7477699173899376e-31,5.9383984969975085e-30,0.47131128090740826
Hr38,11.634332,0.31250942,2.757425456939928e-31,5.948718388431997e-30,0.36614304019742777
Yp2,11.598942,5.217107,4.172038392092557e-31,8.984624728130067e-30,0.06535048170471264
arm,11.575247,0.30111748,5.501292968197459e-31,1.1826324513114432e-29,0.4321104836030563
Mnr,11.567181,0.4915368,6.043636711714388e-31,1.2969346457585683e-29,0.2119500735608182
EcR,11.560189,0.28794345,6.556440211512674e-31,1.404507025274657e-29,0.4066726780883679
tws,11.49071,0.33556265,1.4689860113833358e-30,3.1358091931263534e-29,0.2969958711024631
trv,11.467561,0.31943837,1.9199519791107922e-30,4.0913102575841687e-29,0.6683118978691092
mRpS21,11.455143,0.5456096,2.215982983682039e-30,4.713894692513154e-29,0.1887428218879028
tna,11.40824,0.3192525,3.803449748366317e-30,8.076698429065686e-29,0.6325281192159841
NaCP60E,11.392528,0.32732582,4.555808209631458e-30,9.65752108994745e-29,0.735275971714679
Pal2,11.376198,0.2950889,5.494354685324806e-30,1.1626855774205567e-28,0.42418489867590525
CG43102,11.325821,0.378845,9.775882005329534e-30,2.0580004449561604e-28,0.24626263585022068
Pcd,11.28978,0.41293153,1.474058786729378e-29,3.0871653868461144e-28,0.2593137487542119
olf413,11.278304,0.3147316,1.6795284493706775e-29,3.511453219447545e-28,0.3531393858858146
unc-13-4A,11.261788,0.3600069,2.026048690369698e-29,4.228682788855523e-28,0.2983721702814294
NetB,11.259165,0.35833988,2.0872684577130043e-29,4.349011150609198e-28,0.29894167338996724
sgg,11.250174,0.33007038,2.3113642647772776e-29,4.807716556889119e-28,0.7174315409804946
Sf3b5,11.247685,0.65858763,2.3774836789329693e-29,4.936822583051782e-28,0.15998291490674388
lncRNA:CR45758,11.233405,0.4520076,2.794941543261258e-29,5.7937997399339245e-28,0.216316264059608
Hsp23,11.231971,0.7043274,2.84070971116657e-29,5.878677533006676e-28,0.15604385173935742
Sh3beta,11.223897,0.4081431,3.112466530414154e-29,6.430144837155614e-28,0.2303640074035404
Ptpmeg2,11.221472,0.2877254,3.199005768015881e-29,6.597746413933262e-28,0.4550329837217028
dpr8,11.1846,0.2894477,4.8509107151245047e-29,9.970952901627756e-28,0.4789995728726686
Shab,11.174338,0.28897744,5.445445754818238e-29,1.1174164697892172e-27,0.48664040624555077
Pka-R1,11.1506405,0.2764336,7.109303410098081e-29,1.4563915842972354e-27,0.4041099140999478
Snap24,11.145449,0.53010964,7.536371742114724e-29,1.5412891806147042e-27,0.1804850268141047
SoxN,11.137943,0.31925124,8.199090321598926e-29,1.674015275208866e-27,0.40605571638745197
Kdm2,11.091024,0.54092646,1.3869043951183569e-28,2.8221999452583726e-27,0.17578662616866783
CG17841,11.087217,0.2981656,1.4472020168943527e-28,2.9399908973208774e-27,0.37800768829196524
COX7C,11.078442,0.32758185,1.5962625532990495e-28,3.23741169087556e-27,0.7263537563475867
LpR1,11.0548725,0.33383554,2.0763268005860426e-28,4.204044414010511e-27,0.2891177447676902
Mi-2,11.044473,0.38660026,2.331333103275371e-28,4.712540496819817e-27,0.24441175074747282
lncRNA:CR43334,11.003572,1.160132,3.6728672910284875e-28,7.412016458666596e-27,0.10953443120877035
CG1552,10.9777355,0.78517205,4.890277699394092e-28,9.852495021142908e-27,0.12766361349722366
Ppcs,10.970848,0.36959743,5.277529593160175e-28,1.0615149869806827e-26,0.2572730292819515
dpr17,10.92965,0.40835908,8.316796782229246e-28,1.6673262496478993e-26,0.22329267713919604
CG9686,10.883469,0.59594876,1.382025023064297e-27,2.7660924476405115e-26,0.15718285795643303
mlt,10.865176,0.28859732,1.6889611813773574e-27,3.374876695050592e-26,0.3030705709268663
Dora,10.85748,0.3099494,1.8375011254691552e-27,3.6656794138041787e-26,0.6535997342318827
Nulp1,10.761701,0.58585626,5.219799852053161e-27,1.0379141989669816e-25,0.16321009918845808
Gad1,10.750675,0.34489766,5.882937757815877e-27,1.1678685395768358e-25,0.2947178586683119
CanB,10.746409,0.31157032,6.161365146900968e-27,1.221152516676031e-25,0.623036400740354
Ca-Ma2d,10.738444,0.3478553,6.716665237465321e-27,1.3290492301861167e-25,0.264391818138674
Myo81F,10.722815,1.017397,7.95455687839664e-27,1.5714439836430575e-25,0.1139480802999383
bsd,10.720497,0.49691546,8.156402673302048e-27,1.6087118476517583e-25,0.181529115846424
sina,10.70734,0.2763802,9.402430091044813e-27,1.8484874254797617e-25,0.3457358454748232
CG32700,10.694591,0.28109238,1.0789471334307274e-26,2.1177595184198287e-25,0.3988894689383513
Ca-alpha1T,10.681269,0.2931216,1.2455725915524258e-26,2.440881723220662e-25,0.6039580466043377
pdm3,10.680758,0.36810562,1.2524451356027212e-26,2.4504099129793853e-25,0.24512362963314507
hzg,10.665888,0.5357677,1.469890798859566e-26,2.86663983156788e-25,0.17360353091927294
Nrg,10.663803,0.33121327,1.5032178172167447e-26,2.92695239202155e-25,0.30140952019363104
Dek,10.660411,0.26305333,1.5590746536049358e-26,3.0308709653573463e-25,0.42679512125670355
Tl,10.65298,0.38434806,1.688704553987711e-26,3.2776464663306068e-25,0.22177400218309526
Sag1,10.645695,0.58886755,1.8261764480275607e-26,3.5388338195561107e-25,0.15779981965734896
Cpsf6,10.630569,0.37008393,2.1479682023081566e-26,4.1558070504657335e-25,0.22732665749133882
dati,10.614946,0.3494759,2.5394122138520723e-26,4.905371707550382e-25,0.2937686868207489
Chchd2,10.586096,0.30662176,3.4571304919629745e-26,6.657024260116382e-25,0.6071377722936737
CG15765,10.571619,0.28132626,4.0346747213980627e-26,7.756884886296685e-25,0.5567367471880784
Pp2C1,10.507019,0.33582035,8.018854655668527e-26,1.5392412503613177e-24,0.2571781120971952
Cmtr1,10.485057,0.8324303,1.011844032221793e-25,1.9392086334514835e-24,0.12007023871671967
CG7065,10.479888,0.5694721,1.068707901477217e-25,2.0449734083368596e-24,0.1541455080442314
CG32795,10.472178,0.6573776,1.1594416934749578e-25,2.2151151726906365e-24,0.14811826681220636
X11Lbeta,10.467941,0.2630786,1.212509288778891e-25,2.309261831394672e-24,0.47059940202173606
CG33170,10.458686,0.27079564,1.3369767803016553e-25,2.5383816160587035e-24,0.36785154952304117
nolo,10.454916,0.28877032,1.3912151794204494e-25,2.6372506721548768e-24,0.3138436713967064
bru3,10.451885,0.32627034,1.4364108484292962e-25,2.7186974893640827e-24,0.6644202932941009
Akap200,10.432334,0.5128144,1.7649832864156948e-25,3.3354079500962644e-24,0.1756442503915334
CG5151,10.417941,0.27424577,2.053512089810478e-25,3.874653074721349e-24,0.3253286507522187
CG34355,10.378486,0.30241987,3.1066510107428963e-25,5.843668081781661e-24,0.311518200370177
GCS2alpha,10.296156,0.35784885,7.3333378364684215e-25,1.3772889813361107e-23,0.24488633667125434
5-HT7,10.293582,0.6591019,7.532139852378429e-25,1.4124500409329334e-23,0.1490199800673912
ref(2)P,10.285997,0.4041924,8.14941226805619e-25,1.525855393783977e-23,0.2236248872858431
Spt5,10.280664,0.364668,8.613198836782183e-25,1.6102190279376997e-23,0.21380095866356605
Baldspot,10.271059,0.29233125,9.51546113004989e-25,1.7749361138281572e-23,0.29467040007593376
BNIP3,10.270978,0.39311478,9.523408142124988e-25,1.7749361138281572e-23,0.21190261496844004
l(1)G0196,10.263866,0.30199537,1.0251813370109157e-24,1.907776384248252e-23,0.2880261971429927
FoxK,10.255951,0.36839765,1.1127504808391108e-24,2.067578599229866e-23,0.21655355702149875
Hsp27,10.244335,0.71053785,1.2548432280290993e-24,2.3280493312704248e-23,0.13805704522803855
DIP-theta,10.239103,0.45182493,1.324584920299668e-24,2.453702977740525e-23,0.19049878980589435
UbcE2H,10.238434,0.3061663,1.3337830805690868e-24,2.4669927115412138e-23,0.2721275686963125
CG32767,10.236899,0.3041429,1.3551009165060309e-24,2.5026250108018197e-23,0.6946039580466044
CG42271,10.235284,0.6222624,1.3779073955017607e-24,2.540894590585622e-23,0.14659959185610555
Phm,10.223749,0.44357356,1.552181600761838e-24,2.857936787263753e-23,0.20468890892696123
Frl,10.182382,0.25593352,2.3767203846726748e-24,4.362928429032415e-23,0.34231882682359643
Rab35,10.171769,0.2588231,2.6504962057626323e-24,4.8581801882768007e-23,0.34402733614920983
Ran,10.167935,0.27908584,2.756908191202583e-24,5.045638730115358e-23,0.34530871814341985
CG13995,10.1662245,0.30858338,2.8057388095314476e-24,5.127308897957843e-23,0.29229747045702625
Cph,10.16264,0.33423692,2.910867323019634e-24,5.311461347348252e-23,0.28033790517773244
fkh,10.154961,0.6062414,3.1493580089327196e-24,5.738045556185488e-23,0.16866783731194532
Saft,10.15471,0.34593433,3.157476969655831e-24,5.744251758676855e-23,0.24061506335722083
Unc-76,10.1514015,0.2500808,3.266381480522357e-24,5.933520695392997e-23,0.4133168810213089
tay,10.130775,0.30445302,4.0343606351326904e-24,7.317681812742912e-23,0.2781548099283375
RpS27,10.122448,0.2933062,4.392882983178461e-24,7.956144232089489e-23,0.8908452375302549
gol,10.099932,0.34142458,5.528043364592227e-24,9.99722857136716e-23,0.2388116368468511
gcl,10.041172,0.7977877,1.0047285864125333e-23,1.8116326538139598e-22,0.1202126144938541
Paip2,10.040251,0.2862677,1.0141554655980212e-23,1.8259292422709425e-22,0.28560580893170706
CG33774,10.037073,1.1949439,1.0473546330150582e-23,1.8829211831593726e-22,0.09268663091452707
Mbs,10.036642,0.26531819,1.0519390968595436e-23,1.888377857381587e-22,0.329220255327227
mAChR-A,10.033243,0.2504978,1.0888018908818204e-23,1.951677389405663e-22,0.4766266432537611
htk,10.017589,0.69156474,1.2757718288103043e-23,2.283462969363994e-22,0.13193488681125717
aPKC,9.963972,0.24255113,2.1912981517939738e-23,3.916383163081634e-22,0.40871339756062836
Ssdp,9.961218,0.29370543,2.2528681205423783e-23,4.020528480423287e-22,0.6514640975748659
osa,9.952585,0.24561147,2.4571533973587674e-23,4.378690462047663e-22,0.47221299416259316
Pfk,9.948934,0.2702875,2.5489913587053853e-23,4.535716156388313e-22,0.31123344881590814
Smox,9.939615,0.26720837,2.799050297900475e-23,4.973414589082929e-22,0.3250438991979498
Cdc37,9.903783,0.5545737,4.0082052293557617e-23,7.111501243175746e-22,0.1587015329125338
Psc,9.886827,0.65828496,4.748355718346327e-23,8.412457536471422e-22,0.14061980921645864
hts,9.870559,0.24651803,5.585242489625804e-23,9.880772236001296e-22,0.3328271083479664
Pp2B-14D,9.862158,0.24101803,6.072994687008509e-23,1.0728077136224162e-21,0.41763561292772056
Xrp1,9.856613,0.29964134,6.417797408073243e-23,1.1320771723155537e-21,0.2836125480518248
CG32813,9.837529,0.6500884,7.75930935197958e-23,1.3647651037702612e-21,0.13587394997864363
Nrt,9.834595,0.36028934,7.988862683348091e-23,1.4031159545724767e-21,0.2158416781358265
CG30428,9.828522,0.36839992,8.48550304194557e-23,1.4881985119176194e-21,0.21835698353186844
CG1578,9.810128,0.27594647,1.0183889308592048e-22,1.7834975112417885e-21,0.2699444734469176
Tao,9.789607,0.29454646,1.247804496979287e-22,2.1821361569125583e-21,0.26045275497128756
tyf,9.765863,0.24686982,1.5776215455594223e-22,2.7549611774819193e-21,0.33581699966778983
oaf,9.765299,0.39592132,1.5864372023411985e-22,2.7663924262284505e-21,0.20041763561292772
stau,9.75679,0.27927604,1.7252940319392444e-22,3.004229850758207e-21,0.28636514640975747
Fis1,9.750358,0.26559582,1.8381931442400394e-22,3.196253385897552e-21,0.5835033932893551
shot,9.74568,0.23123935,1.924857078662599e-22,3.3421770558145897e-21,0.4331071140429975
CG3558,9.734869,0.4493532,2.140936665693902e-22,3.7120735445438076e-21,0.16771866546438233
Msr-110,9.729604,0.5237172,2.2546998628911685e-22,3.9037694074972236e-21,0.14346732475914764
dpr14,9.71162,0.24057233,2.690256387456753e-22,4.651281575419909e-21,0.3920554316358977
su(sable),9.696971,0.7807479,3.1058200329567394e-22,5.362158694293158e-21,0.11665322006549286
CG17321,9.667182,0.29036,4.1566724859117683e-22,7.166291503646187e-21,0.2612595510417161
IA-2,9.638549,0.21556002,5.495922221534785e-22,9.461835587328742e-21,0.9432869821081107
CG11537,9.632602,0.27591953,5.823616501035085e-22,1.0011856351356368e-20,0.2791039817759005
Fs(2)Ket,9.632335,0.24289043,5.838769681388566e-22,1.0023769527668343e-20,0.33287456694034456
OtopLc,9.605248,0.245853,7.597471195255221e-22,1.3024694289587326e-20,0.332067770869916
ubl,9.5904255,0.98871946,8.772277387122217e-22,1.5017596779723694e-20,0.10113426035783779
br,9.5777235,0.44565502,9.920705556526705e-22,1.6959814870757924e-20,0.18518342745954156
CG1998,9.574513,0.49079683,1.0233807508088377e-21,1.7470571388808015e-20,0.16975938493664278
S,9.566195,0.28957993,1.109135008964447e-21,1.8908037236737965e-20,0.25713065350481706
CG30419,9.564392,0.46041748,1.1286325864134302e-21,1.9190096137114558e-20,0.1752645816525082
smal,9.564374,0.26323998,1.1288291845361505e-21,1.9190096137114558e-20,0.28422950975274075
nAChRalpha3,9.5390835,0.24476066,1.440999002688685e-21,2.4462864684919752e-20,0.3366237957382184
CG1648,9.535962,0.32409313,1.4850208211670764e-21,2.5175130443957573e-20,0.24260832423710313
Pde11,9.533679,0.41370437,1.5180644841604845e-21,2.5699566663100202e-20,0.18774619144796165
Snx27,9.530965,0.33540738,1.5582807448896182e-21,2.6343805824493142e-20,0.221062123297423
Ip6k,9.526083,0.24355642,1.6332917206789277e-21,2.7573674215173755e-20,0.5302073940486925
l(1)G0320,9.523347,0.30603483,1.6769002677672116e-21,2.8270729410531875e-20,0.2610697166722035
loaf,9.512146,0.234674,1.8676924702968816e-21,3.144378939288493e-20,0.38621802477338524
Atx2,9.511306,0.2274916,1.882848416281126e-21,3.1655226684207786e-20,0.4293104266527455
DIP1,9.504138,0.2911775,2.0171193463526293e-21,3.3865933488556743e-20,0.27829718570547196
E(Pc),9.502541,0.22085169,2.0483030166560267e-21,3.4342180839092584e-20,0.3613022637748564
Cs1,9.50222,0.2378746,2.054621415074674e-21,3.4400797291682967e-20,0.42076788002467846
TyrR,9.498112,0.60210377,2.137298632846055e-21,3.5735984959891034e-20,0.13758245930425703
chb,9.480914,0.3184556,2.520643850163655e-21,4.208784642417095e-20,0.23492003227184283
pico,9.479644,0.23022984,2.551530434318702e-21,4.2545286544337424e-20,0.37069906506573014
Cnx99A,9.47654,0.283672,2.6285511844422423e-21,4.3769686321265696e-20,0.2703716007783209
klar,9.469754,0.22551973,2.8050181058684404e-21,4.6644427956931e-20,0.43419866166769494
CG40228,9.469603,0.26226258,2.80910896224793e-21,4.664881354337877e-20,0.3019315647097907
CLIP-190,9.43872,0.22578482,3.773627847112182e-21,6.258061201149713e-20,0.4328698210811067
bnb,9.438174,0.633564,3.793301925916818e-21,6.282140920516317e-20,0.12386692610697167
Atg1,9.431431,0.23115967,4.045318386318298e-21,6.690418698891958e-20,0.4541787290588961
CG5065,9.417783,0.23412624,4.607132466941879e-21,7.609259842758071e-20,0.45066679322291303
lncRNA:let7C,9.39907,0.74482834,5.5047351921861915e-21,9.079461063268943e-20,0.1098666413554174
Arglu1,9.392267,0.24714327,5.872244080906586e-21,9.672538257050051e-20,0.536709221204499
CkIIbeta,9.3888855,0.22747448,6.063841654226248e-21,9.974651271709006e-20,0.4192017464761995
CG30172,9.385065,0.24928844,6.287740679384406e-21,1.0329012283155865e-19,0.5320108205590622
wcy,9.3813305,0.24934378,6.5145389360926295e-21,1.0672811168284013e-19,0.2844668027146315
LIMK1,9.3549,0.37607467,8.367834681211116e-21,1.369067609789024e-19,0.18926486640406245
Vha26,9.340766,0.27839467,9.563998167689554e-21,1.562675250214048e-19,0.6052394285985477
nrv2,9.328885,0.33735842,1.0699070544957476e-20,1.7457961294844267e-19,0.2078686346162973
tara,9.31862,0.24044167,1.1786325426309987e-20,1.9206353024236955e-19,0.287171942480186
Gug,9.30667,0.23509666,1.31902499890247e-20,2.1465414835276646e-19,0.5208580513501969
RhoGAPp190,9.293065,0.2682567,1.4990766169867343e-20,2.4330552442678167e-19,0.6279720943476816
Pp1alpha-96A,9.28879,0.23851573,1.560519252054444e-20,2.529410792990907e-19,0.48388780788761804
nuf,9.286849,0.46372405,1.5892396803234613e-20,2.5725421598223994e-19,0.1635423093351051
hig,9.284329,0.24773523,1.6272914215784514e-20,2.6306439174561996e-19,0.5641402875990698
CG43689,9.272721,0.89361244,1.814565282990416e-20,2.9295014879960503e-19,0.11712780598927436
Parp1,9.272038,0.21769592,1.8262223905353118e-20,2.9444212590257825e-19,0.4007878126334773
acj6,9.23403,0.5634112,2.6063665751980407e-20,4.1966977787435825e-19,0.1634473921503488
Helz,9.232111,0.22825982,2.6535093482411468e-20,4.2669690561624456e-19,0.46575862559916476
SK,9.227628,0.2669636,2.766926639467527e-20,4.443487326544096e-19,0.6013478240235395
Df31,9.179058,0.23449866,4.3487855628178054e-20,6.974650950682399e-19,0.4722604527549713
CG12384,9.1758175,0.2448812,4.4816124298886336e-20,7.178235730343306e-19,0.33833230506383183
plum,9.161567,0.33524662,5.1149113095175454e-20,8.181844350618026e-19,0.20791609320867543
MED6,9.139234,0.70834714,6.289636178827484e-20,1.0047755620409986e-18,0.11912106686915666
CG15312,9.134522,0.2697117,6.569597330815374e-20,1.0481259406454003e-18,0.27516491860851405
Naa30A,9.121144,0.60435265,7.433542078277954e-20,1.1844110378056208e-18,0.13392814769113948
Spar,9.116412,0.23811415,7.765267009510357e-20,1.2356506472444091e-18,0.3283660006644203
d4,9.116108,0.2562644,7.78707806165055e-20,1.2375057952211023e-18,0.2642969009539177
Ccn,9.108545,0.33581415,8.34938661628181e-20,1.325138977420039e-18,0.21114327749038964
Su(Tpl),9.101248,0.20883891,8.930025944018239e-20,1.4154497559380796e-18,0.37729580940629304
Fili,9.09843,0.4880106,9.164708243459248e-20,1.450761412721101e-18,0.15590147596222295
Su(var)3-3,9.096004,0.71700084,9.371709950520041e-20,1.4816053513215148e-18,0.11314128422950975
CG34370,9.05783,0.28805333,1.3307177261608013e-19,2.101051601576944e-18,0.23909638840112002
kek3,9.05483,0.29667425,1.3678171688012488e-19,2.1568335666906108e-18,0.23895401262398558
Evi5,9.05007,0.23039299,1.4287693375101565e-19,2.2500348132960335e-18,0.49950168478002943
CG10508,9.022715,0.2809839,1.8348484136003973e-19,2.8858022339839024e-18,0.24270324142185942
CG9003,9.015753,0.23774163,1.9552290373384475e-19,3.07117097114927e-18,0.28982962365336246
CG31522,9.0149765,0.42962494,1.9691190078348342e-19,3.0890079261903213e-18,0.16985430212139907
Gdi,9.000166,0.22495477,2.253764467665241e-19,3.530994228325402e-18,0.3665701675288311
gce,8.992349,0.21626443,2.4200301987482605e-19,3.786617213420096e-18,0.3420340752693275
Kdm5,8.991011,0.23454651,2.4496714790408413e-19,3.82808277667036e-18,0.3052536661762612
Moe,8.978692,0.24987935,2.740039817675771e-19,4.271830178240435e-18,0.2748801670542452
tau,8.978668,0.20739467,2.740644186876709e-19,4.271830178240435e-18,0.3912486355654691
CG7378,8.968522,0.24704444,3.0051973806617347e-19,4.6722386317456485e-18,0.302026481894547
g,8.9418335,0.33650672,3.827656753313994e-19,5.943351358744493e-18,0.19477006311992787
Rab3,8.917794,0.23872566,4.756672758814654e-19,7.376473824070205e-18,0.5042475440178444
Mapmodulin,8.9054165,0.21437398,5.318595396225532e-19,8.237402704522619e-18,0.4597313843671397
CG14535,8.900491,0.5514427,5.5600358638878625e-19,8.600415881336188e-18,0.13976555455365194
CG2852,8.883581,0.2419854,6.474165620324051e-19,1.000172430242457e-17,0.5413601632575578
Pka-R2,8.871934,0.20517878,7.188670695536811e-19,1.1091481912392178e-17,0.4832233875943239
Eip75B,8.852904,0.26869658,8.5270543877075115e-19,1.3123265900475613e-17,0.8380238242133738
ND-B16.6,8.837781,0.22941408,9.763856618702278e-19,1.5007774063727874e-17,0.514546058563903
PIP5K59B,8.830765,0.20764409,1.0396201708117913e-18,1.5959609901794617e-17,0.3833705092306962
orb,8.822094,0.5933836,1.123391421535912e-18,1.7223922059246833e-17,0.1440842864600636
sqz,8.817097,0.8096134,1.174656189605549e-18,1.7987291828017634e-17,0.09672061126666984
CG42322,8.809438,0.229746,1.2577555482545489e-18,1.9235611515275656e-17,0.31199278629395855
eEF1alpha1,8.796295,0.2005249,1.4140727643136094e-18,2.1599164065436823e-17,0.42053058706278773
Ubi-p5E,8.79289,0.2158538,1.457614247354909e-18,2.2236370539435526e-17,0.4678468036638033
CG42795,8.78922,0.20972387,1.5060238618504094e-18,2.2946156065118303e-17,0.4186322433676617
Mtmr6,8.787516,0.23307532,1.5290409759903093e-18,2.3267765863103473e-17,0.31616914242323574
Rab5,8.756958,0.20137085,2.0059011169473062e-18,3.041035909760039e-17,0.43391391011342606
CG12594,8.713947,0.35915393,2.934739997367662e-18,4.438157050609731e-17,0.19980067391201176
RpL30,8.712171,0.21209581,2.98111041834493e-18,4.5026957731358557e-17,0.4595415499976271
CG46385,8.708765,0.21534874,3.0720239227137765e-18,4.6342697517275024e-17,0.4500023729296189
Rcd1,8.693268,0.47154492,3.521614323773606e-18,5.3059279347931366e-17,0.14650467467134926
CG8910,8.687807,0.36118972,3.695037618366858e-18,5.553491187456675e-17,0.18594276493759196
ND-15,8.686867,0.22170453,3.725712284695286e-18,5.59269791110232e-17,0.49347444354800435
fz2,8.632868,0.21592912,5.983273970428115e-18,8.950611588178663e-17,0.3095723980826729
REPTOR,8.622308,0.20076746,6.561782672111171e-18,9.801662866466062e-17,0.3631531488776043
Alk,8.617759,0.2745256,6.8277096751866224e-18,1.0186407984192134e-16,0.6908072706563523
Pka-C3,8.615194,0.49272045,6.982327329602086e-18,1.0404350589305602e-16,0.16444402259028998
Orp8,8.608286,0.20444418,7.416122657038438e-18,1.1037255075292006e-16,0.4501922072991315
cact,8.591543,0.34608075,8.580860087504256e-18,1.2755134586169436e-16,0.1944378529732808
CG43658,8.589571,0.28086525,8.729448048973743e-18,1.2960200032757729e-16,0.22623510986664136
CG31140,8.583664,0.2785467,9.189794010377738e-18,1.3627055862833849e-16,0.6912343979877557
CG3198,8.576739,0.2042491,9.760038227614977e-18,1.445505540174957e-16,0.3598310474111338
FASN1,8.552722,0.33727577,1.202190862370608e-17,1.7783379152227355e-16,0.19761757866261687
GABA-B-R1,8.548489,0.23931244,1.247103760603432e-17,1.8425391197569977e-16,0.5888187556357078
puc,8.539232,0.29373428,1.3511629374081503e-17,1.9938650174416398e-16,0.20383465426415454
Fas3,8.525533,0.24446084,1.5210840956827642e-17,2.2418977076514163e-16,0.24716434910540552
CG12994,8.5045595,0.80899984,1.8228638131346828e-17,2.6834404611471795e-16,0.10668691566608135
Nep3,8.491676,0.3453056,2.036784179505217e-17,2.994736111458274e-16,0.19695315836932276
mnb,8.482694,0.20489454,2.200393912323177e-17,3.2313977587117115e-16,0.46637558730008066
AhcyL1,8.480654,0.36605838,2.239316815649189e-17,3.284600802159803e-16,0.17142043566987802
CG31760,8.461703,0.27349004,2.634999983917061e-17,3.860338317784262e-16,0.22898770822457407
Mp,8.454051,0.193034,2.813666270291239e-17,4.115807419091801e-16,0.41568981064021643
LRP1,8.453949,0.42632627,2.8161320760706886e-17,4.115807419091801e-16,0.15295904323477766
CG12851,8.444342,0.2990655,3.05762577537572e-17,4.462414228182943e-16,0.21218736652270895
Mhcl,8.444228,0.2505376,3.060610628239347e-17,4.462414228182943e-16,0.24075743913435527
Ca-alpha1D,8.43879,0.2015948,3.2063969022412995e-17,4.663815255539284e-16,0.45137867210858523
Hsp67Ba,8.430431,0.57504344,3.443931630358922e-17,5.003347156429666e-16,0.1381045038204167
Set8,8.415686,0.44959834,3.906021550638703e-17,5.661176775354952e-16,0.14270798728109724
Calr,8.401337,0.24627984,4.414261370728402e-17,6.390193806153028e-16,0.2894499549143372
beat-VII,8.376206,0.19405888,5.466089550232563e-17,7.90345973046082e-16,0.36747188078401594
CG13551,8.353727,0.22228041,6.614184009002216e-17,9.552166929588626e-16,0.29286697356556407
CG1737,8.323869,0.31132424,8.513794668816668e-17,1.2281022866059926e-15,0.2073940486925158
Atf6,8.323015,0.19129081,8.575345681016921e-17,1.235518776665665e-15,0.3334915286412605
cPges,8.3215885,0.19696788,8.679194549880153e-17,1.2490047505134496e-15,0.38308575767642733
cnc,8.282319,0.42140797,1.2079907076192893e-16,1.734299026521969e-15,0.1587015329125338
akirin,8.278198,0.19732702,1.2505273659982602e-16,1.793256242841505e-15,0.3218167149162356
Lcch3,8.269378,0.24420556,1.34659654522264e-16,1.9287503278165403e-15,0.23012671444164967
Bili,8.268689,0.29768357,1.3544013755624328e-16,1.9376523904613257e-15,0.19880404347207062
CG4678,8.254883,0.20432208,1.5205103441134303e-16,2.1727433275965535e-15,0.32015566418300034
Atet,8.225612,0.21484877,1.9419698140118547e-16,2.7717412251745313e-15,0.2744530397228418
Gapdh1,8.225323,0.20388493,1.9466645509951316e-16,2.775192305506393e-15,0.4858336101751222
CG14995,8.214401,0.37004593,2.1322605298683553e-16,3.036229392355769e-15,0.16814579279578568
PRAS40,8.205096,0.7784383,2.304069072072593e-16,3.277047598540587e-15,0.09676806985904798
CG17378,8.197432,0.3335382,2.4557744689302567e-16,3.4887453382040676e-15,0.1876038156708272
metro,8.181474,0.27370486,2.803929134004131e-16,3.97870689340819e-15,0.23230980969104456
Pkc98E,8.164356,0.2420373,3.2315460001858773e-16,4.580152813519263e-15,0.5802287504152627
Nf1,8.157986,0.23331739,3.4065890484953967e-16,4.8226380850302435e-15,0.25656115039627925
Ref1,8.147431,0.2513109,3.717352534143424e-16,5.256474482444803e-15,0.24460158511698543
qkr58E-1,8.145817,0.27492294,3.7672986518838904e-16,5.3209273774985796e-15,0.21617388828247355
l(1)G0469,8.145383,0.4230323,3.7808446079826867e-16,5.3338790424422416e-15,0.143894452090551
Atg18b,8.1422825,0.4976127,3.8789400693790805e-16,5.465942254989782e-15,0.1256228940249632
Gyf,8.137383,0.19314188,4.0391227235810096e-16,5.685088554010269e-15,0.3438849603720754
Spf30,8.124508,0.19246295,4.491814750613199e-16,6.314963090567968e-15,0.2941483555597741
bab2,8.119649,0.5175419,4.675332126026613e-16,6.5653943875735474e-15,0.12989416733899672
mRpS14,8.118929,0.38028726,4.703176868721936e-16,6.596895610224588e-15,0.17089839115371838
bma,8.10784,0.28625253,5.15278397389667e-16,7.21922802963523e-15,0.20990935408855774
syd,8.095319,0.24137166,5.711468786780569e-16,7.99277761677019e-15,0.23022163162640596
alphaTub84D,8.095089,0.21589269,5.722245163480171e-16,7.998675034135298e-15,0.307389302833278
bves,8.052864,0.26281616,8.08787636242288e-16,1.1292454178874281e-14,0.21294670400075932
Lnk,8.039177,0.43338847,9.044393427254853e-16,1.2613513899863777e-14,0.14432157942195434
Cals,8.0386915,0.24756521,9.080313031753811e-16,1.2649135490748253e-14,0.6302501067818328
salr,8.008646,0.85580766,1.1597834364788395e-15,1.613204547592282e-14,0.10227326657491338
mtt,8.008549,0.36524633,1.160702591056224e-15,1.613204547592282e-14,0.1675762896872479
ChAT,7.986916,0.19850922,1.3835617906905667e-15,1.9207556568026558e-14,0.3814247069431921
CG2082,7.9864736,0.1857698,1.3885373710067951e-15,1.9254700813653954e-14,0.4098049451853258
ND-B15,7.981304,0.197279,1.447953198367328e-15,2.0055797198749272e-14,0.45004983152199707
Sytbeta,7.9518576,0.46555233,1.8373567904136307e-15,2.5363014630069925e-14,0.14299273883536615
Rcd-1,7.9423575,0.3849905,1.9837423789225988e-15,2.735275549399045e-14,0.16548811162260926
CG2246,7.941901,0.31775737,1.9910560668863317e-15,2.742257898223446e-14,0.1833325423567937
l(3)neo43,7.9406147,0.3534275,2.0118143400470014e-15,2.767720653592878e-14,0.17104076693085282
CG1812,7.907404,0.63326514,2.628117924493479e-15,3.611514022734049e-14,0.1047411133785772
Dscam3,7.881287,0.25238287,3.240252411768053e-15,4.442681287631136e-14,0.21522471643491053
CG40472,7.868876,1.3805635,3.578410473568865e-15,4.900814074419201e-14,0.06976413079588059
SCaMC,7.8642445,0.26656333,3.7133175965955065e-15,5.079868483154055e-14,0.2195434483413222
e(r),7.8619833,0.25471717,3.7809820327099555e-15,5.166635649854445e-14,0.2247638935029187
CG42324,7.8592095,0.3184387,3.865657257075138e-15,5.27642735794948e-14,0.1803901096293484
Ae2,7.857283,0.18943416,3.925556428153281e-15,5.352193210599591e-14,0.3823738787907551
nocte,7.8555017,0.24410789,3.9817519835776555e-15,5.42274580199196e-14,0.6250296616202363
Hmt4-20,7.849475,0.23329888,4.177830663430756e-15,5.683435039794362e-14,0.2298894214797589
kek1,7.84493,0.21013525,4.3319429677772095e-15,5.886516480962811e-14,0.5443975131697594
Cbl,7.843228,0.23507999,4.391094230976445e-15,5.960250287457895e-14,0.22894024963219592
Sem1,7.842323,0.41571093,4.42287786857972e-15,5.996713942171102e-14,0.145792795785677
Su(z)2,7.8293695,0.29652986,4.903221883051022e-15,6.640596836945434e-14,0.18565801338332305
Cirl,7.813166,0.18399474,5.576896043240642e-15,7.544593326421774e-14,0.3880214512837549
Dcp-1,7.804675,0.8617241,5.965491853551372e-15,8.061350355092867e-14,0.08860519197000617
corto,7.7968984,0.19219893,6.344740642397164e-15,8.554872089621575e-14,0.49024725926629015
nAChRalpha7,7.7949915,0.22274737,6.4412789030395014e-15,8.675441828635191e-14,0.6133073893028332
Octbeta1R,7.792663,0.1849982,6.561135467778474e-15,8.827117021716536e-14,0.26206634711214466
Lrp4,7.7848983,0.1902833,6.976919521985294e-15,9.376149068740767e-14,0.45788049926439184
CG12099,7.775696,0.40735546,7.503388512850639e-15,1.0072555350565686e-13,0.1388638412984671
Crtc,7.768371,0.17532253,7.950180698098059e-15,1.0660588837086604e-13,0.4251340705234683
l(3)psg2,7.765365,0.26440218,8.141037096747881e-15,1.0904516612336256e-13,0.18803094300223056
Klp10A,7.75752,0.2636123,8.660604354080977e-15,1.1587717505147424e-13,0.20074984575957477
Gtpx,7.752087,0.40643477,9.039422830512774e-15,1.2081307552754408e-13,0.15609131033173557
Not1,7.750781,0.18990229,9.132897216817432e-15,1.2192867927249473e-13,0.4971287551611219
lncRNA:CR44024,7.7439837,0.3040707,9.634946969449623e-15,1.2835012962909448e-13,0.2117602391913056
lilli,7.733609,0.16652028,1.0453960616192806e-14,1.3910843444407655e-13,0.35684115609131034
Sams,7.7294173,0.19022435,1.0804000292378641e-14,1.436095524141802e-13,0.3015993545631437
Chro,7.6856284,0.2876027,1.522479917347939e-14,2.0193153114857483e-13,0.1868444781927768
NUCB1,7.682804,0.19606172,1.5564337851445987e-14,2.0621055877312516e-13,0.2725546960277158
CG6051,7.66066,0.30082616,1.849799373616477e-14,2.4481221026070834e-13,0.17735275971714679
Ac78C,7.646673,0.9163455,2.0624553389699025e-14,2.7266017491002323e-13,0.08604242798158607
Brd7-9,7.645302,0.3883072,2.0845543889128754e-14,2.7528313593130054e-13,0.14584025437805515
Plc21C,7.6374574,0.19224992,2.2155302707475808e-14,2.922629704560851e-13,0.4885862085330549
CG15891,7.629573,0.35443926,2.3553250688719014e-14,3.1036818664302274e-13,0.17028142945280242
NAT1,7.624683,0.18007345,2.4463523608877182e-14,3.2201499921015547e-13,0.4847895211428029
qkr54B,7.6241875,0.3202085,2.455762884383333e-14,3.2290500321195734e-13,0.1723221489250629
mge,7.6215863,0.21572496,2.505771421901273e-14,3.2912551574951095e-13,0.27412082957619477
Flo1,7.6089783,0.23052308,2.7627094351566513e-14,3.6209317532391855e-13,0.2157467609510702
CG17778,7.6082726,0.2233273,2.77783959022905e-14,3.6368514248444563e-13,0.2626358502206825
lolal,7.5979495,0.18792956,3.008596772615813e-14,3.9347409937139633e-13,0.4840301836647525
ND-AGGG,7.593116,0.44756714,3.123030022324425e-14,4.078594492758635e-13,0.1373451663423663
didum,7.5930223,0.3386689,3.125282842100718e-14,4.078594492758635e-13,0.15480992833752552
sni,7.592444,0.8438197,3.139269999582626e-14,4.092466526728623e-13,0.08670684827488016
kud,7.5855255,0.73634094,3.3114216395811384e-14,4.3122776030827454e-13,0.09695790422856058
atos,7.5853496,0.1639826,3.315923398993072e-14,4.3135315165770067e-13,0.41858478477528355
kek5,7.5812683,0.32225287,3.421936430149224e-14,4.446693299263207e-13,0.1675288310948697
Rbp9,7.576712,0.21820706,3.544220464816248e-14,4.600692571421219e-13,0.5571638745194818
CG7220,7.563074,0.17439605,3.936526299953331e-14,5.099077478228602e-13,0.27763276541217785
Tomosyn,7.5205,0.24587917,5.4567062978350754e-14,7.060699900670036e-13,0.7126856817426795
CG13784,7.5092516,0.16559635,5.94664115215455e-14,7.686490880552684e-13,0.3644345308718143
Trp1,7.507235,0.16793223,6.038914576476473e-14,7.797492560664378e-13,0.38384509515447773
Shaw,7.505464,0.2133182,6.121140430534922e-14,7.88695356319135e-13,0.24213373831332163
cora,7.4989877,0.25963387,6.431252598035954e-14,8.277775915254513e-13,0.20606520810592757
myd,7.4972887,0.55517715,6.515126581506765e-14,8.376885854639867e-13,0.1127141568981064
stv,7.4964886,0.16803183,6.555020858528065e-14,8.419299182781727e-13,0.32670494993118504
SkpA,7.4904423,0.17980252,6.864182572858296e-14,8.807107513744187e-13,0.42034075269327514
Ypel,7.476135,0.43177146,7.654054003140099e-14,9.799922714734734e-13,0.13582649138626549
AcCoAS,7.475412,0.19954827,7.696251606640576e-14,9.843610790487093e-13,0.26405960799202693
l(2)k09913,7.4719687,0.18331644,7.900396810963672e-14,1.0094123346838175e-12,0.3243794789046557
CG17168,7.463796,0.46539986,8.40647515482878e-14,1.0729479126932775e-12,0.12320250581367756
rdx,7.4499607,0.1611216,9.336806315545395e-14,1.1904428052320379e-12,0.3714109439514024
Su(dx),7.4495792,0.41495582,9.363830958897913e-14,1.1926409149216997e-12,0.13501969531583694
Tom5,7.4403787,0.20228252,1.0039703447232966e-13,1.277389825869756e-12,0.2717004413649091
side,7.431499,0.17262077,1.0737368677209521e-13,1.3647318749375063e-12,0.4523278439561483
S6kII,7.4284616,0.30604488,1.0986808146983808e-13,1.3949812969123504e-12,0.16453893977504627
Hsp70Ab,7.427632,0.4469795,1.1055911941870286e-13,1.4022945958320177e-12,0.12680935883441696
wech,7.426119,0.16559048,1.1183060858239984e-13,1.416947284834586e-12,0.2879312799582364
CG1688,7.420531,0.21943164,1.166517467539616e-13,1.476498588976156e-12,0.23677091737459066
Hsp26,7.4165025,0.3708913,1.2025383160761847e-13,1.5205123998602298e-12,0.14906743865976935
CG34384,7.4066944,0.16665709,1.294862247421134e-13,1.635551910240021e-12,0.35480043661904986
tud,7.399114,0.20198293,1.3709600886491684e-13,1.7280902296323385e-12,0.23686583455934698
Vha100-1,7.3897796,0.1608392,1.4707232871890617e-13,1.851926254911929e-12,0.35437330928764654
Pgi,7.3859177,0.20747948,1.514056056883644e-13,1.904523145237847e-12,0.2468321389587585
Septin4,7.3826,0.16719283,1.5522783950301371e-13,1.95058983062086e-12,0.32618290541502537
dco,7.380041,0.16856444,1.5824069149654815e-13,1.986401430125052e-12,0.2561814816572541
Ubc6,7.379807,0.18482886,1.585188919011839e-13,1.987846474674414e-12,0.2669545821270941
Shal,7.3779488,0.16626845,1.6074677245347973e-13,2.0116896202019414e-12,0.3348203692278487
Mdh1,7.377946,0.21779674,1.6075032324855944e-13,2.0116896202019414e-12,0.25466280670115327
Invadolysin,7.3694897,0.3117923,1.7128218473252764e-13,2.1412908202100303e-12,0.16406435385126478
PIG-T,7.3598847,0.3311412,1.8406904200077417e-13,2.29878847638057e-12,0.14764368088842486
CG13743,7.3540797,0.26161683,1.9224707004252114e-13,2.3960117962661453e-12,0.19714299273883537
sol,7.353095,0.23993388,1.936693095048964e-13,2.4088180718334677e-12,0.200512552797684
Atg17,7.3530946,0.15250494,1.9366984251347924e-13,2.4088180718334677e-12,0.35294955151630203
CG15760,7.34768,0.18105191,2.0167670109766763e-13,2.5058484298465556e-12,0.25675098476579183
RhoGAP100F,7.329489,0.19477986,2.310311910083666e-13,2.867657013442954e-12,0.5340515400313227
Mgat2,7.2998524,0.21832581,2.8808374567962184e-13,3.5721798332542323e-12,0.24559821555692657
Hers,7.2993207,0.15790159,2.8922440194530647e-13,3.5826791009261593e-12,0.41635423093351054
CG32052,7.298445,0.16723393,2.911114972156432e-13,3.6023939487933755e-12,0.2750225428313796
CG3662,7.294671,0.27788934,2.9938928047364923e-13,3.701070932751836e-12,0.7203739737079399
SNF4Agamma,7.2725873,0.1954453,3.5266641036017403e-13,4.3552693777914505e-12,0.24578804992643918
larp,7.2670484,0.1654782,3.6742706079873515e-13,4.532964012222453e-12,0.41858478477528355
rgn,7.266496,0.18025662,3.6893175808964507e-13,4.546925378518386e-12,0.2619239713350102
eEF1gamma,7.2654977,0.25761607,3.716670043256873e-13,4.574788020264436e-12,0.20060746998244033
LpR2,7.2653975,0.32328445,3.719431395587871e-13,4.574788020264436e-12,0.15836932276588678
tko,7.259754,0.26721638,3.8779471317283656e-13,4.764949353693251e-12,0.21266195244649044
Arf6,7.247379,0.22482839,4.249149346911175e-13,5.215798730060454e-12,0.23107588628921266
Gs1l,7.2429967,0.20967776,4.388768540658115e-13,5.37635173287254e-12,0.2605002135636657
tun,7.2171993,0.17960323,5.306909567037665e-13,6.494570352672901e-12,0.2650562384319681
Pp2A-29B,7.215038,0.24850294,5.391903612586577e-13,6.59196721502686e-12,0.20653979402970907
bif,7.213392,0.19810054,5.457508926199466e-13,6.665488607359247e-12,0.23961843291727966
oys,7.2132077,0.45249704,5.464885975404875e-13,6.667817332753756e-12,0.1171752645816525
MAPk-Ak2,7.2013397,0.62508386,5.962369001557826e-13,7.267531575998835e-12,0.10108680176545963
m-cup,7.199222,0.84434605,6.055696776317571e-13,7.37391488576772e-12,0.08215082340657776
Nanp,7.196735,0.18981326,6.167143600579408e-13,7.50212708058507e-12,0.23567936974989323
CG42240,7.1824784,0.38089013,6.845890261156018e-13,8.319497147879433e-12,0.14489108253049215
AP-1-2beta,7.1734924,0.27446672,7.310826073801598e-13,8.875663248363315e-12,0.19111575150681032
Hipk,7.167654,0.2003828,7.629387225551153e-13,9.253194118631144e-12,0.559441886953633
scyl,7.165738,0.19130339,7.73685489512342e-13,9.374207188534729e-12,0.5840728963978928
tok,7.1603546,0.36036292,8.046875607205515e-13,9.74015558850328e-12,0.1512979925015424
grp,7.146947,0.20185037,8.872902811151548e-13,1.0729346464794268e-11,0.24735418347491814
shrb,7.144659,0.18816952,9.021943481218505e-13,1.0898758086478925e-11,0.24735418347491814
Nmdar1,7.139276,0.33023053,9.382362221648305e-13,1.1322931992046652e-11,0.16463385695980257
dpr1,7.136126,0.14828302,9.599801151575166e-13,1.157388488986644e-11,0.3742110009017133
Edc3,7.1154814,0.17718315,1.1152290658937096e-12,1.3432339015986586e-11,0.2543305965545062
Nt5b,7.1146226,0.45015725,1.1221964736741692e-12,1.3502914923607552e-11,0.12476863936215651
alphaTub84B,7.1038227,0.26233092,1.2135261306950496e-12,1.458744576631357e-11,0.728014807080822
dpr6,7.0975595,0.14394438,1.2697932729974025e-12,1.5248778526665358e-11,0.334915286412605
Proc,7.090113,0.5619213,1.3400247171571568e-12,1.6060532229526633e-11,0.11617863414171135
qvr,7.082437,0.22732247,1.4164114803365578e-12,1.6959370858371613e-11,0.8800721370604148
Pis,7.0813117,0.16975944,1.4279619747800395e-12,1.7080891570749658e-11,0.3568886146836885
shakB,7.053989,0.18251216,1.7386047460067307e-12,2.0776326714780432e-11,0.5408381187413981
Dop1R1,7.0387416,0.18204427,1.9398347303395806e-12,2.3158320791487902e-11,0.2530966731526743
VGlut1,7.038405,0.18791436,1.944528739780535e-12,2.3191644627382524e-11,0.40700488823501496
CG13293,7.034757,0.21310659,1.9960825666460736e-12,2.3783235977369493e-11,0.21166532200654928
Zyx,7.012604,0.16453417,2.339224985821842e-12,2.7844544289240655e-11,0.29580940629300934
MFS17,7.0041113,0.15815583,2.4855883257533523e-12,2.955788888059279e-11,0.46476199515922356
ogre,7.0018053,0.7522387,2.5268534851812515e-12,3.001931494237259e-11,0.08072706563523326
Sidpn,7.000079,0.8316176,2.5581804446457526e-12,3.036189039901371e-11,0.08034739689620805
Ttd14,6.999723,0.17514145,2.5646946570880173e-12,3.0409594528449265e-11,0.27464287409235444
raskol,6.9946136,0.17172311,2.6599071071898374e-12,3.1507879231814316e-11,0.269137677376489
eIF4G2,6.9941864,0.15721725,2.6680253191950856e-12,3.1573359821037763e-11,0.3350102035973613
CG7766,6.989116,0.3027028,2.7662284772496485e-12,3.270374287991849e-11,0.16041004223814723
CG18265,6.9854007,0.41461796,2.840442294511842e-12,3.354859605407446e-11,0.12775853068197998
EloC,6.9822426,0.16490072,2.905046950028441e-12,3.4278429113162316e-11,0.33040672013668076
CG11367,6.9774365,0.7988645,3.0061426672955193e-12,3.543701447936662e-11,0.0801101039343173
Smg5,6.975484,0.17249788,3.0481936603957445e-12,3.5898002441124374e-11,0.26652745479569073
CG31145,6.9636807,0.23482789,3.314952379017516e-12,3.9001886629193535e-11,0.20041763561292772
tty,6.9581375,0.14750747,3.4480061988010306e-12,4.052820400885802e-11,0.3430307057092687
CNMaR,6.9514027,0.5490583,3.616715873966581e-12,4.2470279178977505e-11,0.1111005647572493
CG3907,6.946874,0.21728753,3.734679721785418e-12,4.381329271303413e-11,0.21285178681600303
CG6154,6.9450264,0.21715441,3.7838997988163614e-12,4.434803331516599e-11,0.207773717431541
Dlic,6.929853,0.14582774,4.212786211887552e-12,4.9327234521323116e-11,0.35090883204404155
CG13907,6.925424,0.3755423,4.3467140330149105e-12,5.0815345368617556e-11,0.13511461250059323
fz,6.925375,0.15855113,4.348216032444672e-12,5.0815345368617556e-11,0.24863556546912818
Cyt-b5,6.9168134,0.20284195,4.619162240156769e-12,5.393004649930159e-11,0.23420815338617057
GluClalpha,6.916015,0.23102486,4.645240922032983e-12,5.418262353938758e-11,0.7216553557021499
Trf4-1,6.9007373,0.17840174,5.173337916778679e-12,6.028471880269151e-11,0.24521854681790137
Spred,6.8953958,0.19779183,5.371506594294324e-12,6.253418708486486e-11,0.544255137392625
Cul3,6.8939743,0.3312213,5.425489503938799e-12,6.310237744609734e-11,0.14887760429025676
CG6356,6.892928,0.8507047,5.4655549701318364e-12,6.350776885694658e-11,0.07170993308338475
wit,6.889621,0.3490973,5.59413236232346e-12,6.493988510891491e-11,0.13791466945090408
Pdfr,6.8781905,0.4088679,6.061765224240208e-12,7.030148079758695e-11,0.1166057614731147
CG42671,6.8637886,0.18809743,6.705794580814387e-12,7.76967016592648e-11,0.21104836030563334
Bckdhb,6.8616366,0.59038764,6.807610308380284e-12,7.88014834272054e-11,0.10659199848132504
CG9123,6.8608356,0.5773808,6.845889686639955e-12,7.916940169872335e-11,0.09956812680935884
CG12848,6.860557,0.2914432,6.8592613115111435e-12,7.917380314963005e-11,0.1683356271652983
vsg,6.854666,0.22886719,7.147927226108011e-12,8.242770573229001e-11,0.19771249584737316
CG43795,6.84608,0.20822243,7.590106779595219e-12,8.743728534845683e-11,0.2249537278724313
l(1)G0289,6.845956,0.22181614,7.596700343517631e-12,8.743728534845683e-11,0.21161786341417113
G9a,6.845821,0.1408986,7.60386598321144e-12,8.743728534845683e-11,0.3276066631863699
Cul1,6.8385177,0.2328053,8.001687714580806e-12,9.192513812726243e-11,0.19348868112571782
TM4SF,6.8337593,0.25718877,8.271777806779099e-12,9.493851194616802e-11,0.7889041811019886
crp,6.830619,0.13446069,8.454900947051524e-12,9.694900060546663e-11,0.33586445826016803
L2HGDH,6.811098,0.54670084,9.685655098462948e-12,1.1095718984507976e-10,0.10303260405296379
Polr2F,6.802189,0.22681989,1.0304148293527896e-11,1.179317028636728e-10,0.19747520288548243
Nop17l,6.7969346,0.36357918,1.0686869364717606e-11,1.2219723328943988e-10,0.12737886194295478
TBC1D16,6.7857437,0.17478609,1.1548996582542829e-11,1.3193132084781118e-10,0.24963219590906935
CG34353,6.785044,0.14803377,1.1605083569857226e-11,1.3244790602339862e-10,0.2744530397228418
Bx,6.778433,0.18381843,1.2148641320409501e-11,1.3852178583205932e-10,0.2562289402496322
Tmem214,6.776144,0.16079894,1.2342581144569443e-11,1.4060160894500648e-10,0.28992454083811875
usp,6.7718334,0.34942523,1.2716046171934501e-11,1.4472071595677838e-10,0.13796212804328223
Axn,6.76957,0.25000536,1.2916587375868793e-11,1.4686593612356784e-10,0.16733899672535713
CG34126,6.7666564,0.23034503,1.3179255548278789e-11,1.49712903893728e-10,0.18518342745954156
eIF3g1,6.7635164,0.17095712,1.346820399418241e-11,1.5285282912950595e-10,0.24023539461819562
east,6.7580047,0.14585495,1.3990489427850292e-11,1.5863262849866717e-10,0.4396563997911822
l(3)L1231,6.753882,0.16041341,1.439408527671605e-11,1.630571611876319e-10,0.484504769588534
lgs,6.752949,0.13970149,1.4486979041286639e-11,1.6395709148954767e-10,0.37383133216268805
cnn,6.750452,0.20473485,1.4738534433867572e-11,1.6664934713767334e-10,0.19904133643396138
CG5973,6.7378716,0.84318197,1.607234328370825e-11,1.8156236541716391e-10,0.07659816809833421
ITP,6.71932,1.5195438,1.8257495239320352e-11,2.0605611988155163e-10,0.05400787812633477
Vsp37A,6.711801,0.35984382,1.9223673084988375e-11,2.1675980687596976e-10,0.14422666223719804
tinc,6.692685,0.24730341,2.1911196305314016e-11,2.4683509405311696e-10,0.17787480423330643
Tom40,6.692192,0.20879984,2.198517897696481e-11,2.474398398432355e-10,0.21764510464619619
beat-IIb,6.6917257,0.28616774,2.2055414612542677e-11,2.480013364504453e-10,0.16952209197475204
Zip102B,6.687161,0.25079796,2.2754184183745327e-11,2.5562281199601086e-10,0.17692563238574344
Ten-m,6.680171,0.13944517,2.386637855594599e-11,2.678704311403551e-10,0.3641972379099236
crq,6.6770782,0.36853513,2.437525669994891e-11,2.733302703916074e-10,0.13027383607802193
prtp,6.6687098,0.29264465,2.580623543734987e-11,2.891104813840603e-10,0.16999667789853354
CG6765,6.657423,0.29454684,2.7867046571672978e-11,3.119113229220587e-10,0.15319633619666842
regucalcin,6.655946,0.8183269,2.814839651450432e-11,3.147713808397185e-10,0.0744150728489393
sbm,6.646206,0.19329809,3.007440010938379e-11,3.3600079095625944e-10,0.2304589245882967
Dg,6.6419597,0.19294937,3.095394876584589e-11,3.4551069735063696e-10,0.21266195244649044
CG9240,6.63267,0.4199129,3.2966875116714024e-11,3.67642489293346e-10,0.12386692610697167
Mekk1,6.6194806,0.87446296,3.6046316679600257e-11,4.0161659415689904e-10,0.0756489962507712
Ank2,6.6094837,0.2375566,3.856621999534178e-11,4.293001420303388e-10,0.8091690000474586
NP15.6,6.6054664,0.16315548,3.9626725761048685e-11,4.4070270100494743e-10,0.35446822647240284
lark,6.5994706,0.16367006,4.126284819881208e-11,4.5848027046063855e-10,0.255849271510607
wde,6.59906,0.13792479,4.1377211731562226e-11,4.5933227121676865e-10,0.31540980494518533
CG43066,6.596636,0.14539696,4.2059193217977156e-11,4.664781675467912e-10,0.4327749038963504
l(3)neo38,6.584241,0.1486687,4.572150807470007e-11,5.061757147343499e-10,0.46713492477813107
GlcAT-P,6.578448,0.13911736,4.753852959138195e-11,5.258140990828989e-10,0.302026481894547
ZAP3,6.575509,0.16685626,4.848694435469492e-11,5.358181003983466e-10,0.21978074130321296
nAChRalpha5,6.571385,0.2619781,4.984941019529651e-11,5.503754174551352e-10,0.776422571306535
PVRAP,6.5673018,0.22615531,5.123513962553935e-11,5.651630017155648e-10,0.1893123249964406
mnd,6.5388894,1.1060331,6.197742706851595e-11,6.830405592569086e-10,0.05965545061933463
slim,6.538647,0.33061513,6.207775942861094e-11,6.835282833562229e-10,0.13098571496369418
sxc,6.527177,0.13822761,6.702095941807192e-11,7.372910418293128e-10,0.3003179725689336
Uhg1,6.525044,0.37139204,6.798159106479608e-11,7.4718450269504e-10,0.12495847373166911
dome,6.518145,0.4056171,7.118204448317784e-11,7.816558019868962e-10,0.12158891367282046
Tina-1,6.516222,0.15018545,7.210019321618236e-11,7.910254321440566e-10,0.28745669403445495
CG33639,6.515783,0.36640337,7.231142326778102e-11,7.926294408372147e-10,0.12984670874661858
Aef1,6.5124865,0.31853157,7.391686506291273e-11,8.09499252697074e-10,0.14621992311708035
hbt,6.507949,0.13893144,7.618383110197927e-11,8.335769455134877e-10,0.3546580608419154
Drl-2,6.5028276,0.31791368,7.882405607471813e-11,8.616918560490936e-10,0.15362346352807177
Not3,6.497067,0.13306005,8.190094723881035e-11,8.937248396543056e-10,0.3004128897536899
CG7518,6.494592,0.24197732,8.325853820642239e-11,9.077265851503422e-10,0.17706800816287788
Pcl,6.4940076,0.41916576,8.358247599223296e-11,9.104439677116421e-10,0.12120924493379526
CG2258,6.4833317,0.13247992,8.971887887550932e-11,9.764137630478422e-10,0.3409899862370082
CG42340,6.4801636,0.13257273,9.162322648624326e-11,9.96249337770579e-10,0.30425703573632007
Tpst,6.4800243,0.39821804,9.170789601446717e-11,9.962812339753478e-10,0.12002278012434152
mirr,6.4636345,0.6663171,1.022176532473661e-10,1.1094665854248847e-09,0.08741872716055242
Zdhhc8,6.4610367,0.11938457,1.0398797258466421e-10,1.127677400208605e-09,0.3438849603720754
lovit,6.4564524,1.0977839,1.0718601390469604e-10,1.16132473198608e-09,0.06311992786293959
shep,6.449402,0.15418895,1.1229234494861303e-10,1.2155696204073219e-09,0.9605144511413791
nord,6.448502,0.8403733,1.1296092482372304e-10,1.2217220165717482e-09,0.0747947415879645
MSBP,6.4464197,0.21086518,1.1452315184943177e-10,1.2375201222453226e-09,0.20084476294433107
plx,6.4365478,0.19055767,1.2222137656096787e-10,1.3195361903468887e-09,0.2166959327986332
ND-B14.5B,6.4348106,0.14894025,1.2362731556324677e-10,1.333533937522491e-09,0.46423995064306395
CG42748,6.4207754,0.13692896,1.355819733406854e-10,1.461192460698156e-09,0.3500071187888567
Desat1,6.4160237,0.12731855,1.398796332824923e-10,1.5061774293995572e-09,0.34886811257178113
CG3719,6.4140425,0.19493295,1.4171067279905794e-10,1.5245466820368201e-09,0.2166959327986332
slpr,6.4134703,0.18155503,1.4224380348232606e-10,1.5289327342557958e-09,0.2135636657016753
CG32204,6.4105887,0.19539112,1.4495857671954217e-10,1.5567401688409687e-09,0.19201746476199516
Tnpo,6.4021907,0.120669656,1.5316321953418388e-10,1.6419582083572272e-09,0.294433107114043
CG4829,6.3962135,0.84865093,1.5927730076241132e-10,1.704504845472372e-09,0.06743865976935125
CG31808,6.3945804,0.14541242,1.6098878500189765e-10,1.7213090354281847e-09,0.3941436097005363
lncRNA:CR45333,6.3940353,1.054718,1.6156391102172194e-10,1.7259443570935747e-09,0.06359451378672108
Flo2,6.3818893,0.1739942,1.7491660736149544e-10,1.8669514248067145e-09,0.24289307579137204
Mpped,6.3787847,0.5279521,1.7849857826538895e-10,1.9035163346253947e-09,0.09695790422856058
ewg,6.373521,0.1375652,1.8473738929966056e-10,1.9669694255405903e-09,0.25675098476579183
Eip74EF,6.3734922,0.27146432,1.8477151466436756e-10,1.9669694255405903e-09,0.1437995349057947
hiw,6.365432,0.11916438,1.9474128143665885e-10,2.0712927394689658e-09,0.32575577808362205
CG12239,6.36445,1.3444492,1.9599094292679973e-10,2.08276687300328e-09,0.05267903753974657
stas,6.362499,0.20718321,1.9849717458370119e-10,2.1075627709065625e-09,0.20169901760713776
PI31,6.3536115,0.18139583,2.1031768846017444e-10,2.231124721184566e-09,0.22519102083432205
CG2021,6.3480873,0.5669951,2.180084257742656e-10,2.310699740663064e-09,0.09230696217550187
CG10433,6.3443108,0.5961589,2.2342334117649387e-10,2.3660357129455115e-09,0.09268663091452707
CG43347,6.337626,0.119662635,2.3333218333844714e-10,2.468824637771122e-09,0.3123724550329837
pix,6.337369,0.17195642,2.3372163544317477e-10,2.4708005328853924e-09,0.25276446300602723
ChT,6.305318,0.22056855,2.8760290935548016e-10,3.0377745772391227e-09,0.1864648094537516
Dld,6.296045,0.14550193,3.053359851382634e-10,3.219498549178454e-09,0.3188268235964121
CG13594,6.2956295,0.2672927,3.0615509534288614e-10,3.225345252493033e-09,0.15343362915855915
Gbs-76A,6.290113,0.20524697,3.1723515330383845e-10,3.3391876369779678e-09,0.17132551848512173
hppy,6.289798,0.113128416,3.1787979652056317e-10,3.343086143044991e-09,0.29561957192349675
fmt,6.2832417,0.13539463,3.3158475775851473e-10,3.484212596826324e-09,0.2566086089886574
CG15916,6.2792816,0.6594921,3.4014127972481623e-10,3.56887375537259e-09,0.08699159982914907
Cep97,6.279242,0.3515401,3.40227361042165e-10,3.56887375537259e-09,0.12652460728014808
Lim3,6.277322,0.42638144,3.44454399980483e-10,3.6101072066742106e-09,0.12120924493379526
CG15922,6.2735147,0.5865626,3.5298779159430793e-10,3.6963644258960645e-09,0.08893740211665321
Dad,6.2730813,0.32589588,3.539716358814005e-10,3.7034852100930396e-09,0.13084333918655972
Sfxn2,6.2674537,0.19071288,3.670000270076983e-10,3.836503712861779e-09,0.20639741825257463
Ssadh,6.2636385,0.18536665,3.7609677268012806e-10,3.9282292735202065e-09,0.24308291016088462
Jupiter,6.239874,0.18836519,4.379240239942469e-10,4.566172736070038e-09,0.5835033932893551
CG32069,6.2388797,0.6507912,4.407152478154971e-10,4.591348850959909e-09,0.08533054909591381
Pak3,6.235118,0.27950302,4.514382963637447e-10,4.6950353194348845e-09,0.14707417777988704
Coq7,6.234518,0.1749202,4.531711069732468e-10,4.7090388942002605e-09,0.23658108300507807
Eaat1,6.230985,0.6849295,4.6351030911332935e-10,4.8123740696613044e-09,0.08627972094347681
Nlg2,6.227521,0.17295058,4.738738841993085e-10,4.914557120550379e-09,0.5620521095344312
elB,6.2274265,0.18426621,4.741585998660469e-10,4.914557120550379e-09,0.20734659010013762
witty,6.203929,0.64466345,5.507066911131851e-10,5.7031128784865024e-09,0.08537800768829197
AdipoR,6.199258,0.15664212,5.673003413568793e-10,5.869969321561123e-09,0.23553699397275876
PDZ-GEF,6.1943893,0.22107966,5.851145512972247e-10,6.0491613789328855e-09,0.1755493332067771
CG31345,6.1926107,0.28167975,5.917578377195826e-10,6.112657867766095e-09,0.16596269754639079
Atxn7,6.191234,0.4238351,5.969504391130829e-10,6.1610744304397695e-09,0.10792083906791325
Spf45,6.168843,0.2907574,6.879149090845439e-10,7.093904252818533e-09,0.13815196241279484
CG43078,6.147877,0.24141964,7.852671882644925e-10,8.090973590664326e-09,0.16990176071377722
CtsL1,6.1429486,0.16777015,8.100337075021049e-10,8.339105456708747e-09,0.24308291016088462
CG17065,6.1400743,0.12537304,8.248282578337615e-10,8.48424610526221e-09,0.2816667457643206
Btk,6.138263,0.2634615,8.342862858471369e-10,8.57429640656893e-09,0.15490484552228181
SppL,6.1332755,0.21381783,8.608774353258941e-10,8.840130631160339e-09,0.17056618100707133
Mdh2,6.129049,0.14997785,8.840598005555572e-10,9.070542852669771e-09,0.48474206255042473
CG7546,6.1279073,0.3041443,8.90425490225314e-10,9.128171825362786e-09,0.1393384272222486
Sema1a,6.112954,0.20185882,9.780337070971165e-10,1.0017859542694751e-08,0.6307721512979925
spi,6.1109776,0.1988797,9.902273522516276e-10,1.0134241139038699e-08,0.17858668311897868
CG44838,6.1104293,0.11471054,9.936353595894706e-10,1.0160588421171188e-08,0.3336813630107731
CG30423,6.1070266,0.14665791,1.015042286098882e-09,1.0370788286051359e-08,0.2989891319823454
hbn,6.0946717,0.6961509,1.0966239351302616e-09,1.1194932282498124e-08,0.08504579754164492
CG2063,6.0937095,0.4377769,1.103237326638625e-09,1.1253020731713974e-08,0.10113426035783779
Sec61gamma,6.0834594,0.15861526,1.1761689438589511e-09,1.1986892355097621e-08,0.271985192919178
px,6.080801,0.12607843,1.1958368150520897e-09,1.2177155337234689e-08,0.4356698780314176
GlyRS,6.071225,0.6781771,1.2693797853184556e-09,1.2915250587017242e-08,0.07579137202790565
brat,6.069745,0.12933648,1.2811333984833337e-09,1.3023965799927735e-08,0.41269991932039296
GC1,6.061603,0.2290215,1.3477162769219827e-09,1.3689428082835038e-08,0.19225475772388592
msl-1,6.058506,0.3741356,1.3739162845216589e-09,1.394393471443339e-08,0.11143277490389634
Mgstl,6.041069,0.68427646,1.5309654434902542e-09,1.5524906647839192e-08,0.0719472260452755
Men,6.039052,0.1936574,1.5502226592685696e-09,1.5707118864359596e-08,0.18736652270893644
Dys,6.0353603,0.15156358,1.5860853171990377e-09,1.604933024150852e-08,0.22699444734469176
cass,6.0353045,0.15077674,1.5866308098299912e-09,1.604933024150852e-08,0.5051492572730293
CG31191,6.0323806,0.4673884,1.6156174736662334e-09,1.6328989541059467e-08,0.10611741255754355
msn,6.0311613,0.13832806,1.6278568633578449e-09,1.643906156376866e-08,0.22205875373736414
Pink1,6.030096,0.3171061,1.6386236368127814e-09,1.6534092308866717e-08,0.1284704095676522
spidey,6.0294166,0.121790335,1.6455242516004934e-09,1.6589987678046662e-08,0.3280812491101514
CG15097,6.0260506,0.5870683,1.6801486622562086e-09,1.692506780515779e-08,0.08191353044468701
Ufd4,6.0216727,0.13963078,1.7262370430483083e-09,1.7374982095553948e-08,0.23439798775568316
DIP-beta,6.019735,0.375092,1.7470302633628253e-09,1.7569762277334553e-08,0.12030753167861041
zip,6.019162,0.118887626,1.7532201010125411e-09,1.7617477173323877e-08,0.2823311660576147
Fur1,6.017968,0.14206053,1.766201356179588e-09,1.7733301754920097e-08,0.24403208200844764
tsr,5.9982495,0.12972693,1.9945577867123207e-09,2.0009600709659652e-08,0.26818850552892604
zld,5.997023,0.25234324,2.0096772426687557e-09,2.0144700584613044e-08,0.16036258364576908
NfI,5.9958496,0.119289815,2.024243981088651e-09,2.0274042633927336e-08,0.29951117649850506
Sema2a,5.98812,0.31797567,2.122802268747457e-09,2.124370841852443e-08,0.12899245408381188
Srp14,5.9838495,0.26025954,2.179246809626024e-09,2.179068036302839e-08,0.14451141379146695
Adk3,5.97965,0.19241059,2.2361729211899443e-09,2.2341566997036255e-08,0.20008542546628066
Akt,5.9793015,0.32441446,2.2409681277934507e-09,2.237113882856214e-08,0.11874139813013146
Scamp,5.97023,0.16672555,2.3691925565370472e-09,2.3612500467399895e-08,0.22186891936785155
e(y)3,5.969808,0.12819584,2.3753251245535983e-09,2.3654279365346252e-08,0.2391913055858763
drk,5.9653044,0.21469721,2.4417876270860144e-09,2.429628521351137e-08,0.17028142945280242
CG34220,5.962555,4.535476,2.4832384794868672e-09,2.468857571489839e-08,0.03436002088178065
CG12531,5.960268,0.13311975,2.5182470110298136e-09,2.501622886507123e-08,0.4384224763893503
ND-MNLL,5.9595895,1.6882727,2.528723492091755e-09,2.5099845802203907e-08,0.045370414313511465
HSPC300,5.9592285,0.97171056,2.534316888860078e-09,2.5134897118238805e-08,0.06297755208580513
CG8188,5.95808,0.11567713,2.552185471370526e-09,2.5291535537020606e-08,0.30311802951924444
Lis-1,5.956761,0.17258495,2.5728660888825797e-09,2.5475763409739856e-08,0.558824925252717
Acsl,5.951139,0.16939342,2.6628276262350974e-09,2.634513468845747e-08,0.20492620188885197
Usp2,5.946709,0.10158141,2.7358687670064756e-09,2.7045826764835305e-08,0.3091452707512695
disco-r,5.938639,0.81252664,2.873974221322099e-09,2.8388064654534085e-08,0.0783066774239476
fabp,5.938162,0.055610303,2.8823582043970165e-09,2.844782522542124e-08,0.23553699397275876
Hsc70-3,5.930651,0.129627,3.017358751665082e-09,2.9719845365270102e-08,0.29827725309667313
CG31211,5.9305897,0.1360985,3.0184875320911498e-09,2.9719845365270102e-08,0.27098856247923686
CG3655,5.930586,0.20422818,3.018555136779423e-09,2.9719845365270102e-08,0.1768781737933653
Prps,5.9216056,0.10885455,3.188134564506202e-09,3.136414221692179e-08,0.3562716529827725
CG7781,5.9146314,0.19703333,3.3262010018021712e-09,3.2696019363682794e-08,0.6097005362820939
CG7139,5.909144,0.5343203,3.438905310570103e-09,3.3776645310667996e-08,0.08533054909591381
na,5.907122,0.16055225,3.4813584574097565e-09,3.4166085537332946e-08,0.19633619666840682
Ubc2,5.9060683,0.27249137,3.5036903100878593e-09,3.4357587441400575e-08,0.13891129989084525
EMRE,5.9008474,0.12844585,3.6163938465644494e-09,3.543426414451292e-08,0.3108537800768829
dpr2,5.89045,0.24772467,3.851449154413717e-09,3.77070793117661e-08,0.1521522471643491
Src64B,5.886405,0.25584608,3.946865265336828e-09,3.8610225296300643e-08,0.1452232926771392
CG15209,5.881714,0.48692274,4.0604035830881154e-09,3.968906116620773e-08,0.09040861848037587
klg,5.875654,0.12881517,4.211770105971522e-09,4.113562966481321e-08,0.509183237625172
Nin,5.874119,0.24651517,4.2509827850176645e-09,4.148537163056871e-08,0.1466470504484837
Hsp67Bc,5.856853,0.45336905,4.7172088249077025e-09,4.596167735155874e-08,0.1017037634663756
NKAIN,5.856564,0.19792995,4.72541132934126e-09,4.600482323749251e-08,0.16496606710644962
pnut,5.856345,0.137006,4.731637759232569e-09,4.6028677292327046e-08,0.23790992359166627
z,5.852971,0.44450048,4.828677776030634e-09,4.693521005744609e-08,0.10246310094442598
Mgat4a,5.8375444,0.2101564,5.297576755754436e-09,5.145192276963412e-08,0.17089839115371838
snama,5.8370547,0.24330324,5.3131674928588255e-09,5.156226000832502e-08,0.14042997484694603
alpha-Catr,5.829034,0.25749472,5.574913260996579e-09,5.40163892991155e-08,0.14199610839542498
bbc,5.819994,0.16228089,5.884969534826687e-09,5.697529281970015e-08,0.20093968012908736
msps,5.8119164,0.12492042,6.1761637389001455e-09,5.974703159797926e-08,0.25912391438469934
btsz,5.806204,0.27346516,6.390506692234113e-09,6.177151948583791e-08,0.14517583408476104
flfl,5.793828,0.13703333,6.879997036651195e-09,6.645030418363029e-08,0.22509610364956575
sima,5.7911296,0.101727776,6.9914607728569e-09,6.747340883638382e-08,0.3954249916947463
crol,5.7756534,0.15033753,7.665512286731732e-09,7.3916957908419e-08,0.5186274975084239
Sap-r,5.775527,0.16454841,7.671257014861763e-09,7.3916957908419e-08,0.18148165725404586
beat-Ib,5.773469,0.094237216,7.76559188065898e-09,7.476682419696074e-08,0.3083859332732191
Piezo,5.770852,0.40372702,7.887158676368728e-09,7.58773299970469e-08,0.10678183285083764
CG5937,5.7699366,0.29709294,7.930132259548785e-09,7.623058526154585e-08,0.12994162593137487
Mid1,5.760135,0.18882814,8.40465711587502e-09,8.072842047706905e-08,0.5949883726448674
Kdm4B,5.7595367,0.10731681,8.43449892483306e-09,8.095126566518911e-08,0.2728394475819847
CG31637,5.759004,0.18058811,8.461162633735987e-09,8.114328193753575e-08,0.1756442503915334
CG17059,5.753042,0.18094194,8.76516937103051e-09,8.399264894928528e-08,0.19220729913150775
dac,5.752317,0.47187886,8.802860192914554e-09,8.428755922343716e-08,0.10046984006454368
Vha36-1,5.747367,0.17802939,9.064401282947e-09,8.665567626497333e-08,0.5709743249015234
CG14312,5.7382956,0.22618023,9.563413461835632e-09,9.135458204256624e-08,0.1831427079872811
lncRNA:CR43264,5.7268553,1.9780296,1.023094412690571e-08,9.765464210090344e-08,0.042048312847040956
Pcb,5.72616,0.43674836,1.0272945000838362e-08,9.797881581785508e-08,0.09510701912581272
hep,5.713702,0.12638801,1.1054427777497236e-08,1.0534982031267694e-07,0.25276446300602723
Hk,5.7094903,0.22994153,1.1331509290198496e-08,1.0790606776424177e-07,0.7719614636229889
MagR,5.7044873,0.12977171,1.1669371361049226e-08,1.1103666473054568e-07,0.4236153955673675
CG1927,5.6888924,0.29823914,1.278661173686173e-08,1.215725510613164e-07,0.13748754211950073
Pdhb,5.682646,0.13399865,1.3262671032437041e-08,1.26000543425078e-07,0.29637890940154715
HUWE1,5.675413,0.11789833,1.383545199725883e-08,1.3123760653275323e-07,0.24716434910540552
Nedd4,5.6751785,0.13670516,1.385439721073661e-08,1.3131512255184178e-07,0.22936737696359927
Hecw,5.6725316,0.26678482,1.4070264433188911e-08,1.3325753937539988e-07,0.13516207109297138
simj,5.671995,0.10141987,1.4114410088480122e-08,1.3357185137304675e-07,0.27293436476674104
Axud1,5.6708264,0.1812385,1.4211034578049204e-08,1.3438192433812394e-07,0.17274927625646624
unc79,5.6706476,0.11569856,1.4225867543700078e-08,1.3441790658151957e-07,0.42494423615395566
alph,5.6645813,0.10704538,1.4738380878950917e-08,1.3915269135052886e-07,0.25551706136395996
CG17883,5.662859,0.10465596,1.4887138830007711e-08,1.404484018567833e-07,0.3016942717479
DIP-zeta,5.65491,0.5539539,1.5592776534629615e-08,1.4699176580092835e-07,0.08661193109012387
CG6912,5.65419,0.22753067,1.565827214733328e-08,1.474951153043627e-07,0.15518959707655072
CG7379,5.6493583,0.42079043,1.6104808009467257e-08,1.5158417361188912e-07,0.09795453466850174
pasha,5.64591,0.5474866,1.6431012918174838e-08,1.544160496990232e-07,0.08034739689620805
SRPK,5.632387,0.096492745,1.777320044643791e-08,1.6690103254362996e-07,0.32717953585496656
faf,5.6216097,0.12673594,1.8918646706058526e-08,1.7752069645892793e-07,0.22965212851786815
Rh2,5.6148043,0.77363425,1.967848958011668e-08,1.8450854576310936e-07,0.05965545061933463
CG6766,5.6144624,0.41819248,1.9717444464754114e-08,1.8467068310112307e-07,0.10198851502064449
lncRNA:CR45102,5.6143866,0.2675002,1.9726083304427126e-08,1.8467068310112307e-07,0.13777229367376964
dpr3,5.58761,0.21148807,2.3021611331351048e-08,2.1535719149488712e-07,0.14992169332257604
Optix,5.583504,0.6783491,2.3571991409086885e-08,2.203366589611657e-07,0.07783209150016611
Drep3,5.582528,0.357719,2.370473760868112e-08,2.214076986300492e-07,0.1071140429974847
Dyrk2,5.569854,0.095173925,2.5495288536029574e-08,2.37949519116129e-07,0.2859854776707323
nAChRalpha2,5.5689483,0.21185476,2.562814834974494e-08,2.3900650362283173e-07,0.16325755778083623
Oamb,5.5639586,0.2289961,2.63722808071071e-08,2.457582039432939e-07,0.15718285795643303
ome,5.560747,0.44979513,2.6862212289117244e-08,2.5013254819866317e-07,0.09430022305538417
CG1902,5.547897,0.24300869,2.89126130539993e-08,2.690197255841202e-07,0.13758245930425703
CG14657,5.5245557,0.41265616,3.303207585194462e-08,3.068810766458483e-07,0.10113426035783779
CG15236,5.506682,0.088333406,3.656599234779651e-08,3.394538314754696e-07,0.32338284846471455
CG9921,5.5050025,0.23616263,3.691635128225606e-08,3.424455142917954e-07,0.1493047316216601
CG14229,5.5018063,0.37988108,3.75920280267394e-08,3.4844808335964e-07,0.1104361444639552
Rab6,5.5008264,0.22708042,3.7801505765383565e-08,3.5012352110506097e-07,0.14028759906981159
beat-IV,5.499554,0.11665351,3.807526572263664e-08,3.5239135451269404e-07,0.21674339139101134
sra,5.482719,0.11499992,4.188386643627341e-08,3.8675943029677017e-07,0.267239333681363
CG6878,5.4824023,0.13181494,4.1958827575900904e-08,3.871583265122302e-07,0.24184898675905273
Clc,5.4761853,0.108966544,4.3459203652693395e-08,4.0069911749068064e-07,0.2981348773195387
CG42232,5.471625,0.22046565,4.459282525448773e-08,4.1053017147050673e-07,0.1537658393052062
sano,5.4615865,0.3467022,4.7189821625826243e-08,4.341107439978838e-07,0.1126192397133501
CG44247,5.458822,0.10648519,4.793049229607627e-08,4.4059183302931643e-07,0.2894024963219591
ClpX,5.445814,0.26618683,5.156897689138965e-08,4.729678399767859e-07,0.12756869631246737
Trpm,5.4449267,0.252423,5.1826695964580014e-08,4.7497413316711715e-07,0.1390536756679797
mEFTs,5.4380913,0.14910972,5.385436729115767e-08,4.931862381006168e-07,0.20146172464524703
Ras85D,5.424032,0.10509711,5.826940723565714e-08,5.332175711677364e-07,0.3601157989654027
CG3556,5.423698,0.11899847,5.8378528773910126e-08,5.338153692612083e-07,0.42010345973138435
CARPA,5.4229107,0.5165183,5.8636329639255784e-08,5.35770781089122e-07,0.08438137724835082
salm,5.4179716,0.8360629,6.02790459818903e-08,5.503680085942029e-07,0.0662521949598975
msk,5.417714,0.38933074,6.036586652355541e-08,5.507481639637851e-07,0.10146647050448483
Sesn,5.414582,0.51606935,6.143210467840746e-08,5.600567867801859e-07,0.08309999525414076
CG14234,5.4129167,0.19853003,6.20063006645131e-08,5.648690573989165e-07,0.14868776992074415
Vha55,5.406416,0.17248031,6.429836932443544e-08,5.853120415948795e-07,0.5691234397987756
Tmtc3,5.401873,0.6931417,6.594855443225297e-08,5.998857686378593e-07,0.06938446205685539
CG11317,5.394012,0.18635763,6.890167535415086e-08,6.258140990251451e-07,0.16871529590432346
CG12576,5.3864555,0.17405695,7.18606471242805e-08,6.522035947861914e-07,0.17023397086042427
disco,5.3850827,0.69807506,7.241138319173373e-08,6.567130578303887e-07,0.07607612358217455
Gycalpha99B,5.384512,0.10209723,7.264149194721254e-08,6.583101452376012e-07,0.36918039010962933
MEP-1,5.3771243,1.0254873,7.568483363079734e-08,6.853807110889962e-07,0.05282141331688102
CG14767,5.3759804,0.10763738,7.61671679873114e-08,6.892365334798357e-07,0.32442693749703383
oc,5.363208,0.55528414,8.175695099020587e-08,7.387216275905259e-07,0.08210336481419961
CG3224,5.36004,0.4518693,8.320348156997841e-08,7.512349902640496e-07,0.09121541455080442
CG17698,5.350763,0.08815206,8.75841583295739e-08,7.902022989483171e-07,0.328603293626311
par-1,5.3324084,0.100021385,9.691860532749076e-08,8.737728404857876e-07,0.4122727919889896
Tim8,5.3296614,0.10787344,9.839609376985424e-08,8.864375365563588e-07,0.2958568648853875
CG42361,5.321078,0.12353917,1.0315431375407531e-07,9.286173783961772e-07,0.2593612073465901
bol,5.315429,0.23459348,1.0640618548435576e-07,9.57184498058164e-07,0.7536899055574011
alpha-Man-IIb,5.3111405,0.22883669,1.0894124398986697e-07,9.792660936522776e-07,0.15077594798538274
osi,5.308225,0.121959016,1.1069795561330249e-07,9.935915912890604e-07,0.4543685634284087
Scp2,5.3012505,0.10755365,1.1501213479210902e-07,1.031554754217084e-06,0.24256086564472498
Slmap,5.2955337,0.15442002,1.1866933522764393e-07,1.0635739169777586e-06,0.17422049262018888
exd,5.2936254,0.09856972,1.1991506916001446e-07,1.0739491388621721e-06,0.2777276825969342
CG4393,5.287668,0.35348427,1.2388541238776616e-07,1.1086925782632026e-06,0.10877509373071995
CG42813,5.280107,0.16034533,1.2910853978194965e-07,1.1528966969979373e-06,0.19590906933700347
ATPsyndelta,5.2772255,0.117520414,1.3115446921247365e-07,1.1703088032436614e-06,0.4475345261259551
Hrb87F,5.2753954,0.1902514,1.324701812121174e-07,1.1811843736609355e-06,0.16074225238479425
lncRNA:CR44997,5.262141,0.55203706,1.4238716484770907e-07,1.2686821288952674e-06,0.07882872194010726
QIL1,5.25958,0.10174341,1.4438457041724304e-07,1.2855394658990324e-06,0.32941008969673957
CG32815,5.2562265,0.2875523,1.4704099306372404e-07,1.3082355214990746e-06,0.11874139813013146
Su(var)205,5.254128,0.10621242,1.4872727499032521e-07,1.3222733441700028e-06,0.2717004413649091
Vha44,5.2535243,0.17757747,1.4921590134848343e-07,1.3256505987876564e-06,0.58696787053296
Cf2,5.252595,0.12652676,1.4997122011308559e-07,1.331390533108813e-06,0.20364481989464192
Sdb,5.2489505,0.54947025,1.5296826350232931e-07,1.3570088528601834e-06,0.07076076123582174
CG1440,5.242546,0.3430623,1.5837598614196708e-07,1.4029396039857826e-06,0.10122917754259408
Nlp,5.238519,0.20856073,1.6186995697254465e-07,1.4328488783865989e-06,0.1566133548478952
tapas,5.2381163,0.13859546,1.6222374862523988e-07,1.4349385137830545e-06,0.20027525983579328
CG33947,5.2378097,0.36944327,1.624934668431573e-07,1.4362819922779145e-06,0.10099188458070334
Sumo,5.2343025,0.13559881,1.6560908773746546e-07,1.4627602684289613e-06,0.5196715865407432
CG11699,5.230016,0.13711026,1.6949503969972633e-07,1.4959993040550065e-06,0.21674339139101134
ERp60,5.2246184,0.26482427,1.74514379493009e-07,1.5391865207237967e-06,0.1317450524417446
Rpn10,5.2206235,0.19968756,1.7832179835165955e-07,1.5716300796156024e-06,0.15965070476009682
Jhbp2,5.219136,0.32524276,1.7975934259077876e-07,1.5831550771958109e-06,0.16733899672535713
prim,5.2179437,0.23580869,1.8092059808593976e-07,1.5922318917469458e-06,0.15666081344027336
dpr19,5.2102227,0.09119235,1.886141780072151e-07,1.6587433013924566e-06,0.29286697356556407
CG32206,5.1926956,0.083559714,2.0727065847449042e-07,1.8215011219506587e-06,0.3137487542119501
anchor,5.190763,0.35978538,2.0943392543625512e-07,1.8391859633591599e-06,0.09714773859807319
cno,5.186752,0.18742163,2.1399371495647805e-07,1.8778757318966962e-06,0.15851169854302122
jp,5.1767945,0.09466628,2.257303394134027e-07,1.9794439619496156e-06,0.25807982535238005
CG32647,5.1758027,0.08234537,2.269332577502019e-07,1.9885618107240913e-06,0.3749703383797637
BI-1,5.1728773,0.116228126,2.3051620297113224e-07,2.0185071824821344e-06,0.30606046224668976
Fak,5.1667037,0.104745,2.3825827780006594e-07,2.0848026906712157e-06,0.22386218024773386
Acbp1,5.161585,0.13731298,2.4486776155238404e-07,2.141099817476334e-06,0.1897869109202221
Dscam2,5.1603117,0.17675005,2.4653876899508135e-07,2.15416563102584e-06,0.7581984718333254
chn,5.159963,0.1692283,2.469982590868701e-07,2.1566345129010458e-06,0.5911442266622372
Cmpk,5.1588907,0.10226142,2.48417307133184e-07,2.1674721235836648e-06,0.3752076313416544
CG4452,5.1567383,0.36572775,2.512889329016102e-07,2.1909590866507346e-06,0.10013762991789664
VhaSFD,5.1412387,0.095267944,2.729333235954993e-07,2.3762744866468147e-06,0.32556594371410946
CG3061,5.13691,0.11043152,2.792924375653007e-07,2.429904012479265e-06,0.22576052394285986
CG32425,5.1355877,0.08406676,2.812634945641775e-07,2.445307229131783e-06,0.31887428218879027
Rab4,5.1316857,0.09681559,2.8715882893111433e-07,2.4947818715904152e-06,0.30487399743723603
FucTA,5.122521,0.34810123,3.014779964523752e-07,2.6173185888589757e-06,0.105310616487115
Rox8,5.108172,0.08581387,3.252909772289711e-07,2.82204392985333e-06,0.2541407621849936
Nt5c,5.1071563,0.115161695,3.2704360044206213e-07,2.8352307580286593e-06,0.23548953538038062
RabX4,5.104021,0.18157601,3.3251080848608084e-07,2.880578709763212e-06,0.17308148640311327
Socs16D,5.0964904,0.17711563,3.460079173742288e-07,2.995376779030167e-06,0.1504437378387357
HmgD,5.0861397,0.16604614,3.6542495951559e-07,3.1612241529705654e-06,0.17834939015708795
Polr1G,5.085722,0.14408804,3.662302437997224e-07,3.165943575655898e-06,0.20260073086232264
CD98hc,5.0714774,0.13360423,3.947391346509853e-07,3.4099754162018854e-06,0.18394950405770966
CG7920,5.0665607,0.093473256,4.0506765210566584e-07,3.496720688042465e-06,0.3188268235964121
Ndf,5.065826,0.17801237,4.066332417252026e-07,3.507751297514858e-06,0.1623083859332732
Vmat,5.059134,0.38183576,4.2116495876808877e-07,3.630537257725767e-06,0.09040861848037587
CG7115,5.047646,0.16638921,4.472865838321082e-07,3.850287882059494e-06,0.1589862844668027
Ubqn,5.047645,0.22649817,4.472891657228849e-07,3.850287882059494e-06,0.1349722367234588
Pfrx,5.0456157,0.24685626,4.520634054909974e-07,3.888638567064056e-06,0.13221963836552608
CG17646,5.0354123,0.38714182,4.7682148706463205e-07,4.095826008337421e-06,0.09558160504959423
HtrA2,5.0338483,0.7936281,4.807299673476338e-07,4.126491247887542e-06,0.05737743818518343
trol,5.0273914,0.41429526,4.971971688556511e-07,4.264839050796292e-06,0.08618480375872052
Dhpr,5.021243,0.4173049,5.133813600139342e-07,4.400566383410579e-06,0.09524939490294718
2mit,5.018782,0.07496318,5.200002507274346e-07,4.454169399941462e-06,0.23790992359166627
CG1909,5.0174336,0.08961477,5.236630124005074e-07,4.482393580161365e-06,0.3645769066489488
Spt6,5.0159464,0.13583694,5.277300699566037e-07,4.5140363668077496e-06,0.1756442503915334
Syn2,5.014721,0.15918411,5.311049536664694e-07,4.539718289088776e-06,0.17175264581652508
eIF3j,5.0084114,0.12136094,5.488115651907266e-07,4.687781477301869e-06,0.17858668311897868
wnd,5.005629,0.21299,5.56798597096584e-07,4.752673739502985e-06,0.12903991267619003
CG7879,5.0012,0.3717023,5.697444983013795e-07,4.859773050941578e-06,0.09169000047458592
Rim2,4.998619,0.14697327,5.774235340982676e-07,4.921828990995653e-06,0.1836172939110626
CG33169,4.994557,0.81318176,5.897100506674237e-07,5.023043890695477e-06,0.05747235536993973
C1GalTA,4.991339,0.15188676,5.996214584645826e-07,5.103900808117875e-06,0.1771629253476342
ND-42,4.990263,0.10061969,6.029711311350967e-07,5.128831205447099e-06,0.269137677376489
Shawl,4.988207,0.11120612,6.094230736611745e-07,5.180096126119983e-06,0.19334630534858335
TM9SF2,4.9842386,0.11245485,6.22063314799052e-07,5.2838534801990554e-06,0.20217360353091926
Pdk,4.981561,0.26368713,6.307336115233064e-07,5.353768795861826e-06,0.11935835983104741
Acly,4.979992,0.10443923,6.358700182384561e-07,5.393611449066487e-06,0.23069621755018746
CG9609,4.9722214,0.30957952,6.619001617344348e-07,5.606602551341921e-06,0.11489725214750131
CG14762,4.9720526,0.111120254,6.624768196624005e-07,5.607590246434028e-06,0.44881590812016514
drl,4.9699483,0.27664337,6.697076020851418e-07,5.664861874958913e-06,0.11812443642921551
CG6495,4.9686427,0.15305334,6.742310416937618e-07,5.699169325385064e-06,0.16211855156376062
CG9919,4.9684405,0.09009251,6.749344850555782e-07,5.701161772933086e-06,0.2622087228892791
CG4101,4.966069,0.123253845,6.832356217864684e-07,5.767284621852676e-06,0.21152294622941484
AstA-R1,4.961755,0.2613054,6.985912950363878e-07,5.892823041659883e-06,0.11371078733804756
CG13887,4.958451,0.12501484,7.105761267943158e-07,5.9897734505504256e-06,0.20634995966019648
Egfrap,4.9579706,1.1220459,7.12333024635941e-07,6.000433474282989e-06,0.04684163067723411
Jwa,4.9500046,0.13511015,7.421175887075869e-07,6.247010558533685e-06,0.2034075269327512
Neto,4.9455614,0.46375978,7.592472823179961e-07,6.383715227031281e-06,0.08158132029803997
Bruce,4.945521,0.09446247,7.594049617848353e-07,6.383715227031281e-06,0.23003179725689335
CG2059,4.9448085,0.4608308,7.621867278753316e-07,6.402683684405525e-06,0.08433391865597266
skd,4.9409037,0.14509067,7.776136361068818e-07,6.525561254554264e-06,0.5667505101798681
Rbcn-3B,4.9408355,0.075062186,7.778850195149188e-07,6.525561254554264e-06,0.24146931802002752
CG4133,4.9381113,0.1629246,7.88828862735486e-07,6.612816374059723e-06,0.15808457121161787
beat-VI,4.935667,0.07107265,7.987732422567989e-07,6.691578728431698e-06,0.28252100042712736
twr,4.9346714,0.17728359,8.028576104633091e-07,6.721175421660216e-06,0.1723221489250629
CG11638,4.9337525,0.11490744,8.066459956456805e-07,6.7482553472376115e-06,0.2119500735608182
Sec23,4.92825,0.19446422,8.296951710414299e-07,6.936319917574752e-06,0.13326372739784537
Tango5,4.924623,0.15566614,8.452316116297392e-07,7.06136265534948e-06,0.16449148118266813
lncRNA:CR45668,4.9196005,1.6686127,8.672109796635878e-07,7.2400237199448435e-06,0.03806179108727635
CG18766,4.9154696,0.28826365,8.856980109737114e-07,7.388076288230129e-06,0.1135684115609131
elav,4.915368,0.18747105,8.86156988546431e-07,7.388076288230129e-06,0.6627117839684875
CG3618,4.9141726,0.24920191,8.915805449489835e-07,7.428212756242762e-06,0.12215841678135826
CG34354,4.913718,0.078062885,8.93650904927885e-07,7.436748694346908e-06,0.3165488111622609
Tsp86D,4.91368,0.37561905,8.938253209630176e-07,7.436748694346908e-06,0.08888994352427507
Nplp2,4.9113436,0.90768665,9.045438715181334e-07,7.520794849887128e-06,0.04650942053058706
CG44837,4.908863,0.13765582,9.160591055410849e-07,7.611345901458953e-06,0.16439656399791183
S6KL,4.901728,0.2655041,9.499734802990585e-07,7.887756642619363e-06,0.1097717241706611
Bicra,4.8981266,0.09444939,9.67547326069014e-07,8.028205825360933e-06,0.4394665654216696
cib,4.8963346,0.21502917,9.764073716915177e-07,8.096210512617626e-06,0.13240947273503867
CG8861,4.8935895,0.08188593,9.901318117952942e-07,8.204430084277934e-06,0.3712211095818898
prage,4.8922696,1.0317447,9.967979891884309e-07,8.25405617541969e-06,0.046984006454368565
Xpc,4.8907995,0.18122932,1.0042726163002465e-06,8.310304765840941e-06,0.1452232926771392
Rab1,4.887218,0.09520824,1.0227089488870724e-06,8.457123051549882e-06,0.4030658250676285
CG13375,4.8843102,0.1986152,1.0379148525802946e-06,8.577046873288956e-06,0.15865407432015566
Clic,4.8835764,0.28269342,1.041787610924019e-06,8.603217608098149e-06,0.1097717241706611
Usf,4.8796773,0.17541327,1.0625964645916914e-06,8.763185593307257e-06,0.15917611883631533
Su(H),4.8792405,0.4703247,1.0649505268520002e-06,8.776661238538898e-06,0.07749988135351905
Hou,4.8752446,0.14523171,1.0867365907095977e-06,8.950156962269788e-06,0.18784110863271794
Manf,4.8726225,0.2319845,1.101265149927372e-06,9.063687314290842e-06,0.13525698827772767
side-V,4.856173,0.09898788,1.196760629405785e-06,9.842992788007499e-06,0.20037017702054957
RIC-3,4.8514504,0.10523719,1.225619763864624e-06,1.0073553136713353e-05,0.19325138816382706
Gclc,4.849978,0.32640076,1.2347524078435843e-06,1.014177702102793e-05,0.10179868065113189
Rheb,4.849364,0.14035532,1.2385807930193094e-06,1.0166371236439302e-05,0.18195624317782735
CG8613,4.84879,0.20799303,1.242167322758467e-06,1.0188948517565918e-05,0.14346732475914764
alc,4.842037,0.07494478,1.2851477816849079e-06,1.0534409086050667e-05,0.3475392719851929
Coa8,4.8399963,0.12874395,1.2984157588182356e-06,1.0636014572738894e-05,0.21503488206539795
Xe7,4.839216,0.093653694,1.3035209936915655e-06,1.0670663124315978e-05,0.43894452090550995
CG2519,4.8371634,0.12516116,1.317051710513001e-06,1.0774190133854342e-05,0.17868160030373498
Rilpl,4.8325777,0.073179476,1.3477655080789529e-06,1.1018050823591118e-05,0.2505813677566323
CG6184,4.827578,0.19664589,1.3820346574027886e-06,1.1290630321100933e-05,0.13758245930425703
CG5823,4.82287,0.18462756,1.415075236244987e-06,1.1552814504079135e-05,0.1409520193631057
Rnp4F,4.820832,0.38339522,1.4296095219325021e-06,1.1663661621710353e-05,0.09169000047458592
AP-1sigma,4.8206825,0.08323703,1.4306772728823217e-06,1.1664565404122153e-05,0.32456931327416827
Mad,4.8180737,0.17040856,1.449507546472845e-06,1.1810192168420795e-05,0.1364909116795596
ghi,4.817823,0.13558255,1.4513300911745254e-06,1.1817142606096386e-05,0.1825732048787433
Gpat4,4.815802,0.29335377,1.466097985730681e-06,1.1929418122878018e-05,0.11105310616487114
sNPF,4.8127956,0.08519771,1.4883347609359516e-06,1.2102276451666653e-05,0.23672345878221251
Hsp110,4.8114095,0.09296256,1.4986971662732791e-06,1.2178413173136666e-05,0.20046509420530587
CG3168,4.8069553,0.7421738,1.532463128022308e-06,1.2436213759962656e-05,0.06046224668976318
dao,4.806787,0.10984076,1.5337540830770457e-06,1.2438408861361351e-05,0.181529115846424
CG5273,4.80561,0.24975955,1.5428030725496532e-06,1.2503475167092902e-05,0.1173650989511651
hoe1,4.8054113,0.5229569,1.5443379807329523e-06,1.2507598436647148e-05,0.06568269185135969
meng,4.802517,0.23961163,1.5668360705561753e-06,1.2681384371852072e-05,0.11997532153196336
Mgtor,4.8013864,0.24557859,1.5757108158783676e-06,1.2744750587087872e-05,0.11750747472829956
Sod1,4.8001957,0.17395245,1.5851082213606674e-06,1.2812257367483538e-05,0.6123582174552703
Srp9,4.7916207,0.14543565,1.654394112441146e-06,1.3363426001686633e-05,0.17944093778178538
dlp,4.7882648,0.54778314,1.6822943231678055e-06,1.3579791725226742e-05,0.06639457073703194
CG4230,4.787617,0.07751401,1.6877329851846484e-06,1.361467727095677e-05,0.3379526363248066
lap,4.783232,0.11029057,1.724984719322851e-06,1.3905978005176078e-05,0.4656637084144084
mts,4.7817554,0.15028022,1.7377080383383978e-06,1.3999288353804844e-05,0.5592995111764985
CG3009,4.7778845,0.09710969,1.7714919611942302e-06,1.4262031383749322e-05,0.3279863319253951
WASp,4.777233,0.38666847,1.7772366953949561e-06,1.4298837016613281e-05,0.08879502633951877
CG30197,4.77436,0.45343062,1.8027947459041636e-06,1.4494897861362697e-05,0.08048977267334251
HINT1,4.7695203,0.13820411,1.8466511604670304e-06,1.4837726430410437e-05,0.17901381045038203
Hs6st,4.7679133,0.18540213,1.8614375604633823e-06,1.4946681439056764e-05,0.13402306487589577
spab,4.7573614,0.16774546,1.961397894814729e-06,1.5738959144105814e-05,0.1675762896872479
Wdr20,4.757075,0.3489656,1.964185686372348e-06,1.575096008631089e-05,0.08765602012244317
Synj,4.7547393,0.117896855,1.987026853414409e-06,1.592364912312178e-05,0.19263442646291112
CG11883,4.7542677,0.324755,1.9916683749495156e-06,1.5950358621721188e-05,0.09738503155996393
PsGEF,4.7536483,0.07109392,1.9977848137976387e-06,1.5988837226119118e-05,0.3014569787860092
Fie,4.751952,0.11331666,2.014618492280626e-06,1.6112982153811385e-05,0.47392150348820655
gprs,4.7498727,0.0976313,2.0354487987971035e-06,1.6268908464615015e-05,0.21845190071662474
Cox17,4.7449007,0.090538904,2.0860866376004917e-06,1.666271954502778e-05,0.24113710787338047
sca,4.7429404,0.19337215,2.1063826411596237e-06,1.6813816642498135e-05,0.14603008874756776
ScsbetaA,4.7379665,0.08158194,2.158732999625272e-06,1.722041657881704e-05,0.37126856817426795
smash,4.73352,0.058585353,2.2065932321343714e-06,1.7590689932299445e-05,0.28441934412225334
tmod,4.731169,0.12696661,2.2323007071721187e-06,1.7783995633804547e-05,0.17958331355891985
euc,4.7194204,0.17912555,2.3651735174123032e-06,1.883024167455164e-05,0.12998908452375302
Col4a1,4.714358,0.993883,2.4247416328435627e-06,1.929189018454973e-05,0.04987898058943572
Mitofilin,4.705732,0.13489687,2.5295662114261442e-06,2.0099662679969535e-05,0.17137297707749988
side-VII,4.699647,0.09725613,2.6061148306253735e-06,2.069441932931119e-05,0.20184139338427223
woc,4.699248,0.1488324,2.6112154968724185e-06,2.0721422976157494e-05,0.14726401214939966
CG8360,4.6795077,0.167943,2.875645948282134e-06,2.280497622876443e-05,0.1503488206539794
Cyp28d1,4.6784983,0.917827,2.8898357034382763e-06,2.2902605584661345e-05,0.04935693607327607
Sf3b2,4.676907,0.13498022,2.912345032903363e-06,2.3065999744028e-05,0.15651843766313892
Ctl2,4.673036,0.8522765,2.9677988506408266e-06,2.3489935188611062e-05,0.05111290399126762
PlexB,4.6725993,0.06895233,2.9741148730289983e-06,2.352465034870244e-05,0.3619666840681505
sws,4.6716423,0.1028657,2.9880106037822155e-06,2.361923557036409e-05,0.16885767168145793
nvy,4.6670694,0.19167954,3.0552624588824798e-06,2.4135187369616684e-05,0.13169759384936644
CG31224,4.663517,0.081793115,3.108501747940814e-06,2.4539849615058666e-05,0.224858810687675
Agps,4.6600914,0.20181,3.1606873240213506e-06,2.493567494659951e-05,0.12510084950880357
GlyT,4.659431,0.1710484,3.1708441612097205e-06,2.498346443502604e-05,0.1406672678088368
kay,4.654291,0.18495663,3.250970296013215e-06,2.5598240916088556e-05,0.14527075126951736
CG12391,4.648948,0.14887884,3.3363176513748162e-06,2.625330913660919e-05,0.13952826159176118
CG33144,4.6447697,0.10475257,3.404561617838338e-06,2.6773033264407423e-05,0.17740021830952493
CG1161,4.637697,0.12813777,3.5231278628897656e-06,2.7687559974702358e-05,0.20331260974799487
tbc,4.632282,0.05972414,3.6165770057586804e-06,2.840364505360345e-05,0.2777276825969342
Nap1,4.630868,0.07329979,3.6413572059140206e-06,2.8561456230943374e-05,0.2637273978453799
ncm,4.6284018,0.18848355,3.6849839134680864e-06,2.8885060399525725e-05,0.12785344786673628
mRpS10,4.6259904,0.13222633,3.7281256683795333e-06,2.920444972485741e-05,0.16800341701865124
ThrRS,4.6251926,0.16143194,3.7425006690688654e-06,2.9280721427580497e-05,0.14261307009634094
Nhe2,4.6245956,0.15392964,3.7532984637981017e-06,2.9345064127796705e-05,0.1417113568411561
CG42376,4.617989,0.22368148,3.874762570340995e-06,3.025591349768507e-05,0.12348725736794647
CG11030,4.6160803,0.08449958,3.910553576935175e-06,3.051583709940003e-05,0.2532865075221869
PRL-1,4.6125965,0.20317665,3.976700621894674e-06,3.1012158592625835e-05,0.12486355654691282
BicD,4.612007,0.10244473,3.987989994327316e-06,3.108031332535528e-05,0.4712638223150301
Tsp42Ej,4.611535,0.15525657,3.997060574690205e-06,3.1131099900893876e-05,0.5908594751079683
SPARC,4.6062574,0.7216973,4.0998099684423145e-06,3.191097299191786e-05,0.05685539366902378
Paip1,4.6047287,0.12803847,4.130038472842915e-06,3.210962265863335e-05,0.17255944188695363
Crk,4.598581,0.103418015,4.253785176755085e-06,3.304613608634017e-05,0.2241943903943809
Eb1,4.588793,0.07308487,4.458168860265525e-06,3.461186002406146e-05,0.3772008922215367
TppII,4.5842676,0.33128604,4.5558049712407784e-06,3.534736269538756e-05,0.08794077167671206
CycT,4.583261,0.050969105,4.577805230761345e-06,3.5495463077449126e-05,0.2779175169664468
CG7888,4.5750227,0.64672357,4.761679860311952e-06,3.687427942651994e-05,0.05310616487114992
Ocrl,4.574844,0.21112211,4.765754466740366e-06,3.688240075879258e-05,0.12410421906886242
CG3107,4.570821,0.15120223,4.858171746347666e-06,3.754994002297508e-05,0.14603008874756776
rg,4.56478,0.9123435,5.000180561681242e-06,3.8623067722644264e-05,0.05044848369797352
CG15522,4.5642657,0.43801814,5.01245594422351e-06,3.869336637374311e-05,0.09244933795263632
twin,4.5634375,0.103984445,5.0322765278604315e-06,3.882178392284228e-05,0.1752645816525082
kibra,4.5630207,0.48876405,5.042285621487706e-06,3.8874395597921345e-05,0.06957429642636799
eIF4H1,4.562653,0.06227653,5.0511277985563076e-06,3.8917949896714814e-05,0.2864126050021356
rn,4.5614033,0.38488224,5.081293501587556e-06,3.912563897084695e-05,0.08608988657396421
l(2)41Ab,4.5598526,0.7904233,5.118958681546696e-06,3.939077485440194e-05,0.05842152721750273
nebu,4.5594797,0.06692473,5.128055264866891e-06,3.9435877364960595e-05,0.24426937497033838
CG2076,4.5582857,0.27250654,5.157279299762073e-06,3.963560995258506e-05,0.1095818898011485
Dap160,4.556024,0.07786462,5.213095304911514e-06,3.998893560199273e-05,0.36709221204499076
robo3,4.550638,0.15462543,5.348344615781927e-06,4.100061164890938e-05,0.14963694176830716
Ndfip,4.548394,0.16391551,5.405685215040925e-06,4.140692928784946e-05,0.1460775473399459
cbt,4.5482984,0.15626062,5.408141063767031e-06,4.140692928784946e-05,0.13331118599022354
Pcyt2,4.543275,0.6912418,5.538699897702811e-06,4.2379920309541474e-05,0.05695031085378008
CG42458,4.5405107,0.28244728,5.611816228577573e-06,4.2912439153156865e-05,0.10322243842247639
Acf,4.539987,0.15150353,5.625761075137472e-06,4.299210140742987e-05,0.1453182098618955
HnRNP-K,4.539597,0.07280306,5.6361898708126614e-06,4.304481098705234e-05,0.24958473731669117
Rpt5,4.538525,0.42159414,5.664910244122422e-06,4.323706384822054e-05,0.07749988135351905
CG13124,4.5347967,0.7245108,5.76590089184545e-06,4.398032914311901e-05,0.056807935076645624
alpha-Man-Ia,4.5304875,0.042922318,5.884766235144687e-06,4.4830884775111625e-05,0.2711309382563713
rb,4.5283084,0.36974096,5.945778290696095e-06,4.526739012198294e-05,0.0807745242276114
CG9776,4.526164,0.14542814,6.006392599528617e-06,4.570032421701268e-05,0.15205732997959281
yps,4.5228715,0.063490525,6.10063434597697e-06,4.638841674554791e-05,0.2853685159698163
mRpL30,4.522604,0.20145592,6.10834702983541e-06,4.641810595178541e-05,0.13900621707560154
l(2)SH0834,4.521415,0.12039581,6.142758820169128e-06,4.665052165672368e-05,0.17189502159365952
Oct-TyrR,4.519648,0.19681114,6.19425655640235e-06,4.7012324511823314e-05,0.1321247211807698
SNRPG,4.5151343,0.15883392,6.327657699163541e-06,4.799490958002763e-05,0.15798965402686158
Cka,4.513053,0.059415944,6.390107039728879e-06,4.843844198212395e-05,0.3036400740354041
Dh44,4.5087085,0.740353,6.522349334170326e-06,4.941014048116974e-05,0.056380807745242276
pds5,4.5065384,0.2126385,6.589374216451215e-06,4.988688343125705e-05,0.1184091879834844
Scgbeta,4.4984317,0.080724075,6.845654176508048e-06,5.1794958881102794e-05,0.2966162023634379
ND-20,4.495277,0.10663881,6.947949629174868e-06,5.2536326321347676e-05,0.46974514735892936
Rpt2,4.4929757,0.20619933,7.023481316685612e-06,5.3074528065146264e-05,0.12106686915666082
Bap60,4.4926195,0.3344517,7.0352346173767515e-06,5.3130405669891716e-05,0.09131033173556072
SmD2,4.491754,0.1400843,7.063895055553617e-06,5.331381847191519e-05,0.17047126382231503
Taf3,4.4913263,0.120781876,7.078096003007312e-06,5.3387940705851556e-05,0.5245598215556927
Nubpl,4.4880586,0.084665015,7.187516840865144e-06,5.4179741974833174e-05,0.2727445303972284
Amun,4.487753,0.051773414,7.197830799054061e-06,5.422395525937574e-05,0.2516729153813298
Gpdh1,4.487542,0.08121361,7.204963264693051e-06,5.424416135475207e-05,0.3626785629538228
CtsF,4.4858627,0.13617224,7.261941145443527e-06,5.463938309988343e-05,0.17108822552323097
svp,4.484806,0.47174445,7.2980257188816204e-06,5.487701140496487e-05,0.0720421432300318
VGAT,4.4809055,0.14743493,7.43270487675033e-06,5.5855264946183583e-05,0.15495230411465996
Tapdelta,4.4789114,0.14713609,7.502470099947238e-06,5.634479855099007e-05,0.16776612405676047
CG7607,4.4775734,0.8193122,7.549622299941215e-06,5.666400628939868e-05,0.04940439466565422
Myb,4.4710608,0.2472964,7.783264799695497e-06,5.838167054983902e-05,0.11527692088652651
hid,4.4592457,0.59135616,8.224852388249432e-06,6.165604290305801e-05,0.056997769446158225
CG8745,4.451882,0.13286766,8.512093426423108e-06,6.377007177300016e-05,0.13748754211950073
Sara,4.4479403,0.22934912,8.669754516996775e-06,6.4911325434689e-05,0.11276161549048455
CG15012,4.446372,0.09433861,8.733274364956004e-06,6.534676564422881e-05,0.27226994447344693
wrd,4.444274,0.054343373,8.81891598194567e-06,6.59470962600833e-05,0.286839732333539
Gpo1,4.4418035,0.1582078,8.920793467315828e-06,6.666802671558101e-05,0.14925727302928196
CG10470,4.440773,0.18413563,8.963632208319253e-06,6.694712805588443e-05,0.13008400170850934
Adss,4.439165,0.14952777,9.030858326955287e-06,6.740791925735333e-05,0.1699492193061554
Naa60,4.4253864,0.35378528,9.626969044832774e-06,7.181341841338231e-05,0.08006264534193916
CG10353,4.425216,0.34705797,9.634581273652605e-06,7.182624534834961e-05,0.08186607185230886
uzip,4.4231405,0.14677848,9.72763640000845e-06,7.243137451417409e-05,0.15680318921740782
kug,4.418024,0.09083411,9.960740823466141e-06,7.412177649403468e-05,0.1905462483982725
CrebB,4.416798,0.104825936,1.0017362182158094e-05,7.449763736322452e-05,0.15281666745764322
rudhira,4.4148293,0.17808262,1.0108977722212935e-05,7.513312771710577e-05,0.6564947083669498
noc,4.4131193,0.1288922,1.0189180477108234e-05,7.56830718071129e-05,0.15817948839637416
cdm,4.4115686,0.24747673,1.0262440043571056e-05,7.618080492758076e-05,0.12054482464050116
Rac2,4.410782,1.0853897,1.0299809201457468e-05,7.641167033266286e-05,0.04233306440130986
CG7668,4.402458,0.381702,1.0703124159329884e-05,7.93554625170754e-05,0.0763134165440653
CG16854,4.401342,0.49418896,1.0758332978383811e-05,7.97163043608026e-05,0.07256418774619144
mys,4.40032,0.26342607,1.0809123365647465e-05,8.004398827696048e-05,0.1096768069859048
CG32944,4.397202,0.27029786,1.0965527123381949e-05,8.115289016812542e-05,0.09852403777703954
nudE,4.3950415,0.115265496,1.1075149186101633e-05,8.191443776055388e-05,0.17569170898391154
spen,4.3828764,0.14457668,1.1712247357389165e-05,8.652156547831304e-05,0.8966826443927673
Uch,4.3808093,0.31899178,1.1823933175825589e-05,8.729371379778201e-05,0.09714773859807319
Past1,4.380677,0.18159716,1.1831099436864142e-05,8.729374760044615e-05,0.11385316311518201
CG15099,4.3752646,0.33454186,1.2128531992180343e-05,8.943416603308299e-05,0.08196098903706515
Pex19,4.3720126,0.08009911,1.2310630792796576e-05,9.072205485695131e-05,0.24474396089411987
CG15537,4.3683457,0.47980884,1.2519129173828943e-05,9.220281903311238e-05,0.07408286270229225
CG11444,4.364102,0.2590424,1.2764614613776509e-05,9.395403836190934e-05,0.11632100991884581
Tango1,4.3621616,0.13773869,1.28783625059103e-05,9.473407397980727e-05,0.1397180959612738
Trx2,4.360586,0.061509013,1.297145598326152e-05,9.536132507839245e-05,0.32456931327416827
CG4887,4.354331,0.091327,1.3347399992313867e-05,9.806597860537294e-05,0.18020027525983578
CG1703,4.3508053,0.20402266,1.3563852291099953e-05,9.959626239531164e-05,0.11484979355512316
Nav,4.3502073,0.17673203,1.3600890267334635e-05,9.980809841573864e-05,0.12576526980209768
rst,4.347364,0.54474044,1.3778338305850664e-05,0.00010104454275653662,0.06368943097147739
CG43367,4.347243,0.1305446,1.3785960669794109e-05,0.00010104454275653662,0.1471216363722652
Crag,4.3458934,0.16514277,1.3870978902518987e-05,0.00010160658764591583,0.12927720563808076
CG12541,4.339196,0.47212735,1.4300490540750788e-05,0.00010462705834406444,0.07465236581083005
ReepB,4.3373294,0.13950089,1.442243148557842e-05,0.00010542630089104529,0.16885767168145793
wds,4.3371506,0.46888655,1.4434182696021578e-05,0.00010542630089104529,0.06881495894831759
TrissinR,4.3371277,0.2595764,1.4435679398404675e-05,0.00010542630089104529,0.09871387214655214
pygo,4.3359575,0.28352246,1.4512693054326266e-05,0.00010592527882585799,0.09586635660386313
Flad1,4.332623,0.42850804,1.4734320156478741e-05,0.00010747853284698945,0.07920839067913246
detr,4.328906,0.14116547,1.4985193550037054e-05,0.00010924313647213018,0.15125053390916426
nrm,4.326817,0.056853063,1.5127960137606239e-05,0.00011021799528827402,0.25637131602676666
Nak,4.324691,0.1635806,1.5274596021002524e-05,0.00011121986314217429,0.13952826159176118
Phb2,4.3239536,0.10455004,1.5325760021320763e-05,0.00011152578441783808,0.20568553936690237
eIF3d1,4.3196206,0.1581314,1.5629758414240473e-05,0.00011367012250070233,0.15333871197380286
Ube4B,4.309885,0.279589,1.6333938847180463e-05,0.00011864980965928646,0.09520193631056903
CG2993,4.3052864,0.05570774,1.6676979556615286e-05,0.00012099744274737126,0.39215034882065397
zfh1,4.301451,0.5681481,1.6968315822546674e-05,0.00012303795452767486,0.06297755208580513
GAPcenA,4.2929826,0.1838487,1.7628874474282918e-05,0.0001277516949863463,0.13359593754449242
ALiX,4.2919946,0.23347715,1.7707521456692085e-05,0.0001282453826711942,0.10526315789473684
babo,4.2800283,0.057395976,1.8686941303627116e-05,0.0001352583892814198,0.22129941625931374
Chmp1,4.2769175,0.07698244,1.8949891112843086e-05,0.00013708025090471477,0.2299843386645152
CG43373,4.2756915,0.3789086,1.9054481960705968e-05,0.00013775508933513942,0.07806938446205686
Graf,4.2730336,0.061679512,1.9283122695647965e-05,0.00013932541940560347,0.23605903848891843
CG5021,4.2718773,0.12557839,1.9383421059076288e-05,0.00013996713228026116,0.18992928669735656
wun,4.269139,0.25167233,1.9622900973216897e-05,0.00014161251625964522,0.10478857197095534
CG41099,4.2677445,0.0709967,1.9745923835957e-05,0.00014241132845397214,0.2110958188980115
Eno,4.26762,0.21433237,1.9756957618809328e-05,0.00014241132845397214,0.74192017464762
CG8677,4.263336,0.06687691,2.0139696998181225e-05,0.00014508437748867077,0.40140477433439326
promL,4.2513204,0.074636914,2.125140818699209e-05,0.0001530026074372396,0.22670969579042285
CG13204,4.249471,0.32647422,2.14275985547576e-05,0.00015418004650763896,0.08898486070903137
wap,4.2487745,0.18958281,2.1494314373427983e-05,0.00015456884831723523,0.12063974182525747
Gabat,4.244869,0.081477754,2.1872080124561405e-05,0.00015719267962162673,0.3514308765602012
Dgk,4.2413626,0.27252078,2.221670071439415e-05,0.00015957534767693004,0.09876133073893029
CG34159,4.234973,0.07671902,2.2857911703766262e-05,0.0001640842672303928,0.19296663660955815
slmb,4.225311,0.08358855,2.3861144209602997e-05,0.00017118510110114825,0.1932039295714489
CG15160,4.2229757,0.28990155,2.4109792376893916e-05,0.00017286721134232938,0.08243557496084666
sordd1,4.2213917,0.121510305,2.4279882989869026e-05,0.00017398441726250064,0.19234967490864222
CG10089,4.220344,0.12324292,2.439299511594392e-05,0.00017469225468169238,0.1539556736747188
Kul,4.219068,0.1448808,2.453143962876935e-05,0.00017558057406639435,0.135351905462484
nsl1,4.2169824,0.038481485,2.4759309060732072e-05,0.00017710752238337044,0.26719187508898484
TfIIFalpha,4.216277,0.19420137,2.4836831856252597e-05,0.00017753650977389365,0.11783968487494662
CG14903,4.211484,0.21099867,2.5369837210395066e-05,0.00018104973405006172,0.11276161549048455
phol,4.2101045,0.3103088,2.5525263061015273e-05,0.00018205232969614697,0.09135779032793888
lva,4.2089467,0.16442813,2.5656408397624725e-05,0.00018288067950798117,0.13615870153291254
Jarid2,4.20825,0.040620778,2.5735595562108415e-05,0.0001833379160178489,0.28128707702529543
Pi3K92E,4.2040358,0.26276386,2.6219755868820342e-05,0.0001866779230636981,0.09225950358312372
Pka-C1,4.202156,0.17573085,2.643844741739176e-05,0.00018812506454792072,0.7134450192207299
sNPF-R,4.201554,0.23712379,2.6508901109941287e-05,0.00018851633350587768,0.10156138768924114
CG13868,4.1978908,0.07618722,2.6941246938035776e-05,0.00019147921803365487,0.4257510322243842
RyR,4.1945972,0.14763099,2.733569353793196e-05,0.0001941694455325482,0.13065350481704713
Cpr,4.1935487,0.34339625,2.7462437701850342e-05,0.00019495611715075934,0.08143894452090551
Ntf-2,4.1837177,0.06418307,2.8677987117745555e-05,0.00020346681314214237,0.20943476816477624
CG12343,4.1833253,0.16473277,2.872759422456021e-05,0.00020370020128165472,0.12970433296948414
CG31998,4.1801724,0.0468861,2.9128811150769962e-05,0.00020642504599810177,0.3116131175549333
Ubc4,4.1776247,0.13299856,2.9456889111580103e-05,0.00020862871666533985,0.1388638412984671
trus,4.171922,0.2190387,3.0204052206597058e-05,0.00021379627894669662,0.1162260927340895
CG10375,4.168624,0.19587158,3.0644405182902055e-05,0.00021678737943957814,0.13340610317497983
CG14777,4.1539316,0.10140839,3.268109678648931e-05,0.00023106142037733078,0.16221346874851691
S6k,4.150528,0.12706971,3.317092098603454e-05,0.00023438861211523188,0.1430401974277443
Pop2,4.1498394,0.14807947,3.3270830773555084e-05,0.00023495837560768418,0.1490199800673912
DIP-gamma,4.1471,0.113743015,3.367128147804552e-05,0.0002376486681736519,0.16705424517108822
Galphas,4.144179,0.07163154,3.4103327312449044e-05,0.00024055871331680635,0.4141711356841156
Mrgn1,4.1432643,0.22555438,3.423966509122055e-05,0.00024138072747072718,0.10383940012339234
eEF5,4.1430235,0.05847614,3.427571331665929e-05,0.00024149518474957235,0.4094252764463006
Act42A,4.1417475,0.35006592,3.446699563923872e-05,0.00024259748624410165,0.08651701390536756
CG14441,4.141714,0.13936529,3.447197031543064e-05,0.00024259748624410165,0.13202980399601347
Vamp7,4.1414785,0.2744335,3.450742079368853e-05,0.00024270683903881678,0.09904608229319918
CG8128,4.140776,0.5265837,3.461325867347498e-05,0.00024321895803551544,0.05908594751079683
CG1910,4.1407304,0.07397807,3.4620140470228837e-05,0.00024321895803551544,0.1925395092781548
lncRNA:CR44417,4.139294,0.38826078,3.483763925258472e-05,0.0002446059820563106,0.0734659010013763
c12.1,4.1346226,0.23895496,3.5553863120237917e-05,0.00024934754751011507,0.12073465901001376
thoc7,4.1340413,0.1631337,3.564391153089612e-05,0.00024983532929850075,0.1389587584832234
RpL36A,4.1321054,0.21265641,3.5945543700296186e-05,0.0002518047311281093,0.801385790897442
poe,4.1300526,0.09055438,3.6268041107785564e-05,0.00025381521772590177,0.17436286839732335
CG17233,4.1300135,0.17703587,3.627419060452218e-05,0.00025381521772590177,0.11390062170756016
CG13924,4.1293545,0.11652758,3.6378301871138244e-05,0.0002543976600730373,0.1515827440558113
Klc,4.126294,0.14404508,3.686557994116271e-05,0.0002576574276965782,0.1404774334393242
MED26,4.124767,0.12189539,3.711109192621958e-05,0.0002592246988473871,0.5527027668359357
Mrp5,4.1156917,0.19064197,3.860199313491375e-05,0.0002694843610088566,0.1097717241706611
phyl,4.1146646,0.07510449,3.8774321633863916e-05,0.0002705324592988937,0.23174030658250677
wkd,4.113679,0.16307527,3.894030476600703e-05,0.0002715351114375628,0.13525698827772767
CG32278,4.1129403,0.07075394,3.9065172202759864e-05,0.00027209450513110856,0.3494850742726971
Lmpt,4.110885,0.28793716,3.9414490599341844e-05,0.0002743707743662923,0.08870010915476247
Rbp,4.110689,0.1611871,3.944796405078779e-05,0.0002744470512642993,0.636324806606236
Inos,4.1101236,0.16451643,3.954476777540291e-05,0.0002749635906528158,0.12434151203075317
dom,4.1092753,0.10538366,3.969023820486825e-05,0.0002758177385855981,0.15656589625551706
Nipped-A,4.1042275,0.045117736,4.056681407417093e-05,0.00028174865911684873,0.2688529258222201
HDAC6,4.103518,0.17988794,4.069144898255636e-05,0.0002824533437633141,0.11541929666366095
CG2926,4.0993943,0.041512035,4.142329098277868e-05,0.00028736966066538947,0.2761140904560771
sdk,4.095808,0.28549707,4.206986576118486e-05,0.00029168918871620155,0.08400170850932562
CG17508,4.0946445,0.124053285,4.22816720092078e-05,0.0002929910745424866,0.1783019315647098
CG1598,4.0932794,0.13081352,4.253145248558063e-05,0.000294554474060649,0.16401689525888663
Vha13,4.0927567,0.22370169,4.262744158358664e-05,0.00029505161014329223,0.800104408903232
Sfxn1-3,4.0903597,0.19241375,4.307051103615008e-05,0.0002977801809527132,0.13473494376156803
Cdc27,4.0873833,0.16167791,4.362662164787432e-05,0.00030145401999202956,0.1159413411798206
mam,4.085067,0.042608112,4.406417952571134e-05,0.0003043049769058898,0.25504247544017844
Dpm3,4.0752716,0.13076417,4.5960716030822234e-05,0.00031722263176653013,0.1392435100374923
Gycbeta100B,4.069966,0.056756437,4.702000196527252e-05,0.00032435020031392576,0.2323572682834227
PH4alphaEFB,4.0695434,0.2154355,4.710534792079156e-05,0.00032475513903084183,0.09814436903801434
Nagk,4.058236,0.10989794,4.94447367565647e-05,0.00034069072714853994,0.14028759906981159
rhea,4.0537963,0.073285915,5.0393148846209416e-05,0.00034702943010533703,0.16975938493664278
CG8321,4.0513315,0.21459451,5.0926961907280634e-05,0.00035050747526134597,0.1103412272791989
CG13018,4.0495687,0.36282212,5.1312086276352794e-05,0.00035295881468536355,0.0725167291538133
Hsp68,4.04558,0.33966157,5.219377112322779e-05,0.00035882113718049835,0.07859142897821651
rdgA,4.0433087,0.059072305,5.2702127045120936e-05,0.00036211173988330277,0.45688386882445065
unc80,4.040337,0.047587294,5.3374458579291654e-05,0.000366524662322809,0.2791039817759005
CG8641,4.036443,0.2917059,5.4267649951108085e-05,0.0003724484151205273,0.09335105120782118
CG14321,4.0340047,0.12764832,5.483417172541287e-05,0.0003759132278746105,0.16164396563997913
sbr,4.0332494,0.11437407,5.501087558919541e-05,0.00037691262650742154,0.16653220065492857
Vps26,4.0278654,0.19403,5.628551744171459e-05,0.00038523458235951167,0.10697166722035024
18w,4.027852,0.40561315,5.6288685797218005e-05,0.00038523458235951167,0.0702387167196621
PPP4R2r,4.0259256,0.103525504,5.675166380883767e-05,0.00038818520211331224,0.17730530112476864
CG10543,4.0212727,0.06172534,5.7884529663474874e-05,0.0003957120202288812,0.4140762184993593
ClC-c,4.016329,0.13727178,5.911176045621888e-05,0.00040387513912603805,0.13468748516918988
Spp,4.0161,0.2445762,5.916912739913483e-05,0.000404040612811235,0.10782592188315694
Hel25E,4.015493,0.13935739,5.932165462385123e-05,0.00040485534614228587,0.15049119643111386
cactin,4.015167,0.53979844,5.940366095805631e-05,0.00040518814964619383,0.05676047648426748
Ak1,4.0047874,0.05422522,6.207329291259015e-05,0.00042316071997290904,0.30411465995918563
CG34228,4.0040755,0.39525053,6.226048992293614e-05,0.0004241996152435263,0.07189976745289735
Tango9,4.0030055,0.17235114,6.254287129281729e-05,0.0004258855073676815,0.12766361349722366
sns,4.0021586,0.09013981,6.276720944855166e-05,0.00042717449244466567,0.17108822552323097
Cys,3.9980173,0.45471224,6.387526927102122e-05,0.00043447302296008793,0.0672962839922168
CG14408,3.997763,0.04016328,6.394395495153032e-05,0.0004346976390988305,0.32195909069337003
CG7029,3.9926462,0.04070987,6.534003957778394e-05,0.00044394077057614747,0.3447392150348821
GlcAT-I,3.9843965,0.46755302,6.765184996963377e-05,0.0004591360797772083,0.06634711214465379
Treh,3.9842024,0.2965363,6.77071787406429e-05,0.00045925587182509535,0.08495088035688861
RhoGEF3,3.9823806,0.041530486,6.822839482255524e-05,0.00046249931992774207,0.2968534953253287
Kcmf1,3.9822662,0.20075074,6.826124182049454e-05,0.00046249931992774207,0.1125243225285938
ras,3.9801588,0.15488796,6.886921983051206e-05,0.00046635940028561754,0.13445019220729912
beat-Vc,3.979995,0.18832575,6.89167483714402e-05,0.00046642212431953614,0.11390062170756016
LRR,3.9789686,0.10237019,6.921488022861812e-05,0.0004681798973954641,0.16093208675430687
Hmbs,3.9733498,0.07630968,7.086882055092216e-05,0.00047910152728518595,0.1904513312135162
CG34404,3.9709363,0.07898804,7.159074191540148e-05,0.0004837137212898163,0.2017464761995159
SdhB,3.968349,0.075129576,7.237229687646653e-05,0.0004887235050566485,0.4323477765649471
CG5532,3.9678717,0.07678676,7.251735690957364e-05,0.0004894319287767404,0.21389587584832234
cta,3.9647639,0.081364036,7.346867037345482e-05,0.0004953039951228102,0.15229462294148355
CG4768,3.9595776,0.061513413,7.508247468922799e-05,0.0005059039712476506,0.2054007878126335
hb,3.9563618,1.1782395,7.609986816086234e-05,0.0005124758524932326,0.03663803331593185
CG42402,3.954381,0.04642564,7.673306564075683e-05,0.0005164546311955743,0.3837976365620996
ena,3.952465,0.07880605,7.735019453694842e-05,0.0005203209278205653,0.1781120971951972
N,3.9510727,0.91346425,7.780170990075673e-05,0.0005230695212246684,0.0406720136680746
CG8405,3.9475672,0.21393032,7.894936469053391e-05,0.000530200444194445,0.10668691566608135
CG14645,3.9461515,8.594047,7.941737849460134e-05,0.0005330497943120572,0.02164111812443643
Usp10,3.9384658,0.1518515,8.200425561059124e-05,0.0005501100009012089,0.11855156376061886
scf,3.933449,0.32187226,8.373556588670143e-05,0.0005614151884449965,0.10308006264534193
ND-SGDH,3.9323838,0.101935536,8.410761767667645e-05,0.0005635996436838973,0.49617958331355894
Nmda1,3.9241798,0.037850764,8.702573532009164e-05,0.0005828333449541742,0.24593042570357362
SmB,3.912982,0.10880226,9.116329377682323e-05,0.0006098734291139947,0.16112192112381946
lncRNA:CR44832,3.9108384,0.95211977,9.197632680327208e-05,0.0006149750122902268,0.04128897536899056
Gs1,3.9095612,0.045159236,9.24639101838518e-05,0.0006178961629555754,0.28489393004603486
CG33298,3.9075382,0.12827691,9.324135029310526e-05,0.0006227500376562521,0.12695173461155143
Chchd3,3.9061007,0.062160067,9.379744395273395e-05,0.0006261210538553528,0.24858810687675004
Camta,3.9048898,0.04086578,9.426833469680148e-05,0.0006289199406783323,0.2328318542072042
Usp30,3.9012222,0.18257119,9.570824971138636e-05,0.0006381771639672256,0.12120924493379526
CG3760,3.8999243,0.32790112,9.622282199294423e-05,0.0006412575053428087,0.08362203977030042
Acbp2,3.8996742,0.5585451,9.632224600197174e-05,0.0006415693205016577,0.05025864932846092
Svil,3.895419,0.18913946,9.802915157420538e-05,0.0006525818288028343,0.10056475724929999
Spase25,3.8913891,0.18796928,9.967193273988228e-05,0.0006631556703965203,0.12030753167861041
Ca-beta,3.8877642,0.046446417,0.00010117184290386332,0.0006727679177060502,0.25266954582127094
mRpS7,3.8858218,0.1420351,0.00010198424844487214,0.0006774310650106522,0.13307389302833278
X11L,3.8843765,0.0784195,0.00010259285378975796,0.0006811025571042265,0.17056618100707133
Rpt1,3.88274,0.11363,0.00010328594805660506,0.0006853306591518559,0.1618338000094917
CG5071,3.882091,0.2970116,0.00010356207157049586,0.000686788950148408,0.0817236960751744
CG1090,3.8776014,0.04474188,0.00010549141812432108,0.0006992033145825718,0.3619192254757724
nAChRbeta2,3.8764877,0.046759985,0.00010597510539326577,0.0007020274780644111,0.23107588628921266
Lam,3.8758507,0.12009518,0.00010625287252853705,0.0007034852054591732,0.13758245930425703
Haspin,3.8755472,0.019844694,0.00010638534566945251,0.0007039799013924846,0.25181529115846424
bchs,3.8735883,0.036497977,0.00010724448005540888,0.0007088953185441317,0.28271083479663994
Zif,3.8731503,0.28734952,0.00010743745701286694,0.0007097859964931356,0.08566275924256087
CG3860,3.8703547,0.12560777,0.00010867710926475187,0.0007175868281842149,0.1451283754923829
Blimp-1,3.8697016,0.026226684,0.00010896862021588748,0.0007191220962704127,0.2453134640026577
Ubr3,3.8689327,0.079208925,0.00010931278057013255,0.0007210029666500788,0.463006027241232
EloA,3.8552692,0.15404585,0.00011560235132042949,0.000761663275807954,0.10540553367187129
IntS6,3.8489645,0.11799652,0.000118618266967562,0.0007811118617329083,0.1328840586588202
CG10418,3.8449485,0.3861291,0.00012057774347495438,0.0007935864553003342,0.06900479331783019
nej,3.8444161,0.07908191,0.00012083982750657464,0.0007948821680937065,0.4625314413174505
Aldh-III,3.843203,0.22347808,0.00012143894463230754,0.0007983922848560931,0.09833420340752694
mask,3.8410788,0.06533366,0.00012249483191946974,0.0008049000033781222,0.43258506952683784
bon,3.8409452,0.11462512,0.00012256146718067347,0.0008049039458325586,0.15599639314697927
lncRNA:CR45919,3.8404627,0.13197224,0.00012280259375004607,0.0008060532122882669,0.14299273883536615
Pef,3.83968,0.042605374,0.00012319482497664752,0.0008081925304845838,0.1970006169617009
beat-Ia,3.8394332,0.07643477,0.00012331868962537195,0.0008085699342892192,0.1546200939680129
Cen,3.834933,0.22062115,0.000125598489708227,0.0008230752640073005,0.11000901713255185
Nedd8,3.8318465,0.12915707,0.00012718510261631902,0.0008330248338475619,0.1419011912106687
Grp170,3.8313901,0.065561414,0.00012742127003601608,0.0008341234481573577,0.18195624317782735
PAPLA1,3.8220277,0.16441254,0.00013235879665101855,0.0008659803394413661,0.11489725214750131
CG9119,3.820085,0.715326,0.00013340563826653957,0.0008718934717591693,0.050116273551326466
Nelf-E,3.8122065,0.22333139,0.00013773176849625317,0.000899685169453821,0.10175122205875374
x16,3.8065388,0.08712817,0.00014092517087144197,0.0009196851062662118,0.17009159508328983
Pi4KIIIalpha,3.806505,0.03763776,0.0001409444399462863,0.0009196851062662118,0.21522471643491053
sov,3.8061237,0.056668676,0.00014116180762715498,0.0009206106330483639,0.1775425940866594
Nol9,3.804947,0.64776766,0.00014183455824746588,0.0009245034387584822,0.047790802524797116
CG12237,3.8023615,0.10262897,0.00014332333849962806,0.0009337082698941563,0.1561387689241137
Hydr2,3.799692,0.31779203,0.00014487604412628826,0.0009433194988543417,0.08642209672061127
Octbeta3R,3.7989624,0.05345171,0.00014530311263509046,0.0009455951094015577,0.19671586540743202
Cyt-c1,3.7975743,0.11521477,0.00014611898089875628,0.0009503971495063715,0.5233733567462389
Amph,3.7950363,0.045218807,0.0001476218338068531,0.0009596600172115908,0.20758388306202838
Pp1-87B,3.794733,0.04344451,0.00014780244130056133,0.0009603219387060458,0.340610317497983
p24-1,3.7893982,0.19440591,0.00015101270449821528,0.0009806573548901151,0.12016515590147596
Nplp1,3.7873898,0.07483585,0.0001522382308820117,0.0009880893483604051,0.17573916757628968
AnxB9,3.7862616,0.5935897,0.00015293070799286007,0.0009920555613224967,0.05201461724645247
CG8924,3.783854,0.25787508,0.0001544183557946567,0.0010006407968001438,0.08039485548858621
CG44245,3.7827132,0.44510597,0.0001551281857409766,0.0010045631965455196,0.06530302311233449
Usp47,3.7826164,0.082153566,0.00015518848954756037,0.0010045631965455196,0.13948080299938304
CG14669,3.7704487,0.03376273,0.00016295430440658055,0.0010542728324903453,0.24578804992643918
Syx5,3.7631922,0.22863749,0.00016775817185072593,0.0010847768470496012,0.09491718475630012
lt,3.7597644,0.16127221,0.0001700734774509625,0.0010991652262193966,0.112903991267619
Lpin,3.7593732,0.04354746,0.0001703396459852032,0.0011003020375800964,0.24426937497033838
chm,3.7568395,0.32676658,0.00017207274383862294,0.001110908196318313,0.07076076123582174
DCP2,3.7516632,0.030247364,0.00017566533104014832,0.0011328029496957435,0.31488776042902566
Surf6,3.7515526,0.5211583,0.0001757429139285135,0.0011328029496957435,0.056190973375729675
CG10803,3.7493958,0.103432745,0.0001772610663189938,0.0011419847449060335,0.14674196763324
Sulf1,3.7486715,0.55529284,0.00017777376062253218,0.0011446827090480954,0.05462483982725072
wtrw,3.7470753,0.7377915,0.0001789084355565872,0.001151380634107308,0.041953395662284655
mod,3.7465234,0.118510045,0.000179302357227049,0.0011533068244013193,0.14308765602012244
CG8929,3.7454548,0.032281402,0.00018006732530585965,0.0011576163650596641,0.25010678183285084
bur,3.7442424,0.18605584,0.00018093893455584917,0.0011626065752774093,0.09548668786483792
EMC6,3.7406535,0.17580211,0.0001835424396896767,0.0011787138026224814,0.12087703478714822
Dip-B,3.7400165,0.73270357,0.0001840081187797263,0.0011810821273333775,0.046367044753452616
CG17839,3.7388988,0.0065919706,0.00018482816374799306,0.0011857213094338354,0.22500118646480946
snf,3.7372282,0.09942587,0.00018606005101169082,0.0011929962976230928,0.15314887760429025
Ndae1,3.735954,0.06689681,0.00018700480978933165,0.0011984235680978777,0.17768496986379384
Lamtor5,3.730438,0.08486091,0.0001911472063667546,0.0012243264836596804,0.15808457121161787
CG4467,3.7277806,0.12498024,0.00019317351853204403,0.0012366554713167462,0.5808931707085568
Rpn1,3.7220125,0.16540149,0.0001976412329455885,0.001264166686097898,0.10407669308528308
cwo,3.721965,0.10012503,0.0001976783742474849,0.001264166686097898,0.14147406387926534
Non2,3.7187076,0.07859997,0.00020024477912547844,0.001279907505380418,0.1901665796592473
Fmr1,3.718235,0.053296056,0.0002006196259471796,0.0012816313525525012,0.20706183854586874
CG3356,3.7079685,0.420328,0.00020892875611557948,0.0013333155017239782,0.05979782639646908
JIL-1,3.707537,0.02569965,0.00020928482435808305,0.0013348889189433147,0.3002230553841773
CrebA,3.7059474,0.8293859,0.00021060201281657996,0.0013425878317056973,0.04081438944520906
Vrp1,3.6996965,0.06987043,0.00021585736649972097,0.0013751308713991462,0.18926486640406245
speck,3.6996083,0.0776224,0.0002159324380882735,0.0013751308713991462,0.17986806511318873
Cdep,3.6988232,0.11022709,0.00021660134231965317,0.0013786703715583564,0.5368990555740116
nmd,3.6972837,0.13448933,0.0002179187994807584,0.0013863320703919437,0.13601632575577807
Nurf-38,3.6886888,0.06450212,0.0002254128335574671,0.0014325114850010255,0.191020834322054
path,3.6854365,0.19306575,0.00022831090882887637,0.0014498445262645355,0.09605619097337573
CG31706,3.6853616,0.37968853,0.00022837816805545231,0.0014498445262645355,0.05989274358122538
Idit,3.684384,0.018811848,0.00022925621764378293,0.0014546611331910828,0.2998433866451521
CG5282,3.6838672,0.07335366,0.0002297219590656318,0.0014568579391524379,0.18575293056807934
REPTOR-BP,3.6827016,0.05068824,0.00023077529046083866,0.0014627769190988884,0.21769256323857433
TMEM216,3.680717,0.29044017,0.00023257904659971845,0.001473443866426179,0.07280148070808219
Galphaq,3.6781979,0.026620695,0.0002348878101807559,0.001487297412100381,0.3454985525129325
temp,3.6777303,0.41004854,0.00023531849087427342,0.0014892508230874967,0.07370319396326705
scny,3.673998,0.12496927,0.000238784519572731,0.001510401924790876,0.11276161549048455
Agpat3,3.67271,0.10726042,0.00023999180349592442,0.0015172510854833104,0.14802334962745006
Pak,3.6542695,0.04352769,0.00025791531989371617,0.0016288755617536303,0.18603768212234825
CG1513,3.6512802,0.034571815,0.00026093628973955697,0.0016466046806276218,0.23909638840112002
CG14024,3.6512249,0.05030914,0.00026099271826832105,0.0016466046806276218,0.17293911062597883
CG15747,3.6494343,0.19067709,0.0002628184024264516,0.0016572651356316704,0.1033173556072327
lncRNA:CR45358,3.6490824,0.77196366,0.00026317864496498185,0.001658678647093156,0.04119405818423426
fry,3.6424735,0.105676554,0.00027003079160755326,0.001700984660932541,0.12192112381946751
l(3)mbt,3.6390538,0.24549879,0.0002736416949790307,0.0017228401963323373,0.08689668264439276
CdGAPr,3.6382077,0.20158134,0.0002745420600298198,0.0017273413690251749,0.09695790422856058
TSG101,3.6381156,0.23606712,0.00027464005030525794,0.0017273413690251749,0.08983911537183807
CadN,3.637354,0.108142816,0.00027545345626790485,0.001731563784656778,0.5350481704712639
CG14483,3.6361012,0.050684884,0.00027679545906588994,0.0017391030157495528,0.2029803996013478
CG9922,3.632363,0.21783902,0.000280837506437802,0.0017635900906596438,0.09577143941910683
CG42855,3.630004,0.93437576,0.00028341693591910853,0.0017788717981040239,0.03701770205495705
Eip63F-1,3.6291816,0.018316356,0.00028432108088974914,0.0017836282320973507,0.2264724028285321
jus,3.6229868,0.09086417,0.0002912206987801431,0.0018259717579378416,0.5378956860139529
VhaAC39-1,3.621125,0.05703205,0.00029332468525266215,0.0018382182974522876,0.37867210858525935
CG4896,3.6185808,0.09433272,0.00029622298518375273,0.0018554275264156023,0.15082340657776092
inc,3.618382,0.13212532,0.0002964507316654012,0.001855900343230393,0.1111005647572493
Dh31,3.616301,0.13819923,0.00029884286909207967,0.0018699156731844758,0.09823928622277063
dikar,3.6160626,0.03419045,0.00029911793826227056,0.001870676526156396,0.33809501210194104
Pgk,3.615718,0.07095955,0.0002995165294531884,0.001872208706412776,0.43419866166769494
CG7059,3.6142738,0.5606261,0.0003011906651301167,0.0018807443736019427,0.050543400882729815
rho-5,3.6132703,0.13048737,0.00030235923312946455,0.0018870745993932634,0.12059228323287931
CG32333,3.6121244,0.082328215,0.0003036987072119795,0.0018934954180086026,0.1489250628826349
SERCA,3.611103,0.09578483,0.0003048975687388137,0.0018999981929230063,0.13791466945090408
Galphai,3.60926,1.0122558,0.0003070717432600576,0.0019125689722007365,0.034075269327511745
EMC7,3.6078477,0.108166054,0.00030874776170532984,0.001922025774987878,0.15153528546343314
Ide,3.6068425,0.20295195,0.0003099455161739977,0.0019284971396859919,0.10374448293863604
Ptp4E,3.6067033,0.16109104,0.00031011195838408017,0.0019285482962977311,0.108158132029804
ova,3.6048787,0.1405881,0.0003122988120036045,0.0019406133705187523,0.11893123249964406
mgr,3.604819,0.1455166,0.00031237045146917646,0.0019406133705187523,0.13539936405486214
Prestin,3.603391,0.53785276,0.00031409264308765477,0.001950318505652279,0.05006881495894832
ths,3.6009955,0.03245885,0.00031700096427344794,0.0019673751290881147,0.2716055241801528
Rab10,3.599113,0.16458672,0.00031930457653689637,0.0019806633503349773,0.11086327179535856
Sod3,3.5988686,0.40971074,0.00031960447149179523,0.001981515210078073,0.05614351478335153
Sgip1,3.5978513,0.107985295,0.00032085702515782403,0.001988269588026801,0.13022637748564378
mRpL55,3.5949838,0.042719588,0.00032441175594172397,0.0020092758603524764,0.22533339661145652
CG4168,3.5948021,0.09857306,0.00032463818353848316,0.002009657094540666,0.12979925015424043
vib,3.5941207,0.036571436,0.0003254888348534253,0.0020139002071210155,0.3585971240093019
ksh,3.5937722,0.17013173,0.00032592483665546264,0.002015574750884543,0.10122917754259408
sei,3.5916424,0.14986658,0.00032860057289284364,0.0020310914721049043,0.1128090740828627
CG13921,3.5900135,0.14672008,0.00033066096417216424,0.002042790923616072,0.11219211238194675
CG31715,3.5873964,0.09657493,0.00033399640806987886,0.002062351680832702,0.1523420815338617
Pdi,3.585734,0.07187076,0.00033613153747812487,0.0020744847140865136,0.181529115846424
Alg-2,3.5827239,0.07612817,0.00034003006537905147,0.0020974830298103537,0.1868444781927768
zetaCOP,3.5802925,0.09988296,0.00034320982709876613,0.0021160265971203137,0.16705424517108822
CYLD,3.5787213,0.20868275,0.0003452795198693672,0.002127710853229382,0.08571021783493901
Eaat2,3.5780663,0.040067468,0.0003461456168899522,0.0021308933960967813,0.20345498552512933
Syx17,3.5752761,0.15328497,0.00034985847084162793,0.002152662746637356,0.11143277490389634
vig2,3.57351,0.061588172,0.0003522278238383703,0.0021661478026064056,0.19638365526078497
CG32547,3.569101,0.29745978,0.0003582082295100764,0.0022018154863834194,0.0758388306202838
mod(mdg4),3.5674758,0.027533304,0.00036043670418456824,0.002214396666988761,0.20563808077452422
CG10527,3.5667856,0.24353236,0.00036138696562917064,0.002219116233780333,0.08741872716055242
Got2,3.5646245,0.17555477,0.0003643774638084835,0.002236352923646327,0.09306629965355227
Mkk4,3.5616188,0.029817043,0.0003685752711000252,0.0022609783489875223,0.23468273930995207
Sms,3.560157,0.067340024,0.00037063295641296616,0.0022724572966386545,0.16619999050828152
CG42673,3.5584273,0.1698534,0.0003730818869914715,0.002286322333101582,0.11000901713255185
Cdc7,3.5545785,0.4297042,0.0003785854486895011,0.0023188834342092106,0.05956053343457833
CG42788,3.5525362,0.0275757,0.00038153647457842975,0.0023347625980608415,0.215367092212045
pns,3.5525193,0.15606889,0.0003815610054423822,0.0023347625980608415,0.10915476246974515
Pdzd8,3.55189,0.19142681,0.00038247502926167784,0.0023391812000354197,0.09942575103222438
pxb,3.5470576,0.21783446,0.0003895593503497181,0.002381313400909084,0.08950690522519102
CG2186,3.5463626,0.07542857,0.00039058827897094496,0.002386406281893157,0.1547150111527692
Ssb-c31a,3.5445557,0.05701418,0.0003932753906973029,0.0024016201088223575,0.19401072564187746
Fer1,3.5129259,0.40963024,0.0004432009868503382,0.002705146133559726,0.05903848891841868
CG4409,3.509158,0.30975866,0.00044952782963387995,0.0027423897474511323,0.06848274880167055
Gapdh2,3.507354,0.12170896,0.00045258670708440437,0.002759669521086446,0.5704522803853638
Lamp1,3.506994,0.033728063,0.0004531994310793792,0.002762023932713277,0.3506715390821508
Rap2l,3.5059264,0.06673426,0.0004550208777120554,0.002771738869781231,0.20326515115561672
zyd,3.5047097,0.75176615,0.00045710539372630543,0.0027830457762886797,0.038726211380570454
RpL22,3.5029714,0.114366,0.00046009864474009317,0.0027998713832935577,0.11399553889231645
Grx5,3.4969347,0.058646195,0.0004706369417845999,0.0028625716983096245,0.20392957144891083
BuGZ,3.4967318,0.017050765,0.0004709951606395439,0.0028633217022620452,0.25390346922310286
prd1,3.4881444,0.036986865,0.00048638511911883615,0.0029554078848153006,0.22680461297517915
Ufc1,3.4845486,0.14099517,0.0004929678817504907,0.002993914056131904,0.1260025627639884
mRpL40,3.4835749,0.13514811,0.0004947646315014421,0.0030033297277744413,0.11945327701580372
kuk,3.4817533,0.11097526,0.0004981424827320155,0.0030223288810455632,0.12595510417161027
CG10395,3.4763935,0.010537987,0.000508206147914647,0.0030818531029510607,0.20525841203549902
Ykt6,3.4751608,0.22048914,0.0005105471099470137,0.0030945095589975883,0.09686298704380428
Nep1,3.4746428,0.4527621,0.0005115341216005888,0.003098950998106151,0.06397418252574628
CG6180,3.4737146,0.12668614,0.0005133066447407377,0.0031081444077222316,0.12804328223624886
SCAR,3.4709435,0.03614253,0.0005186330571862124,0.00313883730588021,0.18945470077357507
Den1,3.4679577,0.088118024,0.0005244298683823517,0.003172345243529769,0.1731764035878696
CG18135,3.4666173,0.026682468,0.0005270515954470473,0.0031866229647341563,0.21251957666935598
CG31323,3.4651098,0.21766046,0.0005300151826765426,0.0032029524351236383,0.08485596317213231
Rpn6,3.4605732,0.13742234,0.0005390266168029629,0.0032557955561007506,0.1125243225285938
galla-1,3.460053,0.15447213,0.0005400692650508407,0.0032604775986650306,0.1106259788334678
CG15894,3.4565542,0.028478744,0.0005471293776868356,0.003301465338923188,0.17369844810402923
Snx17,3.455698,0.10846294,0.0005488697927155872,0.0033103285024296348,0.1433249489820132
RhoBTB,3.4546692,0.15385954,0.0005509684041366199,0.003321342175084698,0.10545299226424944
CG9257,3.4542015,0.22709827,0.0005519249240603312,0.0033253845764692016,0.09524939490294718
Ugp,3.4540746,0.2991367,0.000552184624068723,0.0033253845764692016,0.07156755730625029
Start1,3.4516337,0.40626103,0.0005572036205926797,0.003352297596941843,0.053960419533956624
mRpS26,3.4506404,0.097206526,0.000559257984678768,0.0033629973237540712,0.15675573062502965
CG17272,3.4500504,0.09257185,0.0005604820770708298,0.0033686962709153574,0.14612500593232405
CG5191,3.449595,0.2602021,0.0005614279721768122,0.003372718360208558,0.08181861325993071
CG13408,3.4491248,0.29182634,0.0005624067546275025,0.0033769339567264176,0.077167671206872
CG8635,3.4451666,0.12566517,0.0005707073309501303,0.0034248734194637386,0.11760239191305585
Lsm12a,3.4450505,0.055395562,0.0005709527269136367,0.0034248734194637386,0.21095344312087702
Ack-like,3.4427924,0.07387369,0.0005757411923257844,0.0034518983734672824,0.13653837027193774
lncRNA:CR30055,3.4412053,0.014662263,0.0005791289549202014,0.003470502867021797,0.19595652792938162
GramD1B,3.4378176,0.037438482,0.0005864227120379066,0.0035124847356412985,0.19999050828152437
Slik,3.4294584,0.025702,0.0006047874403686672,0.0036207043765489606,0.1695695505671302
Sar1,3.4241915,0.034738485,0.0006166315678513407,0.003689799794079525,0.26007308623226233
CG17528,3.4229772,0.068252034,0.0006193925361946493,0.0037045022687323746,0.1469318020027526
Upf1,3.418295,0.24514663,0.000630148144997355,0.003766981726028818,0.07873380475535095
CG32276,3.4177275,0.046999604,0.0006314631575740972,0.003772992366505231,0.2548051824782877
fred,3.416596,0.00071005116,0.0006340931373399486,0.0037868501964902664,0.23753025485264107
caup,3.4152126,0.72225755,0.0006373224458297403,0.0038042719354645957,0.04465853542783921
Dh44-R2,3.4092362,0.55016685,0.0006514506520473262,0.0038867019078829466,0.04916710170376347
GABA-B-R2,3.4083204,0.032582514,0.0006536406830713614,0.003897860218178485,0.21204499074557448
Ubc10,3.4037237,0.06416089,0.0006647395398730806,0.003960171188422766,0.16102700393906316
bc10,3.401501,0.0673279,0.0006701691423341251,0.003990567501666171,0.1538607564899625
Teh1,3.4011886,0.011973161,0.0006709350055190026,0.003993177139780821,0.2683308813060605
CG3625,3.3987691,0.03837501,0.0006768983204679093,0.004024738355211388,0.3008874756774714
qtc,3.3942945,0.038176507,0.0006880568480756835,0.004089090649046566,0.28119215984053914
CG4911,3.3939815,0.013077625,0.0006888435453381215,0.004091770942556708,0.21361112429405343
mab-21,3.393406,0.4838117,0.0006902924746478155,0.004096385089329223,0.056380807745242276
snz,3.3918333,0.21010086,0.0006942667260208631,0.004117964536967543,0.09078828721940108
SelG,3.389181,0.1558719,0.0007010173589867422,0.004155982776599903,0.1061648711499217
lncRNA:CR46348,3.3862958,0.15052117,0.0007084296474715832,0.0041978847705547535,0.1109107303877367
kra,3.3858054,0.08064833,0.0007096971269228553,0.004203351933946883,0.48777941246262635
vir-1,3.3788416,0.3260419,0.0007279195556777646,0.004309184781037529,0.06573015044373784
hyd,3.3779163,0.0974083,0.0007303729341579702,0.004321609560413349,0.13312135162071093
MBD-like,3.3767679,0.14887685,0.000733428888898102,0.004337585990673927,0.10981918276303924
CG14764,3.3762562,0.18880063,0.0007347948282084762,0.004343556819123723,0.09415784727824973
Pde1c,3.3749526,0.038916174,0.0007382841382367678,0.004362067552577781,0.4181101988515021
ZnT49B,3.3730316,0.16136122,0.0007434541301244563,0.004390485655080909,0.10649708129656875
CG3918,3.3694189,0.21706648,0.0007532687540090384,0.0044462919334703,0.07745242276114091
CG1265,3.366051,0.18210563,0.000762526311801616,0.004498757606268102,0.1067343742584595
axed,3.365255,0.11426718,0.0007647289721303453,0.004509570121575606,0.12837549238289592
PTP-ER,3.3648043,0.053674422,0.0007659794949287709,0.004514760185535197,0.15205732997959281
mRpS16,3.363763,0.083997175,0.0007688754031158447,0.004529638612169662,0.145792795785677
CG7407,3.36306,0.040665127,0.000770836294529137,0.00453899690532157,0.2502491576099853
CG16953,3.360059,0.11275122,0.0007792582920596894,0.004586373405077525,0.12510084950880357
CG9121,3.3523984,0.09008388,0.0008011464402411144,0.004710648316497319,0.12951449859997152
Pep,3.3495474,0.07391257,0.0008094367801874115,0.004757099765527656,0.4664230458924588
eIF5B,3.345446,0.016922021,0.0008215035523623749,0.004825690023973489,0.31844715485738695
dve,3.3443933,0.6951865,0.0008246276464837849,0.004841708276970546,0.04437378387357031
Rab14,3.3418534,0.05055207,0.00083220996342042,0.004883874455527925,0.42019837691614065
CG31705,3.3415978,0.3673876,0.0008329764860521464,0.004886020398695675,0.05922832328793128
Gdh,3.341385,0.04407811,0.0008336155711173022,0.004887417121860893,0.3827060889374021
CG32772,3.337236,0.020849625,0.000846160602280336,0.004956199702640565,0.22443168335627164
hpRNA:CR18854,3.336117,0.0054505654,0.0008495738242469482,0.00497380179814892,0.2608798823026909
CG9346,3.3357038,0.16333511,0.0008508378000818785,0.004978810343349984,0.09691044563618242
Tret1,3.3337107,1.0285553,0.0008569572901373397,0.005012213248312876,0.034170186512268046
RhoGAP68F,3.3319142,0.13362648,0.0008625088200006678,0.0050422637923204505,0.11171752645816525
eEF2,3.3314893,0.08438894,0.0008638260087268614,0.005047543250417888,0.4978406340467942
hfp,3.3311408,0.09966295,0.0008649085233650305,0.005051447049015984,0.5413127046651797
lncRNA:CR44831,3.3294883,1.2427616,0.0008700573271253972,0.005079084655331162,0.027478524986948888
Surf4,3.327562,0.11971527,0.0008760943967275298,0.005111878698761063,0.1425656115039628
Atg3,3.3270373,0.1093931,0.0008777458075056361,0.0051190639462613385,0.13245693132741682
kek2,3.319703,0.045886397,0.0009011326557006405,0.0052529440173769044,0.4312087703478715
twz,3.3103034,0.20675386,0.0009319487760771654,0.005429982615489755,0.09577143941910683
Trxr1,3.3045096,0.058053743,0.0009514267334779929,0.005538175957193531,0.16368468511223958
CG13893,3.3035364,0.2134604,0.0009547357816815055,0.005554784936952683,0.08566275924256087
CG14982,3.301467,0.030717818,0.0009618068731192242,0.00559325571395526,0.17023397086042427
side-II,3.301243,0.04312482,0.0009625749298604944,0.005593558897040759,0.44549380665369465
CG10555,3.3011842,0.06552974,0.0009627768123711142,0.005593558897040759,0.12956195719234967
Syx16,3.298767,0.14015034,0.0009711043739654072,0.005639252603270295,0.1305111290399127
Ddc,3.2980678,0.02884618,0.0009735264980652572,0.005650625945198771,0.3910113426035784
dpr16,3.2893014,0.22971728,0.0010043641019476927,0.005824069476042067,0.08025247971145176
CG4789,3.2865171,0.08490778,0.0010143463101876108,0.005879157001843456,0.14251815291158465
CG14853,3.284941,0.0131096635,0.001020037189144666,0.0059093314156294366,0.23957097432490151
PolrMT,3.2817926,0.27496582,0.0010314942523588725,0.005972866243231495,0.07398794551753594
Kaz,3.275971,0.26717982,0.0010529937907062022,0.006094464062164244,0.078116843054435
CG31663,3.273426,0.751454,0.001062521984899303,0.00614669220405202,0.0353566513217218
Snrnp48,3.2638721,0.4669262,0.001099007853557383,0.006354747024198738,0.05410279531109107
Motor,3.255013,0.009900988,0.001133871544143037,0.006551531299781897,0.3090503535665132
Dif,3.254952,0.3904062,0.0011341152713544838,0.006551531299781897,0.057614731147074175
RhoGAP1A,3.2501574,0.099454775,0.0011534116124048662,0.00665984563884553,0.12467372217740022
sip3,3.2489877,0.27356613,0.0011581649776370784,0.006684125432016264,0.0759337478050401
dpr11,3.2483149,0.0031183902,0.0011609077419014104,0.00669678394038632,0.2809548668786484
CG9344,3.24274,0.308996,0.0011838626659663835,0.006825970688488291,0.07294385648521665
Ufm1,3.2387798,0.23174219,0.001200421720956069,0.006918175109566679,0.08737126856817427
CG4615,3.2382019,0.42837062,0.0012028567403713291,0.006928932329104976,0.05206207583883062
XNP,3.2355132,0.015732465,0.0012142430756970713,0.006991218162338971,0.24896777561577524
Ube3a,3.2344913,0.38542518,0.001218596616529537,0.0070129717464015705,0.05666555929951118
Toll-7,3.2325053,0.06453795,0.0012270990106003172,0.00705857000481702,0.11916852546153481
bru1,3.2323246,0.11257377,0.0012278746660945087,0.007059700143880173,0.108158132029804
Chd1,3.230119,-0.0004728428,0.0012373866079984355,0.007111035061241363,0.20188885197665038
CG34150,3.2262857,0.09965822,0.0012540811975747114,0.0072035795085947955,0.12467372217740022
HP1b,3.2246537,0.1563594,0.0012612511205921234,0.007241351817662455,0.09187983484409852
Lerp,3.2188728,0.06502646,0.0012869551682205035,0.007385450350960319,0.12567035261734136
CG15019,3.2167237,0.23658963,0.0012966345020385321,0.0074339971520920355,0.08181861325993071
Epac,3.206115,0.003504666,0.0013454020038256753,0.007709969452106797,0.2866498979640264
Glyp,3.2023242,0.051859476,0.001363234610256598,0.007806237272400661,0.17697309097812158
puf,3.202272,0.060327742,0.0013634817583838713,0.007806237272400661,0.14413174505244175
Syn1,3.2018723,0.021088026,0.0013653750294246418,0.007813406682468056,0.2261876512742632
CG6686,3.1992836,0.068523586,0.001377695702368911,0.007880212536919125,0.12680935883441696
PXo,3.1979399,0.1774916,0.001384130896045759,0.00791330745398769,0.09458497460965308
scu,3.197596,0.36072588,0.0013857820071644538,0.007919032763866633,0.06017749513549428
CG14200,3.1956737,0.10699828,0.0013950476216556052,0.007968245295389021,0.10464619619382089
SelR,3.1947048,0.016153868,0.0013997392689229216,0.00799129833672201,0.28498884723079115
eas,3.193076,0.041524004,0.0014076597375177434,0.008032754934739596,0.16325755778083623
CG10631,3.1929324,0.06766219,0.0014083590002417715,0.008032984489446398,0.1480708082198282
AnxB11,3.1923966,0.672202,0.0014109742082993126,0.008044136868550197,0.039817759005267905
Gadd45,3.1921532,0.28246436,0.0014121639284213968,0.008047155737974945,0.07114042997484694
His3.3B,3.1917095,0.21151122,0.001414335481699521,0.008054861695668864,0.8460443263252811
CG11790,3.1916068,0.29371372,0.0014148378776295872,0.008054861695668864,0.072421811969057
Rab7,3.1907802,0.032053605,0.0014188918639933923,0.008074170368914781,0.20350244411750748
lncRNA:CR42549,3.1880102,0.3401595,0.0014325548842872968,0.008148115485103994,0.056380807745242276
YL-1,3.1874888,0.17206226,0.0014351403137464172,0.008159013658701064,0.08794077167671206
mRpL2,3.1848857,0.08188475,0.001448111859100289,0.008228920955978285,0.13065350481704713
HPS1,3.1844625,0.22397847,0.0014502311342666958,0.00823712362328833,0.08485596317213231
CG16974,3.1840987,0.04670463,0.0014520544104473588,0.008241108905127557,0.15950832898296236
Pect,3.184053,0.0089538125,0.001452285005186151,0.008241108905127557,0.27013430781643016
mRpL52,3.1831417,0.101624876,0.0014568632874594905,0.008263241791923559,0.1398130131460301
dsh,3.1806004,0.46413085,0.001469702227451232,0.008332186256001427,0.047695885340040815
CG5554,3.1799643,0.06417809,0.0014729324186220506,0.008346617038858285,0.13563665701675287
aux,3.177988,0.22413148,0.001483008321734486,0.008398047834668285,0.0815338617056618
CG15628,3.1779141,0.10796165,0.0014833864129986723,0.008398047834668285,0.5544587347539272
CG3078,3.1771188,0.11084211,0.0014874607508828781,0.0084172047783247,0.11546675525603911
Ddr,3.1660652,0.13994192,0.0015451609621543177,0.00873965984579999,0.09676806985904798
Ankrd11,3.1644702,0.12869893,0.0015536559125179593,0.00878363261488006,0.10009017132551848
stmA,3.1641474,0.018459382,0.001555380493192019,0.008789305902418878,0.3405154003132267
Scgalpha,3.1610713,0.138177,0.0015718997773022747,0.008878538640193431,0.1114802334962745
Afti,3.1585815,0.06966493,0.0015853893488811104,0.008950583961793357,0.13231455555028238
SmE,3.1557686,0.107261196,0.001600758293519674,0.009028987894359698,0.13127046651796306
CG42404,3.1523397,0.028799133,0.001619677776859991,0.009131476605988174,0.17303402781073512
jing,3.151573,0.0577872,0.0016239360870108804,0.009151251486165335,0.13013146030088749
CG17385,3.1508298,0.08257204,0.0016280735184134563,0.00917032722548134,0.1503488206539794
Smg6,3.1462998,0.16693927,0.0016535037236057905,0.009309264151053572,0.08846281619287172
Men-b,3.146091,0.0066558886,0.0016546850179216535,0.009311613888941382,0.27625646623321154
PheRS-m,3.145492,0.15406999,0.001658077228508405,0.009326397479598039,0.11276161549048455
Droj2,3.145089,0.02664359,0.0016603631255810488,0.009334947480492345,0.3622039770300413
CG5079,3.1437078,0.13523032,0.0016682189247146347,0.009374790444143237,0.10113426035783779
CG32225,3.1428473,0.1858022,0.0016731303861342727,0.009398058191977258,0.10028000569503108
stj,3.1423502,0.009230033,0.0016759741794584579,0.009409695657954466,0.2825684590195055
Hs3st-A,3.1418972,0.1346095,0.0016785694366155087,0.00941992765327184,0.6621422808599496
CG8248,3.1407714,0.10764182,0.0016850356829806637,0.009451863755108748,0.14650467467134926
gb,3.140611,0.80335563,0.0016859582770651054,0.009452688794455643,0.0341227279198899
mPges2,3.1394482,0.16542505,0.0016926631177415486,0.009485917582598499,0.09591381519624127
lncRNA:CR45223,3.1378193,0.23229934,0.0017020979377928372,0.009534407979667689,0.062218214607754736
c11.1,3.1296031,0.26288354,0.0017504267213267442,0.00980062071945415,0.0696692136111243
CG12155,3.1288052,0.3114233,0.0017551869029634533,0.00982276086327894,0.06316738645531773
CG5098,3.1285787,0.13783298,0.0017565403475138445,0.009825823908144219,0.10046984006454368
vkg,3.1260617,0.8438327,0.0017716445469497224,0.009905768524206498,0.033553224811352096
Tsr1,3.12584,0.6777689,0.0017729808347860406,0.009908694816692824,0.0390584215272175
CG13229,3.1255662,0.42721587,0.0017746308647969623,0.00991337104079293,0.05144511413791467
GstD1,3.1244528,0.1101741,0.001781360883684486,0.009943444037678965,0.1130938256371316
drpr,3.1244059,0.101793244,0.0017816458920576635,0.009943444037678965,0.12790090645911442
mRpS22,3.1238387,0.18956132,0.001785082647949542,0.00995806516972859,0.09434768164776233
raptor,3.1201484,0.016727908,0.0018075998428569173,0.010079064265591475,0.1860851407147264
CG2182,3.1189463,0.032684393,0.0018149904833794882,0.010115646548656872,0.17398319965829814
Efa6,3.1172466,0.008494668,0.0018254874168522068,0.010169500056678039,0.23306914716909496
Naprt,3.1165147,0.20425075,0.001830026305641981,0.01019012820441759,0.0831474538465189
comm,3.1157684,0.11019036,0.0018346624900514045,0.010211279037094324,0.09192729343647667
Vav,3.1141784,0.15892774,0.001844578686002062,0.010261784392368386,0.09430022305538417
CG12056,3.113996,0.3994384,0.0018457193018061211,0.010263445515380843,0.06008257795073798
Lsd-2,3.1135497,0.92169064,0.001848513785625102,0.01027429755266045,0.033790517773242844
CngA,3.1086414,0.663807,0.0018794966703135534,0.010441743352074706,0.039438090266242704
CG4645,3.1069732,0.22825798,0.0018901359359897972,0.010496066935662705,0.0767880024678468
CG13409,3.1059346,0.21532756,0.0018967861184061624,0.010523407372440926,0.08618480375872052
CAH7,3.1042795,0.24469526,0.0019074298686622792,0.010577644526444278,0.06278771771629253
CG6282,3.1039002,0.066357754,0.001909878010459557,0.010586404306271734,0.12623985572587917
Mtl,3.1006153,0.24260096,0.0019311900506914696,0.010699670694490146,0.07152009871387215
sigmar,3.0972953,0.11917059,0.001952952831114208,0.01081533033096369,0.1101513929096863
CG9143,3.096585,0.36560023,0.0019576362876556996,0.0108363436467917,0.05358075079493142
Setd3,3.0963035,0.34699196,0.0019594970024054467,0.01084171991026781,0.05937069906506573
CG14683,3.0930374,0.3252832,0.0019811914296370492,0.010956779644213245,0.0692895448720991
CG14073,3.091098,0.018677648,0.001994177358219128,0.01102359538291744,0.1915903374305918
Nt5a,3.0884326,0.20568445,0.0020121537379874863,0.011117924710938108,0.07702529542973756
Adk2,3.0879593,0.16225402,0.0020153607975192007,0.011130599347966261,0.09776470029898914
Gp93,3.0844374,0.20898558,0.002039375847305748,0.011253034043825152,0.07887618053248541
mRpL49,3.0840092,0.10669295,0.0020423121852316066,0.011264137206238938,0.12116178634141711
l(2)05714,3.0795197,0.37578595,0.0020733455078730044,0.011430125913823632,0.05775710692420863
Psa,3.0715835,0.22637467,0.0021292663213136947,0.01172780261658049,0.07892363912486355
tutl,3.0702372,0.16924243,0.002138887908503292,0.011770160143000735,0.6994447344691757
CG11360,3.0699127,0.012738896,0.002141214507324,0.01177764604231599,0.33458307626595796
Ythdc1,3.0681248,0.01690459,0.0021540669097318207,0.011842995743221094,0.29542973755398416
RabGGTb,3.0668392,0.16952951,0.00216335204456493,0.011888682629036038,0.09823928622277063
CG14621,3.0661438,0.5819285,0.002168389687533838,0.011910996800968883,0.04228560580893171
CG18428,3.0658202,0.04202672,0.0021707376811143865,0.011918523241037505,0.17863414171135683
Inx2,3.064281,0.33198765,0.002181938604802244,0.011974628389884985,0.049119643111385315
Arl6IP1,3.0633276,0.035995595,0.0021889035172120755,0.0119984466665344,0.37867210858525935
mAChR-B,3.0632827,0.12755994,0.0021892317160039794,0.0119984466665344,0.09814436903801434
eRF1,3.062403,0.1389387,0.0021956756831477318,0.012028355461522562,0.09586635660386313
Uck,3.0603952,0.14716637,0.002210449922609609,0.012103851799949923,0.09335105120782118
MRP,3.0587106,0.108589716,0.002222918628990395,0.012166661503710787,0.09876133073893029
und,3.0543954,0.08776688,0.002255146831318177,0.012331980586333448,0.12168383085757677
lncRNA:CR45312,3.0522063,-0.010163447,0.002271658897852827,0.012411138640039492,0.2347301979023302
CG9368,3.0485406,0.025537765,0.002299558523773771,0.012557938551200042,0.21764510464619619
Syp,3.0471303,0.12862007,0.0023103746372632075,0.012611355330766339,0.6383180674861184
dock,3.0469918,0.051397797,0.002311440427760286,0.012611525234543477,0.15011152769208866
Sln,3.043142,0.114319146,0.0023412170826405997,0.012768275176870814,0.1035071899767453
Snx6,3.0412793,0.112766325,0.0023557519026078297,0.012841797826872467,0.11385316311518201
SelT,3.039254,0.033878185,0.0023716485764701174,0.012922675234060913,0.1807697783683736
Vps60,3.0388436,0.07349607,0.00237488141238682,0.012934508282208646,0.12809074082862704
Iswi,3.0339136,0.16384757,0.002414035518548809,0.013141884294591975,0.09615110815813203
Ripalpha,3.0312521,0.20887482,0.0024354182886663724,0.013252372107390364,0.072421811969057
RhoGEF2,3.028684,0.110450365,0.0024562148662534665,0.013359572960626283,0.08623226235109867
cerv,3.0281992,0.3306442,0.002460157715492941,0.013375050131196903,0.061126666983057285
CG10226,3.0274808,0.9728857,0.0024660138427521796,0.013400910713021097,0.02932941008969674
CG43707,3.0256727,0.007268199,0.002480806541149922,0.013475290075791622,0.18461392435100374
Prp6,3.0247037,0.2832336,0.0024887672569809637,0.013510500322882828,0.05965545061933463
CG8726,3.024614,0.005139166,0.0024895055972758086,0.013510500322882828,0.25732048787432965
CG42750,3.023606,0.0390148,0.002497813602909207,0.01354955496477985,0.4426462911110057
spri,3.0217643,0.21683931,0.002513061504536997,0.013626204038612746,0.08205590622182146
Tudor-SN,3.021217,0.1668195,0.002517607503249005,0.013644783395776844,0.08139148592852737
Tpr2,3.018445,0.01885248,0.0025407557695998643,0.013764120922512332,0.23691329315172513
Kank,3.016426,0.011565242,0.00255773495920133,0.013849947320171039,0.2082483033553225
sw,3.0151267,0.1716855,0.002568719563790901,0.013903251670980148,0.08438137724835082
MTA1-like,3.0125906,0.0921148,0.002590281603348473,0.014013733894014441,0.10981918276303924
CadN2,3.0121129,0.045178678,0.0025943611297091127,0.014029577555467779,0.1583218641735086
SsRbeta,3.0118394,0.17237791,0.0025967003163802787,0.0140360000693389,0.09543922927245978
Pde8,3.0068052,0.07189592,0.0026400882476203106,0.014264200199576227,0.13554173983199658
rogdi,3.005429,0.15439276,0.002652065815424514,0.014322565451577049,0.09781215889136728
Dic1,3.00477,0.078956224,0.002657817763598491,0.014347272241143492,0.13307389302833278
SP1029,3.0039184,0.29214093,0.0026652685335801247,0.014381123574948269,0.06017749513549428
CG2818,3.0026436,0.37331462,0.002676457851738025,0.014435108298599463,0.054862132789141475
CG10600,3.0019894,0.00791786,0.0026822160071336442,0.014459765993344533,0.16548811162260926
CG4049,3.0003405,0.17532665,0.002696779800545508,0.014531851896042971,0.07939822504864506
Dip-C,2.9966228,0.261377,0.002729882040346417,0.014703726111260485,0.07118788856722509
CG16985,2.9918234,0.49434304,0.0027731659227087173,0.01493026476673876,0.048312847040956765
CG30022,2.9908943,0.42390633,0.0027816182069498336,0.014969158642168441,0.04565516586778036
shn,2.9854076,0.091524564,0.002832007270290255,0.015226989689265237,0.10521569930235869
nAChRalpha1,2.9854054,0.05129483,0.002832027699201271,0.015226989689265237,0.4613449765079968
Dlip3,2.983716,0.1094447,0.0028477089881434915,0.015304552405855829,0.10507332352522424
Uba1,2.983012,0.030225743,0.002854269082266062,0.01532841102515927,0.19059370699065065
CG5196,2.9829695,0.4459178,0.0028546634692847277,0.01532841102515927,0.046604337715343364
Dp1,2.9823809,0.04940382,0.0028601591925958877,0.015351158255636845,0.1452232926771392
atl,2.9796524,0.08224766,0.0028857560297231807,0.01548172546051754,0.10602249537278724
Pisd,2.9762223,0.33438456,0.002918231541588453,0.01564906478681111,0.05533671871292298
Slip1,2.9753394,0.010383718,0.002926644447169607,0.015687277557849752,0.20198376916140667
scrib,2.9751115,-0.0024630844,0.0029288204687458195,0.015687308593265812,0.2117602391913056
mRpL42,2.9750693,0.09764393,0.0029292242479508567,0.015687308593265812,0.1111005647572493
Rpn9,2.966265,0.13303344,0.0030144059912944284,0.016129321610135115,0.1153718380712828
CG7991,2.9651244,0.23270907,0.0030256057519742513,0.01618214502449063,0.07541170328888046
CG42663,2.963501,0.11175067,0.0030416115561631182,0.016260615464066777,0.08912723648616581
SMSr,2.9605083,0.26426083,0.003071316959047459,0.01641222376757101,0.06179108727635138
CG8209,2.958994,0.21955745,0.003086452795649351,0.016485877794114784,0.07560153765839306
Snoo,2.9550002,-0.019593187,0.00312668973701518,0.016693482787769616,0.2657681173176404
CG14562,2.9530046,0.20316572,0.003146973901500152,0.016794424205510222,0.07778463290778795
Sec61alpha,2.949502,0.16426286,0.0031828651496237544,0.016978530988518137,0.08993403255659436
Uev1A,2.9483478,0.0117854765,0.0031947747309719297,0.017034605947426444,0.20383465426415454
ND-B17.2,2.9442017,0.077721365,0.0032378885432724864,0.01725694073194068,0.49608466612880264
Rpn7,2.9439957,0.2555003,0.003240043649772605,0.017260879391205543,0.06867258317118315
Got1,2.9435663,0.065988906,0.003244542792504707,0.017277296678829126,0.1417113568411561
Spase12,2.938664,0.07241065,0.003296302558502952,0.017544670735952825,0.13516207109297138
PIP4K,2.938539,0.005846483,0.0032976323452348776,0.017544670735952825,0.3382848464714537
CG34125,2.9369555,0.04285701,0.0033145160379115615,0.017626804531458998,0.19714299273883537
Tango11,2.9310439,0.06984006,0.003378251504240499,0.017957918702654792,0.13032129467040007
SCCRO,2.9290097,0.07117582,0.0034004392461378734,0.01806203363650681,0.1451283754923829
asRNA:CR45621,2.9269316,0.5696037,0.0034232411807991144,0.018173295624024567,0.04313986047173841
shv,2.9228978,0.32223243,0.0034679032156307637,0.01840238236627052,0.06231313179251104
Dark,2.9181168,0.21551192,0.0035215245186037045,0.018670666532083754,0.0710929713824688
Cul2,2.9155886,0.07982754,0.0035501814726889972,0.018814418248089645,0.12220587537373641
Wnt5,2.913883,0.21114555,0.0035696378477412766,0.01890930713868684,0.08044231408096436
Ar1,2.913585,0.1710836,0.0035730449891456066,0.018919133524194526,0.07873380475535095
gek,2.9133685,0.14125289,0.0035755243851727713,0.01892404113368255,0.08457121161786342
CG4297,2.9118645,0.07152496,0.003592784455411621,0.01900713963846018,0.12453134640026577
U4-U6-60K,2.911459,0.16127111,0.003597452145408473,0.01902357665960255,0.08741872716055242
CG17029,2.9106157,0.22729704,0.0036071733498591802,0.01906671117148029,0.08082198281998956
Hsf,2.9056392,0.037251417,0.003665039215422978,0.0193641798859084,0.15049119643111386
Idh3g,2.9026687,0.020856524,0.0036999784230318847,0.019540310657857732,0.35703099046082293
Sox21b,2.8984454,0.092451565,0.0037501751152337775,0.019790837440007404,0.09681552845142613
Tim17b,2.8984046,0.023350565,0.0037506632608431453,0.019790837440007404,0.40662521949598973
Tango10,2.896032,0.07109918,0.003779136711925938,0.01992383104743307,0.11988040434720706
Gucy2d,2.8950286,0.041773506,0.0037912391247546303,0.019974010043853158,0.15153528546343314
CG18598,2.8949714,0.36727947,0.003791932007668899,0.019974010043853158,0.06577760903611599
CG14411,2.8938663,0.09670602,0.003805301364635771,0.02003577465811897,0.1143277490389635
CG42239,2.8923066,0.587826,0.0038242470957934706,0.02012683413239491,0.041146599591856105
GILT1,2.8898876,0.6890139,0.0038537954760236217,0.020273592169724613,0.0383940012339234
CG16952,2.8888445,0.07918769,0.003866603180759133,0.02033219420633006,0.11684305443500546
Pax,2.885851,0.32666847,0.0039035708979268495,0.020517734228042418,0.05932324047268758
CG42709,2.88062,0.35853073,0.003968936970562892,0.020843331639031064,0.054672298419628874
mRpL24,2.8785746,0.08910242,0.0039947690197607725,0.02096995675360209,0.14735892933415595
vap,2.8776906,0.14173976,0.004005979267451231,0.021019750878589347,0.08708651701390537
CG10576,2.8667996,0.090241425,0.00414645571393061,0.021747482227667904,0.10426652745479568
TfIIA-L,2.8651032,0.10186075,0.00416873278690798,0.021854917823493063,0.10398177590052679
CG4686,2.8627048,0.041998316,0.004200418967579219,0.022011567839992734,0.18613259930710455
CG9646,2.8611887,0.012020356,0.0042205594131279585,0.022107605795709792,0.3012671444164966
Cep162,2.8589334,0.21587911,0.004250680595249868,0.022255818632087903,0.0712828057519814
DENR,2.8569293,0.10260638,0.00427761079953454,0.022387203965447192,0.1108158132029804
Duba,2.8543744,0.058804676,0.004312167429969037,0.022558372877207123,0.11912106686915666
pdgy,2.8497496,0.8209102,0.004375364919996528,0.022879160450380815,0.03208200844762944
Map205,2.8433459,0.024081096,0.004464258890810826,0.023333984399696892,0.16178634141711357
mle,2.8424265,0.004534033,0.004477153473317172,0.023391351772937427,0.18575293056807934
CG14186,2.839885,0.008326422,0.004512980238411963,0.023568430216796662,0.21565184376631388
CG5149,2.838055,0.062323816,0.004538937999363666,0.023693839517877402,0.14498599971524845
CG12730,2.8361104,0.24747607,0.004566665917170758,0.023828377938524988,0.06658440510654454
beat-IIIb,2.835553,-0.0016062302,0.004574643394592939,0.023859789617754954,0.3470172274690333
Rs1,2.8284197,0.32207218,0.0046778446208666485,0.024387616802285534,0.054482464050116274
smg,2.827847,0.08557807,0.004686218433700342,0.02442082791294291,0.12092449337952636
ATP8A,2.822969,-0.008391905,0.004758117514593907,0.024784912130506466,0.24858810687675004
Magi,2.8200226,0.59187657,0.0048020285707106175,0.025002958670820898,0.03977030041288975
Oatp74D,2.8191142,0.85695153,0.00481563786577868,0.025063112701100055,0.030610792083906792
TER94,2.8173318,0.043723073,0.0048424455273949904,0.025191877308330148,0.1389587584832234
Iqsec,2.8144395,-0.0016879622,0.004886238066967031,0.025408854862739395,0.22732665749133882
Hmgs,2.8140538,0.28132734,0.004892105181227741,0.02542851601449251,0.06055716387451948
CG13937,2.8118687,0.06412103,0.004925459562845509,0.025590974685219058,0.16453893977504627
par-6,2.8115904,0.103845395,0.004929723589128103,0.025602215947116508,0.09994779554838404
bai,2.7978747,0.03170849,0.005144007621626452,0.026703709071552305,0.16714916235584454
RnpS1,2.797179,0.14457816,0.00515509795745647,0.026749888890352028,0.09676806985904798
aay,2.792524,0.18232533,0.00522985883552696,0.027126276317548135,0.06653694651416639
CG4593,2.788748,0.5306548,0.005291223035976128,0.02743288710570524,0.04337715343362916
CDK2AP1,2.7865438,0.23551208,0.00532734109584777,0.02760775420060193,0.0747947415879645
EMC3,2.7864137,0.1125291,0.005329481141522384,0.02760775420060193,0.1078733804755351
Rpn13,2.7861824,0.082914084,0.005333285567483615,0.027615725480908147,0.12567035261734136
Sodh2,2.784399,0.84617174,0.005362702634293919,0.027756255800173494,0.03217692563238574
mld,2.781087,0.22580698,0.005417722451083174,0.028029125193655694,0.0710929713824688
Usp15-31,2.780929,0.1064169,0.005420355694063642,0.028030850893059706,0.10141901191210669
TM9SF4,2.7796774,0.14378682,0.005441290764483435,0.0281271811400715,0.08300507806938447
Usp1,2.7785387,0.062637165,0.00546040112921511,0.028204727785012793,0.12007023871671967
HP1c,2.7785077,0.19319868,0.005460920302947756,0.028204727785012793,0.07014379953490579
Sarm,2.7754102,0.45287123,0.00551321287536194,0.028462749571277715,0.042143230031797256
puml,2.766841,0.16267386,0.005660236683409936,0.029180584104625415,0.08495088035688861
Eps-15,2.766749,0.009267902,0.005661832915533604,0.029180584104625415,0.18793602581747426
nkt,2.7656577,0.3683937,0.005680814433237688,0.029266038515103204,0.04522803853637701
dbo,2.7648618,0.002415132,0.005694690218595321,0.029325128464071978,0.16287788904181102
CG5087,2.7636318,0.18594058,0.0057161988470137495,0.02942345766311258,0.06525556451995634
lncRNA:CR44922,2.7622666,-0.009401197,0.005740159522972381,0.029534320145846497,0.25656115039627925
CG31688,2.7598293,0.012718535,0.005783156479842363,0.02973044889616135,0.3466850173223862
CG3040,2.7593498,0.1900283,0.005791649856690317,0.02976155990859961,0.07602866498979641
Su(var)2-HP2,2.7586074,0.009518292,0.005804822450422014,0.029816679666326985,0.16387451948175216
kcc,2.7536256,0.042471994,0.00589391485745282,0.030248811872628387,0.4581652508186607
Mic26-27,2.750838,0.07586837,0.005944303954263061,0.0304817504831773,0.5021119073608277
AstC,2.746585,0.5813086,0.0060219285877102825,0.03086681562472693,0.0373499122016041
Ctl1,2.746029,0.55637324,0.006032143512219703,0.030906177919481276,0.04090930662996536
Srrm1,2.745474,0.042754803,0.00604235373015638,0.030945483032300887,0.14384699349817284
Nos,2.739965,0.041075718,0.006144572973759545,0.031442569259930775,0.1308907977789379
CG12236,2.7347932,0.11559606,0.006241950180896091,0.03191406491398593,0.08756110293768687
csw,2.7339952,0.111887045,0.006257096980409578,0.031978094379124675,0.5819372597408761
Ythdf,2.731279,0.0065689147,0.006308907268351258,0.03222467372453705,0.15205732997959281
Vps2,2.7311888,0.14156564,0.006310632224175071,0.03222467372453705,0.09306629965355227
corn,2.7295308,-0.009595189,0.0063424543402977865,0.03237360802089184,0.19064116558302882
Mkrn1,2.7292023,0.0009678093,0.006348773763968013,0.032392299459609086,0.161928717194248
CG34155,2.7282197,0.02951672,0.0063677163563485555,0.03247535341737763,0.12676190024203882
Vps24,2.7266793,-0.007949668,0.006397515791669204,0.03261368464435631,0.291917801718001
CG5504,2.72387,0.06697358,0.006452188022428407,0.0328786454035869,0.1417113568411561
CG3632,2.722324,0.19094062,0.006482458225937549,0.03301909039529995,0.07156755730625029
CRIF,2.7199779,0.056479815,0.006528629419819559,0.03322649853786246,0.14603008874756776
Octalpha2R,2.7198255,0.01143542,0.006531635676018255,0.0332279245638508,0.4083337288216031
Ankle2,2.716267,0.34454018,0.006602260708823824,0.033573198072529654,0.053153623463528074
dcma,2.714135,0.049892016,0.006644911502049945,0.03377599095016129,0.14621992311708035
CG17202,2.7115936,0.021583188,0.006696064314034928,0.03402181239006742,0.1515827440558113
TfIIA-S,2.711096,0.0069661126,0.006706120083986004,0.034058707376543915,0.23947605714014522
cin,2.7104418,0.2280998,0.006719362630170061,0.034111749728922475,0.0664420293294101
Naa80,2.707754,0.014388641,0.006774023988075813,0.03437492855564366,0.19861420910255803
PICK1,2.706282,0.22544456,0.006804125915435061,0.034513312851950875,0.06838783161691424
mop,2.7046375,0.15844053,0.006837896759930148,0.034670184528614215,0.0791609320867543
mim,2.7044547,0.033542637,0.0068416591988984836,0.03467483741179776,0.14792843244269374
Zcchc7,2.701444,0.028789094,0.00690391315319778,0.034961278531087554,0.13122300792558492
CG10365,2.7001555,0.4774217,0.006930709450974334,0.035082399293158706,0.039295714489108256
CG9399,2.698904,0.15281439,0.006956822754132517,0.03519996369868047,0.08561530065018272
Kat60,2.698061,0.3193219,0.006974468148561485,0.03527460259867882,0.05239428598547767
Trim9,2.6968558,0.071028665,0.006999755525252534,0.035387814225343484,0.1045512790090646
Srpk79D,2.6966622,0.08766732,0.007003829862923667,0.035393732255048334,0.10578520241089649
CG6144,2.6959374,0.11243435,0.007019086925825234,0.035447432329118005,0.10649708129656875
koi,2.6958811,0.10983112,0.007020272511485016,0.035447432329118005,0.08808314745384652
Dhc64C,2.694353,0.0008624697,0.007052538131866746,0.035595605502825575,0.23615395567367473
Bx42,2.6933649,0.075191356,0.00707348265016448,0.03567177493705207,0.11731764035878696
Wnt4,2.6914475,0.13405094,0.007114268705806674,0.03586262252071032,0.06919462768734279
CG1907,2.6907234,0.14167047,0.007129725872586796,0.035925683613460296,0.08656447249774572
CG11586,2.6902213,0.09092019,0.0071404670374952415,0.03596493914050806,0.09681552845142613
Tsp97E,2.6895719,0.021398174,0.00715437502136029,0.03602010621039264,0.4181576574438802
Ilp2,2.6844006,0.7171064,0.007265997687459566,0.03656698836186814,0.031559963931469794
foxo,2.6835432,1.0325572,0.007284657858957828,0.03663778032523824,0.026529353139385887
Wnk,2.683478,0.008530056,0.007286075929803716,0.03663778032523824,0.1602202078686346
Spase22-23,2.678018,0.09142475,0.007405919231584713,0.03722505134589116,0.11399553889231645
CG7564,2.6775072,0.033180196,0.007417228412753254,0.03725313584632612,0.12823311660576148
bigmax,2.6774895,0.2255263,0.0074176192221702755,0.03725313584632612,0.06497081296568744
robl,2.674864,0.015543064,0.00747595824274392,0.03753066516507646,0.25096103649565754
CG10654,2.6732485,0.0456267,0.007512056408738959,0.037680845911983195,0.11527692088652651
Phb1,2.6726124,0.13552174,0.007526315008994945,0.03773683819195368,0.09415784727824973
cue,2.6697435,0.21925704,0.007590920784556335,0.03804512065911068,0.06573015044373784
CG42784,2.6669617,-0.00511176,0.007654038337778713,0.03834569391663984,0.1575625266954582
Schip1,2.6662874,-0.009523611,0.007669410738008829,0.038406921727851116,0.25105595368041383
Usp14,2.6658368,0.25430602,0.007679693971172832,0.038442624153850365,0.06615727777514119
Plp,2.6649964,0.14436129,0.007698916796059441,0.03852302825417427,0.07118788856722509
Ac13E,2.6646051,0.1723657,0.007707878600145844,0.03855204442231338,0.0674861183617294
CG3335,2.6611872,0.30878234,0.007786566486912313,0.03892963860089179,0.052346827393099524
mRpL37,2.6595037,0.273944,0.007825585984567346,0.03910867878880335,0.054245171088225526
CG3420,2.6557565,0.11618928,0.007913076224585685,0.039497332555886534,0.09861895496179583
Dh44-R1,2.6551313,0.30347216,0.007927755768071169,0.039554406490797986,0.05723506240804898
Vta1,2.653343,0.07525263,0.007969882664026554,0.039748322337078416,0.1288975368990556
CG8475,2.6530704,0.24852856,0.00797631932326999,0.03976415387784781,0.0727065635233259
Tsp42Ee,2.6510136,0.061893877,0.00802506173655775,0.03999079211238856,0.13549428123961843
GstO2,2.6501696,0.16343719,0.00804513587885712,0.04006103736394727,0.07702529542973756
eIF3a,2.6501446,0.01089453,0.00804573135342874,0.04006103736394727,0.16083716956955058
CG7556,2.6470225,0.17302115,0.008120397690728694,0.04041630357382281,0.07683546106022496
CG6693,2.6444764,0.16425884,0.008181742949996016,0.04070500604795977,0.08305253666176261
Hpf1,2.6439104,0.4415614,0.008195434394001793,0.04075193311892023,0.04228560580893171
maf-S,2.6437902,0.0015005136,0.008198346132077839,0.04075193311892023,0.31346400265768115
vari,2.6436722,0.15703656,0.008201205344221129,0.04075193311892023,0.07227943619192255
SpdS,2.6427271,0.22461115,0.008224129047982913,0.04084918865764618,0.0728963978928385
Urod,2.6422436,0.20751344,0.00823588065294564,0.04089089583655983,0.07275402211570405
Ppa,2.6420052,0.038443893,0.008241677082722491,0.04090301382789269,0.10436144463955199
RalGPS,2.6376276,0.000152135,0.008348820175110376,0.04141789544746454,0.1553794314460633
Pcif1,2.635714,0.106871165,0.008396045457260462,0.0416352311141366,0.07674054387546865
pst,2.6315393,0.8832974,0.008499901838254715,0.04213310431333335,0.026007308623226234
CG17078,2.630546,0.20693152,0.008524778914733196,0.04223363418941873,0.06658440510654454
mir-990,2.630453,0.9694665,0.008527112457146567,0.04223363418941873,0.024915760998528783
CG6923,2.6301227,0.33821058,0.008535408993828679,0.042257554925173746,0.04987898058943572
CG3776,2.6275773,0.08981855,0.008599531660046945,0.042540459173828,0.111005647572493
axo,2.6264877,0.39056572,0.008627111090848986,0.04265957691130154,0.04242798158606616
RasGAP1,2.6258998,0.075067654,0.008642027311965447,0.04271600604442288,0.10208343220540078
Cap-G,2.6250474,0.5320887,0.008663691633493292,0.042805730571807754,0.03692278487020075
Cchl,2.6236975,0.009219431,0.008698100584360484,0.0429583257790802,0.30027051397655546
Ets65A,2.6223016,0.013069058,0.008733809575259151,0.0431172154365467,0.1074937117365099
NTPase,2.620345,0.18548577,0.008784084763628755,0.0433478579691785,0.07114042997484694
Heatr5,2.6197934,-0.0113029545,0.008798304078876752,0.04340045666427711,0.1879834844098524
MESR4,2.6195424,-0.016983336,0.008804785418339005,0.04341485819746527,0.1768781737933653
PhLP2,2.6148944,0.015179569,0.00892550534688813,0.04399231082621084,0.18499359309002894
Ask1,2.6132162,0.39060548,0.008969456337795237,0.044191068432249854,0.04313986047173841
trbd,2.6129215,0.16850926,0.008977189816208441,0.04421129966455139,0.05804185847847753
CG15432,2.611957,0.10906807,0.009002555996209777,0.04431400750934849,0.09747994874472023
Etfb,2.6094966,0.2534394,0.00906755259069118,0.0446022592929519,0.06065208105927578
mRpS33,2.6087825,-0.00026943543,0.009086495527991954,0.0446622720105386,0.23662854159745622
VhaM9.7-b,2.6087606,0.0010713346,0.009087081350901282,0.0446622720105386,0.21437046177210384
Tango14,2.6055765,0.16550198,0.009171979762893138,0.04506137095119083,0.08120165155901476
CG33203,2.6033905,0.053441796,0.009230677558309648,0.04533147814594533,0.13202980399601347
Xbp1,2.603179,-0.013688574,0.00923637254733909,0.04534117800222158,0.2263774856437758
Picot,2.6022432,0.7168414,0.00926161673484289,0.04544679805998389,0.02985145460585639
Dsor1,2.5901632,0.09961766,0.009593040882328673,0.04705415505621899,0.10398177590052679
CG12316,2.5874643,0.15177618,0.00966852177841442,0.04740531454428535,0.07683546106022496
ACC,2.5865314,0.03340554,0.009694733875991247,0.04751472103516578,0.11684305443500546
CG3164,2.5861022,0.491654,0.009706812490459786,0.04754172736629565,0.03863129419581415
Acyp2,2.5860586,0.107314155,0.009708044910551307,0.04754172736629565,0.10497840634046794
CG14431,2.582806,0.04412762,0.009800039260979634,0.04797296327392801,0.10084950880356888
myo,2.580388,0.115975484,0.009868937037983043,0.04829083643355091,0.07797446727730055
MICAL-like,2.579654,0.07228803,0.00988993464766061,0.04837416268873804,0.10578520241089649
CG10283,2.579096,0.14689028,0.009905919863435668,0.04843291504830218,0.07503203454985526
mmd,2.5784464,0.12994179,0.009924568443637576,0.048504637032677794,0.6383180674861184
san,2.5775769,0.0717257,0.00994957714265159,0.048607373062837765,0.11380570452280385
firl,2.5736282,0.5776296,0.010063833627415376,0.04914586061080369,0.0373499122016041
CG4766,2.573386,0.47581568,0.010070883547859925,0.04916059253699024,0.04323477765649471
Agpat1,2.5731378,0.038120814,0.01007810919394266,0.04917617012208451,0.09430022305538417
Srlp,2.5720088,0.07629798,0.010111030783526574,0.04929734168816216,0.10402923449290494
CG8617,2.5708957,0.101542026,0.010143584980362327,0.04941652970648937,0.10801575625266954
CG3104,2.5695205,0.0033743673,0.010183936076679277,0.049593286791307915,0.1465521332637274
CCT3,2.5668344,0.16260959,0.010263162551227821,0.04995914070963096,0.07170993308338475
CG2200,2.5642126,0.23796825,0.010341019644215492,0.05031803929873957,0.05595368041383893
zda,2.5627608,0.041354604,0.010384356138396228,0.05050874579844837,0.15267429168050875
Nuak,2.5600295,-0.0074879625,0.010466330240779564,0.05088715568602398,0.32831854207204214
Pfdn6,2.5572288,0.002017475,0.01055097633664143,0.05127824982748102,0.26244601585116983
CG7523,2.555412,0.36484882,0.010606216971434438,0.05152617722790529,0.05125527976840207
CG1764,2.5541396,0.07664308,0.010645052928631386,0.051694243086489226,0.11342603578377865
Ugt35B1,2.5537577,0.3807321,0.010656739602872108,0.051730385909760306,0.038916045750083054
CG13148,2.5491245,0.29247016,0.010799375250485152,0.05238105249827438,0.06084191542878838
Gmppb,2.5473297,0.21835878,0.010855084031171294,0.052630317922015474,0.06226567320013288
Nfs1,2.5466156,0.09498522,0.010877319779361103,0.05271715737202087,0.10113426035783779
Hgsnat,2.5460365,0.13897328,0.010895383126547812,0.05278371420091068,0.0690997105025865
Lztr1,2.5436473,0.08560365,0.010970177992893959,0.05312495016105859,0.1113853163115182
Ptpmeg,2.5386322,0.05612141,0.01112867901204058,0.05387111536050938,0.1058801195956528
Syx8,2.5380168,0.13239214,0.011148260613025159,0.05394448138632936,0.07560153765839306
chic,2.5361602,0.039950494,0.011207542226909763,0.05420981436658853,0.442124246594846
CG10550,2.5338793,1.0845225,0.011280756394272666,0.05454230055128502,0.025105595368041383
robo1,2.5315282,0.016824199,0.011356669138824969,0.05488128777367151,0.13354847895211427
CG13532,2.5314293,0.15841223,0.011359872758468555,0.05488128777367151,0.0797304351952921
CG11562,2.5308785,0.17978895,0.011377727668188543,0.054945769630566625,0.0745099900336956
tant,2.5284812,0.20685354,0.01145571915320715,0.05530049931027404,0.06425893408001519
Zir,2.5267763,0.03897741,0.011511483359098703,0.05554769226605467,0.1126192397133501
CG2225,2.5221486,-0.03209472,0.011664045625501902,0.05626159561901175,0.2166959327986332
Trabd,2.5192685,0.036287848,0.011759892463866523,0.05670147517486908,0.12282283707465237
ltl,2.5181048,0.6167873,0.011798823026624035,0.05686668796817729,0.03013620616012529
CG34417,2.5159686,0.69087243,0.01187057318267996,0.0571898879540261,0.03303118029519245
Rcd5,2.5099287,0.27882275,0.012075557930865769,0.05813150695865832,0.058611361587015326
jagn,2.5082867,0.074171,0.012131817528118172,0.05837928300443443,0.13240947273503867
CG30392,2.502144,0.10405997,0.012344368482515248,0.05937865328862603,0.10260547672156044
Timp,2.501312,0.5440571,0.012373414678513368,0.05949489211692286,0.03521427554458735
Sur-8,2.5009964,-0.023689222,0.01238444314980237,0.059524439098162886,0.2822362488728584
cos,2.5006597,0.25511122,0.012396226743836131,0.05955759076886819,0.06563523325898153
mtm,2.499476,0.2532394,0.012437715362678011,0.0597333776815139,0.06117412557543543
CG17996,2.4987519,0.13945405,0.01246315372197285,0.05983197350024697,0.08404916710170376
CG2991,2.4954898,0.06816378,0.012578334280264772,0.060361148244939884,0.10644962270419059
CG8032,2.4929194,0.16870451,0.012669754884108387,0.06075202292777228,0.07370319396326705
CG31122,2.4924383,0.06701836,0.01268694022937079,0.06081050509469153,0.10578520241089649
CG3257,2.484756,-0.015392612,0.012964029266382064,0.06208980460822435,0.22395709743249015
wapl,2.484365,0.055850435,0.012978269798145217,0.06213359409646192,0.11399553889231645
whd,2.4837296,0.48213103,0.013001448566102695,0.06221278920029823,0.038299084049167105
Cdc50,2.4836318,0.15058802,0.013005019844315357,0.06221278920029823,0.08186607185230886
P32,2.4824462,0.10418983,0.013048373852072644,0.06239569591326538,0.10464619619382089
Cyp4g15,2.481506,0.40297985,0.013082849372495983,0.0625360200005308,0.03635328176166295
Aldh,2.480942,0.18354389,0.013103570627147254,0.06261051445484041,0.06269280053153624
Cyp40,2.4802022,0.17655803,0.013130792696314258,0.06271600006872041,0.07911347349437615
Dref,2.4786842,0.24344184,0.0131868005434675,0.06295883737733074,0.05714014522329268
Als2,2.4782274,0.20724156,0.013203693027978266,0.06301480591935281,0.06397418252574628
Rfx,2.4774346,0.22362737,0.013233062295187527,0.06313025296126841,0.06449622704190594
Hacd2,2.477191,0.14309613,0.013242105357270882,0.06314867848191502,0.08637463812823312
CG15803,2.4767368,0.013717545,0.013258964844858315,0.06320434982165742,0.12609747994874473
Ptp69D,2.4757674,0.18622316,0.013295013443737314,0.06335141472467323,0.06482843718855298
Hs3st-B,2.4692166,0.15558425,0.01354092180189584,0.06449796633189074,0.0742252384794267
Sgt,2.466385,0.044714857,0.013648460322335406,0.06498479799568213,0.12695173461155143
CG34133,2.4656913,0.22155227,0.013674911582647787,0.06508531717332834,0.054767215604385175
Rgk2,2.4643683,0.09222503,0.013725499358463802,0.06530059003915507,0.09458497460965308
CG7231,2.4641547,0.2830664,0.013733683682587748,0.06531403449358644,0.06321484504769588
Rpt6,2.4610777,0.0552019,0.013852039471602007,0.06584895440802331,0.12211095818898011
tamo,2.4609501,0.11516143,0.013856966777962082,0.06584895440802331,0.07987281097242656
Pfdn5,2.459723,0.0147274,0.013904430333588036,0.06604875344353257,0.17777988704855013
KaiR1D,2.4582796,0.20058335,0.013960440909307916,0.06627144615312763,0.0703336339044184
Sec31,2.4582348,0.20181237,0.01396218506204215,0.06627144615312763,0.06264534193915808
pzg,2.4572978,0.07929654,0.013998656108282936,0.06639284797815592,0.08727635138341797
Pten,2.4571276,0.07649848,0.01400529232484255,0.06639848624951607,0.1123344881590812
pic,2.452849,0.28498307,0.014172986406856162,0.0671412869464321,0.05263157894736842
Lrch,2.451764,0.034043055,0.014215781321636884,0.06729171205026485,0.11983294575482892
Arl4,2.4484618,-0.0038086995,0.01434676914408248,0.06788539173028779,0.3160267666461013
mRpL12,2.4438734,-0.008017003,0.014530527426517151,0.06872821063322372,0.21418062740259125
Vps28,2.440082,0.04163067,0.014683921010607663,0.0694268088434045,0.14313511461250059
aln,2.439932,0.0046104775,0.014690020541580414,0.06942871670466215,0.23017417303402782
Cdc42,2.4356666,0.13277586,0.014864375522705559,0.07022553226599149,0.08888994352427507
trio,2.4353993,0.0037700268,0.014875363241786487,0.07025021408529078,0.38199421005172984
CG11658,2.4339333,0.018794017,0.014935749224936385,0.07050807409091774,0.14555550282378624
Rab39,2.4290342,0.13172214,0.015139105140615656,0.0714403997518251,0.08926961226330027
CG10019,2.4287996,0.29278392,0.01514890415578272,0.07145897552431717,0.05267903753974657
RunxA,2.428076,0.5009095,0.015179165781645604,0.07157402387329914,0.03806179108727635
Rab18,2.427735,0.04606089,0.015193438548118339,0.07161362044200094,0.14213848417255945
CG13999,2.4258835,0.16614337,0.015271167668217176,0.07195216958171595,0.0740354041099141
Cks85A,2.4189522,0.17616944,0.01556528710753387,0.07325300561920091,0.0712828057519814
Sou,2.4171672,0.36687535,0.01564182721031453,0.07358480581494552,0.04446870105832661
nAChRalpha4,2.4166288,-0.00071566715,0.015664977139455572,0.07366528022871295,0.37269232594561247
brm,2.4158192,0.04067498,0.01569985367368922,0.07380081620848357,0.1079682976602914
Uggt,2.4153173,0.30026066,0.01572150760307328,0.07387411571852745,0.049119643111385315
CG8066,2.4151225,0.4619369,0.01572992243401635,0.07388517323631033,0.03682786768544445
unc-104,2.4141655,0.181285,0.015771291987451277,0.07405095455895362,0.7491813392814769
Cndp2,2.413239,0.16476974,0.015811449003372714,0.0742109171744744,0.07256418774619144
5PtaseI,2.4110339,0.027034618,0.015907374982331877,0.07460369128882004,0.14261307009634094
AP-2mu,2.4088228,0.08295826,0.016004070317901874,0.07502831273265613,0.10255801812918229
tnc,2.4062142,0.6047723,0.016118813416473945,0.07553718444190731,0.03279388733330169
bbx,2.4057186,0.8343335,0.01614069844155554,0.07561067382940834,0.025580181291822886
ics,2.405267,0.16784044,0.016160657973491373,0.07567509029538469,0.0735608181861326
scaf6,2.4037924,0.0018464063,0.01622598643254678,0.07595182358921379,0.14546058563902994
CG13631,2.4033034,0.00046403788,0.016247705169917265,0.0760242911002386,0.08291016088462816
Pdf,2.4025028,0.6775154,0.016283310446790933,0.07616165427319059,0.027003939063167386
lncRNA:CR45347,2.401192,0.19745603,0.016341764822751008,0.07640574277886922,0.0644487684495278
step,2.3996618,0.01828273,0.016410224767615594,0.07669640709066966,0.1109107303877367
Hexim,2.3993523,0.16276936,0.016424108603427832,0.07673187419209729,0.06558777466660339
Rho1,2.396797,-0.013058005,0.016539086014769003,0.07720985041517403,0.32328793127995825
CG1307,2.3958204,0.048959047,0.016583218289828755,0.07738623573304851,0.12543305965545062
La,2.3951242,0.056169536,0.01661473559514675,0.07750364032500717,0.11295144985999715
Gel,2.3930466,0.4416029,0.016709117688747065,0.07791409162514842,0.039105880119595655
Cep104,2.3915334,0.053352624,0.016778153882476755,0.07820608706443945,0.10364956575387974
AsnRS,2.3904145,0.12828189,0.01682936636288077,0.07841481139034927,0.08001518674956101
Sec16,2.389754,-0.0065408023,0.016859656677791282,0.07852592863798163,0.1421859427649376
Crz,2.3895628,0.76756984,0.0168684356307455,0.07853680744963976,0.027288690617436287
CG15445,2.3882282,0.593054,0.016929831321226167,0.07879236082265402,0.03231930140952019
CG34132,2.3880887,0.038290195,0.01693625279804361,0.07879236082265402,0.11869393953775331
mRpL54,2.37744,0.04848026,0.01743327641592942,0.08104279413949798,0.115751506810308
CG31109,2.3771577,0.15585074,0.017446629895940858,0.0810739503627995,0.08139148592852737
gish,2.3767786,0.1348762,0.01746457034790604,0.08112639023270835,0.6484267476626643
Rtf1,2.3738816,0.04236082,0.017602190395122258,0.08167708606605088,0.125243225285938
osp,2.37386,0.0858978,0.017603224636599857,0.08167708606605088,0.08604242798158607
grn,2.3735938,0.44186217,0.01761592034457371,0.08170489082192121,0.039200797304351956
Mical,2.373084,0.014608485,0.01764024694921584,0.08178659949181889,0.1783019315647098
TORIP,2.3706057,0.3391106,0.017758965368769565,0.08230571440301605,0.04380428076503251
CG14104,2.3684251,0.6320242,0.017863994833571994,0.08276101597354962,0.02966162023634379
Fit1,2.3675592,0.076661065,0.01790585626453389,0.08292343541352719,0.07522186891936786
gammaTub23C,2.3672757,0.22193778,0.017919579877886983,0.08293617397211286,0.06217075601537658
gzl,2.3672214,-0.026703544,0.017922215295967287,0.08293617397211286,0.2097669783114233
Las,2.3666303,0.13292132,0.01795085281694526,0.08303717077257905,0.08452375302548526
wake,2.3641832,-0.009079282,0.01806987531165883,0.08355603572602788,0.14792843244269374
Vps13,2.3632672,0.1234017,0.018114603480045812,0.08373109663188412,0.08319491243889707
SREBP,2.3624794,0.047036737,0.018153142539171576,0.08387742775207063,0.10583266100327464
eIF3h,2.3605995,-0.017224606,0.01824542647339727,0.08427188453362612,0.23102842769683452
EDTP,2.3597462,0.15999009,0.018287435175022085,0.08443391945013037,0.05970290921171278
CG10809,2.3574338,0.07220814,0.01840173751544427,0.08492948829070435,0.09173745906696408
CG32147,2.3558939,0.29492703,0.018478200681709207,0.08525010904971746,0.05092306962175502
egl,2.354613,0.2577767,0.018542003826136758,0.08551210164085545,0.049214560296141616
Cnot4,2.3536348,-0.025795253,0.018590860644673357,0.08570499258620407,0.21047885719709553
Pcmt,2.3531199,0.03280604,0.018616638386032336,0.08579138196119022,0.13663328745669404
sog,2.3512404,0.6846458,0.018710943719600567,0.0861933835972076,0.030515874899150492
Dred,2.349927,-0.0035018781,0.018777100131721864,0.08646546033455149,0.16767120687200418
PLCXD,2.345251,0.75514954,0.01901427452998914,0.08752454389956105,0.025959850030848084
kri,2.344912,0.08139236,0.01903157275438735,0.08754297391743746,0.10345973138436713
chif,2.344891,-0.010340391,0.019032642618853825,0.08754297391743746,0.1549997627070381
Rpt3,2.3446486,0.018879207,0.01904501557246704,0.0875668407441723,0.17948839637416356
Syx1A,2.3444464,0.15977606,0.019055347396567526,0.08758130822653151,0.8716245076171041
Vti1b,2.3429127,0.068555504,0.01913385981198032,0.08790901517083607,0.11238194675145935
CngB,2.3425152,0.19045754,0.019154253995144286,0.0879695561216329,0.06658440510654454
lncRNA:CR42491,2.341194,1.2728531,0.0192221762561308,0.08824825099283552,0.020929239238764177
mats,2.3387568,0.091958046,0.019348024815110606,0.08879257321964727,0.08623226235109867
Arpc1,2.3381364,0.034699228,0.01938017129868231,0.08890662700776766,0.13036875326277822
SF2,2.3378854,-0.008119387,0.019393199412866474,0.08893292236396894,0.35176308670684825
Su(z)12,2.3373241,0.18974705,0.01942233526744107,0.0890330366960659,0.05633334915286413
Prp8,2.3361797,0.16845286,0.019481871100994856,0.08927237851504749,0.06293009349342699
cg,2.3359027,0.08355274,0.019496319885953597,0.08930501431412566,0.5701200702387167
CG4596,2.3356695,0.035711154,0.019508476373957733,0.08932712942230309,0.13255184851217314
CCAP-R,2.334092,0.5615877,0.019590908129085993,0.0896708896678292,0.032651511556167245
CG7394,2.3336992,0.042368356,0.0196114768381205,0.08973134053297702,0.11019885150206445
mri,2.3331966,0.14093833,0.019637831535998615,0.08981820960310961,0.0748896587727208
Bet1,2.3329082,0.12339144,0.01965296040007464,0.08984558569439288,0.0769778368373594
CG9915,2.3328016,0.103729665,0.019658559114525048,0.08984558569439288,0.08533054909591381
KdelR,2.3320448,-0.009247819,0.019698330714977685,0.08999361060152286,0.19287171942480186
DCTN2-p50,2.3306086,0.11138873,0.019774008869178676,0.09030550547261855,0.07303877366997295
Gapvd1,2.3248935,0.04977303,0.020077653189335732,0.0916219265247254,0.08760856153006502
CG3191,2.3247597,0.07274725,0.020084813165482503,0.0916219265247254,0.08590005220445161
DnaJ-1,2.3245265,0.030105002,0.020097289433839444,0.09164454205352375,0.12092449337952636
CG2162,2.32346,0.036918648,0.020154443800869577,0.0918707986121164,0.1107208960182241
gukh,2.3213744,0.411071,0.020266639973042747,0.0923131818503057,0.04261781595557876
not,2.3203144,0.035161756,0.020323876347454653,0.09253930847931445,0.1115751506810308
Dpck,2.316836,0.15997423,0.02051265792666207,0.09332987736593507,0.0763134165440653
CG14480,2.3168333,0.06097388,0.020512818234747727,0.09332987736593507,0.11409045607707276
tey,2.316527,0.4831803,0.02052951629507226,0.09334977346074412,0.0356414028759907
kn,2.3163764,0.27445677,0.02053771932062342,0.09334977346074412,0.05111290399126762
Rab40,2.3163316,0.18449488,0.02054016674228532,0.09334977346074412,0.06573015044373784
Rme-8,2.3147116,0.21600989,0.020628725395612644,0.09368238965988171,0.055289260120544824
Prx3,2.3135245,0.0067514735,0.020693817898011117,0.09394299678169739,0.16501352569882777
Aduk,2.3127255,0.16389966,0.020737737144641586,0.09407285357739764,0.06924208627972095
rho-7,2.3127232,0.32629547,0.020737858525101936,0.09407285357739764,0.04646196193820891
CG32264,2.3095546,0.16702588,0.020912821539042385,0.09479884052097637,0.782734564092829
cv-2,2.3095434,0.37923607,0.0209134532907462,0.09479884052097637,0.04162118551563761
mRNA-cap,2.308464,0.15435587,0.020973341293713987,0.09503496543831962,0.0710929713824688
Ptp61F,2.3045225,0.06967315,0.021193331395696232,0.09599610419254603,0.09453751601727493
CG31183,2.3035636,0.68218434,0.021247159420024666,0.0962041701971325,0.02942432727445304
eIF3b,2.302068,-0.011145782,0.021331338238819098,0.0965494548061515,0.16078971097717243
CG13850,2.2994587,0.31644037,0.02147890695876857,0.09718129061634377,0.050828152436998716
CG34348,2.2980344,0.28125924,0.021559824389359068,0.09751120574467446,0.045180579943998864
Apoltp,2.2959974,0.54942673,0.02167603121337767,0.09800042450291559,0.034170186512268046
Bgb,2.2934043,0.014427346,0.021824742092308544,0.09863618144721871,0.1912106686915666
mRpS9,2.2927184,0.010976383,0.021864218902291496,0.09877797042254673,0.15106069953965165
Prosbeta3,2.291104,0.05710086,0.021957388213581598,0.09916213595233275,0.11447012481609796
Letm1,2.2818618,0.04169062,0.022497508417940276,0.10152614961357795,0.10459873760144274
Tpi,2.28054,0.079167746,0.022575675203532625,0.10180259545880921,0.5434483413221964
CG31729,2.2805147,-0.009635949,0.022577178207945352,0.10180259545880921,0.13354847895211427
Ipp,2.2804027,-0.0068531875,0.02258382296501929,0.10180259545880921,0.33809501210194104
CG11151,2.2757323,0.0046066497,0.022862041378381676,0.10298056997823143,0.19097337572967585
Nlg4,2.2746449,-0.036327906,0.02292724085403536,0.10323610593640081,0.21479758910350719
Prosbeta1,2.2740636,0.047831442,0.02296216685423584,0.10335518899050246,0.13202980399601347
CG2701,2.2715323,0.20263147,0.023114781090764903,0.10396533827134073,0.05946561624982203
rno,2.267876,-0.04259127,0.023336766187636727,0.10492506199229217,0.25191020834322053
ttv,2.2677157,-0.013206244,0.023346542432794045,0.10493031184119714,0.3492477813108063
rho,2.266472,0.06918048,0.023422496418266086,0.10520643126043326,0.08053723126572065
BRWD3,2.2664273,0.11952095,0.02342524033479497,0.10520643126043326,0.07759479853827536
HisRS,2.2651403,0.16472425,0.02350407815691437,0.10552162381385978,0.06743865976935125
Lpt,2.2644036,0.28252274,0.02354929943321619,0.10568571825901037,0.04551279009064591
CG6357,2.262252,0.35851794,0.02368182879919203,0.10624057767827674,0.0378244981253856
CG13384,2.2621138,0.03659929,0.023690367555136285,0.10624057767827674,0.1112903991267619
CG10947,2.260712,0.09067957,0.023777109717202167,0.10659036055276837,0.07085567842057805
baf,2.258504,0.038566872,0.023914253551052915,0.10716574872565587,0.11152769208865265
mRpL4,2.256079,0.02517357,0.024065687238443295,0.10780330075739704,0.14735892933415595
Diap2,2.2558486,0.020157255,0.024080104498637213,0.10780330075739704,0.1583218641735086
Tbcc,2.2556605,0.043482758,0.02409190181829104,0.10780330075739704,0.1094869726163922
ADD1,2.2552762,0.046376977,0.02411599588514935,0.10787151333727905,0.1094869726163922
otp,2.2547507,0.6095577,0.02414897747374586,0.10795189676754699,0.03018366475250344
CCT4,2.2547078,0.09802967,0.02415167958693089,0.10795189676754699,0.07977789378767025
Cpsf5,2.2535837,-0.0078366585,0.02422237391457875,0.10822819488445762,0.1496844003606853
CtsK1,2.2523963,0.102281004,0.024297240549189476,0.10852292600002585,0.08661193109012387
CG5674,2.2519555,0.10155551,0.024325091229103913,0.1086075227075266,0.06686915666081344
Dop1R2,2.25169,-0.022052117,0.02434187537471249,0.10864266530295515,0.13378577191400504
vlc,2.2514277,0.081587255,0.02435846014936095,0.1086768926649197,0.08903231930140952
kek6,2.2498689,-0.03742349,0.024457263970729774,0.10907778651270589,0.18271558065587776
Fdx2,2.2495508,0.053509053,0.024477468247674748,0.10910191968148905,0.09311375824593042
CG31176,2.24947,1.2334447,0.024482609214191122,0.10910191968148905,0.019885150206444876
spdi,2.2493613,0.049945727,0.02448952762725031,0.10910191968148905,0.08765602012244317
lncRNA:CR44320,2.2491682,0.12808229,0.024501802628316742,0.10911672350623046,0.0690997105025865
Taf1,2.248397,0.0911166,0.024550885681214732,0.1092432203746834,0.0758388306202838
Scr,2.2482996,1.2442831,0.024557094415180288,0.1092432203746834,0.02187841108632718
MED1,2.243861,0.1059654,0.024841354182072374,0.11042715759492347,0.0738455697404015
Shmt,2.2431507,0.6247268,0.024887090666048023,0.11059013785215434,0.02861753120402449
CG9281,2.2415223,-0.031856492,0.024992268778568857,0.11101704232579293,0.14593517156281144
Elk,2.239537,0.10049652,0.02512100242680343,0.1115076105536442,0.07778463290778795
Utx,2.2373905,0.03219749,0.02526082513617861,0.11208743996537353,0.09933083384746809
CG5455,2.2354965,0.059609327,0.025384774007994593,0.11259643754856116,0.09211712780598927
CG32176,2.2353432,0.20159273,0.02539483129654612,0.11260007227122615,0.05785202410896493
cl,2.234918,-0.025027247,0.025422729963654692,0.11267081842785653,0.20820084476294434
CG12054,2.2348185,0.042328086,0.025429274058169936,0.11267081842785653,0.47506050970528213
Tbh,2.2327144,0.13771527,0.025567789322483266,0.11324338083275746,0.06582506762849413
mRpL36,2.230254,0.005671281,0.02573058910154269,0.11388168139386486,0.14716909496464334
Ddx56,2.2294686,0.08398281,0.025782748895100134,0.11407111661792216,0.08262540933035926
FER,2.2273912,0.52754325,0.025921134888493385,0.11464176819878298,0.031654881116226094
Syx7,2.2262928,-0.016543066,0.025994567956285717,0.11492484179150039,0.1823833705092307
CG2915,2.225871,0.21889958,0.026022813811803408,0.11498134180789249,0.05975036780409093
DAT,2.2258203,0.2534219,0.02602621396734559,0.11498134180789249,0.04427886668881401
CG12107,2.2200012,0.1260524,0.026418679088918973,0.11665678868166467,0.07783209150016611
Cep164,2.2199142,-0.012991789,0.026424595418006083,0.11665678868166467,0.3068672583171183
Polr1D,2.2183332,0.3716418,0.02653211201229789,0.11708903451046306,0.0386787527881923
EMC1,2.2158868,0.07702262,0.02669924630407183,0.11778397148039504,0.0786863461629728
Pyk,2.2147245,0.10785452,0.02677897394246095,0.11809294984973102,0.602771581794884
Snrnp20,2.2134097,0.37891597,0.02686941659803789,0.11844893993254388,0.0391533387119738
Nup358,2.212899,0.05777395,0.026904617639841352,0.1185612380376089,0.09463243320203123
Pfdn2,2.212042,0.016838945,0.02696375559906927,0.11877890025191735,0.15798965402686158
CG10383,2.2092185,0.43811846,0.027159452101982156,0.1195977462684467,0.033885434957999144
Oatp30B,2.2080674,0.15705419,0.02723956996594287,0.11990722943838122,0.06473352000379669
Rpn5,2.2066815,0.008514856,0.027336314745098504,0.12028965358411757,0.1424706943192065
Mtch,2.2041075,0.0038952592,0.02751678141722458,0.12104007531380381,0.1523420815338617
Kr-h2,2.2035515,0.044996023,0.027555896902820624,0.1211684081343725,0.09392055431635897
Plod,2.2022212,0.4065638,0.027649689409583723,0.12153698673401227,0.039010962934839355
Raf,2.1986043,0.20926031,0.027906069368869975,0.12261714101896087,0.05452992264249442
CG13920,2.1984713,-0.004144875,0.027915544041973616,0.12261714101896087,0.29035166816952207
mRpS23,2.1953442,0.13089888,0.02813891949046408,0.12350928688126275,0.08556784205780457
Vha68-2,2.194721,0.77847075,0.02818362587792306,0.12366098481857603,0.025153053960419534
Su(var)2-10,2.194467,0.06258073,0.028201842461055147,0.1236963863828,0.09714773859807319
Hsc70-4,2.1939135,0.052537136,0.02824163737756886,0.1238263733795636,0.49167101703763466
CG32085,2.1930842,0.05519079,0.028301314521635115,0.12400056281349936,0.09847657918466138
pyr,2.1907904,0.30882454,0.028466965561461628,0.12467978556545302,0.0373499122016041
eIF2alpha,2.1904929,0.02043561,0.028488509742059225,0.12472932659696835,0.12975179156186228
RanBPM,2.189804,-0.0122241,0.028538442820705775,0.12490308062534389,0.15514213848417255
CG5521,2.1882985,0.004304102,0.02864787574786776,0.1253370270964681,0.12590764557923212
CG8507,2.187409,0.21475805,0.028712689648869652,0.12557551996055694,0.05832661003274643
TyrRS,2.1855505,0.12126738,0.02884851248968031,0.12612428936037062,0.0749845759574771
Creld,2.1850934,0.17481752,0.028882001904639666,0.1262254289048594,0.05998766076598168
Miox,2.1840343,0.8879558,0.028959724679525654,0.1265197434117341,0.024203882112856533
CG14647,2.182232,0.014960893,0.0290924293662208,0.12704600389335804,0.1187888567225096
abs,2.1821153,0.35060933,0.029101029031934997,0.12704600389335804,0.0391533387119738
toy,2.1809857,-0.03504788,0.02918448050934874,0.127364709247566,0.2704665179630772
Ggt-1,2.1805763,0.6048896,0.029214766150858246,0.12745124717709777,0.03103791941531014
Pnn,2.179314,0.0065468424,0.029308351305969364,0.12781377247529896,0.12571781120971953
ergic53,2.1780815,0.101918526,0.029399977122747206,0.12816749683446554,0.08480850457975417
CG30122,2.177536,-0.030084236,0.029440593002859134,0.1282986729037719,0.215367092212045
cv-c,2.1762388,0.3419878,0.029537410664285276,0.1286665587145961,0.04157372692325945
sli,2.1761222,0.011377142,0.029546123376991914,0.1286665587145961,0.14261307009634094
Ssrp,2.175785,0.4305907,0.0295713394752533,0.12873037745137944,0.03796687390252005
Max,2.1745458,0.025826408,0.02966416838821938,0.1290312994463083,0.1364909116795596
MrgBP,2.1744385,0.043840323,0.02967222350873757,0.1290312994463083,0.12263300270513977
CG4287,2.1740434,0.021438418,0.029701867088408045,0.1291141433454371,0.12495847373166911
Ant2,2.1696777,1.4944137,0.0300312754333452,0.13049954233762734,0.017322386218024774
CG3402,2.1692684,0.13836801,0.030062315225908666,0.1305878689553103,0.07038109249679654
CG7272,2.166063,0.20003918,0.030306373479077733,0.13155426863834704,0.06098429120592283
Pgm2a,2.1651087,0.24055709,0.030379356221864825,0.13182412708733013,0.05419771249584737
otk2,2.1645925,0.7345426,0.03041890574640326,0.13194876944587522,0.025153053960419534
CG12822,2.1634393,-0.014058395,0.03050740404387497,0.1322855737782967,0.23017417303402782
eIF2Bbeta,2.1606274,0.24280864,0.030724130916226004,0.13313061917450364,0.05239428598547767
CG2811,2.1599612,0.064158924,0.030775678897995932,0.1333065920709568,0.1017037634663756
CG7985,2.1592073,0.070869334,0.030834087042781604,0.1335121445699698,0.08846281619287172
Arpc3A,2.1587043,0.06321747,0.03087311671814357,0.13363367176045882,0.09880878933130843
MCTS1,2.1579688,0.08363518,0.030930253974099757,0.13383346314884698,0.10682929144321579
Herp,2.157375,0.14286326,0.03097645853099013,0.13398582435565604,0.06573015044373784
CG10333,2.155333,0.020231359,0.031135780175770157,0.13456839065975393,0.10962934839352664
cathD,2.1552246,-0.01866407,0.03114426368456525,0.13456839065975393,0.23510986664135541
mRpL1,2.1546466,0.045652557,0.03118950417851412,0.13471611142165438,0.12125670352617342
lama,2.1535716,0.8737485,0.0312737749487333,0.1350322503896954,0.02287504152626833
barc,2.152842,-0.028357388,0.03133108537148314,0.13523179872273652,0.2642969009539177
CG12118,2.1521266,0.13529104,0.0313873856249918,0.1354268472152301,0.06886241754069575
CG3548,2.1518214,0.038799975,0.03141142497054686,0.13547268980105115,0.09392055431635897
eIF2A,2.1515658,-0.025002487,0.03143156645042248,0.13547268980105115,0.17659342223909638
dnr1,2.1514275,0.34700173,0.031442467753480495,0.13547268980105115,0.0384889184186797
CG42542,2.1469145,0.03737814,0.031800081723596274,0.13696508697134804,0.1124294053438375
CG1504,2.145512,0.27189443,0.03191192296516376,0.13739824409126847,0.05087561102937687
CAH3,2.144661,0.1622675,0.031979972046385946,0.1376426127377819,0.06098429120592283
Aptx,2.1433926,0.051953666,0.032081585578003426,0.1380312201236441,0.09766978311423283
CG12024,2.1428332,0.06061389,0.032126484731049954,0.13817562540111783,0.10934459683925775
ph-p,2.1417341,0.03046148,0.03221487542183334,0.13850691940625276,0.08708651701390537
CG12290,2.1394637,0.022990845,0.03239814264014864,0.13924575480986312,0.08618480375872052
TfAP-2,2.1390371,0.13918944,0.032432669638202044,0.13929591621566056,0.0678657871007546
CG5567,2.13757,0.18122298,0.032551671391431045,0.1397577747763836,0.05747235536993973
Tis11,2.134739,0.7454911,0.032782351389063755,0.1406490957695523,0.025532722699444736
CG7289,2.133966,0.19406882,0.03284557494050996,0.14087076458475575,0.052346827393099524
Cht2,2.1335003,4.673906,0.03288370379550951,0.14098468714859846,0.012101941056428266
pyd3,2.1318257,1.5873129,0.033021172735749726,0.14152428779045478,0.016563048739974374
cm,2.1284108,0.24856439,0.033303039028102374,0.14268215912602455,0.05006881495894832
CG15743,2.127888,0.15761624,0.03334637885559862,0.1428176429623653,0.05960799202695648
CG11858,2.1228693,0.21752216,0.033764803588465495,0.1445589009272237,0.053438375017796975
CG12279,2.1225567,0.025573114,0.03379101102519113,0.1446203066664518,0.13615870153291254
CG15111,2.1180353,0.10534827,0.03417207480953243,0.14619278957810938,0.08238811636846852
CG3939,2.1179132,0.57103986,0.0341824144964814,0.14619278957810938,0.03080062645341939
PKD,2.1147394,0.05953775,0.03445215505957757,0.14722632478577927,0.08082198281998956
cyc,2.1146438,0.3344585,0.034460308853378314,0.14722632478577927,0.038299084049167105
tio,2.1127791,0.43686995,0.034619669161270995,0.14785534246907225,0.03825162545678895
CG1344,2.1121757,0.11777165,0.034671373552805584,0.14801162970881923,0.0680556214702672
mfas,2.112069,0.4288785,0.034680549220476475,0.14801162970881923,0.030658250676284943
CG13625,2.1113937,0.11614382,0.03473848889825194,0.14820701476401574,0.06506573015044374
RtGEF,2.1103659,0.2028439,0.03482685098471796,0.14853201072523695,0.05187224146931802
CG4660,2.1093433,0.13059622,0.03491496089238496,0.14885570420331595,0.08257795073798112
hry,2.1090164,1.1278309,0.034943167031254566,0.14892386816222444,0.019885150206444876
HDAC1,2.1086125,0.085704654,0.03497803116132025,0.14902035016614207,0.0710929713824688
AspRS,2.1078467,0.18731621,0.03504425301736956,0.1492503144754429,0.05657064211475488
Trc8,2.106286,0.069545396,0.03517950771381195,0.1497740200920901,0.08523563191115752
GAA1,2.1049578,0.19006582,0.035294971545148865,0.15021313134211575,0.061316501352569885
fog,2.1043665,0.92710084,0.03534647799539915,0.15037983256053064,0.02135636657016753
CG18659,2.1027308,0.11165373,0.035489319941378786,0.15088221861369586,0.074320155664183
Qsox1,2.1012099,0.094005294,0.035622554012103555,0.1513958545514401,0.07474728299558635
ND-19,2.0999177,0.014712845,0.03573608646523996,0.15182542974026136,0.3986047173840824
Mob3,2.0991127,0.12864645,0.03580696590381597,0.15207355658592783,0.08262540933035926
stck,2.0983,0.093047135,0.03587864691125653,0.1523249136890651,0.07802192586967871
Tim9a,2.0981498,0.078850254,0.03589192617304112,0.15232823402618323,0.10592757818803095
CG11191,2.0975063,0.00748754,0.03594879187199212,0.15251647202496063,0.12927720563808076
Gfrl,2.0911438,0.045446657,0.03651516129031923,0.15481158294528732,0.5167291538132979
CG6236,2.0906217,0.20236324,0.036561979806489946,0.1549561793676307,0.057614731147074175
ND-30,2.0887134,-0.002563345,0.03673353351326434,0.15562914146443485,0.3612073465901001
CG34242,2.088119,0.22611125,0.03678708964360832,0.15576363779026695,0.047600968155284515
Alg11,2.0880775,0.034618877,0.03679083708246604,0.15576363779026695,0.12913482986094632
DAAM,2.0864406,-0.022280252,0.03693873852354927,0.15633551523039657,0.13634853590242513
CG5727,2.0860567,0.18914665,0.036973494809320474,0.15642829858757626,0.05462483982725072
Dgkepsilon,2.0847087,0.031205023,0.03709576198153584,0.15689113212801536,0.12154145508044231
IntS3,2.0841792,0.002775891,0.03714388244895851,0.1570133862257766,0.11902614968440037
CG14322,2.0840974,0.08328649,0.03715130574712721,0.1570133862257766,0.06919462768734279
GABA-B-R3,2.0839653,0.010425024,0.03716331276243871,0.1570133862257766,0.09373071994684638
CG2233,2.0825539,0.9776936,0.03729191759620443,0.15750214261265966,0.018413933842722226
CG42700,2.081159,0.08765277,0.037419353304207405,0.15798562432455285,0.0763134165440653
CG16986,2.0802302,0.024241561,0.03750442629602453,0.15828997649662155,0.12590764557923212
CG14721,2.0798044,0.033941105,0.03754348149354133,0.15839996397534623,0.11024631009444259
p130CAS,2.0793583,0.018790279,0.0375844287519829,0.1585178553833632,0.12623985572587917
Cnep1r2,2.0789957,0.011135421,0.03761774116179087,0.1586034752753611,0.1073038773669973
Synd,2.0770266,-0.01090041,0.0377991010611319,0.15920291735802927,0.12666698305728252
Abcd1,2.0760734,-0.03795931,0.03788715215552062,0.15949248199915247,0.2242893075791372
CG31550,2.0754638,0.008925871,0.0379435664045204,0.1596458857109766,0.12011769730909781
Snr1,2.0737379,0.12048982,0.038103669619480425,0.16026419219870494,0.08101181718950216
CG17816,2.0731556,0.10972703,0.038157792043830505,0.16043647023878924,0.6336671254330597
Cdk5alpha,2.07266,-0.029951166,0.038203931387344674,0.16057507575184285,0.25380855203834657
HDAC11,2.0722115,0.08292726,0.03824573043137119,0.16069534926852236,0.07636087513644345
CG7611,2.0712984,0.062889904,0.03833092186950269,0.160997796921905,0.08841535760049357
Tmx3,2.0709612,0.042357557,0.03836242479507669,0.16107461103244566,0.1076835461060225
wmd,2.0703871,0.006252221,0.03841610253537127,0.16124444690208,0.13193488681125717
Rbpn-5,2.0670953,0.10829875,0.03872516725048878,0.16248573618458098,0.06705899103032605
CG6195,2.0656686,0.08834804,0.03885977777237272,0.16299443608652825,0.08395424991694746
Lkb1,2.0637226,0.17532228,0.03904401608940181,0.1637108744801234,0.05661810070713302
Exn,2.063463,0.14390063,0.03906865112448871,0.1637578365049494,0.05837406862512458
phtf,2.0620558,0.03520339,0.03920241961639943,0.16426204630604765,0.09871387214655214
Hexo2,2.0592527,0.5497786,0.039470032228396165,0.1653265370556429,0.02966162023634379
CG8520,2.0581386,0.15646511,0.03957683312699099,0.16571694228268402,0.062455507569645484
Esyt2,2.0577664,0.18306537,0.03961255852238559,0.16580957274359823,0.05135019695315837
CG1146,2.0569603,1.6614934,0.039690033869445925,0.16603094086868328,0.01684780029424327
Clbn,2.056933,0.0460963,0.03969268698755789,0.16603094086868328,0.09449005742489677
GckIII,2.0558162,0.07483854,0.03980024709846121,0.1664237433561385,0.08523563191115752
Abp1,2.0554168,0.20198068,0.0398387694752814,0.16652769586221022,0.05220445161596507
Nbr,2.0505567,0.13973556,0.040310141346483384,0.16826723043571437,0.05419771249584737
sm,2.047721,0.14429569,0.04058736131542194,0.16930846922439358,0.8495562621612643
ClpP,2.0437224,0.046232603,0.0409809891366249,0.17083354192418637,0.10953443120877035
Dlg5,2.0422363,0.083534874,0.041128091350314276,0.17138813862187374,0.07816430164681315
Fip1,2.0409722,0.028780434,0.041253594846054085,0.17185238126403052,0.08148640311328366
Prosbeta2,2.0376894,0.041037973,0.041580988768934166,0.17312931235274334,0.12253808552038346
Noc2,2.037614,0.52768207,0.04158853282212097,0.17312931235274334,0.030610792083906792
CG9896,2.035602,-0.08678895,0.04179033257435126,0.17385063609172952,0.13539936405486214
nec,2.0349777,0.94489795,0.04185312071522335,0.17405243548203939,0.02064448768449528
Drgx,2.0347288,0.14885658,0.041878176875517106,0.1740972366765614,0.05490959138151962
Glo1,2.0332885,0.27058694,0.04202339666823395,0.17464138492639059,0.04385173935741066
CG5026,2.032867,0.4911498,0.042065964237935155,0.174758704190931,0.030658250676284943
Golgin104,2.0327196,0.2543251,0.04208086778766752,0.17476105535396233,0.04603483460680556
NLaz,2.0317523,0.079768136,0.04217872504930573,0.17503247863843396,0.07579137202790565
tweek,2.031648,-0.039669402,0.042189303654091306,0.17503247863843396,0.1618338000094917
Rpp25,2.031034,0.13036121,0.04225155424946017,0.1752310972258149,0.07218451900716624
strat,2.030438,0.14245424,0.04231205263287891,0.1754223161708031,0.06876750035593944
Lmx1a,2.0292578,0.4387188,0.04243203392878982,0.17582388730566523,0.035499027098856245
AspRS-m,2.0292015,0.084562354,0.04243776162550391,0.17582388730566523,0.08442883584072897
fng,2.028202,0.7936105,0.04253962151973358,0.17618601654911065,0.02168857671681458
slv,2.0277917,0.26152885,0.042581504624892914,0.17629957876114802,0.046604337715343364
CG11999,2.0276072,0.10059746,0.04260035588450094,0.1763177378187375,0.07645579232119976
HERC2,2.0266194,-0.017584717,0.04270134133518451,0.1766123441079254,0.1392435100374923
CG31248,2.026486,0.24265715,0.04271500454755633,0.1766123441079254,0.04551279009064591
MFS14,2.0259106,1.2757075,0.042773953013672386,0.17675719788067792,0.018271558065587775
Hem,2.0258608,0.17604369,0.0427790412460415,0.17675719788067792,0.054957049973897776
Naus,2.0250504,0.015835699,0.04286218375383605,0.1770407176467325,0.10398177590052679
Madm,2.0239112,0.071576476,0.042979281965169834,0.17746425063463928,0.08267286792273741
CCT6,2.0210187,0.07088669,0.04327781654890096,0.17857593294331545,0.08309999525414076
Dhx15,2.020218,0.27333272,0.04336078622993352,0.17885774056062934,0.04489582838972996
Tailor,2.0184433,0.14834905,0.043545108872804925,0.17955728418491856,0.05747235536993973
CG17163,2.0174344,0.12752816,0.043650207133136575,0.17992978516936142,0.07522186891936786
CG15547,2.0171726,0.28838935,0.0436775125075229,0.17998147395341332,0.041146599591856105
CG7484,2.0169308,0.02376276,0.043702721414368526,0.18000144798124335,0.13217217977314794
AMPKalpha,2.01611,-0.022455664,0.043788492873468345,0.18019511804007618,0.12220587537373641
Uch-L5,2.0157788,0.11073441,0.04382310282122132,0.18027667913866577,0.0672962839922168
CG7368,2.013903,0.031285964,0.04401973969174114,0.18100630680647503,0.08604242798158607
CG42806,2.0138035,0.50561965,0.04403016651745004,0.18100630680647503,0.03037349912201604
Gk1,2.0125124,0.21935624,0.04416594381535697,0.18150326674490427,0.04935693607327607
CG7565,2.0115848,0.07989635,0.0442637312876537,0.18184382226667037,0.0765032509135779
pb,2.0104444,0.880353,0.04438417137804098,0.18226751231374266,0.02249537278724313
dl,2.0103252,1.2959043,0.044396771192017556,0.18226751231374266,0.017844430734184423
CG4278,2.009782,0.25962994,0.0444542474806658,0.1824420277918638,0.04442124246594846
slgA,2.0080657,0.117595196,0.04463631195305945,0.18312756862869123,0.6203787195671776
PpV,2.007777,0.16504782,0.04466699075194558,0.18314886374394768,0.06198092164586398
Ype,2.0077062,-0.03129224,0.04467453616111232,0.18314886374394768,0.1885529875183902
Arms,2.0071516,0.11131943,0.04473352903025349,0.1832796589410957,0.06573015044373784
CG10254,2.0061204,0.035774913,0.0448433960290914,0.1836680625667322,0.09956812680935884
Sp1,2.0043845,1.1176596,0.04502888950880059,0.18430667900813882,0.02221062123297423
CG9067,2.0043783,0.19023879,0.04502955862550147,0.18430667900813882,0.056475724929998576
ced-6,2.0038638,0.3808673,0.04508465173545224,0.18447023162249995,0.03127521237720089
Alg14,2.0026717,0.23311898,0.045212541317786875,0.18493143158473296,0.048834891557116414
Hmg-2,2.0023384,0.29980633,0.045248335600394825,0.18501575398631753,0.0408618480375872
Spn43Ab,1.9963496,0.21701016,0.04589588877281185,0.18741205636576336,0.04375682217265436
Nep4,1.9961962,0.54653996,0.04591257019601245,0.1874173871799048,0.024536092259503584
mib2,1.9949577,0.02049124,0.04604748898368377,0.1879052036230738,0.09192729343647667
CG15536,1.9941521,0.2343823,0.04613543744401682,0.18820108668176738,0.04888235014949457
CkIalpha,1.9930512,0.13079007,0.04625584764056274,0.18857902905689358,0.6282093873095724
Tspo,1.989282,0.036626793,0.04667007902538542,0.1901911043933209,0.08613734516634236
Gtpbp2,1.9889438,-0.025311325,0.04670741102256755,0.1902596946593131,0.19011912106686915
PDCD-5,1.9888467,0.11434761,0.04671812832187416,0.1902596946593131,0.08186607185230886
CG10338,1.9863274,0.38032505,0.04699697488763883,0.19133137171190034,0.03834654264154525
Glut4EF,1.9853747,0.11819182,0.04710279696882569,0.19169816101937107,0.8535427839210289
CG9391,1.9841866,0.027548479,0.04723503878287306,0.19211797516975626,0.1071140429974847
BOD1,1.984041,0.12317943,0.047251268153107075,0.19211797516975626,0.061838545868729534
MsrA,1.9840233,0.0656534,0.047253235668137605,0.19211797516975626,0.09804945185325803
CG9331,1.9833666,0.29017574,0.047326492615837455,0.19235165671705326,0.0403872621138057
CG5986,1.9824808,-0.007271218,0.0474254546287989,0.19268962215680993,0.12263300270513977
ND-ASHI,1.9796928,-0.023154965,0.04773806043816784,0.1938951078576567,0.31820986189549616
Galm1,1.9791095,0.46691307,0.047803669781488686,0.19409691238060148,0.02942432727445304
CG6254,1.9763076,0.06386793,0.04811995018107435,0.19531604154416093,0.06762849413886383
Ddrgk1,1.9753689,0.08558254,0.048226308994258164,0.19568258333256083,0.08110673437425846
Grx3,1.9752251,0.038915645,0.04824261560798088,0.19568360786877834,0.09937829243984624
Snrnp59,1.9724197,0.20425995,0.04856171026205844,0.1969124039867699,0.050116273551326466
FeCH,1.9697322,0.22768171,0.048869081005364946,0.19809285945274138,0.0408618480375872
Arp1,1.968024,-0.00089665444,0.049065268090967395,0.19882199227420266,0.15495230411465996
lig,1.9654324,-0.03670376,0.04936421086613598,0.1999668880848559,0.16316264059607993
CG5687,1.9650007,1.4301944,0.04941415455439559,0.2000555407203146,0.01599354563143657
MED10,1.9649595,0.06629623,0.049418921413476674,0.2000555407203146,0.09524939490294718
CG15141,1.9636909,0.12878124,0.04956594677471544,0.20058410532437132,0.0700488823501495
CG31997,1.9632202,0.028999358,0.04962058854803605,0.2007385840730207,0.08305253666176261
CG31051,1.9629033,0.02044653,0.04965741482893495,0.20082091219306175,0.13202980399601347
Arfrp1,1.9623675,0.1796179,0.04971971275865199,0.2010061621277642,0.05875373736414978
Hexo1,1.9577472,0.1418538,0.05025968772709641,0.2031217949952182,0.05732997959280528
CG8314,1.9563818,0.045606047,0.050420189843422676,0.20370291481653263,0.09738503155996393
HP5,1.9560869,-0.00933822,0.050454914302829376,0.20377566283538345,0.13065350481704713
Fkbp59,1.9549639,-0.021351071,0.050587327851223794,0.20424277548147296,0.17085093256134024
Atf3,1.954017,0.07005605,0.05069919931384253,0.20460648670887185,0.06739120117697309
tho2,1.9539174,0.00071928685,0.05071098501497267,0.20460648670887185,0.10122917754259408
CG9775,1.951906,-0.02213306,0.05094936464405443,0.20550026659377216,0.34910540553367186
CG1532,1.9492302,0.1836263,0.051267946383401444,0.2067168370715449,0.05604859759859523
snRNP-U1-70K,1.9486135,-0.053674623,0.05134160019326351,0.2068819052738313,0.15400313226709697
BaraC,1.9486032,0.54877913,0.05134283070418735,0.2068819052738313,0.025959850030848084
Khc,1.947746,-0.026092766,0.051445357351583273,0.20722652371396183,0.15457263537563476
CG45263,1.9405918,0.017403351,0.05230781195998917,0.21063096134136372,0.47553509562906365
mRpL43,1.9383634,0.08221801,0.05257889932626321,0.21151293857683903,0.09031370129561957
side-IV,1.9381108,-0.03587925,0.05260970549429931,0.21156704066975068,0.13767737648901335
Rpi,1.9367911,0.3462317,0.05277088734050429,0.2121452327814666,0.0369702434625789
CG10479,1.9334507,0.5184541,0.05318069457731669,0.21372221767323216,0.026386977362251436
esn,1.9324701,0.11456886,0.05330151482267182,0.21399610150643836,0.056902852261401925
Best1,1.9312853,0.31512323,0.05344778336419557,0.21451268733163642,0.04323477765649471
mor,1.9299273,0.11368563,0.053615845958000716,0.215116374714309,0.06435385126477149
mre11,1.9281641,0.15973513,0.05383471703393783,0.2159234504530004,0.05367566797968772
su(Hw),1.9273257,0.12756899,0.05393905056178662,0.21627075240053195,0.054672298419628874
STUB1,1.9264873,0.028962754,0.05404355281344743,0.21661850221739912,0.1401926818850553
pcx,1.9259953,0.039046764,0.054104957774802176,0.21679333672487303,0.08305253666176261
CG32809,1.9246848,-0.010365101,0.05426880492912948,0.21737839739768622,0.37962128043282234
PrBP,1.9231706,-0.0025542292,0.05445863636762051,0.21806712177559998,0.1422808599496939
bsk,1.9218369,-0.023345305,0.054626292210059234,0.21866662586154745,0.2815718285795643
Src42A,1.9203329,-0.0059341537,0.054815866159464356,0.21935344472019402,0.1328840586588202
chico,1.9190893,0.06080057,0.0549730379783641,0.2199101936062619,0.0723268947843007
Tmf,1.9178228,0.13897154,0.055133477074960226,0.220407330950046,0.05856390299463718
CG13698,1.9161758,0.06713716,0.05534271548409242,0.2211712652575746,0.06933700346447724
Tbc1d8-9,1.9152808,-0.018061478,0.055456698106614036,0.2215322831640504,0.11969056997769446
CG7058,1.9151812,0.06040974,0.055469400953046345,0.2215322831640504,0.07246927056143515
SrpRbeta,1.9136158,0.08813176,0.05566926185014483,0.22225765892283503,0.07602866498979641
CG5644,1.9125785,0.17751546,0.05580203455060408,0.22271479997947385,0.05358075079493142
CG4328,1.9116769,0.3840754,0.05591765414524221,0.22310320339651632,0.0356414028759907
smid,1.9107087,0.13104959,0.05604203055914,0.22352627960908292,0.05766218973945233
Ing3,1.9094427,0.13714238,0.0562050168913949,0.22405997027730473,0.05851644440225903
CG1636,1.9093838,-0.019879203,0.05621260063237328,0.22405997027730473,0.13032129467040007
MetRS,1.9089823,0.1732135,0.05626438241858829,0.2241930556718446,0.04888235014949457
Pdp,1.9077504,0.27428135,0.05642348465239209,0.22460674540431322,0.042143230031797256
CG6094,1.90597,0.10696158,0.05665410845968404,0.2254511681407407,0.0753642446965023
mRpL27,1.9039674,-0.0037475764,0.05691443754900743,0.2264132112548471,0.1821935361397181
Ulp1,1.9034573,0.021183023,0.05698089755255451,0.22660364119676574,0.10341227279198899
CG12288,1.900034,0.49552864,0.05742867200894848,0.22830987707667094,0.02918703431256229
velo,1.8992984,-0.034404956,0.05752524498147634,0.22861924065184713,0.10811067343742585
Art1,1.898103,0.27790824,0.05768251245556868,0.2290948661847268,0.04503820416686441
Acat2,1.8977375,0.20767753,0.057730668600136065,0.22921143959839038,0.04503820416686441
mRpS6,1.8967822,-0.012158928,0.05785669129616901,0.2296369945324012,0.138199421005173
Idh,1.8953874,0.0663843,0.058041091078087574,0.23029389946315412,0.08779839589957762
CG12502,1.8949447,-0.006300106,0.05809972653637282,0.23045153490134992,0.12918228845332447
CG6712,1.8934319,0.27646273,0.058300452136823715,0.2311724824644581,0.04014996915191495
Rh7,1.8915993,0.014260064,0.058544397184959435,0.23206427879267333,0.08025247971145176
CG42676,1.889893,0.2581514,0.0587722663578778,0.23289179279459443,0.042855108917469506
cer,1.8882799,0.1716273,0.058988387597512446,0.23367223153268743,0.04987898058943572
Spt-I,1.887707,-0.0059248786,0.05906529951698398,0.2339008888279785,0.11845664657586256
CG42336,1.8872635,0.051322658,0.05912489181375579,0.23406083349070134,0.08499833894926677
Ugt316A1,1.8857003,0.17655186,0.05933534535854615,0.23481770278419448,0.04612975179156186
Liprin-alpha,1.8850874,-0.052015074,0.0594180427537073,0.23506865404899002,0.14028759906981159
CG12091,1.8834988,-0.01595936,0.05963279668835472,0.23584171279505375,0.3111385316311518
CG9098,1.883198,0.2697885,0.059673533162038356,0.23592627171978123,0.046177210383940015
Pc,1.8830465,-0.031322025,0.059694059538998014,0.23593089874216824,0.13183996962650088
CG9394,1.882591,0.19063143,0.05975582342752138,0.23609845437862495,0.04783826111717526
Sys1,1.8817574,0.03561689,0.05986897012135414,0.23646885185002772,0.09524939490294718
qkr58E-2,1.8813577,-0.048460502,0.05992328563022276,0.2366067147867785,0.1452232926771392
CG8301,1.8797661,0.022797162,0.06013995374270638,0.23738532907054666,0.10459873760144274
Gbeta5,1.878866,-0.015133042,0.060262792730097284,0.23779319539888502,0.2959517820701438
CG3436,1.87857,0.050970335,0.06030323250503754,0.2378667357727238,0.09064591144226662
mEFTu1,1.8784354,-0.019158991,0.06032162622568478,0.2378667357727238,0.12434151203075317
TfIIB,1.8783011,0.10892945,0.060339974321869064,0.2378667357727238,0.062123297422998436
Rae1,1.8768175,0.5328347,0.060543117186625375,0.23859038324855372,0.02937686868207489
Ccdc6,1.8764141,0.034595773,0.06059844375884729,0.23873123173128302,0.08390679132456931
Cyfip,1.8762188,0.119559586,0.0606252394880188,0.23873477302268392,0.05585876322908263
hbs,1.8761221,0.08896124,0.0606385148312601,0.23873477302268392,0.06416401689525889
sgll,1.8757875,0.13149795,0.06068446711748265,0.23883854365353435,0.06634711214465379
Dad1,1.8749685,-0.010354006,0.060797045705773066,0.23920438673585148,0.14436903801433248
D1,1.8720298,0.007609548,0.06120248039506454,0.24072185657807088,0.42689003844145984
ste24a,1.8697989,0.19356985,0.06151175265928235,0.24178224868235812,0.047695885340040815
Ubi-p63E,1.8671068,-0.033517104,0.06188667057775059,0.24317750730889812,0.2806226567320013
Fkbp39,1.8666446,0.043152124,0.061951233025485275,0.2433527487423912,0.08495088035688861
CG31229,1.8651193,0.018203612,0.06216467952879737,0.24411252537903064,0.10289022827582935
cpb,1.8639724,0.104785495,0.062325576523146964,0.24466552407105904,0.06378434815623368
TH1,1.8623236,0.2796066,0.06255749200434552,0.24549686736669915,0.04252289877082246
CDase,1.8613263,0.7046253,0.06269810449733655,0.24596948687416648,0.020739404869251576
CG6621,1.8609273,0.12480376,0.06275443301128536,0.24611125610506993,0.05509942575103222
pippin,1.8607229,0.89154506,0.06278331434122011,0.24614532599071468,0.019885150206444876
Tsp42Ek,1.8582019,0.2619875,0.06314035229590795,0.24738597047085245,0.04513312135162071
CAHbeta,1.8578514,0.73706853,0.06319011399424582,0.24750138157964727,0.02292250011864648
CkIIalpha-i3,1.8564917,0.0375089,0.063383515184296,0.24809944334662293,0.08086944141236771
CG34015,1.8552741,0.20044158,0.06355709148095101,0.2486191874394454,0.05210953443120877
CG7453,1.8522302,0.26863968,0.06399277725642692,0.25019902282072165,0.038299084049167105
Npc1a,1.8521658,-0.025279291,0.06400201436992453,0.25019902282072165,0.1321247211807698
pasi2,1.8501387,0.17670362,0.06429357400163473,0.25118058180991104,0.05519434293578852
alpha-Man-IIa,1.8501334,0.2339186,0.06429431579677763,0.25118058180991104,0.04560770727540221
CG12929,1.8493536,0.22389296,0.06440677940565058,0.2515393252725008,0.049309477480897916
Pdss2,1.8489175,0.029293442,0.06446973645681325,0.2517045540269368,0.08575767642731717
Agbe,1.8450814,0.18651865,0.06502569487785738,0.25379385042145486,0.04836030563333492
Nelf-A,1.8440481,-0.026991023,0.06517612406188064,0.2542995442350394,0.11703288880451806
HP4,1.8434322,0.085015856,0.06526592915941647,0.2544158782793718,0.08357458117792227
VepD,1.8434149,0.06923227,0.06526845053480547,0.2544158782793718,0.0644487684495278
CG1371,1.8434142,0.13711637,0.06526855782915708,0.2544158782793718,0.055574011674813725
Reps,1.8421787,-0.021488994,0.06544901784429472,0.25495624113266485,0.08699159982914907
Pvr,1.8410755,0.4580205,0.06561049031622758,0.2555035995094243,0.03084808504579754
ebd1,1.840609,0.23834904,0.0656788919451828,0.25568828295108054,0.04157372692325945
DIP-alpha,1.8397187,0.27228606,0.06580955172532771,0.2561151423946422,0.04014996915191495
TkR86C,1.8394465,0.34742087,0.06584953176378218,0.25618893797278675,0.0362109059845285
RhoGAP5A,1.8369954,0.45720848,0.06621057939481312,0.25751140786323456,0.02918703431256229
DCTN4-p62,1.8362169,0.24744968,0.06632558219332609,0.25786644270944187,0.04641450334583076
Yip1d1,1.8360912,0.077054106,0.06634417625209695,0.25786644270944187,0.0730862322623511
CG14687,1.8354337,0.24193788,0.0664414572192883,0.2581622320834891,0.046604337715343364
alphaCOP,1.8347961,0.10682277,0.066535912366719,0.2584468565449133,0.05979782639646908
Ncoa6,1.8341393,-0.022220928,0.06663331567110459,0.2587427475995839,0.37430591808646957
PAN2,1.8339635,0.18157645,0.06665940432713054,0.25876161762528477,0.049309477480897916
icln,1.8326938,0.24326518,0.06684811480818671,0.2593553064166853,0.048312847040956765
CG1635,1.8323867,0.04375914,0.06689381451690155,0.2594237051054766,0.10103934317308148
Rab26,1.8300893,-0.016736582,0.06723658565940663,0.2606125559845236,0.36168193251388164
Septin1,1.8300456,0.112118155,0.0672431281131616,0.2606125559845236,0.06933700346447724
Rab30,1.8298613,0.104036525,0.06727067813984515,0.260636457675325,0.0736557353708889
Afg3l2,1.8275727,0.047127612,0.06761371154892327,0.26188227838253125,0.08860519197000617
Rad60,1.8251307,0.06102313,0.06798131339040613,0.2631534493788656,0.0765032509135779
CG32428,1.8251057,-0.025909498,0.06798508590483615,0.2631534493788656,0.14802334962745006
Pgam1,1.8247294,0.05881434,0.06804186083676676,0.2632896005521746,0.5198139623178777
TwdlG,1.8240536,0.43306097,0.06814396497497373,0.263601012085038,0.033790517773242844
Septin2,1.8226376,-0.021908171,0.06835830334627158,0.26434624349229197,0.16012529068387832
Prosbeta7,1.8221867,0.10384425,0.0684266560627532,0.26452664470310777,0.06677423947605714
Arpc5,1.8204324,0.034156367,0.06869318676587495,0.2654728134081325,0.09074082862702293
Prp3,1.8186662,0.08644518,0.0689623663244854,0.2663441961752701,0.06591998481325044
lncRNA:CR46349,1.8180058,2.2038822,0.06906324378621653,0.2666493121666751,0.012956195719234967
Alg12,1.8168762,0.18019968,0.0692360724119035,0.2671949445839577,0.05633334915286413
gry,1.8167957,0.16495343,0.06924840675533041,0.2671949445839577,0.046367044753452616
Prosbeta4,1.8156105,-0.010684619,0.06943013880877004,0.26781138036079055,0.15623368610887
Prosalpha3,1.8141117,-0.0028677203,0.06966052877142309,0.2685301028446793,0.13221963836552608
rl,1.8123592,0.061956763,0.06993071561868477,0.269486402995937,0.5436856342840871
Der-1,1.8119676,0.028369348,0.06999120841182767,0.26963427286086206,0.12391438469934982
Ace,1.8109232,0.08825442,0.07015273251686813,0.2701711395412656,0.6244126999193204
comt,1.8096727,0.0037867338,0.07034656567546173,0.2708320559122562,0.4066726780883679
SMC1,1.8089873,-0.03157137,0.07045298687563288,0.27115612788982923,0.12400930188410612
Coa7,1.8080341,-0.019459415,0.07060119120178902,0.2716407574364288,0.13644345308718142
ctp,1.8077245,0.10929761,0.07064938972676385,0.2717404264372119,0.8947368421052632
CG10737,1.8051167,0.035563245,0.07105642825332477,0.2732027674581302,0.0740354041099141
Sirt4,1.8048916,0.062918864,0.07109164333688875,0.2732027674581302,0.08200844762944332
dpr18,1.8048586,-0.0034354504,0.07109682323219207,0.2732027674581302,0.15428788382136585
dia,1.8042257,0.2874112,0.07119593388336885,0.27349739618795554,0.03787195671776375
sds22,1.8038965,0.12537336,0.07124752077628319,0.2736093354575034,0.06055716387451948
disp,1.8027787,0.08816369,0.07142297211813897,0.27419672666078615,0.0674861183617294
p47,1.7914159,0.084462,0.07322656964483437,0.2809904698995742,0.07797446727730055
Kr,1.7913402,0.6918858,0.0732387171114076,0.2809904698995742,0.024536092259503584
CG5953,1.7908052,0.38141805,0.07332456291367503,0.2812313081670185,0.03027858193725974
caly,1.790535,0.28620574,0.07336795959977783,0.2812616068981381,0.033268473257083195
Stam,1.7903771,-0.0035762973,0.07339329880209683,0.2812616068981381,0.0734659010013763
coro,1.7903249,0.24919179,0.07340168771375645,0.2812616068981381,0.04190593706990651
Rpn2,1.789184,0.023804754,0.07358519905983192,0.28187617578261825,0.08086944141236771
Sec24AB,1.7888607,0.07813096,0.07363725123942756,0.2819869479602207,0.07000142375777134
CG34393,1.7872784,0.08408461,0.0738924987646411,0.28281967366469946,0.06264534193915808
CG10340,1.7872251,-0.0019462442,0.07390111252949937,0.28281967366469946,0.16491860851407147
lncRNA:CR45706,1.7859281,0.26894063,0.07411088788460873,0.2835334627826415,0.0342176451046462
GstE13,1.7848692,0.22467838,0.07428254237199773,0.2841010068943459,0.04641450334583076
CG9953,1.7842448,0.07528576,0.07438389915583045,0.2843994186983743,0.10127663613497223
Ing5,1.78372,0.14692545,0.07446916681212638,0.2846361474672338,0.057282521000427127
FMRFaR,1.7831942,0.09775189,0.07455469382508166,0.28487371881941076,0.06568269185135969
PMP34,1.7802808,0.0009083825,0.0750300164953486,0.2866000849457236,0.1155616724407954
Sdhaf3,1.7775487,0.110722326,0.07547800840085678,0.2881307373623687,0.06013003654311613
pre-rRNA:CR45845,1.7768126,2.9864814,0.07559909170278818,0.288502607628455,0.010915476246974514
meigo,1.7760274,0.3632707,0.07572839363054494,0.288815203367557,0.032746428740923546
UbcE2M,1.7758524,0.013028261,0.07575724619072138,0.2888348682573359,0.09852403777703954
per,1.7744907,0.35146087,0.07598200859254334,0.28960122036726416,0.033363390441839495
CG9231,1.7741024,0.013703434,0.07604620462679536,0.2897011155212782,0.13160267666461012
tzn,1.7740448,-0.009129475,0.0760557527006391,0.2897011155212782,0.15770490247259267
CG4238,1.771217,-0.019340953,0.07652462426581849,0.29139601536271836,0.12946704000759338
qless,1.7706555,0.0127113005,0.07661800779026873,0.2916604924908137,0.10488348915571165
Tecr,1.767274,0.05994007,0.07718235459562521,0.29353376604245734,0.08737126856817427
Sap30,1.7669364,0.08353978,0.07723887655310246,0.2936079054496599,0.07588628921266195
VhaAC45,1.7668699,-0.035356034,0.07725002484018866,0.2936079054496599,0.29495515163020264
bmm,1.7647835,0.16598016,0.07760016736913639,0.2948467705930185,0.04119405818423426
Fbxl4,1.7623087,0.31236356,0.0780171504924385,0.296338749564454,0.034692231028427695
CG5281,1.761392,-0.004789487,0.07817207624492346,0.2968347156851627,0.14498599971524845
Atg101,1.7604922,0.033442743,0.07832438683059179,0.2973204456798765,0.0786863461629728
CG17724,1.7597178,0.0352006,0.07845566560545576,0.2977260610413762,0.07996772815718285
Nepl5,1.7582694,0.28521794,0.07870168621534276,0.29856671437249077,0.03113283660006644
E(z),1.7568489,0.119629316,0.07894356934562537,0.2993911533148188,0.06036732950500688
Asx,1.7552023,-0.0499126,0.0792247173709594,0.30036394402321126,0.14422666223719804
CG3735,1.7527,0.47226283,0.07965352285467381,0.30180192417644364,0.027431066394570738
snRNA:U12,1.7525518,0.28551713,0.07967897627284533,0.3018045499657277,0.033458307626595796
kraken,1.7511089,0.009444765,0.07992716128083342,0.30265056503637106,0.10564282663376204
ATP8B,1.7459333,0.055572987,0.08082254914450965,0.3058509939529426,0.06895733472545204
Brr2,1.7445654,0.10051471,0.08106055462825215,0.30665645573052935,0.06088937402116653
Polr3I,1.7437714,0.19783519,0.08119894811010812,0.3070846970257859,0.049641687627544964
TFAM,1.7436152,0.12228661,0.08122621350067967,0.30709252988827057,0.06421147548763703
CG5355,1.7431475,0.22141129,0.08130786161622959,0.30730589929929375,0.04190593706990651
Cat,1.7429397,0.20653667,0.08134414962956771,0.3073477494838192,0.042238147216553557
CG18809,1.7418034,0.034962185,0.0815428423114786,0.30795839129332125,0.07617104076693085
CG5989,1.7417266,0.14629531,0.08155629560216925,0.30795839129332125,0.061126666983057285
Mo25,1.7410353,-0.05266055,0.08167739182769422,0.3082910888197481,0.1582269469887523
Capr,1.740935,-0.013998105,0.08169498866911037,0.3082910888197481,0.10379194153101419
CG5877,1.7400211,0.36822593,0.08185530650562257,0.3087324455438415,0.03208200844762944
Csas,1.7399796,0.2922493,0.08186260267435358,0.3087324455438415,0.03008874756774714
CG13894,1.7382672,0.5745784,0.0821637543813449,0.30967656219981854,0.025627639884201036
mRpS18A,1.7379832,-0.019553393,0.08221376358915157,0.30976926256203047,0.17683071520098714
CG5726,1.7361064,0.0062988056,0.08254501575122503,0.310921259886181,0.09050353566513217
Oser1,1.7355553,0.05559593,0.08264250687765547,0.31119231273764053,0.07284893930046035
Stip1,1.7347183,0.13935591,0.0827907105107653,0.3116540983371582,0.04480091120497366
Acbp7,1.7341263,0.019536544,0.08289567701689265,0.31195288890364453,0.11988040434720706
CG32112,1.7327425,0.09301581,0.08314143240005248,0.3127811480013086,0.05932324047268758
CG32473,1.7322536,0.3175002,0.08322843358000534,0.3130118410696344,0.03692278487020075
NdufAF4,1.7307771,0.053674642,0.08349151993486374,0.3138181446009248,0.09055099425751033
CG6126,1.7306293,0.5923404,0.08351789838617447,0.3138181446009248,0.02235299701010868
dod,1.7306172,-0.03231676,0.08352006408117155,0.3138181446009248,0.19619382089127235
mav,1.7298357,0.04874848,0.0836596175011581,0.3142456325798509,0.05979782639646908
vg,1.7296225,0.35639152,0.08369774015980255,0.31429197621929555,0.03042095771439419
pes,1.7272872,0.84727305,0.08411610427241935,0.3155730461320209,0.019363105690285227
CG5886,1.7272846,0.19331658,0.08411656632069374,0.3155730461320209,0.04209577143941911
unmet,1.7264535,0.41102037,0.08426584933838478,0.3160358269494068,0.03208200844762944
Rb97D,1.7248739,-0.059367545,0.08455021030350174,0.3170047718823078,0.1557591001850885
TTLL5,1.7229676,0.06156761,0.08489438294325824,0.3181973043343711,0.06463860281904038
CG17746,1.7210135,0.04518446,0.0852483616760808,0.31942584705494886,0.08129656874377106
alpha-Est9,1.7199368,-0.0014632579,0.08544391236874654,0.32006018680474846,0.11783968487494662
mthl8,1.7184851,0.020974003,0.08570815915954819,0.32095138310160765,0.09980541977124958
pod1,1.7177365,-0.027868994,0.08584469022967284,0.321363921747384,0.11807697783683736
dbr,1.7174563,0.11489439,0.08589583396810618,0.32145665343483154,0.04888235014949457
deltaCOP,1.7128389,-0.019204225,0.08674218299938478,0.3245243918291901,0.12215841678135826
BCL7-like,1.7122947,0.41854867,0.08684237787917369,0.3247995532277533,0.028759906981158937
CG12746,1.7108374,0.21575873,0.08711113008549186,0.32570477442087736,0.04503820416686441
Med,1.7083241,-0.018058445,0.08757622489318008,0.32734333186843667,0.09790707607612358
Girdin,1.7078729,-0.00079358957,0.08765992911556554,0.3275557559747481,0.08086944141236771
mRpS30,1.7076383,0.13226092,0.08770347807843734,0.32761804912598,0.05827915144036828
fzr,1.7062509,-0.037281614,0.08796137452336046,0.3284807579856743,0.14413174505244175
Otud6,1.7045764,0.24794412,0.08827346896962888,0.3295452720584399,0.04271273314033506
Sema1b,1.7032845,0.04314607,0.08851483111991067,0.3303451550889746,0.05737743818518343
CSN8,1.7030485,0.08575146,0.08855899743587915,0.33040882147105327,0.06516064733520004
Atg5,1.7004675,0.21252796,0.08904302828661619,0.3321130574619231,0.046889089269612265
eIF2gamma,1.6990937,0.06562936,0.08930153097988393,0.332975332246499,0.0658725262208723
Mpv17,1.6965609,0.003981386,0.08977971230103915,0.3346559367698368,0.13165013525698827
CG4004,1.6920508,0.026993083,0.09063627931594721,0.3377455238710121,0.08442883584072897
CG2116,1.6915758,0.21233076,0.09072689186970677,0.33797985482880677,0.0405770964833183
CG12253,1.6914301,0.14606455,0.09075467934210196,0.3379800753134375,0.05391296094157847
CG30389,1.6902627,-0.057347804,0.09097771785050876,0.33870720918749275,0.25774761520573297
ABCB7,1.6883707,0.045496736,0.09134008128024451,0.33984867238244826,0.0702387167196621
ebi,1.6871856,0.03269414,0.0915676682813986,0.3405914887647139,0.06663186369892268
mfrn,1.6862633,-0.0146036055,0.09174508182315808,0.3411472856444398,0.10398177590052679
Sap130,1.6849749,0.097056516,0.09199341388938115,0.34196636837379285,0.05932324047268758
Hcs,1.6840115,0.12861276,0.09217944858550126,0.34255344475874233,0.05500450856627592
Karybeta3,1.6833466,-0.027978435,0.09230800285582191,0.3428638832338591,0.12695173461155143
eEF1beta,1.6832886,-0.026197972,0.092319243971903,0.3428638832338591,0.3355797067058991
Aos1,1.6825745,0.11537614,0.0924574999174971,0.34327275860322026,0.062360590384889183
CG7903,1.6823024,0.021432914,0.09251022613891485,0.3433639300874644,0.09937829243984624
Nmt,1.6821512,0.31906292,0.09253952099474654,0.34336810392845224,0.03231930140952019
Etl1,1.6805065,0.102515705,0.09285882501646354,0.34444802742716807,0.05813677566323383
Wwox,1.6800361,0.24663773,0.092950288539048,0.34468240553771107,0.042570357363200605
mRpS11,1.6788193,-0.0058149225,0.09318725647781163,0.34545604294648596,0.12087703478714822
CG1309,1.6781648,0.12891544,0.09331492829321399,0.34582415961264373,0.04897726733425087
P5CDh1,1.6768553,-0.019223917,0.09357076488716945,0.34653111133469305,0.3466850173223862
rnh1,1.6767521,0.41891217,0.09359097698858064,0.34653111133469305,0.02918703431256229
Vha14-1,1.67509,0.058212504,0.09391657842360401,0.34763108849235025,0.5214275544587348
teq,1.6746259,0.5106718,0.09400764953699951,0.34786255015376044,0.02168857671681458
Not10,1.6739368,0.070252895,0.09414301572711407,0.3482234393115282,0.06340467941720848
CG12299,1.6738386,0.09408697,0.09416231487167094,0.3482234393115282,0.05581130463670447
Ns4,1.6722181,0.40025765,0.09448131766556787,0.349270564494468,0.028759906981158937
CG13623,1.6721092,-0.022365358,0.09450277477256178,0.349270564494468,0.16686441080157563
CaBP1,1.6714514,0.08216205,0.09463254293837853,0.34953927406812063,0.06710644962270419
Mad1,1.67145,0.19229455,0.0946328332451225,0.34953927406812063,0.04560770727540221
gammaCOP,1.6698923,0.05615437,0.09494066889485894,0.35057007366235554,0.07123534715960325
CG5033,1.6689569,0.7253331,0.0951259299507945,0.35112215670355224,0.02040719472260453
Hip14,1.6688465,0.029298969,0.09514779584804603,0.35112215670355224,0.0761235821745527
CG4022,1.6685866,0.0020718488,0.09519934240338021,0.35120604859406823,0.09211712780598927
MED28,1.6673859,0.06586465,0.09543768002149894,0.3519787842003179,0.06397418252574628
Slh,1.6653874,0.2094845,0.0958354822408424,0.35333898760847793,0.04309240187936026
Chrac-16,1.6645513,0.36070982,0.09600231576248816,0.35384705982127856,0.03160742252384794
CG13185,1.6636051,0.23825864,0.09619136584080991,0.35443668628586217,0.038583835603436
SdhC,1.6616552,0.04138288,0.09658194121251365,0.3557682929704832,0.4886811257178112
CG14715,1.661333,0.25807962,0.09664658209082432,0.3558988486722229,0.04361444639551991
Coq9,1.6607535,0.2847542,0.09676296377024413,0.35611958946693395,0.035688861468368846
CG6013,1.6607436,0.05326839,0.09676495859500249,0.35611958946693395,0.07844905320108206
Mocs1,1.6591855,1.097726,0.09707840611198251,0.357165316057638,0.015329125338142471
Trs20,1.6574029,0.003558578,0.09743804990878606,0.358272214279998,0.10962934839352664
CG9662,1.6562604,0.04264173,0.0976690988751577,0.35901346386890753,0.0758388306202838
E23,1.6551135,1.059874,0.09790148036810731,0.35975916316154954,0.015234208153386171
CG42327,1.653981,0.33349302,0.09813138945037392,0.36049533032266656,0.02833277964975559
raw,1.6528609,-0.053083654,0.0983591845395623,0.36122329025390926,0.14033505766218973
CG13630,1.652295,0.43764225,0.0984744391267756,0.3615376320832132,0.02757344217170519
Nmnat,1.6521167,0.039381567,0.09851078276305299,0.36156215931913666,0.07493711736509895
spt4,1.6493436,0.038461976,0.09907724920004554,0.36353178521955304,0.07854397038583835
CG40470,1.648674,0.57818276,0.09921442841270772,0.3638448310694075,0.019742774429310425
Tpc1,1.6486359,0.074173965,0.09922226749320787,0.3638448310694075,0.05918086469555313
CG7084,1.6454996,0.3308761,0.09986683161192045,0.36609828887750323,0.02828532105737744
l(2)37Bb,1.6443428,0.23236097,0.10010542637691117,0.3668519194392826,0.03777703953300745
Sps2,1.644211,0.55339366,0.10013260611817976,0.3668519194392826,0.024441175074747284
CG1983,1.6439717,0.054068364,0.10018204580925151,0.3669227633320213,0.08086944141236771
cag,1.6436845,0.09880421,0.10024138392746834,0.3669543606626733,0.055479094490057425
Agl,1.6436386,0.5360199,0.10025088366614998,0.3669543606626733,0.024488633667125434
CG3955,1.6402321,-0.018511713,0.10095692828598879,0.3692843865470427,0.34146457216078974
Adf1,1.6401291,-0.012761978,0.10097832967112096,0.3692843865470427,0.11907360827677851
RabGGTa,1.6393131,0.15048273,0.10114806350104348,0.3697941649712715,0.04413649091167956
Polr2B,1.6385835,0.06602466,0.10130001428230685,0.37014390056387625,0.06055716387451948
CG8132,1.6385622,0.042564083,0.10130445912553049,0.37014390056387625,0.08385933273219116
fws,1.638293,0.16153023,0.10136056946470927,0.3702379326357031,0.04684163067723411
Unc50,1.6351631,0.12208051,0.10201486272867606,0.37251622582379645,0.05846898580988088
CenG1A,1.6333573,-0.03923314,0.10239388392592715,0.3737882752839551,0.09975796117887144
Mecr,1.6328244,0.06188299,0.102505928672553,0.37408525885920607,0.0719472260452755
PPP1R15,1.631982,-0.03390521,0.10268328055692594,0.3746203252644029,0.17189502159365952
conu,1.6298908,-0.015736422,0.10312458010133994,0.3760052368696478,0.09330359261544302
CG4617,1.6268512,0.08754098,0.10376869216451795,0.3782406066965638,0.06781832850837644
Lint-1,1.6260124,0.34236345,0.10394699637358804,0.3787772612250119,0.03198709126287314
ey,1.6249696,0.04607864,0.10416902393539479,0.37947287290750953,0.06383180674861183
CG6689,1.624047,0.11521357,0.10436576492437709,0.3800759810765558,0.05035356651321722
CG6833,1.6224225,0.25322738,0.10471291569370779,0.38122632299599885,0.0372549950168478
Phgdh,1.6216837,0.016455797,0.1048710787368225,0.38168813936193774,0.06036732950500688
Arpc2,1.621223,0.06748846,0.1049698199700962,0.3818484599644509,0.06321484504769588
Nasp,1.6211859,-0.03281697,0.10497778237270283,0.3818484599644509,0.11048360305633335
H,1.6201441,-0.03051212,0.10520131921432828,0.3825473985392146,0.10156138768924114
Tusp,1.6180007,-0.037649825,0.10566244251784519,0.38399508403399374,0.11114802334962745
Drep4,1.6177598,0.037079263,0.10571435862577555,0.384069245093764,0.10426652745479568
glob1,1.6170645,-0.033560153,0.10586435516035983,0.3844995903008421,0.08504579754164492
lov,1.6160386,0.14189826,0.10608596972345545,0.3850750104107202,0.04726875800863747
SmF,1.615647,0.30744937,0.1061706614847264,0.38520117358873257,0.03663803331593185
CG43324,1.6154621,-0.009341123,0.10621068007884571,0.38520117358873257,0.39115371838071283
CG5895,1.6154395,0.5422947,0.1062155340414907,0.38520117358873257,0.020881780646386027
CG1275,1.6135925,0.04923102,0.10661583393356851,0.3865378940559984,0.09401547150111528
CG3793,1.6131097,0.054278947,0.10672066824533752,0.38680292157074603,0.09581889801148498
Golgin245,1.6116352,-0.03660674,0.10704134587902756,0.38784987066571547,0.1364909116795596
CG12170,1.6110002,0.17654295,0.10717968816699656,0.38823503926256364,0.04997389777419202
CG34376,1.6108549,0.2764457,0.10721134975451548,0.38823503926256364,0.03445493806653695
rdog,1.610496,0.24242193,0.10728961370209654,0.38830863934098475,0.036400740354041096
CG3803,1.6104696,0.1528432,0.1072953890639459,0.38830863934098475,0.05358075079493142
Adi1,1.6100161,0.20562916,0.10739433035862293,0.3885513483945547,0.04494328698210811
ZnT63C,1.6092991,-0.0037610973,0.10755095435935053,0.3888912183151955,0.08015756252669545
CG9586,1.6092939,0.06077185,0.10755207949302847,0.3888912183151955,0.05875373736414978
CG2790,1.6090267,-0.028820172,0.10761051888864974,0.3889871336695586,0.09520193631056903
CG10702,1.6088545,1.0498514,0.10764815204895749,0.3890078047212401,0.015234208153386171
CG1545,1.6070532,0.4923995,0.10804271986941377,0.3903179349402148,0.023681837596696884
pbl,1.6066986,0.8285193,0.10812049552498103,0.39048317628266477,0.016468131555218073
Stim,1.6056157,0.027653867,0.1083583730509973,0.39122636526025056,0.08376441554743486
Nph,1.6051303,0.06837397,0.10846512820879278,0.39149583883238825,0.07427269707180485
CG40045,1.6049575,-0.03246835,0.10850315960047054,0.3915171735850016,0.32072516729153816
Archease,1.6047031,0.14809386,0.10855917395907563,0.3916033653113859,0.05604859759859523
Oatp58Dc,1.6040996,0.46132463,0.10869209715673893,0.3919668556933405,0.021736035309192728
CG12121,1.6038543,0.01226607,0.10874616183969112,0.3920458345649201,0.09178491765934223
CG9641,1.6028975,0.14201486,0.10895727423901604,0.39269077933156904,0.04878743296473827
bonsai,1.602393,-0.005245774,0.10906872145012071,0.39297624763686706,0.10943951402401404
CG42747,1.601897,0.3156639,0.10917838825516532,0.3932551342914333,0.030610792083906792
mRpL11,1.6016811,0.04761111,0.10922613557288895,0.3933108911367632,0.08813060604622466
CG5446,1.6007626,-0.026245058,0.10942951069987339,0.3939268475843936,0.1388638412984671
Iru,1.5991712,0.037473813,0.10978258418015116,0.3950811687546095,0.07099805419771249
CG7149,1.5988575,0.42699897,0.10985227707574888,0.3951187815668977,0.025627639884201036
vito,1.5987707,0.21690813,0.10987156522293887,0.3951187815668977,0.042665274547956905
Hakai,1.5986865,0.19072863,0.10989028382244509,0.3951187815668977,0.040719472260452756
CG1105,1.5984787,0.1431549,0.10993647804613584,0.3951683075506782,0.049214560296141616
CG5946,1.5969303,-0.036836784,0.11028125163846283,0.39629073591427577,0.2819040387262114
Psn,1.596481,0.12889266,0.11038146203715073,0.3964171009931733,0.04940439466565422
GCS2beta,1.595598,0.29414958,0.11057856609975117,0.3968910901619161,0.03303118029519245
ari-2,1.5950148,0.07474175,0.11070891716284743,0.39724197565438546,0.06027241232025058
Isha,1.5946419,-0.0016915391,0.11079231993556486,0.39731056757145566,0.09952066821698069
fipi,1.594638,-0.050776467,0.11079322497131659,0.39731056757145566,0.11342603578377865
l(2)k01209,1.5935903,0.19102903,0.11102782584880123,0.39803475566795243,0.04109914099947796
CG13506,1.591262,0.0010292585,0.11155063865369047,0.39979145385175924,0.09102558018129182
dpr15,1.5876595,0.07270783,0.11236337102892556,0.4025858699210975,0.06648948792178824
CAH8,1.5863224,0.4005042,0.11266618893561714,0.4034336594994821,0.02932941008969674
CG31111,1.5852649,0.61014324,0.1129061669313997,0.4041742345746933,0.021736035309192728
MED7,1.5842628,0.0035589638,0.11313391674426743,0.4048706139741267,0.10251055953680414
CG13760,1.583826,-0.005977028,0.11323332054320727,0.4051074094808199,0.13464002657681173
Scsalpha1,1.5834444,0.0094733015,0.11332022967459812,0.4052993777886375,0.43063926723933366
Cfp1,1.5824581,0.1530976,0.11354503010934315,0.40598426870131527,0.047078923639124866
Ire1,1.5816097,0.029492082,0.11373867960400152,0.40655740929418605,0.0748896587727208
CG31344,1.580624,0.026809704,0.1139640492952703,0.407243564016432,0.08196098903706515
REG,1.5799032,-0.021960322,0.11412903279845588,0.40771359342918484,0.15371838071282806
Edem2,1.579606,0.09493558,0.1141971011154486,0.4078372298553188,0.05661810070713302
CG10904,1.5790784,0.19479808,0.11431806854573308,0.4081063028152077,0.04304494328698211
CG11779,1.5789855,0.028212339,0.11433940635933498,0.4081063028152077,0.08281524369987187
CG8372,1.5773895,0.015042137,0.11470592674813389,0.4092946548984203,0.11513454510939206
Cand1,1.5771561,0.12210655,0.11475963101760975,0.40936644497326463,0.04565516586778036
Ibf1,1.576931,0.23057552,0.11481140881230668,0.40943132299976776,0.040244886336671254
bwa,1.5767599,0.092424594,0.11485076207017118,0.40945186863799843,0.04916710170376347
CG31098,1.5762209,0.13880053,0.1149749000911981,0.40965479602794896,0.05263157894736842
CG9801,1.5756407,0.12119501,0.11510863998028363,0.4100114590063346,0.05182478287693987
CalpA,1.5747402,0.031024007,0.11531644181516759,0.4106316416257896,0.07617104076693085
ATPsyngamma,1.5729711,0.08650708,0.1157255222992114,0.4119679881148037,0.5886289212661953
Pgant5,1.5717498,-0.03524572,0.11600857264976507,0.4128550341687552,0.13160267666461012
CG9426,1.571274,-0.008025798,0.11611900805339259,0.4131274340813784,0.0815338617056618
mon2,1.5694789,0.033540905,0.11653640243779492,0.4144238174805754,0.08594751079682976
Fum1,1.5694145,-0.0529827,0.11655138619438941,0.4144238174805754,0.21033648141996109
CG7694,1.5682055,0.17976053,0.11683319100039069,0.41521137033748073,0.04745859237815006
Cerk,1.5681573,0.09480321,0.11684442969953125,0.41521137033748073,0.05519434293578852
Nubp2,1.5679506,0.20181197,0.11689265421112993,0.41521137033748073,0.038014332494898204
ERR,1.56788,0.045845453,0.11690913307065663,0.41521137033748073,0.06293009349342699
Ssu72,1.5660466,0.22389601,0.1173377075939338,0.4166120937554498,0.0372549950168478
CG10492,1.5630265,0.0667597,0.11804634850682875,0.4189755798114572,0.05248920317023397
CG17270,1.562917,-0.017975857,0.11807212377162651,0.4189755798114572,0.17013905367566798
CG4119,1.5627478,0.025139742,0.11811191976028199,0.4189948166350632,0.08784585449195577
P5cr,1.5615351,0.015896399,0.11839754791305883,0.41988586311093223,0.1142328318542072
ph-d,1.5605221,0.095164284,0.11863656376217002,0.4204888268965078,0.056190973375729675
atms,1.55982,0.062229395,0.11880240487313296,0.42084019736649725,0.06800816287788904
CG31908,1.5598102,0.101823285,0.11880475175470646,0.42084019736649725,0.04783826111717526
Hrd3,1.5594943,0.105226025,0.11887943633104482,0.42098240832048384,0.05111290399126762
RhoGAP18B,1.559302,0.5074114,0.11892492587043889,0.42102117962090607,0.020739404869251576
eIF2Bdelta,1.55824,0.07667916,0.11917636432816699,0.42178882253078614,0.05348583361017512
Sec10,1.5578631,0.12482545,0.11926570418977984,0.42198248718990605,0.05130273836078022
AP-1mu,1.5569901,-0.024201715,0.11947282556360433,0.42259264967927257,0.09771724170661099
CG3270,1.5555516,0.3807181,0.11981474556544829,0.423556245271824,0.02372929618907503
elm,1.5550662,-0.030739091,0.11993029012517083,0.42384178206312184,0.2992264249442362
fz4,1.5546695,0.30171403,0.12002480385458915,0.42405285048799624,0.02857007261164634
Gat,1.5541117,0.30136174,0.1201577823129291,0.42439965477029634,0.02871244838878079
CCT5,1.5537359,0.15030365,0.12024743466467237,0.4245932737913359,0.04603483460680556
mRpS18C,1.5534711,0.011001521,0.12031062627274158,0.4246268019675725,0.10725641877461914
CG12012,1.5534042,0.015380997,0.12032660382279066,0.4246268019675725,0.09814436903801434
CG7943,1.5519054,-0.034667186,0.12068486608017047,0.42555604260933716,0.12937212282283708
Hacd1,1.5517597,0.13264559,0.12071971716408715,0.42555604260933716,0.050021356366570166
SerRS,1.5517186,0.11560403,0.12072957546501666,0.42555604260933716,0.048834891557116414
CG1317,1.5507463,-0.044182755,0.1209624848273599,0.4262537518244261,0.14337240757439135
Epg5,1.5478616,0.2501952,0.12165561854451466,0.42857235099395646,0.03597361302263775
CG8031,1.547135,0.30506304,0.12183069391814802,0.42888907711507857,0.032461677186654644
Nab2,1.5470648,-0.041300893,0.1218476271247386,0.42888907711507857,0.13264676569692943
CG12171,1.5470505,0.19009596,0.12185108491668858,0.42888907711507857,0.04370936358027621
CG10465,1.5457429,-0.031210797,0.12216668713176071,0.429875793720852,0.14954202458355084
sPLA2,1.5450736,0.050882783,0.12232846281695528,0.4303208176842332,0.08618480375872052
vtd,1.544732,-0.05333248,0.1224111040392733,0.4304872899984715,0.13407052346827394
Set2,1.5441922,0.014069386,0.12254178211322082,0.43082255038305417,0.08547292487304826
Nsf2,1.5437295,0.0040913387,0.12265385316084298,0.4310922191976687,0.06938446205685539
dre4,1.5433483,0.14093159,0.12274629624800355,0.4312927659172428,0.04655687912296521
CHMP2B,1.5425059,0.05643409,0.1229507197758214,0.4318865485151259,0.05695031085378008
CG2698,1.5417414,-0.0170498,0.12313645681593427,0.4324143682308911,0.08955436381756918
Tmem208,1.5406437,0.107483625,0.12340351860529125,0.43312747323349654,0.05381804375682217
mRpL44,1.5406147,0.06376357,0.12341059270981486,0.43312747323349654,0.0765032509135779
CG15237,1.5400275,-0.0051599345,0.12355366497765553,0.4335047848050211,0.1167955958426273
RPA1,1.5394347,0.2316298,0.12369821234583375,0.4338870533189547,0.03806179108727635
hyx,1.5384033,0.261897,0.12395005015886307,0.43461712153770576,0.033458307626595796
Hap40,1.5382885,0.0323037,0.12397808677449705,0.43461712153770576,0.07958805941815766
Vps8,1.5381444,0.24134526,0.12401331928034626,0.43461712153770576,0.03360068340373024
CG13255,1.5373873,0.43709946,0.124198508125568,0.43514102200130733,0.02325471026529353
nemy,1.5370893,0.39706495,0.12427141957006085,0.43527136009754935,0.023302168857671682
AIMP1,1.5365326,0.119339384,0.12440779049497683,0.4355397334993155,0.05452992264249442
e,1.5364848,0.38197693,0.12441950545939919,0.4355397334993155,0.02230553841773053
mRpL19,1.5337458,0.011176432,0.12509221131563764,0.4377688669900394,0.08124911015139291
PpD3,1.5317804,0.07417221,0.12557665343462898,0.4392970929693644,0.05410279531109107
KLHL18,1.5316818,-0.01784904,0.12560098195079458,0.4392970929693644,0.09050353566513217
CG9205,1.5312343,-0.049871963,0.12571150504089304,0.4395575258013325,0.12666698305728252
Hacl,1.5310868,0.31821957,0.12574793885564017,0.43955882612887814,0.03189217407811684
Fhos,1.5299741,0.44559386,0.12602313866416123,0.44039450607151986,0.026197142992738835
Trmt112,1.5280653,0.016855318,0.12649632696373156,0.44192138989994956,0.09710028000569502
Atpalpha,1.5266768,0.047968995,0.12684139847073547,0.4428730466799755,0.9871861800578995
CG7083,1.5249622,0.0417019,0.127268539446854,0.4442371784987696,0.06107920839067913
CG17600,1.5242113,0.011214028,0.12745594310711078,0.4446366601409769,0.06596744340562859
rad50,1.5228169,0.14888416,0.12780452164933276,0.44572512571780176,0.04869251577998197
CG7381,1.5224845,0.23718432,0.12788773093892805,0.4458877438256848,0.03160742252384794
CG13685,1.5214629,-0.083516434,0.1281436974857969,0.446652424550866,0.19989559109676808
Brms1,1.5212137,0.029954007,0.12820622923086125,0.4467426323884985,0.06511318874282189
alpha4GT1,1.519987,0.0008251393,0.12851425313333395,0.4476879769769098,0.08613734516634236
CG9795,1.5183418,0.030227777,0.12892825491227816,0.44900185689307387,0.07683546106022496
CG4676,1.5174478,0.51591635,0.12915364166515833,0.44959191137290844,0.025342888329932135
Es2,1.5173773,0.3181482,0.12917145570825542,0.44959191137290844,0.033885434957999144
Mtpbeta,1.5152824,0.21081722,0.12970090072643534,0.4513058175719441,0.039438090266242704
Sec5,1.5141568,0.1714015,0.12998606671548946,0.45216899748718636,0.04138389255374685
Aatf,1.512386,0.08583124,0.13043571523749037,0.4536036898801056,0.056001139006217074
Urm1,1.5120108,0.24448438,0.1305311027932946,0.45372790766528653,0.03511935835983105
CG11590,1.5119528,0.3749461,0.13054588335238,0.45372790766528653,0.026434435954629586
128up,1.510729,0.12970223,0.13085751237689822,0.4546813621328427,0.056997769446158225
Nhe1,1.5099958,0.187001,0.13104450382936952,0.45520132720894413,0.04157372692325945
DUBAI,1.5090908,-0.010053769,0.13127557477854654,0.45587406865404667,0.09747994874472023
Pih1D1,1.5084951,0.00308917,0.13142785395436166,0.45618315038112844,0.09344596839257747
jet,1.5084363,0.09588797,0.13144290130008063,0.45618315038112844,0.05562147026719187
Ge-1,1.5083035,0.08647873,0.1314768567797936,0.45618315038112844,0.05742489677756158
a,1.5081204,0.34651414,0.13152370957059925,0.45620092522660877,0.02961416164396564
CG9743,1.507991,1.191744,0.1315568342088383,0.45620092522660877,0.013905367566797968
jub,1.5077461,0.19139637,0.13161952522166231,0.4562885076583737,0.03967538322813345
Ada3,1.506568,0.20132121,0.13192144352084106,0.4571098173106557,0.040719472260452756
CG8034,1.506529,0.5097242,0.1319314412420122,0.4571098173106557,0.024488633667125434
otk,1.504761,0.3113134,0.1323855403409839,0.4583185380866844,0.027905652318352236
GXIVsPLA2,1.5047315,0.07742948,0.1323931062928227,0.4583185380866844,0.06278771771629253
Tsf1,1.5045543,-0.039603673,0.13243869824067592,0.4583461933150479,0.06924208627972095
htt,1.5027647,-0.034114305,0.1328997449895056,0.4598112380576451,0.1075886289212662
CG12177,1.5022461,-0.012706711,0.13303354496083344,0.46014355264687823,0.060319870912628734
CG10948,1.5007771,0.022662131,0.13341321119232155,0.46119501736336,0.06724882539983865
Mpc1,1.4997872,-0.0399034,0.1336695188692865,0.4618190945288359,0.13478240235394617
Wdr37,1.4969867,0.019753568,0.13439670856497582,0.464199909520683,0.07360827677851076
CG12877,1.4946929,0.07132053,0.1349945998564351,0.4661329115156056,0.05960799202695648
MICU1,1.4941844,0.041793685,0.13512743370450578,0.46645944192133126,0.07313369085472925
Etf-QO,1.493931,0.49850765,0.1351936481899439,0.4665558827257152,0.02192586967870533
CG31717,1.493742,0.017697152,0.13524306109754525,0.46659430277893543,0.08162877889041811
CG5377,1.4930161,0.32395896,0.13543295944011113,0.4671172446563426,0.02951924445920934
RN-tre,1.489058,-0.02256775,0.13647207963970803,0.47056808450591264,0.11902614968440037
olf186-M,1.4888834,1.2573612,0.1365180758990919,0.4705935597098505,0.013288405865882019
CAP,1.4877876,-0.008359574,0.13680691492940403,0.4713292985396845,0.05732997959280528
CG3065,1.487614,0.15226921,0.13685270715369335,0.4713292985396845,0.04370936358027621
Sec8,1.4875236,0.04305625,0.1368765781274321,0.4713292985396845,0.06440130985714963
mRpS35,1.4874872,0.01593347,0.13688618564529356,0.4713292985396845,0.08552038346542641
CG9467,1.4867631,0.044065904,0.13707737659414382,0.4718543189229085,0.05747235536993973
Rhau,1.4859931,0.45105484,0.13728093105716144,0.4722882496911489,0.023586920411940583
spas,1.485709,0.07956624,0.13735613206194672,0.472413626891385,0.05889611314128423
CG31817,1.4847963,0.5830213,0.13759780724010703,0.4730599021083239,0.02126144938541123
Nop56,1.4845951,0.04396495,0.13765111331880195,0.4730599021083239,0.0744150728489393
wal,1.4845598,0.037823614,0.13766047032391704,0.4730599021083239,0.05756727255469603
Indy,1.4842101,0.84372455,0.13775318964818606,0.4732451038956426,0.01566133548478952
CAH1,1.4838519,-0.09197622,0.1378482012921565,0.4734380742603819,0.0787812633477291
GlcAT-S,1.4836284,-0.03585355,0.13790753601224584,0.4735084384375393,0.14394191068292914
SIDL,1.4820777,0.2523096,0.13831961496947418,0.4747895767003438,0.03303118029519245
DIP-lambda,1.4813857,0.10412474,0.13850382712451179,0.4752880486544691,0.04926201888851977
Usp8,1.4807955,0.13289373,0.13866107550059173,0.47551753567445004,0.04480091120497366
tsu,1.4806955,-0.0038279057,0.13868773806896956,0.47551753567445004,0.10830050780693845
FAM21,1.4776994,0.042064995,0.13948827119973584,0.47807067848234025,0.053153623463528074
CG30373,1.4776151,-0.013770577,0.13951082150805516,0.47807067848234025,0.10625978833467799
Gmap,1.4767628,0.11980091,0.139739239820107,0.4785843197997427,0.04499074557448626
lute,1.4755026,-0.047854163,0.14007746738263302,0.47960793537272856,0.1397180959612738
Wdfy2,1.4752791,-0.021930335,0.1401375396342934,0.4796788740809891,0.10160884628161929
CG5885,1.4727054,0.018237116,0.14083049011677695,0.48191545312560197,0.09705282141331688
CG4853,1.4712706,0.09216056,0.14121795781793414,0.48310572210014013,0.06250296616202364
Lap1,1.4700049,0.10157183,0.14156042730582347,0.48414142773027,0.054767215604385175
Ldaf1,1.4694687,0.27215475,0.14170568653512303,0.4845022757858667,0.030468416306772342
beat-Va,1.4682038,-0.07910521,0.14204886443765588,0.4855394303506975,0.13179251103412273
CG10413,1.4673747,0.17484185,0.14227417165052275,0.48617322070317404,0.041241516776612405
CG33199,1.4670348,-0.016402857,0.14236657187251728,0.4863526189893815,0.32423710312752124
CG2604,1.4659752,0.032260254,0.14265506855417504,0.48720163368081804,0.07621849935930901
Alr,1.4649805,0.102521606,0.14292625508146478,0.4878100459092977,0.04522803853637701
CG30491,1.4649047,0.060186565,0.1429469235649194,0.4878100459092977,0.06179108727635138
PTPMT1,1.4648741,0.17093773,0.14295525180599492,0.4878100459092977,0.046272127568696315
Csp,1.4645402,-0.038788497,0.14304638507639517,0.4878100459092977,0.33325423567936974
CG3568,1.4644667,0.5462905,0.14306646447388544,0.4878100459092977,0.02149874234730198
Ptpa,1.4643465,0.05786487,0.1430992989475265,0.4878100459092977,0.06293009349342699
CG3529,1.464295,-0.034387644,0.14311335828793573,0.4878100459092977,0.12234825115087086
put,1.4633363,-0.061877873,0.14337535696264567,0.48856645960796424,0.15367092212044992
Meltrin,1.4629047,-0.052613314,0.14349346187883857,0.4888322545671222,0.11456504200085425
CG11593,1.4617151,-0.032135326,0.14381929043209665,0.4898053453693283,0.08798823026909022
KCNQ,1.4609871,0.10815506,0.14401899534391763,0.4903484732533553,0.04826538844857862
Appl,1.4606686,0.11296202,0.1441064078295435,0.49050907708302316,0.8634616297280623
Bre1,1.4588109,-0.017011322,0.1446171586047086,0.49201516292696246,0.09691044563618242
Hykk,1.4587656,-0.0043757344,0.144629611023653,0.49201516292696246,0.09615110815813203
RagC-D,1.455101,0.059601482,0.1456412934493284,0.4953185619011897,0.07882872194010726
CG4806,1.4544752,-0.0042455685,0.14581460958462014,0.4957696725877085,0.07607612358217455
Trl,1.4532021,0.19503316,0.14616763518141382,0.4968313734596355,0.02989891319823454
CG4069,1.4523417,0.27969438,0.1464066188697087,0.49736629804985494,0.032366760001898344
Set,1.4515026,-0.005823216,0.14663996684833772,0.49790407311960627,0.10507332352522424
Mpi,1.4514787,0.111482784,0.1466466176470085,0.49790407311960627,0.046604337715343364
Mdr65,1.4511297,1.2073766,0.146743745586086,0.4980418991333392,0.012623985572587917
CG15715,1.4499953,-0.010423582,0.1470598281289048,0.49889013221909845,0.10108680176545963
caps,1.4493927,-0.06854871,0.14722796821707443,0.49932156499663893,0.18746143989369277
CG5498,1.4490039,0.46592054,0.14733648060589286,0.49955058751188536,0.02320725167291538
Golgin84,1.448392,0.08256192,0.1475074319313724,0.49999112564279696,0.053770585164444024
Mdr49,1.4480842,0.8651387,0.14759347856080393,0.5001437059153848,0.01423757771344502
CG15478,1.4477584,0.3110854,0.14768460436040134,0.5003134081570128,0.02918703431256229
apt,1.4455647,0.7496189,0.1482993321065529,0.5021168219574371,0.016420672962839923
kel,1.4453228,0.10521508,0.1483672509381118,0.5022072817785739,0.04389919794978881
Sf3b1,1.4428296,0.10329478,0.14906846753607425,0.5044407414761823,0.04508566275924256
mura,1.4412348,0.021917162,0.14951834351546295,0.5055817283284844,0.47335200037966874
Capa,1.4411992,1.3117085,0.14952841713330686,0.5055817283284844,0.012054482464050116
cv-d,1.4411933,0.9716892,0.14953007881074626,0.5055817283284844,0.01381045038204167
Spg7,1.439668,0.06851635,0.14996134418215296,0.5067587536002945,0.05310616487114992
Taf6,1.4386554,0.099691786,0.15024819972190145,0.5075873909119337,0.05158748991504912
CG12926,1.4378982,0.2501659,0.15046293755067663,0.508171999391853,0.02970907882872194
Sik2,1.4375136,-0.03834929,0.15057211687624986,0.5083998705275927,0.1051207821176024
CG7747,1.4373658,0.12352814,0.15061409286995942,0.5084007693137457,0.04109914099947796
fidipidine,1.4370095,0.07479851,0.15071531047518277,0.5086015834390928,0.056380807745242276
Ero1L,1.4363887,0.09821849,0.15089175556847942,0.509056077670688,0.05158748991504912
drosha,1.4360585,0.18845999,0.15098568681518384,0.5092320245130812,0.035783778653125146
blp,1.4357684,-0.018322352,0.15106825337636776,0.5093695547453794,0.10255801812918229
Gos28,1.435154,0.04372591,0.15124323226629013,0.5098185171719609,0.07123534715960325
Cdk9,1.4349587,0.17821033,0.1512988682892377,0.5098650554541106,0.03768212234825115
CG5787,1.434691,0.09111289,0.15137517051202012,0.5099811921976266,0.053960419533956624
Ufd1,1.4339092,-0.031863395,0.15159816596074066,0.5105913359755369,0.1450334583076266
elgi,1.4327185,0.124110825,0.15193827933328077,0.5115954935893258,0.05253666176261212
CG34039,1.4316654,0.31544632,0.15223959239463114,0.5124684870748851,0.02951924445920934
Sac1,1.4307991,0.009093418,0.15248780107932178,0.5131622880606994,0.09316121683830858
CG13315,1.4289786,0.55003846,0.1530104009826275,0.5147788511115778,0.017464761995159225
HisT,1.4284729,-0.08559637,0.1531557797598395,0.5151257724869436,0.14973185895306346
skl,1.4261695,0.13951041,0.15381940240414763,0.5172150885252842,0.04413649091167956
trr,1.4259423,0.043819997,0.1538849930357326,0.5172929343939726,0.05657064211475488
Sox102F,1.4257276,-0.053107325,0.1539469946566876,0.5173586760050635,0.09629348393526647
PGAP3,1.4231914,0.09357157,0.1546806664909776,0.51968099334579,0.060936832613544684
CG1965,1.4220136,-0.08803041,0.1550222890157871,0.520542860664633,0.19220729913150775
enok,1.4220126,-0.019737856,0.1550226092552808,0.520542860664633,0.08950690522519102
Pex13,1.4211466,0.029501598,0.15527415226922822,0.5211431328161615,0.072421811969057
rux,1.4208664,0.08001039,0.1553556095764937,0.5211431328161615,0.055051967158654076
CG32532,1.4208087,0.45344594,0.15537239680481835,0.5211431328161615,0.025675098476579186
VGlut2,1.4181615,0.5048192,0.15614363015153632,0.5235858893857156,0.018983436951260025
CG6503,1.4177537,0.4973372,0.15626269572219006,0.5238410335967477,0.017796972141806273
CG12112,1.4167241,0.72072065,0.15656361857490927,0.5245612827953736,0.016515590147596224
5-HT2B,1.4162464,0.08690583,0.15670337442989168,0.5248852516971557,0.05040102510559537
CG9135,1.4160177,0.11583285,0.1567703271903347,0.5249652522315906,0.04869251577998197
MESR6,1.4145428,0.23677625,0.15720259662293679,0.5262681818832674,0.03108537800768829
CG12769,1.4137636,-0.05177832,0.15743132774169133,0.5268891965522997,0.11670067865787101
LysRS,1.4130653,0.103857666,0.15763652561019426,0.5274311311179406,0.05225191020834322
Teh4,1.4128325,0.12897357,0.15770496991144345,0.5275153343168453,0.040434720706183855
Gs2,1.4112834,-0.09673108,0.15816108206720103,0.5288958653819241,0.12092449337952636
mxc,1.4099743,0.046347663,0.15854727661584012,0.5300418965086329,0.04665179630772151
CG4968,1.4096073,0.01939236,0.15865566928186503,0.5302588299634364,0.1033173556072327
GATAd,1.4066232,-0.0738441,0.1595391219223362,0.5329192537986726,0.14716909496464334
CG4991,1.4059048,1.1372253,0.15975240211764785,0.533357596738343,0.013430781643016467
March5,1.4058864,0.0034221949,0.1597578624736804,0.533357596738343,0.08926961226330027
NdufAF1,1.4056319,0.084538385,0.15983344829630075,0.5334638283909118,0.05277395472450287
Hmt-1,1.4048212,0.06677653,0.1600744765605988,0.5341220352579082,0.05296378909401547
Hnf4,1.4044758,0.52669525,0.16017720191832452,0.5343185315222927,0.018935978358881875
Bub3,1.4040217,0.05763706,0.16031238515105994,0.5345276760079116,0.06667932229130084
mRpL20,1.4039706,-0.0040505854,0.1603276055037267,0.5345276760079116,0.08784585449195577
Gle1,1.4029818,0.06722147,0.1606222631489319,0.5352172677753776,0.05329599924066252
Dis3l2,1.4005542,0.05175987,0.16134743858035838,0.5373398712721279,0.050638318067486116
bsf,1.3988818,-0.0037783738,0.16184843550256467,0.538861125468659,0.07859142897821651
kumpel,1.3986034,0.5581703,0.16193193870698497,0.5389919172308684,0.017891889326562573
Vps20,1.39748,0.001364518,0.16226926029996236,0.5398775897484177,0.08770347871482131
Lkr,1.3974223,0.6919236,0.16228660996293398,0.5398775897484177,0.018271558065587775
Tip60,1.3961883,0.22142744,0.16265780766007998,0.5408134058239579,0.03260405296378909
ago,1.3961618,0.0061095743,0.16266577838899166,0.5408134058239579,0.07161501589862845
tsh,1.3959014,0.45885915,0.16274417291758558,0.5408134058239579,0.023634379004318733
CG13404,1.3958974,0.064227894,0.16274539113645725,0.5408134058239579,0.06188600446110768
Rdl,1.3953786,0.13947499,0.16290171242917162,0.540981506826282,0.9130084001708509
foi,1.3953433,0.014497185,0.1629123521510335,0.540981506826282,0.0689098761330739
CG5793,1.395216,0.19597034,0.16295070383041454,0.540981506826282,0.030705709268663093
sowah,1.3950436,0.05695737,0.16300270006866746,0.540981506826282,0.05519434293578852
CG7382,1.3923088,-0.055749547,0.16382888496457182,0.5435248445381508,0.2054007878126335
Kap3,1.3920091,-0.06499021,0.16391961576822345,0.5436778766255445,0.14242323572682833
DCTN1-p150,1.3914748,0.002229983,0.16408146656558242,0.5440054944801724,0.07550662047363675
AANATL7,1.3911896,0.6217719,0.1641679551154216,0.5440574238449901,0.020976697831142328
CG5174,1.3899941,-0.03946082,0.16453066646826964,0.5451112513133294,0.19586161074462533
Vps4,1.3897194,-0.0640797,0.16461409384060588,0.5452394537562895,0.1461724645247022
Pgm1,1.3893561,0.026444519,0.16472448579777388,0.5454568751396539,0.08039485548858621
Bdbt,1.3889575,0.06604697,0.16484566822106095,0.5457098994966083,0.06492335437330929
Thor,1.388256,0.83030295,0.16505913020385066,0.5462591688732318,0.01504437378387357
Fam114A,1.3881177,0.062212467,0.16510122061932775,0.5462591688732318,0.05960799202695648
Naa35,1.3871355,0.21598688,0.16540045186909325,0.5468328434647822,0.033837976365621
Snx16,1.3871068,0.3119424,0.1654091963126304,0.5468328434647822,0.026054767215604385
CG6843,1.3853892,-0.023744568,0.16593348842268585,0.5484173780867998,0.08267286792273741
CG7656,1.3848027,-0.016146114,0.1661128037410925,0.548810171222453,0.09990033695600588
CG4751,1.384706,0.10696612,0.16614238508580292,0.548810171222453,0.046794172084855964
tj,1.3843122,0.37285763,0.16626288843700854,0.5489950616375816,0.025342888329932135
Cox10,1.3842287,-0.034569122,0.16628843773615154,0.5489950616375816,0.10184613924351003
CG12355,1.3839477,-0.041943286,0.1663744491375092,0.5489957542988261,0.14489108253049215
Trs31,1.3837492,-0.021890266,0.1664352627112975,0.5490336717694195,0.09406293009349342
Ttc19,1.382988,0.056340203,0.16666853624616784,0.5496474059266583,0.05585876322908263
CG11309,1.3828479,0.17037123,0.16671149886872227,0.5496474059266583,0.03682786768544445
Atg2,1.3817246,0.1641031,0.1670562902272562,0.5506352410978979,0.035404109914099945
SA1,1.3804302,0.099060185,0.16745422621352768,0.5517976651302213,0.04641450334583076
Coq6,1.3793561,0.01498482,0.16778498553173404,0.5527381590935962,0.09135779032793888
Ostgamma,1.3791722,0.04848558,0.16784165215896918,0.552775438574892,0.07840159460870391
mRpS2,1.3785262,0.026806457,0.1680408926752044,0.553282128800126,0.0829576194770063
CG4972,1.3781408,0.08027668,0.16815981843769134,0.5535241768666,0.05310616487114992
Rpt4,1.3752991,-0.009748225,0.16903873410136772,0.5562670437261261,0.11945327701580372
CG11357,1.3744739,-0.075184055,0.16929459169081673,0.5569586445666302,0.15163020264818947
CG12567,1.3741014,0.0012665415,0.16941018757504867,0.5571885527124306,0.08703905842152722
lncRNA:CR46006,1.3730031,-0.06530823,0.1697513859756702,0.5581601412617868,0.2614493854112287
Vti1a,1.3724247,-0.01837115,0.16993127325031665,0.5586009411132982,0.1127141568981064
CG17486,1.3721427,-0.000802318,0.1700190386882242,0.5587387604666393,0.08058468985809882
Sqor,1.3706082,0.30806336,0.1704971375397215,0.560022462555697,0.03027858193725974
GatB,1.3705096,0.21717535,0.17052787657449608,0.560022462555697,0.0365905747235537
Dhrs4,1.3704467,0.020821048,0.17054749208357922,0.560022462555697,0.07740496416876276
CG13707,1.3697132,0.16430853,0.17077646460884,0.5606233038290198,0.03103791941531014
lncRNA:CR45911,1.3691909,0.057982635,0.17093958277289312,0.5609943116271464,0.054577381234872574
Abca3,1.3690568,0.0687296,0.17098152987897686,0.5609943116271464,0.056713017891889324
hop,1.3685571,0.1142586,0.1711377788083117,0.5613558627272637,0.04650942053058706
CG8839,1.366418,0.32828766,0.17180778784821393,0.5634019709663383,0.025675098476579186
sosie,1.3658054,-0.13863271,0.1720000408809249,0.5638807149805255,0.0795406008257795
AstA,1.3656157,0.47901076,0.17205961887542964,0.5639243599012133,0.020027525983579327
CG8001,1.3637322,0.11671327,0.17265184886612595,0.5657132757605401,0.04389919794978881
CG5646,1.3631012,0.110787444,0.17285060147109843,0.5662123035020744,0.048502681410469366
Scox,1.3624011,-0.019829977,0.17307132899541344,0.5667830277069035,0.09643585971240093
pkaap,1.3612186,0.015642786,0.1734446329018815,0.5677210246071229,0.05695031085378008
CG13339,1.3603338,0.0045281635,0.17372430761582935,0.5683106778124917,0.06976413079588059
MED19,1.3597367,-0.08324882,0.17391327261123468,0.5687761952933565,0.149589483175929
Prosalpha1,1.358739,1.3078368,0.1742292936419021,0.5696568831011654,0.011769730909781216
colt,1.3568177,0.10517207,0.1748391304011484,0.5713442789435919,0.04494328698210811
IPIP,1.3561977,0.018624788,0.17503625178472215,0.5718351307970996,0.08452375302548526
Dpy-30L1,1.3539356,-0.007058821,0.17575692949181765,0.5738819216650859,0.11057852024108965
CG9410,1.35332,-0.026292797,0.1759534131636955,0.5743696178501029,0.1141379146694509
CG12093,1.352924,0.13937904,0.1760799112624064,0.5744955008530513,0.04418394950405771
Sps1,1.3528938,0.18589114,0.17608954527830245,0.5744955008530513,0.037302453609225954
Pld3,1.3527567,0.5110185,0.17613337326178136,0.5744955008530513,0.02126144938541123
Prosbeta6,1.3519309,0.004086154,0.176397453118462,0.5752029309954343,0.09349342698495562
Lnpk,1.3514793,0.057138383,0.1765419634593991,0.5754120191469245,0.06330976223245219
Prp40,1.3513038,-0.03759612,0.17659812033500688,0.5754120191469245,0.0734659010013763
nSMase,1.3512523,0.09641031,0.17661460496367432,0.5754120191469245,0.049926439181813866
CG11791,1.3511406,0.040674612,0.1766504041059801,0.5754120191469245,0.048834891557116414
aph-1,1.3499955,0.0947568,0.17701742124944309,0.5763275380346667,0.055574011674813725
Ephrin,1.3499687,-0.07370172,0.17702603186494315,0.5763275380346667,0.25105595368041383
Srp19,1.3497841,0.051017303,0.17708525304174816,0.576366395013583,0.06278771771629253
dpr20,1.3491251,-0.04138871,0.17729677650492115,0.5769008032083512,0.10374448293863604
Myo95E,1.3487549,-0.013719278,0.17741572297240715,0.5771337729678865,0.08618480375872052
or,1.346499,0.08561965,0.1781416711398598,0.5792298552719161,0.046699254900099664
Ogdh1,1.346311,-0.010731255,0.17820223683351122,0.5792298552719161,0.4138863841298467
Tmem131,1.3461919,0.2089589,0.1782406465029457,0.5792298552719161,0.031227753784822742
Pxn,1.346143,-0.045728795,0.17825641521868285,0.5792298552719161,0.1135684115609131
NdufAF3,1.346015,-0.022146188,0.17829767962755183,0.5792298552719161,0.09800199326087988
Miga,1.3449696,0.029324904,0.17863505716229278,0.5801712527980779,0.0789710977172417
Nf-YC,1.3441875,0.06811487,0.17888777771103903,0.5808372729141862,0.05144511413791467
Mctp,1.3423077,-0.04171761,0.1794962499451177,0.5826577338431531,0.07512695173461155
CG17574,1.341014,0.094030015,0.17991588407329695,0.5838644065413783,0.04442124246594846
anne,1.3408258,0.10975759,0.17997701718693304,0.5839073363033076,0.6387451948175217
CG16743,1.3396976,0.2104366,0.18034366166230043,0.5849411633852527,0.027336149209814437
Nop60B,1.3385158,0.11639783,0.18072834879476052,0.5858342871608679,0.040529637890940155
Gnpat,1.3384482,0.032918,0.18075039038062457,0.5858342871608679,0.05581130463670447
Taf10,1.3382113,-0.0221679,0.18082755165136566,0.5858870353744009,0.11328366000664421
CG11597,1.3379204,0.36664036,0.18092235928823897,0.5860384367165412,0.025532722699444736
Iml1,1.3372667,0.027853679,0.18113560142678864,0.5864742291678523,0.061126666983057285
sicily,1.3370663,0.077457085,0.1812010026448626,0.5864742291678523,0.05139765554553652
CG2247,1.3370656,0.0030694543,0.18120124268160898,0.5864742291678523,0.06311992786293959
CG14805,1.335341,0.10927907,0.18176477832277627,0.5879859031253504,0.04997389777419202
Tbcb,1.3322566,0.03180239,0.18277589469618394,0.590989937549727,0.07602866498979641
Cbp80,1.3316425,0.15053302,0.18297769857734492,0.5914386549878698,0.04290256750984766
spz,1.3308214,0.26079482,0.18324779371022915,0.5921001508500815,0.03502444117507475
CG5515,1.3307251,0.00037519133,0.1832795035817013,0.5921001508500815,0.1031275212377201
CG2218,1.3302705,0.03935092,0.18342915154999329,0.592345517598784,0.06316738645531773
CG8545,1.3301992,0.3139316,0.18345264820210105,0.592345517598784,0.02757344217170519
PNUTS,1.3297385,-0.0015404009,0.18360446121919494,0.5926787017480845,0.4484836979735181
Idi,1.3288103,-0.018675601,0.18391055062399042,0.5935095847381041,0.0797304351952921
CG34347,1.32834,0.060638495,0.18406580113113602,0.5938533747981517,0.05097052821413317
Rab3GAP1,1.3271111,0.118205585,0.18447192545964286,0.5950061655008169,0.0388685871577049
CCT7,1.3263493,0.19171658,0.18472405054495133,0.5955791843971744,0.0405770964833183
EMC5,1.326279,-0.052100778,0.18474730463579592,0.5955791843971744,0.11674813725024916
Hug,1.324048,0.63615805,0.1854870845237424,0.5978059421628493,0.018698685396991124
CG5516,1.3229048,0.052111965,0.18586702845401937,0.5988721146777801,0.05742489677756158
Rel,1.3217521,0.2401648,0.1862507320751744,0.5999498343721725,0.026861563286032935
Ugt49B1,1.3214252,0.8017135,0.18635964636279867,0.6001420685643734,0.014427412082957619
Nup62,1.3208516,0.052522495,0.1865508807931009,0.6004406353279923,0.06435385126477149
CG31974,1.3195902,0.53574604,0.18697186115867725,0.6016367517590065,0.016183380000949172
Obp99c,1.3192744,0.40180767,0.18707740013200724,0.6016631807971313,0.01675288310948697
CG13654,1.3191226,0.16089624,0.18712815804429606,0.6016631807971313,0.034976982582696596
CG12159,1.3185216,0.33856693,0.1873290772014531,0.6019621654042764,0.026197142992738835
Hydr1,1.3184555,0.175685,0.1873512200146531,0.6019621654042764,0.033980352142755445
CG1418,1.3184015,0.096359804,0.1873693047455759,0.6019621654042764,0.04423140809643586
Saf-B,1.3171824,-0.04262408,0.18777747621127305,0.6031145342659308,0.3467799345071425
CG31673,1.3167887,0.5091729,0.18790948715336453,0.6032930638595624,0.019790233021688575
lncRNA:CR44978,1.3167213,0.10556729,0.1879320504942783,0.6032930638595624,0.04959422903516682
Taf12,1.3163514,-0.055990405,0.1880561229276625,0.6035324071525219,0.24787622799107778
asRNA:CR43906,1.3143253,0.74005044,0.18873675693108727,0.6054571006095762,0.01556641830003322
Jheh2,1.3142705,0.7993507,0.18875518765414634,0.6054571006095762,0.014427412082957619
her,1.3132545,0.019235564,0.18909720059559065,0.6062497741108931,0.05884865454890608
CG11267,1.3132409,-0.0022768546,0.18910178367131147,0.6062497741108931,0.4032556594371411
CG6959,1.3106599,-0.09155149,0.18997268743881213,0.6088816952910021,0.09909354088557733
Cth,1.3102106,0.27943122,0.19012461230167876,0.6092084383136599,0.03208200844762944
CG34408,1.3099178,-0.005272874,0.19022362293513229,0.6093655032736734,0.07640833372882161
Pask,1.309674,0.023860304,0.19030611931756047,0.6094695975727127,0.049546770442788664
Awh,1.3094115,0.63464016,0.19039499103803292,0.609592578780196,0.018841061174125574
Vhl,1.3092651,-0.012990193,0.19044454344039596,0.609592578780196,0.09505956053343458
CG30010,1.3084673,0.13217407,0.19071488313344287,0.6102578934105085,0.04342461202600731
Bet3,1.3083562,-0.0040027667,0.19075252882878313,0.6102578934105085,0.07759479853827536
CG9016,1.3060786,0.5658805,0.1915258466245663,0.612571121623416,0.020739404869251576
nst,1.3054795,0.059745688,0.19172960897167668,0.6130619632098024,0.050733235252242416
rdgC,1.3052762,-0.049261805,0.1917988168359449,0.6131224176274148,0.08765602012244317
rump,1.3040153,-0.07761581,0.19222836588037162,0.6143344393591635,0.15106069953965165
Fatp1,1.3038366,-0.05954935,0.1922893040281346,0.614368106631437,0.07887618053248541
CG6443,1.3035064,0.022674493,0.19240193903785796,0.6145668854644787,0.06857766598642684
pita,1.3029011,0.13828997,0.1926085206541851,0.6150655641220493,0.03796687390252005
CG33523,1.302565,0.1251269,0.1927233028093417,0.6152709109332284,0.04418394950405771
Vps11,1.3010511,-0.071070194,0.1932409480409346,0.6167619574943577,0.14275544587347538
Akr2E3,1.2974089,-0.063162155,0.19449052230429498,0.6205876901484428,0.06335722082483033
Pdxk,1.2971452,0.096990556,0.1945812056836499,0.6207145553724178,0.04949931185041052
dop,1.2968342,-0.08393194,0.1946882443747392,0.6208935140459696,0.1426605286887191
CG33941,1.2962528,0.12799336,0.19488839345674003,0.6213692461010212,0.03625836457690665
Kap-alpha1,1.2959487,0.012604851,0.19499314887355557,0.6214451899104857,0.06900479331783019
DCTN6-p27,1.294518,-0.010182347,0.1954865729580324,0.622662992461645,0.10364956575387974
NKCC,1.2923653,0.8342884,0.19623065190249578,0.6248316133854548,0.01480708082198282
boca,1.2918763,-0.02300821,0.19639999186661483,0.6250442560997829,0.1164159271036021
CG17593,1.290785,-0.00033900928,0.19677827330833586,0.6260846706748384,0.08537800768829197
Sec13,1.2884583,-0.01964355,0.1975864508969799,0.6283280067788385,0.11926344264629112
Use1,1.2866334,0.14140667,0.19822209622753328,0.6300471251813963,0.03777703953300745
CG9154,1.2866095,0.18462542,0.19823043113222205,0.6300471251813963,0.0390584215272175
CG6791,1.2846069,0.1304355,0.1989296786173932,0.6321047582553195,0.039105880119595655
Ravus,1.2843099,0.12947349,0.19903357640495922,0.6322700710972239,0.03635328176166295
Mcad,1.2841219,0.24915232,0.19909930450895563,0.6323140757320637,0.026766646101276634
CG15514,1.2831783,-0.027478697,0.19942959975314722,0.6329488881583322,0.10241564235204784
Polr2J,1.2831059,-0.07047667,0.19945497410912738,0.6329488881583322,0.13440273361492097
su(f),1.2825073,-0.027098559,0.19966475704840703,0.6333003987573584,0.0730862322623511
Ork1,1.2824934,0.9289437,0.19966965562593553,0.6333003987573584,0.012007023871671966
Coq3,1.2822267,0.0804544,0.19976313214421082,0.6334320545540545,0.05220445161596507
CG17271,1.2820572,0.06457837,0.19982258693777366,0.6334557899049474,0.054340088272981826
GMF,1.2800281,0.12318712,0.20053524227640107,0.6355496796950215,0.041431351146125006
Swt1,1.2791004,0.08582703,0.20086170762516908,0.6364188599540385,0.057187603815670826
CG14650,1.2771684,0.088707395,0.20154279696546995,0.6384109023420252,0.052346827393099524
Echs1,1.2764117,0.09003623,0.20181003926291963,0.6390913402379131,0.034597313843671394
CG43850,1.2757049,-0.00361996,0.20205985445848262,0.6397162509076479,0.09520193631056903
Gnpda,1.2751368,0.13402992,0.2022608318098894,0.6401862578371181,0.04005505196715865
JhI-21,1.274607,0.42398214,0.2024484118587513,0.6406136272446312,0.019505481467419677
CG30291,1.2725966,0.09382613,0.203161223263033,0.6427023489107473,0.047790802524797116
CG3652,1.272351,-0.035771847,0.20324844517563834,0.6428114422018307,0.10402923449290494
santa-maria,1.2711967,0.2000885,0.20365867494862044,0.643941787016533,0.023349627450049832
CG9471,1.2694166,0.012976401,0.2042925167217724,0.6457783937556233,0.05813677566323383
spin,1.2686477,0.07289758,0.20456673888500287,0.6464775681278974,0.05111290399126762
Idgf3,1.2671419,0.36269298,0.20510454903139574,0.6480091622974813,0.02168857671681458
lncRNA:CR46064,1.2651275,-0.07817489,0.20582559943419731,0.6501187435873105,0.11522946229414835
Gp210,1.2636924,0.18602942,0.20634046030485043,0.6515761322942544,0.03084808504579754
CSN5,1.2626878,0.032700043,0.2067014057556057,0.652502661317525,0.06487589578093114
CG10055,1.2625779,0.023167066,0.20674093674692606,0.652502661317525,0.05111290399126762
Rhp,1.2623532,0.3938196,0.20682173453412855,0.6525886933048131,0.02121399079303308
CG5180,1.2619722,0.21433634,0.20695878610582985,0.6528521334999896,0.03151250533909164
CG31678,1.261435,-0.038549528,0.20715217257685492,0.6532931000101642,0.11712780598927436
CG8206,1.2607706,-0.044490114,0.20739153897382712,0.6538788071784736,0.108158132029804
GABPI,1.2603252,-0.026560845,0.20755206779158508,0.6542157109675796,0.16824070998054197
lncRNA:CR45308,1.2592335,0.3472845,0.20794601649201927,0.6552880028493338,0.02164111812443643
AIMP2,1.2587456,0.03812434,0.20812226781762022,0.6553698625506171,0.058706278771771626
CG3847,1.258715,0.003035411,0.20813329542484527,0.6553698625506171,0.06079445683641023
beg,1.2581317,0.24143527,0.2083440971254107,0.6555557282018654,0.03331593184946134
CG34232,1.2581053,0.6127714,0.20835367060907595,0.6555557282018654,0.017844430734184423
Gale,1.2570845,0.09061207,0.208723024793682,0.6565483739897263,0.05030610792083907
CG15027,1.255888,0.12375065,0.209156581952344,0.6577424090343449,0.041241516776612405
Ho,1.2554644,-0.02220948,0.20931022863326276,0.6580558103716379,0.11560913103317355
TBC1D23,1.2544043,0.051974006,0.20969510372069233,0.659095827553254,0.05481467419676332
Pgant1,1.254187,0.2045453,0.2097740643588213,0.6591740320880827,0.030705709268663093
Tmem43,1.2534409,0.065202534,0.21004531300077578,0.6598562680841381,0.05201461724645247
CG14043,1.2504914,0.083771504,0.21112009290953293,0.6630617914131144,0.05253666176261212
CG1647,1.2458854,-0.035825193,0.2128064691980125,0.6681838911422162,0.08613734516634236
M1BP,1.2457379,0.01061873,0.21286061607229678,0.6681838911422162,0.08366949836267856
Top2,1.2452651,-0.04583112,0.21303433125780402,0.6685570194905699,0.09093066299653552
Hel89B,1.244876,-0.06101751,0.21317732451410543,0.6688335671820929,0.11489725214750131
Rrp5,1.2440685,0.12893796,0.2134743444868391,0.6694980698822729,0.038014332494898204
dos,1.2440016,0.051876727,0.21349897429095044,0.6694980698822729,0.047506050970528214
Dcr-2,1.2436817,0.13888116,0.21361673849870755,0.6696950683026611,0.0367804090930663
ken,1.2421458,1.2089792,0.21418279480636238,0.6712970136011188,0.010583266100327464
CG10898,1.240452,0.13350898,0.21480824134948462,0.6730842297709173,0.03825162545678895
Sf3a1,1.2392861,0.02619742,0.2152395943949521,0.6740892641521251,0.047885719709553416
Srp72,1.2390993,0.065769255,0.21530875590280352,0.6741326549445856,0.04019742774429311
Dlc90F,1.2381005,-0.05817724,0.21567879656218625,0.6750050891725153,0.2017464761995159
GC,1.2380483,0.07852683,0.21569815590507402,0.6750050891725153,0.05794694129372123
CG5131,1.237649,0.16613233,0.21584625536718138,0.6752793362922525,0.036400740354041096
CG10139,1.2375133,-0.052148998,0.21589659311928033,0.6752793362922525,0.1413316881021309
Ac76E,1.236836,-0.0059905928,0.21614799905896875,0.6758922423113828,0.06387926534098999
CG7741,1.2363112,0.23801416,0.21634290843612747,0.6763140914344381,0.03113283660006644
CG17598,1.236174,-0.01962448,0.2163938761665689,0.6763140914344381,0.06449622704190594
ATPsynG,1.2355739,0.17153695,0.21661697870361474,0.6768378245112433,0.7910872763513834
PIG-B,1.2348679,0.100581095,0.21687966415001403,0.6774849375511329,0.039722841820511605
mEFG1,1.2346506,0.026576223,0.2169605681277249,0.6775640186802047,0.05941815765744388
CG6006,1.2331746,0.07788981,0.2175106326681956,0.6789339568739144,0.04551279009064591
NiPp1,1.2328202,0.063479505,0.21764288507235885,0.6791728433556021,0.05358075079493142
CG8407,1.2320807,0.5501172,0.21791896284877754,0.6794275448057832,0.018935978358881875
CG11563,1.2320005,0.11611291,0.21794890584005644,0.6794275448057832,0.04228560580893171
Atg16,1.2319729,0.30077174,0.21795920801160185,0.6794275448057832,0.024583550851881734
Irk3,1.2317059,0.6160775,0.2180589511264438,0.6794275448057832,0.01471216363722652
CG13300,1.230608,-0.055588964,0.21846953428584137,0.6805328784590137,0.07844905320108206
pcm,1.2304138,0.17436981,0.2185421934832924,0.6805852826693538,0.0340278107351336
Bhmt,1.230127,0.46513605,0.2186495626991053,0.6807457266256435,0.018603768212234827
Bug22,1.2296578,0.03466132,0.2188252894156899,0.6811188592154863,0.05685539366902378
CG32109,1.2277305,0.022344764,0.219548127458563,0.6831943134011806,0.07569645484314935
Noc3,1.2274398,0.03157956,0.21965737076071057,0.6833597989286119,0.05135019695315837
CG40439,1.2253199,0.72900206,0.2204547409509443,0.6856654344095586,0.01419011912106687
CG1824,1.2251235,0.029906454,0.22052870461796936,0.6857205052521501,0.050021356366570166
Vps25,1.2248918,-0.04582957,0.2206159880056171,0.6858169542974921,0.10417161027003939
YME1L,1.2246815,-0.039941892,0.220695257234934,0.6858884473321292,0.07787955009254426
CG13807,1.2244656,0.08865152,0.22077662643479545,0.68596642865504,0.05025864932846092
Pldn,1.2234889,0.12395936,0.2211450666666661,0.6869360901121287,0.03606853020739405
ash2,1.2232908,0.0730126,0.221219890493081,0.6869934382726532,0.041858478477528355
Ufl1,1.2230661,0.09928443,0.2213047312799451,0.6870818567425498,0.04722129941625931
Cda5,1.2228135,0.022743491,0.22140015294190807,0.6870884748026678,0.040244886336671254
CG10628,1.222762,0.09133275,0.22141960202025424,0.6870884748026678,0.04593991742204926
repo,1.2226061,0.16781151,0.2214785124121914,0.6870963572899469,0.024963219590906933
CG30183,1.2220215,0.49915668,0.22169952640897428,0.6876070044272233,0.017796972141806273
goe,1.2204987,0.8085182,0.22227587734802967,0.6892191984215552,0.012766361349722368
CG9853,1.2198725,0.021247242,0.22251321466904217,0.6896275972912204,0.06962175501874615
lncRNA:CR45674,1.2192838,0.69185597,0.22273650223903496,0.6899454195150183,0.013952826159176118
Cyp9f2,1.2175993,0.57554144,0.2233762890157498,0.6917324888201493,0.01556641830003322
red,1.2174493,-0.010662626,0.22343333437324975,0.6917324888201493,0.09615110815813203
CG3587,1.2148396,0.47971395,0.22442728362144126,0.6943005482390222,0.019790233021688575
CCT1,1.2144527,0.082065195,0.2245748868730727,0.6944524654037266,0.04888235014949457
CG11504,1.2142762,0.078406654,0.22464225740696786,0.6944524654037266,0.04722129941625931
Ifrd1,1.214263,-0.061847616,0.22464731077913647,0.6944524654037266,0.19030895543638177
dbe,1.2139537,0.15357338,0.2247653862825929,0.6946413015716341,0.03939063167386455
POLDIP2,1.2124038,0.0019001869,0.225357835831129,0.6962957315451537,0.11152769208865265
CG6231,1.2121975,0.3163913,0.22543677255907713,0.6963631071268604,0.02315979308053723
ocm,1.2115611,-0.031536724,0.22568046112795148,0.69684618678503,0.07066584405106545
Nadk1a,1.2114904,0.008581472,0.22570750229118863,0.69684618678503,0.05562147026719187
SLC5A11,1.2107395,0.43121436,0.22599523945625322,0.6975578560983212,0.017369844810402924
Prosalpha2,1.2103024,-0.042316183,0.22616290138313677,0.6978986341668492,0.12163637226519862
CG17660,1.2097331,0.057521593,0.2263813191960805,0.6982191041703,0.05310616487114992
mew,1.2075853,0.030307736,0.22720682066195352,0.7002336124016565,0.05267903753974657
Gpb5,1.2071881,-0.014619213,0.22735969055126326,0.700527620861817,0.08319491243889707
Mettl1,1.2060375,0.20442191,0.22780300248140872,0.7017161479014129,0.03288880451805799
AsnS,1.2028576,0.68633527,0.22903144052466118,0.7049657142815896,0.013525698827772768
Trs33,1.2026491,0.15028687,0.22911214658832213,0.7050360905743647,0.0393431730814864
Bap111,1.2012717,0.0725166,0.22964585613280197,0.7065000859168913,0.05106544539888947
Naa20A,1.200812,0.07668443,0.22982414593432443,0.7068701778434218,0.053343457833040675
emei,1.199896,-0.0045815553,0.230179735398512,0.7077852660879069,0.07014379953490579
sll,1.1964769,0.17796804,0.23151047688417303,0.7116976551680164,0.02904465853542784
CG14440,1.1958901,-0.07746503,0.23173944675792546,0.7120767745885631,0.14920981443690381
CG30089,1.1958615,-0.09498153,0.23175064113486177,0.7120767745885631,0.14024014047743344
CG14352,1.194895,0.39581883,0.2321280299550833,0.7128769355309929,0.020881780646386027
Myd88,1.1940861,0.71198565,0.23244429194907346,0.7136683815030873,0.013430781643016467
RluA-2,1.1929984,0.11150225,0.23287000235161082,0.7147953811794975,0.04290256750984766
Sytalpha,1.1927594,-0.09405481,0.23296362333451204,0.7149027202478265,0.1960514451141379
CG9215,1.1913664,0.25668007,0.23350974876077135,0.7163982702353491,0.02861753120402449
Dph5,1.191212,0.008595529,0.23357035706144935,0.7164038958787131,0.07408286270229225
CG8837,1.1909575,1.0010515,0.23367024077465903,0.7165299534093884,0.011579896540268616
mRpL28,1.1892712,-0.032658342,0.2343329521445665,0.7183813766826261,0.11950073560818186
Muc68D,1.1889127,8.814641,0.234474018418094,0.718503435534061,0.006549285748184709
Polr2I,1.1873587,0.04798207,0.23508614566187735,0.7200651080531316,0.055384177305301124
CG30094,1.1872767,0.00020019147,0.23511847814024645,0.7200651080531316,0.0749845759574771
Tmem186,1.1865468,0.09715598,0.23540641942765694,0.7207658493855088,0.04783826111717526
Taf4,1.185426,-0.089736305,0.23584904367905923,0.721868763277655,0.19880404347207062
CG10343,1.1853348,0.033281434,0.23588508361103455,0.721868763277655,0.06065208105927578
CG4098,1.1847792,0.10050577,0.23610474980034757,0.7223596373786236,0.04451615965070476
park,1.1846024,0.17016466,0.23617470697955856,0.7223923471452545,0.03279388733330169
AIMP3,1.1844167,-0.05686456,0.236248170520176,0.7224357627873621,0.20582791514403684
CG33090,1.1839379,-0.0261291,0.2364376500713128,0.7228338391570684,0.10326989701485453
CG11178,1.182795,0.11482597,0.236890390443948,0.7238886952770677,0.041051682407099804
lncRNA:CR45660,1.182767,0.6256632,0.23690146898516884,0.7238886952770677,0.014095201936310569
fuss,1.1821306,0.77803653,0.23715389649973795,0.724478407126643,0.01504437378387357
SIFaR,1.1812631,0.19040819,0.2374982096482703,0.7253415558203995,0.02766835935646149
TfIIS,1.181119,-0.06202066,0.2375554590889355,0.7253415558203995,0.11508708651701391
Snp,1.1796485,0.02870467,0.2381400480375756,0.7269444141071899,0.04499074557448626
CG31126,1.1788461,-0.05669052,0.23845944900081306,0.7277371617102931,0.1182193536139718
CtIP,1.1784217,0.027605,0.23862849360779648,0.7280707656033619,0.042570357363200605
Sf3b3,1.1778934,0.77059746,0.23883911189415397,0.7284846737951297,0.012956195719234967
CG1074,1.1771263,0.06543826,0.23914508619029162,0.7290994136001663,0.04736367519339377
TTLL4A,1.1768049,-0.087754816,0.2392733665919301,0.7293080933706017,0.12932466423045894
pea,1.1760725,-0.0022899224,0.23956592157398438,0.7300172545163239,0.05125527976840207
GIIIspla2,1.1757691,0.04361467,0.2396871589898859,0.7302041441958809,0.05960799202695648
CG14450,1.1756026,0.16208947,0.23975374774723424,0.730224495574972,0.040956765222343504
Gyg,1.1750127,0.23045798,0.2399896326509312,0.7307603378421685,0.026576811731764037
dind,1.174093,0.12279838,0.2403577570425488,0.7316984766712357,0.03682786768544445
CG10151,1.1736536,0.0416399,0.24053379054769075,0.7320515288354065,0.04665179630772151
CG7369,1.1731212,0.028410465,0.24074721475439465,0.7323353632745985,0.05329599924066252
mRpS29,1.1729605,0.01826984,0.24081165143120709,0.7323486076085287,0.07114042997484694
mRpL15,1.1727906,-0.016219672,0.24087978762545104,0.7323730933815472,0.06819799724740164
pck,1.172495,0.06657548,0.24099839467369377,0.7325051097677736,0.047078923639124866
mRpS28,1.1723828,-0.03912036,0.24104339939933872,0.7325051097677736,0.1563286032936263
CG13579,1.1711888,0.11051762,0.24152288217795737,0.7337792649220145,0.03948554885862085
Taf2,1.1708193,0.31042966,0.24167142596239355,0.7340475980701756,0.023681837596696884
Roe1,1.1704453,-0.034276597,0.241821808845899,0.7343213821680774,0.07925584927151061
Ppt2,1.169753,0.1153991,0.24210042018484956,0.7349843142299206,0.0390584215272175
CG7632,1.1690516,0.16626188,0.24238281268380213,0.7355089704791643,0.03113283660006644
Sol1,1.1676551,0.23401351,0.24294591835092727,0.7370004476803017,0.024536092259503584
Pex16,1.1672392,0.121113725,0.24311378220278124,0.7373261734933317,0.038204166864410805
CG12341,1.166873,0.13162158,0.2432616767494843,0.737591188532205,0.04299748469460396
Rrp6,1.1647568,0.25648183,0.2441174662474903,0.7400019388437352,0.026054767215604385
Sirt2,1.1631966,0.046811413,0.24474976832241802,0.7416939931210922,0.05666555929951118
lic,1.1626596,0.0075112004,0.24496760661506944,0.7420019498900655,0.05666555929951118
asRNA:CR44107,1.1625288,0.13038194,0.24502074397469142,0.7420019498900655,0.03013620616012529
Inx3,1.1614215,0.13505574,0.24547049609078986,0.74317930373836,0.02382421337383133
Topors,1.1610017,0.15551588,0.24564122762908247,0.7433269422966451,0.03189217407811684
CG6178,1.1603317,0.3402208,0.2459137930661417,0.7439670448456692,0.024915760998528783
CG2909,1.1597569,0.0550229,0.24614778183753272,0.7444441516165882,0.03587869583788145
Atg7,1.1594944,0.37797943,0.24625472305505647,0.7444441516165882,0.02254283137962128
CG32243,1.1580912,0.039067425,0.24682682653746602,0.7459886408790413,0.06316738645531773
Sos,1.1576885,0.0026928831,0.24699116323668713,0.7463002698790232,0.05785202410896493
CG17026,1.1570531,0.22500947,0.24725065592410633,0.7468991933231554,0.027810735133595936
Roc1a,1.1556183,-0.06847084,0.24783731895254757,0.7484422508401367,0.24474396089411987
Arl5,1.1550163,0.008902021,0.24808373065130274,0.7488589878426768,0.06326230364007404
CG4020,1.1540011,2.8058193,0.24849972231564432,0.7499289713556297,0.00716624744910066
CG13398,1.1526166,0.0067770886,0.2490677696133189,0.7512712308380954,0.0726116463385696
CG14591,1.1519437,-0.07346552,0.2493441998918029,0.751781675576503,0.19135304446870105
ND-75,1.1516757,-0.059339736,0.24945437854191022,0.751781675576503,0.30197902330216886
DIP2,1.1516477,-0.07920461,0.2494658668888341,0.751781675576503,0.18243082910160885
GlnRS,1.1516043,0.121609665,0.24948370479177573,0.751781675576503,0.03132267096957904
Stoml2,1.1511829,-0.03073271,0.2496569904529895,0.752117908213418,0.10744625314413174
CG8180,1.1508906,0.49204016,0.24977725110667404,0.7522942707534592,0.01461724645247022
CG33310,1.1506048,0.0641177,0.24989482798138685,0.7524624649864438,0.03996013478240235
Daao1,1.1494036,0.16231316,0.2503896186492056,0.7536301903223377,0.03298372170281429
CG31342,1.149363,-0.003382604,0.2504062901637105,0.7536301903223377,0.05918086469555313
CG1662,1.1478739,0.1337111,0.25102064469819774,0.7552926779131899,0.0354515685064781
CkIIalpha-i1,1.1473477,0.3238139,0.2512379679218052,0.7557600175219358,0.019363105690285227
CG7627,1.1471951,0.20535658,0.25130101772463387,0.7557631643339655,0.027383607802192587
Arlr,1.1444132,0.33649796,0.25245228238679673,0.7589234107118283,0.020122443168335627
ifc,1.1443552,0.08766547,0.25247636643173876,0.7589234107118283,0.0408618480375872
CG6567,1.1441445,0.20427188,0.2525637226363776,0.7589988203192324,0.03042095771439419
CG11141,1.1436443,0.18832178,0.2527711445461086,0.7594349225714858,0.02918703431256229
Noc1,1.1426736,-0.0050804685,0.2531741258388317,0.760458210904268,0.043566987803141756
CG7706,1.1425225,0.022000775,0.2532369029317617,0.7604593766531764,0.04408903231930141
UQCR-C1,1.1418911,0.07455057,0.253499278740277,0.7610597804347873,0.5837406862512458
bor,1.141533,-0.0020858387,0.2536482003853724,0.761319358408595,0.07246927056143515
Ars2,1.140988,-0.084694296,0.2538749105158349,0.761812231481416,0.22509610364956575
stan,1.140019,-0.00736899,0.2542783499953316,0.7628350499859948,0.07560153765839306
lncRNA:CR43242,1.139148,0.25345144,0.2546414433931128,0.7637363566728965,0.03084808504579754
CG13001,1.1374966,0.038097445,0.25533076236151275,0.7653264020994878,0.06231313179251104
Uqcc1,1.1374267,-0.034061447,0.25535995383859356,0.7653264020994878,0.10644962270419059
Nsun6,1.136902,0.15032397,0.2555792713393614,0.7657954125750925,0.035593944283612546
mRRF1,1.1363534,0.17235552,0.2558087187299848,0.7662945373801388,0.025722557068957336
CG10444,1.1360232,0.36501542,0.2559468867407153,0.7664792165445327,0.019885150206444876
CG6654,1.1359055,-0.039728045,0.25599613508514174,0.7664792165445327,0.07977789378767025
CG44153,1.1354201,-0.10680426,0.25619935409254024,0.7668992944582448,0.22689953015993547
CG8611,1.1349685,0.31960833,0.25638850993862106,0.7672770801968701,0.02301741730340278
Rab11,1.1345766,-0.077407874,0.2565527906228946,0.7675802564807223,0.24023539461819562
Nop10,1.1342365,0.61054206,0.25669540109113564,0.7677080237089741,0.01509183237625172
ash1,1.1341742,-0.097505376,0.25672146235439974,0.7677080237089741,0.13055858763229083
Taf7,1.1325957,0.061376076,0.2573840961963919,0.7691862846047754,0.0388685871577049
Dpit47,1.1325593,0.15785013,0.2573993910468566,0.7691862846047754,0.037634663755873
CG12402,1.1325456,-0.0049235676,0.257405107465984,0.7691862846047754,0.0704285510891747
CG1492,1.1301595,0.008439015,0.2584090063978808,0.7719946845674622,0.0674861183617294
Txl,1.130011,-0.024699884,0.25847159797520824,0.7719946845674622,0.061221584167813585
Amacr,1.129088,0.15995824,0.25886070685358964,0.7729674561093591,0.039010962934839355
CG9213,1.1284559,0.26175645,0.25912742624205454,0.7735743812060746,0.024108964928100232
Prp16,1.12789,-0.02777954,0.2593663783670158,0.7739679589155722,0.05571638745194817
mEFTu2,1.1278429,0.19602361,0.25938625910001745,0.7739679589155722,0.03137012956195719
Vps15,1.1264765,0.020512117,0.25996388174798324,0.7754284196665676,0.04470599402021736
ASPP,1.1263107,0.012617423,0.2600340466544947,0.7754284196665676,0.04949931185041052
CG1637,1.1260757,-0.047974516,0.2601334823449951,0.7754382529477,0.10583266100327464
Ltn1,1.125248,0.0011010874,0.260483973251582,0.7762931907001304,0.053960419533956624
Gyc89Db,1.123063,0.55446166,0.26141073871081444,0.7786743631833132,0.01575625266954582
Elys,1.122749,-0.022907741,0.2615441230136909,0.7788422549862267,0.0738455697404015
CG7530,1.1226295,0.6622154,0.2615948963748964,0.7788422549862267,0.013335864458260169
Gls,1.122194,0.010121195,0.26177992525249694,0.7792028104768461,0.06240804897726734
CG3337,1.1218642,-0.0076720044,0.2619201635813163,0.7794299008527013,0.07702529542973756
Grip84,1.1216815,0.18499434,0.2619978876541942,0.7794708939753412,0.02966162023634379
zf30C,1.1215043,-0.061984684,0.2620732811504457,0.7795049350763258,0.07655070950595605
Pfdn1,1.1204327,-0.03512286,0.2625294025517825,0.7805710390926817,0.07835413601632575
Nup44A,1.1203614,0.117716506,0.2625597883567147,0.7805710390926817,0.03825162545678895
T48,1.1194793,0.6551019,0.2629357393116587,0.7813844633702431,0.012434151203075316
CG1943,1.1194186,-0.074226096,0.26296161036547194,0.7813844633702431,0.19704807555407908
CG16758,1.1189468,0.30085248,0.2631628373634738,0.7814230312105482,0.018841061174125574
tra,1.1189373,0.08459901,0.2631669163277792,0.7814230312105482,0.04736367519339377
sens-2,1.1185515,0.7832169,0.26333152324591824,0.7817213679601795,0.013051112903991267
mio,1.1177609,0.42171246,0.2636691188235992,0.782532965507877,0.018746143989369274
pps,1.1156366,-0.07475087,0.2645777088357649,0.7849589764321787,0.09705282141331688
PSMG1,1.1155487,0.045276433,0.26461534450404645,0.7849589764321787,0.057994399886099376
CG6171,1.1144669,-0.0023051728,0.26507892770318797,0.786142834494929,0.08893740211665321
mRpL50,1.1118878,-0.012104358,0.2661864091906385,0.7892101970190819,0.06311992786293959
CG33217,1.1117568,-0.074431464,0.2662427049095467,0.7892101970190819,0.10042238147216553
dpr4,1.1116061,-0.092785075,0.26630755001895123,0.7892104855776797,0.15851169854302122
Nrk,1.1114017,0.39101607,0.26639550367630027,0.7892792402310219,0.02306487589578093
Cog1,1.1099496,0.08482349,0.2670207712860482,0.7909395337073247,0.03844145982630155
Enoph,1.1092538,-0.0032647662,0.26732069975150374,0.7916355707655683,0.0768829196526031
Rab19,1.1090479,0.054607343,0.2674095179134377,0.7917062457728666,0.05068577665986427
Usp5,1.1083499,0.13099304,0.26771069894045774,0.7923140907226024,0.03492952399031845
Ssl1,1.1082709,0.11814835,0.2677448305592255,0.7923140907226024,0.033837976365621
Chpf,1.1080363,0.9854137,0.2678461317586579,0.7924214805840488,0.010488348915571164
Stt3B,1.1076454,0.037033793,0.26801497266088226,0.792696476805603,0.047173840823881166
Irk2,1.1075201,0.02798836,0.2680691506598323,0.792696476805603,0.033078638887570594
RtcB,1.1072899,0.015934492,0.26816862897659743,0.7927983067173772,0.06525556451995634
TrpRS-m,1.1059682,0.3296337,0.2687402460539192,0.7939105329983571,0.02221062123297423
SLIRP2,1.1057786,0.09726001,0.268822383248034,0.7939607534311331,0.036495657538797396
WDR79,1.1053237,0.31983292,0.26901935984614556,0.7943500429177974,0.020786863461629727
l(3)76BDm,1.1049178,0.094516814,0.2691952415325768,0.7946768706806923,0.04413649091167956
CG4462,1.1034532,1.1390339,0.2698304416350271,0.7963591411838609,0.010203597361302264
CG32808,1.1008258,0.3822548,0.27097248533439366,0.7993426001309111,0.020691946276873426
eIF3c,1.1003044,-0.10600553,0.27119952918005474,0.7998187905094816,0.16050495942290352
CG14710,1.0997616,0.28084448,0.27143599812805763,0.7998706135391965,0.024488633667125434
Tom70,1.0997561,0.045099314,0.27143840199246216,0.7998706135391965,0.05016373214370462
CG14340,1.0996616,0.16969094,0.2714795904677706,0.7998706135391965,0.02838023824213374
Sbat,1.0994042,0.13019882,0.2715917986844174,0.8000078381257525,0.033837976365621
RYBP,1.0985187,0.03337817,0.27197803748880667,0.8009519929816538,0.05514688434341038
Cbs,1.0974215,-0.034905143,0.27245718714160083,0.8021692401132784,0.06819799724740164
Cp190,1.0966625,-0.098000586,0.27278894745013404,0.8027998470572362,0.13492477813108064
CG32091,1.0966302,1.108607,0.2728030984093094,0.8027998470572362,0.010630724692705614
CG5742,1.0963441,-0.010221474,0.27292822759817714,0.8029742134188225,0.06311992786293959
CG18048,1.0960712,0.2964932,0.2730476033172736,0.8030114568939156,0.024583550851881734
Acn,1.0959293,-0.029085526,0.2731097185511575,0.8030114568939156,0.3841298467087466
Pino,1.0958635,-0.008317051,0.27313852656347315,0.8030114568939156,0.07322860803948555
CG7483,1.0944121,0.054989822,0.2737742794194574,0.8046682048757413,0.05348583361017512
Phax,1.0942757,0.08057524,0.27383408924641683,0.8046682048757413,0.038204166864410805
Prx4,1.0934656,0.54488456,0.27418942426295434,0.8055181712077972,0.016895258886621422
CG17193,1.0930582,-0.0179794,0.2743682592071133,0.8057931510702239,0.06739120117697309
Irbp18,1.0929512,0.11903736,0.2744152407984658,0.8057931510702239,0.032746428740923546
CG7011,1.0919164,0.084240206,0.27486984112964874,0.806745985303839,0.04252289877082246
Prp5,1.0919113,-0.008999634,0.27487210410754315,0.806745985303839,0.06330976223245219
Rexo5,1.0912545,0.040938124,0.2751608997564591,0.80739918322857,0.04252289877082246
CG44098,1.0903841,0.029085342,0.2755439619609197,0.8083286046550301,0.05533671871292298
Tsp42Ef,1.0883658,0.47899434,0.27643367118507955,0.81054847680417,0.01680034170186512
CG1231,1.0879815,0.16899754,0.27660327639346494,0.8108507301490967,0.0370651606473352
Mmp1,1.0873656,1.1379486,0.2768752795787921,0.8114529412805715,0.010156138768924114
CG1537,1.0871379,0.72961694,0.2769758450792803,0.8115525422286893,0.012291775425940867
CG8768,1.0865272,0.19717754,0.27724582154298893,0.8119532241200126,0.024583550851881734
Patj,1.0849718,0.048736658,0.27793416885798616,0.8135781902521597,0.04565516586778036
TfIIEbeta,1.0822691,0.035494737,0.2791329987325062,0.8164991892369854,0.054245171088225526
sturkopf,1.0818057,0.031485192,0.2793388649946579,0.8169014817836608,0.061126666983057285
CG5404,1.0816579,0.36338493,0.27940456785266077,0.8169014817836608,0.01594608703905842
Rab3-GEF,1.0807971,-0.070457496,0.27978738950562254,0.8178245781016866,0.2875041526268331
Mrm2,1.0805378,0.11543138,0.27990274734183984,0.8179656167225332,0.04209577143941911
CG13288,1.0774008,0.5199118,0.2813012210281547,0.821658419149815,0.016610507332352524
mbc,1.076942,0.04839309,0.28150620066109755,0.8218784148220946,0.04299748469460396
CRMP,1.0768372,-0.056999564,0.2815530251258642,0.8218784148220946,0.17545441602202078
CG13252,1.0757896,0.8423944,0.282021395943447,0.8229731374562307,0.011627355132646766
CG32590,1.0737215,0.0063304803,0.2829475225430005,0.8252805341652628,0.06615727777514119
scramb2,1.0731798,0.050792724,0.2831904275451109,0.8254952924182302,0.05937069906506573
sp3,1.0731041,-0.06722975,0.28322440922331027,0.8254952924182302,0.10488348915571165
Miro,1.0729533,-0.06545258,0.2832920508807496,0.8254952924182302,0.08945944663281287
Mcr,1.0721827,0.06447991,0.2836380191992064,0.8263058833697722,0.0374448293863604
Scgdelta,1.0707382,0.39842573,0.28428714994719084,0.8279990611006713,0.017654596364671826
Sfmbt,1.0701764,0.042934254,0.2845399345501286,0.8285085528490969,0.04456361824308291
CG34279,1.0700473,1.3018415,0.2845980236917851,0.8285085528490969,0.009254425513739263
neur,1.0689409,0.43429074,0.2850963307647467,0.8295629447819284,0.017417303402781074
CG15908,1.0676134,-0.05994657,0.28569494493126724,0.8311063684408632,0.11912106686915666
lqfR,1.0667508,-0.06481602,0.2860844163396632,0.8320407899699725,0.12177874804233306
Ziz,1.0657825,-0.059003934,0.28652196113783135,0.8331145477836417,0.09747994874472023
CG30460,1.0652022,0.36299896,0.2867844053842251,0.8336787782562175,0.017369844810402924
ClC-a,1.0635626,0.14923963,0.28752687875564453,0.8356378457683717,0.02159365953205828
CG10098,1.0619094,-0.069901444,0.2882768251165332,0.8376176928117814,0.1868444781927768
CG16865,1.0611166,0.08174005,0.28863691987494444,0.8384641125728546,0.03948554885862085
CycK,1.0602106,-0.05727892,0.2890488278323894,0.8393470817829166,0.09667315267429168
CG11180,1.0601451,0.05640936,0.2890785995015739,0.8393470817829166,0.0377295809406293
CG2278,1.0592803,-0.026407009,0.28947218095716987,0.8402896912805295,0.061031749798300984
CG10428,1.0577421,0.025097124,0.29017305154046513,0.8419231909608973,0.05766218973945233
TfIIFbeta,1.0570221,0.11470678,0.2905015107276988,0.8426756102474824,0.035593944283612546
PPO2,1.0562851,0.5697772,0.29083794547279007,0.8434508011819745,0.013905367566797968
porin,1.0554395,0.15929687,0.29122439605099004,0.8443706383124446,0.7383133216268806
mRpS34,1.0551611,0.011695252,0.29135166418224,0.84453874785192,0.08167623748279626
caz,1.0544525,0.012882687,0.2916758034262158,0.8452773104997966,0.07199468463765364
CG2608,1.0539075,0.020709982,0.29192525436326633,0.8457991265590333,0.057709648331830475
CG5746,1.0528135,-0.07277775,0.2924264403597312,0.847015019290067,0.30530112476863935
stl,1.0525367,1.1147178,0.2925533867594702,0.847015019290067,0.009966304399411513
SC35,1.0521439,-0.06135854,0.29273350168542833,0.8473352296470401,0.22357742869346495
asRNA:CR45131,1.0518748,0.219002,0.2928569942353121,0.8474914298989124,0.021119073608276778
Ubc7,1.0505863,0.016540328,0.29344862326418364,0.8490019627265926,0.05785202410896493
Reg-5,1.0502337,1.068596,0.293610684242149,0.8492339602736629,0.009491718475630012
arr,1.0501087,0.024458617,0.29366815510324795,0.8492339602736629,0.05353329220255327
Dcps,1.0491519,0.11095873,0.29410822607000964,0.850304831016923,0.04029234492904941
CG44325,1.0485952,0.2550442,0.2943644892092062,0.8508439077474542,0.020881780646386027
GluProRS,1.0479392,0.18659274,0.2946666452264356,0.851515348189906,0.026481894547007737
SecS,1.0475633,0.03444746,0.2948398349439001,0.8517682071608185,0.06900479331783019
CG34183,1.047446,0.13895386,0.29489390714731756,0.8517682071608185,0.03094300223055384
Task7,1.046298,-0.038338788,0.2954234535336543,0.8530955875673328,0.13345356176735798
Wdr82,1.0459262,0.03302882,0.2955950734238503,0.8533889980964734,0.05894357173366238
Prp19,1.0456097,0.14442587,0.2957412830472975,0.8536089270811057,0.033078638887570594
CG11927,1.045388,0.13785398,0.2958437095517522,0.8537024090261145,0.03231930140952019
CG10435,1.0448412,0.21747078,0.2960963951280605,0.8542293396960781,0.027003939063167386
asRNA:CR45629,1.0443524,5.785213,0.29632235400295404,0.8546789334931394,0.005884865454890608
wuho,1.0436417,0.0039525907,0.296651211903767,0.8554250347516006,0.06876750035593944
mtd,1.0433085,0.1637707,0.2968054320914153,0.8556673159324174,0.7814057235062408
CG3609,1.0426375,0.07947902,0.29711624810812,0.8563608295554208,0.03341084903421764
CG5500,1.0424771,-0.05218765,0.29719053552682506,0.8563643432194654,0.12211095818898011
Sdr,1.0423186,0.80791163,0.29726398322979786,0.8563643432194654,0.010345973138436713
Zw10,1.04218,0.0654036,0.2973282386171776,0.8563643432194654,0.042143230031797256
mip120,1.0420123,0.10989404,0.2974059710673961,0.856385868495273,0.0373499122016041
CG42495,1.039517,0.05791951,0.2985643578639273,0.8595184123768091,0.04774334393241896
CG12213,1.039267,-0.08878635,0.29868060136645924,0.8596500236259201,0.1732713207726259
CG30116,1.0390669,-0.004322606,0.29877361792076085,0.8597147376855888,0.46756205210953444
CG15772,1.0381417,-0.045019936,0.2992040710039221,0.8607501584769428,0.2544729723316406
CG15456,1.0363157,0.010993582,0.30005489941251484,0.8629941408539743,0.05642826633762043
CenB1A,1.0359759,-0.003945927,0.30021338683224397,0.8632462779189011,0.05856390299463718
Dtd,1.0356034,0.056659,0.30038720393164775,0.8635423652648242,0.04845522281809121
Gbs-70E,1.0333614,0.36173475,0.30143478326822404,0.8661453496596848,0.013383323050638317
mRpL41,1.0310404,-0.059515983,0.3025218634866189,0.868863291263944,0.16325755778083623
Rrp47,1.0310374,-0.06424995,0.30252324293413557,0.868863291263944,0.10877509373071995
Obp18a,1.0308841,0.5325905,0.30259515242886825,0.8688650913911602,0.01419011912106687
kto,1.0301068,0.06480028,0.30295987569812566,0.8697074717108935,0.040624555075696456
Bap55,1.0289422,-0.015320279,0.30350681721025174,0.870880759296096,0.06981158938825874
CG11241,1.0289323,0.9892407,0.30351148293459806,0.870880759296096,0.010345973138436713
mip40,1.0287569,0.12254904,0.30359391859054685,0.8709122790539364,0.03654311613117555
Dbx,1.0284789,0.59622484,0.30372460180133254,0.8710821579662217,0.014047743343932419
CG10265,1.0276968,0.045782,0.3040924784495197,0.8717267345850761,0.03996013478240235
CG31676,1.0274324,0.09900186,0.3042169004537024,0.8717267345850761,0.028997199943049688
brun,1.027407,0.056994513,0.30422884259054206,0.8717267345850761,0.04351952921076361
dpr7,1.0273931,-0.0039570434,0.30423541955245825,0.8717267345850761,0.4332969484125101
CG15535,1.0266371,0.052718297,0.3045914085642808,0.8725416401856684,0.04655687912296521
ohgt,1.0254567,0.00068969186,0.3051477612040219,0.8739039738124982,0.0738455697404015
Cbp20,1.0253239,-0.049443908,0.30521037136104723,0.8739039738124982,0.09700536282093873
CG10731,1.0242873,0.056885127,0.30569957869426245,0.8750991462433925,0.04147880973850315
CG1407,1.0238659,0.004325973,0.30589860332927976,0.8753999198615032,0.05989274358122538
Nup205,1.0237608,0.29883662,0.3059482860456152,0.8753999198615032,0.02121399079303308
CG4598,1.0227915,0.37894893,0.306406452740412,0.8765051050112371,0.019410564282663377
hay,1.0223922,0.2549201,0.30659534403635225,0.8766442358774672,0.02401404774334393
Rab27,1.0191838,-0.0420337,0.3081157093334689,0.8801552334346501,0.14147406387926534
CG13919,1.0189161,0.11629838,0.308242791241105,0.8801560830357938,0.033885434957999144
sip1,1.0188789,0.28809458,0.30826042484861793,0.8801560830357938,0.020264818945470078
MBD-R2,1.0167996,0.05222198,0.30924879690353246,0.8827713314887956,0.04375682217265436
Ptx1,1.0161432,0.3362403,0.30956121078999277,0.8834562393629647,0.019268188505528926
CG11808,1.0158516,0.2816958,0.30970006993507226,0.8836257677648522,0.02206824545583978
Sply,1.0156074,0.06687349,0.30981637203697354,0.8836257677648522,0.04432632528119216
Arp5,1.0155618,0.0756343,0.30983809430035103,0.8836257677648522,0.03986521759764605
tea,1.0146933,0.05692896,0.31025206045468057,0.884374127797603,0.0405770964833183
Not11,1.0145546,-0.0056419405,0.31031816757653197,0.884374127797603,0.06065208105927578
asRNA:CR43957,1.0141729,0.1629793,0.31050022939481725,0.8846861374692444,0.023397086042427982
trh,1.0130955,0.6257678,0.3110145221622398,0.8857373856625095,0.013620616012529068
Rchy1,1.0116369,0.4241552,0.3117117309794989,0.8874425181260877,0.01494945659911727
CG4572,1.0095891,0.064599834,0.3126922320479404,0.8898915751651519,0.03350576621897394
Fntb,1.0093555,-0.0059373123,0.31280416164262215,0.8900023170546035,0.09994779554838404
Hr51,1.0088212,0.36617437,0.31306037696063227,0.8901756899430707,0.018461392435100376
CG3348,1.008776,0.989323,0.3130820725550908,0.8901756899430707,0.010488348915571164
CG10738,1.0087715,0.6555157,0.31308418925145165,0.8901756899430707,0.014095201936310569
Fdh,1.006445,0.20426172,0.31420152953756886,0.8930351854491713,0.022637748564377582
iPLA2-VIA,1.0061284,0.040384825,0.3143537835373924,0.8930351854491713,0.05443500545773813
CG18549,1.0061016,-0.06581935,0.3143666946437922,0.8930351854491713,0.11613117554933321
CG31388,1.0060678,-0.020103648,0.31438296667178556,0.8930351854491713,0.057994399886099376
BORCS5,1.0049757,-0.05604912,0.3149085677160668,0.8943197884182521,0.12334488159081201
CG11737,1.0042082,0.42650592,0.3152782495023859,0.8951610955473054,0.01684780029424327
Snap29,1.0035787,-0.04619503,0.3155817182666103,0.8956207626077536,0.06591998481325044
agt,1.003418,0.15947194,0.31565921152121834,0.8956207626077536,0.025105595368041383
CG8531,1.0033698,0.014800921,0.3156824441990388,0.8956207626077536,0.05552655308243557
CG12948,1.0032629,0.03553662,0.31573405668434795,0.8956207626077536,0.04342461202600731
CG42390,1.0028282,0.3494556,0.315943756114645,0.8960070831273633,0.01547150111527692
Coq8,1.002487,0.08297071,0.3161084572946543,0.8962656399080114,0.034597313843671394
CstF64,1.0020472,0.16984852,0.3163208061526145,0.8966591409753996,0.024203882112856533
pnt,1.0017343,0.5190205,0.31647195752663615,0.896879025875882,0.013193488681125718
rdgBbeta,1.0013206,-0.029646955,0.31667184846732566,0.897236903990756,0.07768971572303165
CG7872,1.0005418,0.22414908,0.3170484012069198,0.8980950412064014,0.025437805514688435
Lgr3,0.9995199,0.928188,0.3175429163647241,0.8992868512011203,0.010820559062218215
Taldo,0.9992412,-0.115742736,0.3176778880303639,0.8994601108483404,0.0406720136680746
Alh,0.9981814,-0.0943564,0.3181914084870133,0.9004957227880672,0.15836932276588678
sel,0.9976048,0.28017488,0.318471026118478,0.9008687253093822,0.02116653220065493
Rpn3,0.9970639,-0.044291593,0.3187334922360133,0.9014019807110827,0.07588628921266195
CG11583,0.99648106,-0.015556441,0.31901645750809415,0.9019929484031918,0.05391296094157847
Sbds,0.99623543,0.16842315,0.3191357627745053,0.9021210140209752,0.027810735133595936
Fkbp12,0.99560076,0.06219559,0.31944416276958165,0.9027834222115537,0.5691234397987756
Acbp8,0.9948061,-0.018713757,0.3198305629589878,0.9036659091115211,0.08238811636846852
CG17803,0.99327093,0.23561324,0.3205779442824923,0.9055676854830356,0.026956480470789235
CG5641,0.992409,-0.023814818,0.3209980518310753,0.9065443127360929,0.09928337525508993
Panx,0.9915294,0.14990112,0.32142713288879865,0.9073356467766482,0.032461677186654644
TfIIEalpha,0.99113595,0.041577425,0.3216191925118197,0.9076675937778583,0.05078069384462057
CG17002,0.9907473,0.066491686,0.3218089922521411,0.9079930107780897,0.03996013478240235
spir,0.9899354,-0.088319615,0.3222057066481876,0.9085525966248879,0.2219163779602297
cert,0.9890819,-0.03841317,0.322623067799352,0.9092375892268905,0.06620473636751933
psidin,0.9880799,0.021768056,0.3231135258733454,0.9102751902538797,0.04138389255374685
ema,0.9879277,-0.047743175,0.32318808201636673,0.9102751902538797,0.06634711214465379
Fem-1,0.9878721,-0.062492803,0.3232152779898918,0.9102751902538797,0.10270039390631674
CG6610,0.98770666,0.2518455,0.3232963344403671,0.9102931440271737,0.02225807982535238
CG5608,0.9869076,0.10010414,0.32368793348923075,0.9109748836989687,0.03023112334488159
indra,0.9860534,-0.01574461,0.3241069058798086,0.9117329969464545,0.046984006454368565
CG4338,0.98584896,0.038781304,0.32420723747137825,0.9118048033084055,0.049736604812301265
CG5890,0.9854794,-0.09509888,0.32438864355438957,0.9120635040922674,0.30140952019363104
Yod1,0.98520434,-0.06333407,0.32452370311331236,0.9120635040922674,0.0784965117934602
Atg8a,0.9849907,0.14062855,0.32462863425824706,0.9121480919718242,0.6826443927673105
pont,0.98481643,0.10762175,0.32471425709206025,0.9121784004828584,0.0361159887997722
Blos1,0.9841869,-0.049647886,0.3250236332873261,0.9128371120136446,0.09686298704380428
Swip-1,0.9837243,-0.093477465,0.3252510891757684,0.9132654978031424,0.15666081344027336
Srp68,0.9830477,0.26471308,0.3255839615065975,0.91398961464853,0.02202078686346163
CG14314,0.98233616,0.060558192,0.3259342591037637,0.9147623035265429,0.038204166864410805
CG7849,0.9803288,0.07023929,0.32692383488897037,0.9173284123990929,0.039627924635755304
CG33635,0.98004013,0.04586537,0.32706629543496457,0.9174055940162142,0.04432632528119216
Orai,0.9799681,-0.06918,0.3271018714902344,0.9174055940162142,0.1051207821176024
CG43783,0.9797794,0.02131211,0.32719499826483744,0.9174556783644131,0.04817047126382232
Npl4,0.9787414,-0.00040201383,0.32770777581743726,0.9183728429018108,0.04945185325803236
CG7191,0.97865975,0.44308186,0.32774812262063147,0.9183728429018108,0.01556641830003322
Dus1,0.9781266,0.11351649,0.3280117283223921,0.9189002428227161,0.027241232025058137
Ppn,0.9773871,0.9117265,0.32837754976998534,0.9192912159270443,0.009349342698495562
CG11007,0.9767388,0.020567082,0.32869847506266137,0.9199783496070676,0.06003511935835983
Pym,0.9760817,0.013953395,0.32902397660705407,0.9206779731091327,0.04489582838972996
Tollo,0.97551763,0.83546203,0.32930356085594614,0.921010175322715,0.010061221584167813
CG10171,0.97549963,0.06348616,0.3293124940495018,0.921010175322715,0.03616344739215035
subdued,0.9753849,0.09976656,0.32936937847499503,0.921010175322715,0.033268473257083195
Zip48C,0.9744965,0.39495113,0.32981008363333864,0.9220309883960469,0.017322386218024774
Hip1,0.9739107,-0.056064624,0.33010087328844406,0.9226323193104436,0.06117412557543543
eIF2Bgamma,0.9732672,0.04115719,0.3304205133386823,0.9232570796137266,0.045180579943998864
ric8a,0.97300833,0.014731649,0.3305491564483013,0.9232570796137266,0.05092306962175502
CG33116,0.97292155,0.007491968,0.33059228837993226,0.9232570796137266,0.05111290399126762
Galt,0.972851,0.07896504,0.33062738145162984,0.9232570796137266,0.043566987803141756
Rnb,0.9726046,0.06653552,0.33074986053155364,0.9233875515389618,0.03436002088178065
CG3277,0.97213465,0.35616535,0.3309835661971504,0.9236225304083712,0.017369844810402924
Tcs5,0.9721306,0.035909057,0.33098557821181107,0.9236225304083712,0.04408903231930141
mRpL47,0.97168607,-0.06382318,0.3312067651341595,0.9240040946992589,0.13601632575577807
Ntmt,0.97155106,0.14342895,0.33127392680578893,0.9240040946992589,0.03616344739215035
crim,0.9711374,0.078019954,0.33147985873652175,0.9240182021435003,0.0388685871577049
salsa,0.97108555,0.08402595,0.3315056747073204,0.9240182021435003,0.026671728916520338
pHCl-1,0.97098625,-0.06514351,0.3315551131726634,0.9240182021435003,0.36244126999193205
tkv,0.9709318,0.03121966,0.3315822147982337,0.9240182021435003,0.04646196193820891
Dfd,0.9707458,1.1398016,0.3316748838765201,0.9240580949842235,0.009301884106117413
CG31549,0.9705987,0.15447812,0.33174815191163853,0.9240580949842235,0.027003939063167386
CG30394,0.9698089,0.17430405,0.33214178017038176,0.9249431479316388,0.02401404774334393
SCCRO4,0.9693904,-0.027855871,0.33235044475205344,0.9251102017916683,0.05998766076598168
Nrx-IV,0.96938413,-0.08574723,0.3323535625273374,0.9251102017916683,0.09543922927245978
CG14646,0.96839464,0.2998652,0.33284732620750535,0.9262730728637631,0.021830952493949028
CG3386,0.967989,0.0760456,0.3330498492163897,0.9266251111843355,0.040007593374780506
CycY,0.9665814,-0.061057493,0.3337533293144356,0.928256952821823,0.1038868587157705
CG9436,0.9660791,0.6827104,0.33400459405780303,0.928256952821823,0.011200227801243415
CG2100,0.9659938,0.24614365,0.33404728071266687,0.928256952821823,0.02192586967870533
CG42518,0.96581805,1.1228526,0.3341352410320346,0.928256952821823,0.009064591144226662
Eaf,0.96567905,-0.08117442,0.33420481018493264,0.928256952821823,0.08870010915476247
glu,0.9655588,0.0047423877,0.33426500055720276,0.928256952821823,0.03711261923971335
CG9004,0.9655496,0.08584431,0.33426960255519433,0.928256952821823,0.03445493806653695
CG18622,0.9654301,0.21371517,0.3343294322462752,0.928256952821823,0.018129182288453324
ssp,0.96529627,0.049742762,0.33439644969589766,0.928256952821823,0.03739737079398225
S2P,0.9652933,0.16088466,0.3343979227041287,0.928256952821823,0.026624270324142187
CG13197,0.96513003,-0.009808779,0.33447968121902816,0.9282725032738466,0.05823169284799013
CG14341,0.96493846,-0.0365707,0.3345756350046768,0.9283274334331905,0.06293009349342699
mRpL32,0.9645899,0.0810883,0.3347502758832327,0.9285681923260237,0.03977030041288975
tank,0.96446115,0.16115536,0.3348147678458343,0.9285681923260237,0.02951924445920934
HBS1,0.9639982,0.03857603,0.335046820841003,0.9290003865402606,0.0370651606473352
AIF,0.96363306,0.022985142,0.33522991902880184,0.9292966756975359,0.045370414313511465
CG12116,0.96269614,1.3248259,0.33570003676935123,0.9303883010872265,0.00735608181861326
CG12081,0.962452,0.03654062,0.3358226175116309,0.9305164548418434,0.054482464050116274
FoxP,0.9596507,-0.031527817,0.33723103424302914,0.9342066082700641,0.3814247069431921
betaCOP,0.9584917,-0.019478653,0.3378148852664249,0.935611369350705,0.056001139006217074
Wnt10,0.95758414,0.2557956,0.33827249066800513,0.9364387371920557,0.018366475250344075
CG8915,0.9574422,0.30268446,0.33834409702139745,0.9364387371920557,0.02126144938541123
Nup98-96,0.9564957,-0.00355188,0.3388218451989793,0.9375481205744288,0.04907218451900717
PGS1,0.95608795,0.27995765,0.33902781491538736,0.9379051375405484,0.023634379004318733
Ccdc58,0.9557015,-0.018067336,0.3392230866754117,0.9382324037863836,0.04641450334583076
Mondo,0.9552823,-0.051089723,0.3394349758515195,0.9385688826928712,0.06060462246689763
SP1173,0.95515615,0.24566276,0.33949874508104594,0.9385688826928712,0.016278297185705472
Uba2,0.9547641,-0.038481068,0.339696980707618,0.9389039677653415,0.06995396516539319
Tps1,0.9542372,1.0251913,0.3399635813559537,0.9391989336083202,0.008542546628067011
CG4390,0.9541225,0.01475892,0.3400216447714006,0.9391989336083202,0.05737743818518343
ebd2,0.9540964,0.25783652,0.34003485880823014,0.9391989336083202,0.02287504152626833
CG10513,0.95349514,0.19594745,0.340339244945415,0.9398267006433311,0.020027525983579327
Acox3,0.95325065,0.16844738,0.3404630971909153,0.9399557625504114,0.03023112334488159
CSN3,0.95276856,0.10525212,0.3407073476146911,0.940417087879409,0.02923449290494044
Nprl3,0.95174706,0.11050504,0.3412252833888306,0.9416334569224489,0.03673295050068815
fl(2)d,0.9503839,-0.07774969,0.34191720841422657,0.9433293013492547,0.2550899340325566
CG9674,0.9500728,0.0053358627,0.34207524310305837,0.9435517398015791,0.4682739309952067
CG11454,0.9492749,-0.04139727,0.3424808175318719,0.9442430863822634,0.09420530587062788
daw,0.9471399,1.2295465,0.3435674738461344,0.9470248617617667,0.008495088035688861
CG11127,0.9468314,0.03597934,0.3437246837611041,0.947243990586502,0.03701770205495705
CG14868,0.94640636,-0.070869826,0.3439413676538339,0.9476268829865689,0.15656589625551706
CG33331,0.94601876,0.18868163,0.34413900836823896,0.947957146440783,0.027383607802192587
Tgi,0.9455407,0.12628457,0.3443828775766744,0.9484145717989345,0.031559963931469794
Uhg5,0.9452786,-0.08547073,0.3445166772756568,0.948568732620958,0.1397180959612738
Tkt,0.94509655,0.07492168,0.34460958717423773,0.9486102660494092,0.02966162023634379
CG10038,0.9445516,0.14134832,0.3448878493451266,0.9491618865811127,0.03094300223055384
ssh,0.9440905,-0.06785807,0.3451234138538344,0.9492991303866877,0.06710644962270419
CG42394,0.94392467,0.050776143,0.34520815950162453,0.9492991303866877,0.03663803331593185
CG17544,0.9439044,0.12496987,0.3452184952443521,0.9492991303866877,0.034882065397940296
geminin,0.94371575,0.03370362,0.34531490903850093,0.9492991303866877,0.047078923639124866
Catsup,0.94369185,0.16604182,0.3453271264365061,0.9492991303866877,0.0379194153101419
CG8728,0.9419684,0.01657332,0.3462088211271921,0.951508302304249,0.04603483460680556
wrapper,0.9408631,0.45946667,0.34677504864655195,0.9526457762030917,0.012434151203075316
Sf3b6,0.9408553,-0.06278785,0.3467790064002886,0.9526457762030917,0.13644345308718142
CG6836,0.94049424,0.4948837,0.34696411061369803,0.9529395097499697,0.013146030088747568
CG32104,0.94018865,0.47129697,0.3471208008708203,0.9531550893927526,0.01547150111527692
Ns2,0.9398956,-0.08155275,0.34727112251222336,0.9533530883561916,0.05927578188030943
Fkbp14,0.9396613,0.28791854,0.34739129643625954,0.9534682531550478,0.016942717478999572
Sph35,0.93936867,0.44771025,0.34754150385903204,0.9535967019683887,0.013573157420150918
GstZ2,0.93919176,-0.020510709,0.3476322899235599,0.9535967019683887,0.05296378909401547
mRpL17,0.9391061,-0.057580367,0.34767627279522606,0.9535967019683887,0.1256228940249632
lncRNA:CR45018,0.9389605,0.3543044,0.34775103291898335,0.9535967019683887,0.01480708082198282
MFS15,0.93815225,0.20843427,0.34816617519482684,0.95441758157485,0.024963219590906933
Nnf1a,0.9380728,0.5091219,0.3482069886999227,0.95441758157485,0.015234208153386171
Ski8,0.93757343,0.34838954,0.3484636543777089,0.9549063586353177,0.018983436951260025
Ilp3,0.93664646,2.0236309,0.3489404488752109,0.9558832047811097,0.006739120117697309
asRNA:CR45528,0.9365755,1.5151409,0.3489769678624939,0.9558832047811097,0.00754591618812586
Gnpnat,0.93482554,0.027358102,0.3498782220152069,0.9579269242892817,0.04570262446015851
peg,0.9346913,0.9302552,0.34994740624140663,0.9579269242892817,0.009491718475630012
jumu,0.93464756,0.07838477,0.3499699640708329,0.9579269242892817,0.027241232025058137
Pyroxd1,0.93451667,-0.03944547,0.3500374535059858,0.9579269242892817,0.06084191542878838
MTF-1,0.9337297,0.16643329,0.35044332241603715,0.9588223696810498,0.02382421337383133
mRpL38,0.9324501,-0.05354122,0.3511039705417569,0.960414339527261,0.07987281097242656
Eato,0.9322398,0.10901168,0.3512126353135617,0.9604960313746924,0.0368753262778226
bdg,0.93146497,0.0013777007,0.3516130930299892,0.9610722233849567,0.04171610270039391
CG4716,0.9313745,0.23170182,0.3516598667894747,0.9610722233849567,0.016990176071377722
CG11601,0.93108404,0.056690857,0.3518101018526687,0.9612672789693295,0.0387736699729486
CG12379,0.92938995,0.022106055,0.352687028989612,0.963447377040426,0.04726875800863747
CG2224,0.929123,0.058645237,0.35282534671557064,0.9636092653184161,0.042570357363200605
CG17294,0.92843646,-0.029844755,0.3531812056603917,0.9643650797030722,0.12201604100422382
Ric,0.92746973,0.106786765,0.353682690069412,0.9653019053417069,0.6226092734089507
Neurl4,0.9255819,0.060792305,0.3546633026669145,0.9677615841072355,0.03502444117507475
Ect3,0.9238724,0.6271007,0.3555527581373331,0.9697544347585486,0.011010393431730815
grau,0.9230623,0.073067516,0.35597473123141676,0.9706881429484874,0.03179725689336054
Spt20,0.92286557,-0.025728287,0.35607725531231105,0.9707505401480114,0.06188600446110768
pn,0.92250705,0.01635383,0.35626414613854107,0.9710428616463946,0.04508566275924256
Vps52,0.92230445,0.14228933,0.35636979075684294,0.9711136551610012,0.02762090076408334
CG14883,0.92183197,-0.022668635,0.3566162437562608,0.9713466464288666,0.06691661525319159
mbf1,0.92139214,-0.06332859,0.35684572372396384,0.9713466464288666,0.18812586018698685
nop5,0.9212947,0.13239142,0.3568965826251592,0.9713466464288666,0.025153053960419534
clt,0.92125833,0.23384477,0.35691558391450906,0.9713466464288666,0.024393716482369134
CG5913,0.9212241,0.17862362,0.35693343419106516,0.9713466464288666,0.025058136775663233
fid,0.9204773,-0.07975971,0.3573234014356277,0.9720982290537278,0.08015756252669545
CG16903,0.9203898,-0.0010083452,0.3573691167765817,0.9720982290537278,0.06311992786293959
CG8778,0.91958374,0.028593682,0.35779033204360533,0.9730268534760164,0.048929808741872714
mbo,0.918082,0.22223963,0.35857594751060873,0.9749458452390831,0.021119073608276778
Pi3K59F,0.9177076,0.13880374,0.35877194305768556,0.9750882329235716,0.026244601585116985
fliI,0.9176764,0.03595212,0.3587883111545015,0.9750882329235716,0.03483460680556215
CG13601,0.9171068,-0.07966303,0.3590866778813505,0.9754967686278263,0.09980541977124958
MFS16,0.9168402,0.18998855,0.35922638016876796,0.9754967686278263,0.026339518769873286
Gfat2,0.91679275,-0.032755375,0.3592512411201664,0.9754967686278263,0.06762849413886383
Upf3,0.91677845,0.06848786,0.3592587574345978,0.9754967686278263,0.0336481419961084
L,0.91585875,1.0892154,0.35974097154266105,0.976480016695174,0.008874756774714061
sky,0.9157823,0.024534917,0.3597810940173949,0.976480016695174,0.5231835223767263
Tsp3A,0.91544765,0.056250095,0.3599566628881611,0.9766373423897702,0.04423140809643586
Nrx-1,0.9153664,0.12403351,0.35999930916049205,0.9766373423897702,0.6870580418584785
CG7974,0.9150634,0.04698864,0.36015834404162494,0.9767036687468612,0.033837976365621
form3,0.9150145,0.01034981,0.360184017640261,0.9767036687468612,0.0391533387119738
az2,0.91349804,0.16324924,0.3609806623164471,0.978578824214585,0.025485264107066585
opm,0.9132719,-0.013753089,0.3610995582263763,0.978578824214585,0.05177732428456172
Sgf29,0.9132399,0.024599815,0.3611163796305852,0.978578824214585,0.05248920317023397
Idgf6,0.91247356,0.42105922,0.3615194668107794,0.9792947469443565,0.013383323050638317
Snx21,0.91237134,0.030743374,0.3615732588730558,0.9792947469443565,0.042238147216553557
CG8202,0.9121206,0.21197696,0.3617052448245366,0.9792947469443565,0.025153053960419534
cyst,0.9119794,-0.07280554,0.3617795727818991,0.9792947469443565,0.0784965117934602
Slc25A46a,0.91197425,0.03296297,0.3617822828361996,0.9792947469443565,0.04978406340467942
CG17361,0.91174954,0.03156711,0.36190056974342577,0.9793974344144354,0.04461107683546106
CG4281,0.9114778,-0.04815765,0.3620436692663298,0.9795384240278228,0.055289260120544824
Ugt35C1,0.9113454,1.1782594,0.3621133922938198,0.9795384240278228,0.008257795073798112
CG34293,0.9106931,0.00730265,0.36245709473591337,0.9802506163159637,0.05144511413791467
CG8366,0.9104092,0.15608175,0.36260672914085523,0.9802618119413685,0.027763276541217786
tim,0.9098253,0.19719835,0.3629146479391189,0.9806177441210197,0.019220729913150776
sax,0.909216,-0.025298493,0.3632361205331387,0.9812688548711054,0.05500450856627592
Alas,0.9087869,-0.066186436,0.36346263572459514,0.981663210025945,0.20435669878031418
boil,0.9082923,0.4130571,0.36372381038707047,0.9817256341881979,0.01471216363722652
Cyp6w1,0.9081706,0.89930916,0.36378810259161465,0.9817256341881979,0.008969673959470362
Polr2E,0.9081331,0.080927745,0.36380791612339736,0.9817256341881979,0.04081438944520906
CG8675,0.9076786,0.007599064,0.36404806314536764,0.981896690959051,0.05277395472450287
Acaa,0.90755576,0.44246998,0.3641129742501362,0.981896690959051,0.01423757771344502
CG6179,0.907316,0.02885265,0.364239707794081,0.9819724275576909,0.042048312847040956
Gmppa,0.9070182,0.20282973,0.36439719124374315,0.9819724275576909,0.024963219590906933
Mur2B,0.90689313,0.17636438,0.3644633080868811,0.9819724275576909,0.02149874234730198
Hsdl2,0.90655226,0.26887468,0.364643611799367,0.9822411014856319,0.018366475250344075
how,0.90558225,0.34809422,0.36515701401340306,0.9834067264271696,0.012244316833562717
Srp54,0.9041787,-0.06435594,0.3659006695281115,0.9851917960852996,0.09914099947795549
COX6B,0.90399885,0.16639844,0.36599600828713164,0.9852308624142773,0.8140097764700299
mAcon1,0.90337044,-0.05478745,0.36632932825797193,0.9857389511291781,0.2841820511603626
CG3703,0.9033381,-0.08757946,0.36634649672780184,0.9857389511291781,0.12866024393716483
Su(fu),0.90178335,0.06315612,0.3671719548974709,0.9868243688978894,0.03322101466470505
sced,0.9017808,-0.018752847,0.36717332251045687,0.9868243688978894,0.047695885340040815
Dbp73D,0.9017565,0.5405586,0.3671862173032493,0.9868243688978894,0.013051112903991267
wwk,0.9016635,-0.1092797,0.367235649956586,0.9868243688978894,0.19125812728394476
Syb,0.90136933,0.025368344,0.3673919860284792,0.9870268718759386,0.02278012434151203
CG31815,0.9003706,0.054534823,0.3679230562844542,0.9880180949661187,0.030705709268663093
Spn42Da,0.89634156,0.17159025,0.37007037242412666,0.9933510050996621,0.031654881116226094
holn1,0.8963386,-0.006736154,0.3700719430763447,0.9933510050996621,0.04726875800863747
CG4820,0.8959198,0.06508577,0.37029560695453523,0.993732530420262,0.033790517773242844
CG8300,0.89421064,-0.060811244,0.37120919850894907,0.9959649836287872,0.10478857197095534
CG6695,0.893131,0.02832944,0.3717870065968334,0.9972957357853879,0.0358312372455033
Nipsnap,0.89263606,-0.069185965,0.37205208726069705,0.9977872148780277,0.20611266669830572
HLH3B,0.8923125,0.5778412,0.3722254574124192,0.997837314463844,0.013715533197285369
ECSIT,0.89205766,0.035033382,0.37236202164538224,0.997837314463844,0.04484836979735181
capt,0.8919154,-0.05295314,0.37243829829880015,0.997837314463844,0.08855773337762803
Snrk,0.8918981,-0.09043212,0.3724475625310295,0.997837314463844,0.20767880024678467
nonC,0.8918374,-0.027377842,0.37248008703014934,0.997837314463844,0.05519434293578852
CCKLR-17D3,0.89066845,0.019613262,0.37310706929140447,0.9992973121496218,0.04869251577998197
POSH,0.8901029,0.30645868,0.3734106377095625,0.9998906553255398,0.017844430734184423
CG16700,0.8889001,0.85325146,0.3740567716017833,1.0,0.009159508328982963
Glg1,0.88811576,0.012090833,0.37447848407101936,1.0,0.040719472260452756
Egm,0.88665336,0.071769156,0.37526555591659927,1.0,0.048597598595225666
CG5910,0.88645923,0.3370911,0.37537012704039585,1.0,0.01604100422381472
CG10866,0.8855793,0.06991058,0.37584428960545146,1.0,0.041431351146125006
DEF8,0.8855778,0.24172734,0.375845082497565,1.0,0.02325471026529353
Acer,0.8853344,0.08684366,0.3759763203717379,1.0,0.03141758815433534
tef,0.8852432,0.17955858,0.3760254922968429,1.0,0.023586920411940583
lncRNA:CR46004,0.88342994,-0.04519683,0.37700400489365105,1.0,0.04399411513454511
Hr39,0.88315415,-0.103913166,0.3771529731069406,1.0,0.09700536282093873
beta-Man,0.88298905,0.94524515,0.37724217277555505,1.0,0.008447629443310711
CG8243,0.8826508,-0.032388404,0.37742498332074603,1.0,0.06667932229130084
CTCF,0.8821198,0.00752314,0.37771202648602875,1.0,0.04465853542783921
Tsp96F,0.881113,-0.11971624,0.3782566645382138,1.0,0.19087845854491955
Zpr1,0.8806916,0.20431946,0.3784847683086058,1.0,0.02154620093968013
HPS4,0.88042426,-0.017860146,0.37862951677663914,1.0,0.06259788334677993
for,0.8799639,0.41516185,0.3788788746069016,1.0,0.012481609795453466
l(2)k14505,0.879605,-0.06275121,0.3790733322651393,1.0,0.10621232974229984
CG6028,0.87920123,0.0022508027,0.37929217051822817,1.0,0.04100422381472166
Kr-h1,0.87876475,-0.13927019,0.37952883442522767,1.0,0.15566418300033222
CG11555,0.878721,-0.020148149,0.3795525656374208,1.0,0.05130273836078022
CG3408,0.87763405,0.20423064,0.380142349761031,1.0,0.02130890797778938
MRG15,0.87740016,-0.02728415,0.3802693187169097,1.0,0.057187603815670826
Rab21,0.8771145,-0.043635324,0.38042447181182426,1.0,0.1129989084523753
miple2,0.8769141,0.06517906,0.38053332183272537,1.0,0.03530919272934365
yata,0.87688535,-0.06895666,0.380548901932768,1.0,0.058706278771771626
Alg13,0.8766894,0.2798271,0.38065537643712044,1.0,0.01680034170186512
Sry-delta,0.87613153,0.012497553,0.38095851939745695,1.0,0.04090930662996536
CG34324,0.8757804,23.250988,0.3811494335941753,1.0,0.0047933178301931565
asl,0.8750626,0.71661794,0.38153984089329707,1.0,0.010440890323193014
CG33506,0.87503576,0.053089123,0.38155444592476473,1.0,0.04546533149826776
asRNA:CR43259,0.8749166,0.2087483,0.3816192723964359,1.0,0.016183380000949172
Gyc89Da,0.87447536,0.8951613,0.3818594293012554,1.0,0.009918845807033363
CG7275,0.87434554,0.18895236,0.3819300931009386,1.0,0.02325471026529353
PIG-U,0.87247574,0.14497983,0.38294890190339226,1.0,0.030468416306772342
NC2alpha,0.87162703,0.051081616,0.3834118717831281,1.0,0.046272127568696315
GPHR,0.87069416,-0.0046701627,0.3839211728587556,1.0,0.061838545868729534
Ets21C,0.86992747,1.3990276,0.38434004506053376,1.0,0.007688291965260311
CG10257,0.86908835,0.03242213,0.3847988144738407,1.0,0.0375397465711167
Tfb1,0.8687636,0.032872513,0.3849764211104312,1.0,0.041051682407099804
JTBR,0.86827755,-0.001220368,0.3852424218800782,1.0,0.06055716387451948
Glys,0.8667243,0.0042425673,0.3860930891568475,1.0,0.05462483982725072
CG16787,0.866596,-0.040396884,0.38616342518923474,1.0,0.06601490199800673
Membrin,0.866126,0.06124461,0.3864210548511171,1.0,0.03331593184946134
CG8067,0.8660282,0.17206644,0.3864746904877465,1.0,0.024441175074747284
Vps29,0.8658164,-0.037302252,0.38659084939281496,1.0,0.09610364956575387
CG7218,0.8631405,0.09061581,0.38806019815595083,1.0,0.03018366475250344
Grip75,0.86308247,0.11836329,0.38809213871018633,1.0,0.02828532105737744
Ms,0.86261433,0.063661024,0.38834954097875085,1.0,0.04888235014949457
Ak6,0.86147887,0.09215892,0.38897437054757755,1.0,0.03037349912201604
Tif-IA,0.8609107,-0.07122963,0.3892872172025643,1.0,0.1349722367234588
Alg9,0.86067647,0.23893179,0.3894162477309848,1.0,0.01608846281619287
CG13012,0.86058456,0.25758913,0.3894668947644643,1.0,0.015281666745764321
mRpS17,0.86034846,-0.054539304,0.3895969747033655,1.0,0.10806321484504769
cGlr2,0.8597675,-0.013663767,0.3899172216606628,1.0,0.05837406862512458
CG8353,0.85881954,0.17690074,0.3904400947083463,1.0,0.02211570404821793
ZIPIC,0.8587515,0.22202404,0.3904776330080847,1.0,0.019932608798823026
mtTFB2,0.858119,0.27930093,0.3908267427102815,1.0,0.01589862844668027
CG1738,0.8573075,0.11042019,0.3912749767815823,1.0,0.03042095771439419
CG10584,0.85723984,0.28895354,0.39131236063529473,1.0,0.02159365953205828
Nup58,0.856386,0.09512487,0.3917843149401664,1.0,0.02932941008969674
NPFR,0.85624516,0.13306259,0.39186219414756296,1.0,0.02866498979640264
CG31937,0.8557226,0.12057955,0.3921512223027954,1.0,0.02985145460585639
Hrs,0.85536116,0.08432294,0.39235123789844695,1.0,0.0341227279198899
Acox1,0.85493463,0.23614253,0.39258734806815754,1.0,0.020834322054007877
Tsp26A,0.8547743,-0.044550493,0.39267611519308543,1.0,0.0690997105025865
mino,0.85413665,0.31334826,0.39302926814652606,1.0,0.01594608703905842
Idgf4,0.853691,0.38415247,0.393276222850485,1.0,0.013905367566797968
CG7685,0.85321665,0.03023839,0.3935391739206975,1.0,0.042665274547956905
kat80,0.8528081,-0.024704095,0.3937657232965347,1.0,0.05101798680651132
Zip99C,0.8526434,-0.030161455,0.3938570994756102,1.0,0.06231313179251104
Aven,0.8524959,0.08129093,0.39393890020094813,1.0,0.027953110910730387
Rtca,0.8523654,0.04907509,0.39401132588346754,1.0,0.048217929856200464
RanGAP,0.8522216,0.4959478,0.39409110546857307,1.0,0.014047743343932419
hob,0.8519675,0.009309625,0.3942321209158566,1.0,0.04622466897631816
Cyp28a5,0.8519381,0.51051354,0.3942484488440734,1.0,0.011722272317403066
CG17162,0.85185206,0.61275375,0.39429621038308593,1.0,0.010868017654596364
TyrRS-m,0.8508662,0.12872458,0.39484367680475063,1.0,0.02985145460585639
Wee1,0.8506066,-0.0717004,0.3949879200688823,1.0,0.10440890323193014
RagA-B,0.85030836,0.038468238,0.3951536552577115,1.0,0.033078638887570594
Bub1,0.8498752,-0.02559782,0.39539446508289255,1.0,0.05068577665986427
CG3764,0.84872204,-0.07237525,0.3960359665458586,1.0,0.07939822504864506
S1P,0.8486735,0.047781497,0.3960629822988202,1.0,0.031654881116226094
janA,0.848044,-0.08892345,0.3964134692399245,1.0,0.09254425513739263
Tmtc2,0.8474711,-0.09559367,0.39673259140215145,1.0,0.2932941008969674
Zfrp8,0.8474549,0.06405362,0.3967416060883707,1.0,0.041431351146125006
Pop5,0.847103,0.10390841,0.39693770609304424,1.0,0.03037349912201604
Pmvk,0.84705925,0.09707992,0.3969620946113043,1.0,0.03023112334488159
CG33695,0.84698164,0.051648144,0.3970053403409449,1.0,0.04323477765649471
Tk,0.84677243,-0.13411978,0.397121974507206,1.0,0.08105927578188031
CG8858,0.8467445,0.052744318,0.39713755462469347,1.0,0.03473968962080585
Art4,0.8463617,0.27142215,0.39735099834328313,1.0,0.020312277537848228
Ced-12,0.84610575,0.085238345,0.3974937428094967,1.0,0.025105595368041383
DCP1,0.8458469,-0.027586639,0.3976381594654881,1.0,0.07218451900716624
CoRest,0.84415686,-0.079565026,0.398581747529965,1.0,0.10156138768924114
Ptcd3,0.8438965,0.058800567,0.39872722420149165,1.0,0.033980352142755445
Dpm1,0.8438381,0.06561645,0.3987598992053927,1.0,0.032366760001898344
Mfe2,0.84355164,0.088259585,0.3989200094711379,1.0,0.028997199943049688
retn,0.843331,0.52582383,0.39904335569465155,1.0,0.011627355132646766
LManII,0.8419186,0.26922944,0.3998335208037038,1.0,0.01385790897441982
CG8777,0.8418186,0.3940942,0.39988951191194266,1.0,0.016373214370461773
CG4404,0.8405003,-0.09051855,0.40062792345280895,1.0,0.12026007308623227
DppIII,0.83936626,0.0034396804,0.40126379777209265,1.0,0.056713017891889324
CG8944,0.8393567,0.043490548,0.40126916115470135,1.0,0.034170186512268046
Rbsn-5,0.83916295,0.05440417,0.4013778820718059,1.0,0.03436002088178065
ana,0.83887094,0.5846042,0.4015417188903996,1.0,0.010251055953680414
Ugt302C1,0.83877426,1.4933584,0.4015959961056016,1.0,0.0068814958948317595
Fbxo42,0.8384371,0.02090878,0.40178527847702983,1.0,0.04565516586778036
grim,0.8383106,0.35083246,0.4018562989732368,1.0,0.01471216363722652
Uvrag,0.8380289,0.03714229,0.4020144705071931,1.0,0.041336433961368706
CG4036,0.83755344,0.034335434,0.40228154711491215,1.0,0.03758720516349485
Ntan1,0.83743286,-0.030646896,0.4023493143225614,1.0,0.06919462768734279
fd102C,0.83737767,0.40501156,0.4023803077046022,1.0,0.01542404252289877
CG6607,0.836736,-0.05060544,0.40274096923673774,1.0,0.08590005220445161
Mul1,0.83526844,0.09031841,0.4035665684097949,1.0,0.02861753120402449
polybromo,0.8348581,0.030376269,0.40379761121295954,1.0,0.040339803521427554
Trs23,0.8340664,0.033529434,0.40424356532324224,1.0,0.0389635043424612
dare,0.83377814,0.08418951,0.40440602958341354,1.0,0.03170233970860424
Vps45,0.8330703,0.05083211,0.4048051030349792,1.0,0.03042095771439419
Grip91,0.83259517,0.10463831,0.40507308071690573,1.0,0.028759906981158937
CG5543,0.83208776,0.1260013,0.4053594278471848,1.0,0.023349627450049832
e(y)2,0.83202744,0.06799375,0.40539346554642697,1.0,0.042855108917469506
Mettl14,0.8317535,0.19376962,0.4055481095224729,1.0,0.019837691614066726
CG4291,0.8315854,0.031299926,0.4056429891054587,1.0,0.04029234492904941
PGAP2,0.8314269,-0.064538926,0.40573248287501573,1.0,0.06217075601537658
Hmu,0.83044624,-0.010308884,0.406286526753752,1.0,0.05215699302358692
NPF,0.830194,0.48952976,0.4064291097219874,1.0,0.013383323050638317
PGRP-LE,0.82993585,0.060850494,0.4065750491560175,1.0,0.024583550851881734
CG5721,0.8297976,0.01075998,0.40665322900574263,1.0,0.03137012956195719
CG8097,0.8295755,0.31999663,0.4067788345633969,1.0,0.01509183237625172
SPoCk,0.8295505,-0.017357493,0.40679297703601136,1.0,0.43225285938019076
CG11964,0.8290603,0.06539486,0.4070702703311191,1.0,0.0365905747235537
Agpat2,0.82799435,0.31672096,0.40767371511180817,1.0,0.016563048739974374
EloB,0.82789135,-0.052222326,0.4077320270658823,1.0,0.07189976745289735
asRNA:CR42254,0.8267176,0.17966016,0.40839713462492777,1.0,0.024346257889990983
Dim1,0.82632524,-0.078605406,0.40861960625611093,1.0,0.07474728299558635
CG11134,0.82632345,0.080304705,0.408620648935922,1.0,0.026909021878411085
mora,0.8263047,0.15019757,0.4086312843604786,1.0,0.025247971145175834
Rx,0.8258068,0.3264632,0.408913704722379,1.0,0.017274927625646624
CG33493,0.8257016,0.3235024,0.40897337410284285,1.0,0.017986806511318874
Ance,0.82352656,1.6268164,0.4102086068552364,1.0,0.0061221584167813585
CG5961,0.8217737,-0.04528758,0.41120571375099335,1.0,0.06397418252574628
PhKgamma,0.82142913,-0.048673153,0.4114018738252577,1.0,0.3705566892885957
CG5068,0.8208301,-0.087274134,0.41174303562716774,1.0,0.1458877129704333
CG13054,0.8207672,0.5126407,0.4117788579235243,1.0,0.01547150111527692
CG8441,0.820715,0.054919448,0.4118086064986858,1.0,0.03084808504579754
lncRNA:CR45418,0.820579,0.7958695,0.41188612638034927,1.0,0.010345973138436713
CG11906,0.8202473,0.1043136,0.41207514354875274,1.0,0.02278012434151203
CCT8,0.8193938,-0.04464182,0.41256175341498,1.0,0.06345213800958664
CG12129,0.81910557,-0.032069694,0.41272620006200034,1.0,0.049214560296141616
cni,0.8184032,-0.065662056,0.41312699156133714,1.0,0.15760998528783637
CG34134,0.81822926,-0.00034516962,0.4132262807650502,1.0,0.029756537421100092
Blm,0.8178943,0.04118378,0.413417552008682,1.0,0.02966162023634379
CG1722,0.8170423,0.22864668,0.4139042595932414,1.0,0.016990176071377722
Polr3F,0.81604725,0.03628554,0.4144731093208923,1.0,0.0369702434625789
EndoGI,0.8152504,0.11591928,0.4149289847863684,1.0,0.024441175074747284
CG31957,0.8149923,0.0681529,0.41507672925024475,1.0,0.03089554363817569
Nthl1,0.8138906,0.24319865,0.41570762339142964,1.0,0.021071615015898628
mRpL39,0.8135288,-0.0017660989,0.41591495642431975,1.0,0.058611361587015326
Dbp45A,0.8133074,0.049518924,0.41604183050934507,1.0,0.03635328176166295
CG30109,0.81320006,0.019160753,0.416103378990924,1.0,0.05903848891841868
ICA69,0.8123017,-0.028491171,0.4166185311229462,1.0,0.0751744103269897
l(2)gl,0.81205606,0.5865623,0.41675945686314386,1.0,0.010013762991789663
CG4554,0.8119274,0.28854787,0.416833306424076,1.0,0.016563048739974374
Dus4,0.81166667,0.31002977,0.4169829281848899,1.0,0.019220729913150776
rush,0.81112504,0.11321675,0.41729387969865994,1.0,0.02387167196620948
Fibp,0.8110618,-0.054504137,0.4173301979504024,1.0,0.11219211238194675
CG2006,0.81091726,0.47065657,0.417413187924224,1.0,0.012386692610697166
wda,0.81064624,0.21559651,0.41756884674278216,1.0,0.020217360353091927
CG17806,0.810077,0.20905235,0.4178959049775576,1.0,0.019410564282663377
CG12219,0.809952,0.11656329,0.4179677596791048,1.0,0.025390346922310285
Alg7,0.80957216,0.1463627,0.41818611580632814,1.0,0.024061506335722082
Mst85C,0.809175,0.015320613,0.41841447863130865,1.0,0.04631958616107446
pen-2,0.8090945,-0.015816106,0.4184607944884191,1.0,0.06739120117697309
pit,0.8089213,0.100685015,0.4185604155289625,1.0,0.024631009444259885
vex,0.80858374,-0.058854315,0.4187546214915082,1.0,0.08865265056238432
CG10616,0.8075192,-0.035794523,0.4193674155805953,1.0,0.0664420293294101
CG6805,0.80720115,0.00026971783,0.41955061521841286,1.0,0.041051682407099804
CG32344,0.807014,0.09016058,0.4196584390719176,1.0,0.024203882112856533
Sec22,0.8053603,-0.085104324,0.42061176712036497,1.0,0.09539177068008163
CG5274,0.80459845,0.043131724,0.42105144214398005,1.0,0.027146314840301836
omd,0.80374646,0.08373115,0.4215434250852239,1.0,0.026434435954629586
pira,0.80356073,-0.031106753,0.4216506995955124,1.0,0.04090930662996536
D2hgdh,0.80335665,0.2871357,0.4217686138088591,1.0,0.01419011912106687
Lgr1,0.803339,0.413841,0.421778812703262,1.0,0.014047743343932419
mib1,0.80265105,0.014668106,0.4221764697761896,1.0,0.042760191732713206
ctrip,0.8016957,-0.089981586,0.42272900562916205,1.0,0.2469270561435148
CG2126,0.80104667,0.11517607,0.4231046227245788,1.0,0.025722557068957336
bbg,0.80104077,1.7803396,0.42310802864553965,1.0,0.0061221584167813585
lsn,0.800683,-0.01022312,0.423315181381395,1.0,0.05865882017939348
klu,0.80054367,0.5150556,0.4233958869473491,1.0,0.012196858241184567
P58IPK,0.8002998,0.021565065,0.4235370901054827,1.0,0.033363390441839495
asRNA:CR45134,0.80001634,0.98569125,0.4237013293334648,1.0,0.008115419296663661
Datp,0.7998472,0.038294073,0.4237993367605123,1.0,0.03948554885862085
AdamTS-B,0.79935485,0.9361363,0.42408469907323776,1.0,0.008874756774714061
beat-Vb,0.79875064,-0.09889738,0.424435002130521,1.0,0.09040861848037587
CG1582,0.7980215,0.045415923,0.4248580215750638,1.0,0.026386977362251436
Rsph3,0.7980079,0.36014795,0.4248659168651012,1.0,0.01456978786009207
lin-28,0.79744565,1.0090985,0.4251922593496904,1.0,0.00835271225855441
Mes2,0.79714376,0.5675376,0.4253675500744496,1.0,0.010061221584167813
CG31125,0.7969492,0.08948904,0.42548051857989766,1.0,0.02918703431256229
ck,0.7950783,0.6178068,0.42656796042576683,1.0,0.009918845807033363
CG13605,0.7949801,-0.0015307133,0.4266250701914527,1.0,0.03473968962080585
CG3815,0.79473007,0.052746188,0.4267705384165661,1.0,0.032034549855251296
Dh31-R,0.79390085,0.020931331,0.42725314360232713,1.0,0.039912676190024206
CG7120,0.7932585,-0.040770765,0.4276272473451519,1.0,0.046889089269612265
PIG-G,0.7926867,0.08878905,0.4279603964853569,1.0,0.025437805514688435
Atg4a,0.79242486,-0.02990738,0.42811298849823576,1.0,0.04935693607327607
Syx13,0.7922693,-0.10395856,0.42820365857724485,1.0,0.1131887428218879
CG4951,0.79171515,0.086523116,0.42852677494364744,1.0,0.026244601585116985
CG13796,0.79144967,0.94487435,0.4286816294425019,1.0,0.008447629443310711
PK2-R2,0.7911279,0.45161662,0.428869342984447,1.0,0.012956195719234967
CG32485,0.7909253,-0.09278143,0.42898757340512494,1.0,0.14413174505244175
beta4GalNAcTB,0.7908021,0.06204871,0.4290594650464893,1.0,0.027336149209814437
veli,0.790576,-0.087994255,0.42919146345430514,1.0,0.17521712306013004
CG10324,0.78923273,-0.03194904,0.42997599889025606,1.0,0.04646196193820891
Strip,0.7888312,-0.027682738,0.4302106835247479,1.0,0.05633334915286413
ush,0.7887959,0.36763328,0.43023131869653963,1.0,0.015613876892411371
eEF1delta,0.78791076,-0.0765173,0.43074889042696207,1.0,0.1126192397133501
fand,0.7875328,0.09926123,0.4309700489690239,1.0,0.02956670305158749
CG8237,0.78738385,0.04527035,0.4310571966321277,1.0,0.04152626833088131
DCTN3-p24,0.7864403,-0.060930125,0.43160958447533804,1.0,0.08699159982914907
CG16753,0.7852441,0.08262118,0.4323104535540726,1.0,0.03279388733330169
dmt,0.7848819,0.6033943,0.43252280482825467,1.0,0.009017132551848512
mIF3,0.7842972,0.13461384,0.43286571244458694,1.0,0.02472592662901618
Polr2H,0.7838707,-0.031294443,0.4331159832690802,1.0,0.05163494850742727
ecd,0.7836912,0.010918044,0.43322129462776926,1.0,0.03806179108727635
Usp32,0.7831669,0.0016184036,0.4335291130982494,1.0,0.05509942575103222
CG3511,0.78304076,0.022935908,0.4336031724506234,1.0,0.03796687390252005
mTor,0.7827848,0.024608213,0.43375347279977194,1.0,0.0362109059845285
CG31999,0.78255355,0.43515533,0.4338893304860044,1.0,0.012956195719234967
Dsk,0.78242266,0.61319065,0.4339662338109338,1.0,0.011247686393621566
Rdh1,0.7817052,0.20703769,0.434387829817111,1.0,0.018793602581747424
IleRS,0.78132427,0.015949368,0.43461179754230606,1.0,0.03440747947415879
Pgam5,0.7809801,0.08102292,0.43481420409209637,1.0,0.03004128897536899
gogo,0.7809709,-0.051147502,0.43481961099607647,1.0,0.055479094490057425
CG2685,0.7802314,-0.018012965,0.43525466948680547,1.0,0.03739737079398225
NHP2,0.7797869,-0.012678942,0.43551634465211075,1.0,0.052441744577855824
koko,0.77933675,0.2751516,0.4357813588331275,1.0,0.01490199800673912
CG16896,0.77924335,0.12104885,0.4358363652554196,1.0,0.02054957049973898
CSN1b,0.77893525,0.0147551615,0.43601787152918103,1.0,0.03436002088178065
Polr1A,0.7784322,0.15713954,0.4363142665584385,1.0,0.021119073608276778
CG9581,0.7771621,-0.011665398,0.4370631371689674,1.0,0.056096056190973374
Gyc88E,0.7767326,-0.032263707,0.43731654159903655,1.0,0.04242798158606616
GCC185,0.77665174,-0.027354605,0.4373642813486539,1.0,0.05875373736414978
twf,0.77627295,-0.00045110463,0.4375878300700997,1.0,0.05286887190925917
CG15561,0.77618694,0.01699719,0.43763862603089354,1.0,0.0341227279198899
CG3294,0.7761432,0.087459505,0.4376644594661707,1.0,0.027858193725974086
Ugt36D1,0.77596,0.55837137,0.43777257865502794,1.0,0.010915476246974514
Sec24CD,0.77474546,-0.029413734,0.4384900712574953,1.0,0.06672678088367899
Ciao1,0.7746973,-0.034642637,0.4385185415988899,1.0,0.06378434815623368
Vha68-1,0.7733342,0.046555504,0.43932462738503963,1.0,0.5377058516444402
nbs,0.7731625,0.18813594,0.43942623667406133,1.0,0.02311233448815908
GlcT,0.7729069,0.11756022,0.43957747890373944,1.0,0.026576811731764037
Alp4,0.7723373,0.3394378,0.4399146715989751,1.0,0.012149399648806417
Gmd,0.7722141,0.40265733,0.43998761529281993,1.0,0.01471216363722652
MED31,0.772006,-0.09528842,0.4401108732399256,1.0,0.105310616487115
Nrd1,0.7718567,0.014622399,0.44019930015033126,1.0,0.032271842817142044
Drp1,0.77153057,-0.097416855,0.44039252444106747,1.0,0.12922974704570261
CG10209,0.77123415,0.017196465,0.4405681458443226,1.0,0.04019742774429311
CG1847,0.77116907,-0.014071848,0.4406067182039771,1.0,0.057994399886099376
parvin,0.7711371,-0.014534121,0.44062567820909393,1.0,0.04783826111717526
CG7600,0.77113414,0.017426394,0.4406274216813233,1.0,0.04152626833088131
Wbp2,0.77088666,-0.085150704,0.4407741054431872,1.0,0.14413174505244175
loco,0.77075833,0.54670024,0.4408501827820931,1.0,0.011057852024108965
DIP-eta,0.76932794,-0.059413362,0.44169866011851144,1.0,0.055384177305301124
CG6425,0.7692147,0.2777828,0.4417658802516419,1.0,0.01556641830003322
eRF3,0.7686969,-0.08190227,0.44207324686249294,1.0,0.07313369085472925
CG6230,0.76854545,0.12837331,0.44216320966476064,1.0,0.026719187508898488
CG2962,0.76844174,3.5245428,0.44222479218477795,1.0,0.004461107683546106
SMC3,0.768288,-0.08319985,0.4423160831040913,1.0,0.07460490721845191
Act79B,0.76794314,1.1205869,0.44252098091435155,1.0,0.0076408333728821606
CG15210,0.76741326,0.9021997,0.44283586037108125,1.0,0.0076408333728821606
Cds,0.7671823,-0.08097219,0.44297312757452734,1.0,0.2521000427127331
Pura,0.7670558,0.32004073,0.44304832883673295,1.0,0.015376583930520622
E(spl)mbeta-HLH,0.76582104,0.7308062,0.44378279877804716,1.0,0.00840017085093256
twit,0.76577026,0.40577856,0.44381299734219914,1.0,0.01480708082198282
Blos3,0.76447374,0.05056426,0.4445849904961613,1.0,0.0322243842247639
tex,0.76386774,0.22977158,0.4449460711836887,1.0,0.015376583930520622
Chd64,0.76303047,-0.13385911,0.44544524231772964,1.0,0.16463385695980257
MME1,0.7626642,0.24058382,0.44566368888231234,1.0,0.020359736130226378
cu,0.76206595,0.014348246,0.44602066006151875,1.0,0.047695885340040815
His2Av,0.7620472,-0.061751667,0.44603185232447107,1.0,0.32456931327416827
CG5181,0.76199603,-0.056019213,0.44606235753946466,1.0,0.09040861848037587
CG12321,0.7618666,0.20888561,0.44613961346983244,1.0,0.020881780646386027
hook,0.7616471,-0.080700256,0.4462706587018025,1.0,0.26785629538227895
rk,0.761639,0.4504974,0.4462754882579769,1.0,0.012244316833562717
unc-5,0.7599821,-0.050370805,0.44726529619409683,1.0,0.05989274358122538
BicDR,0.75942683,0.107422195,0.4475972685443943,1.0,0.021119073608276778
CG17786,0.75909775,0.08325429,0.447794099703664,1.0,0.02325471026529353
cav,0.7590477,0.3672991,0.44782401354746737,1.0,0.014474870675335769
del,0.7587837,0.19495495,0.44798195986800304,1.0,0.01680034170186512
Elmod,0.7580376,0.01210268,0.44842847226379545,1.0,0.0361159887997722
CG6961,0.7576879,0.24335639,0.44863784126941786,1.0,0.019695315836932275
CG3184,0.75759304,-0.004685629,0.44869465126180963,1.0,0.04423140809643586
Vps13D,0.75644356,-0.06192282,0.44938330137666493,1.0,0.048123012671444164
Dab,0.75623876,-0.07321042,0.44950606999864295,1.0,0.2838023824213374
CG8460,0.75609016,0.29296914,0.44959512772055044,1.0,0.019458022875041527
CG32708,0.7554474,0.036263682,0.4499805719448522,1.0,0.03939063167386455
CG10674,0.75447994,-0.08418744,0.45056107575735704,1.0,0.08053723126572065
l(3)07882,0.7542067,-0.028952485,0.4507250880346051,1.0,0.042950026102225806
asRNA:CR44291,0.7536283,0.23968048,0.4510724287751764,1.0,0.02145128375492383
amn,0.7529355,0.17452806,0.45148864204373584,1.0,0.01566133548478952
Rrp4,0.7522685,0.23074014,0.45188959612060575,1.0,0.017939347918940723
CG5846,0.75204897,0.078201495,0.4520215969102642,1.0,0.025295429737553984
Ttc1,0.7514283,-0.06747252,0.45239494319458085,1.0,0.08575767642731717
nom,0.75084436,0.18061106,0.45274633081175397,1.0,0.02235299701010868
CG11123,0.75072634,0.32524133,0.45281737940104727,1.0,0.01485453941436097
CG17249,0.75009054,0.13400885,0.45320017618598063,1.0,0.02254283137962128
CG7824,0.7500633,0.6943455,0.4532165636979175,1.0,0.008779839589957763
mid,0.75005376,0.90584236,0.45322232155178543,1.0,0.008684922405201462
Gclm,0.7497769,-0.07316122,0.45338909577121833,1.0,0.09268663091452707
D,0.7486524,-0.12743184,0.4540667365084605,1.0,0.08732380997579611
CG34219,0.7481071,0.066755466,0.45439556897591216,1.0,0.0355464856912344
spict,0.7474463,-0.073494986,0.45479420591536746,1.0,0.04674671349247781
CG8060,0.746655,0.099784635,0.4552718532993958,1.0,0.028095486687864837
Sox14,0.7447892,0.5833455,0.45639917074940994,1.0,0.010488348915571164
CG12547,0.7444252,-0.11682784,0.4566193071175998,1.0,0.15865407432015566
mip130,0.74427295,0.0071570817,0.4567113818373971,1.0,0.031559963931469794
pinta,0.744092,0.13155709,0.4568208175347178,1.0,0.017986806511318874
Lamtor3,0.74381256,-0.022155048,0.4569898935029856,1.0,0.061411418537326186
Lsm10,0.7437975,0.45991832,0.45699901570584145,1.0,0.011295144985999716
Dyrk3,0.7431712,0.02896156,0.45737801122065236,1.0,0.5242750700014237
Vps16A,0.74316794,0.0051636025,0.4573800146016407,1.0,0.04128897536899056
CG18335,0.7427105,1.1493139,0.45765697377857584,1.0,0.006359451378672109
CG8891,0.74222404,-0.027338726,0.4579516244641483,1.0,0.0680556214702672
CG8155,0.7421461,-0.028657803,0.45799884973521365,1.0,0.05021119073608277
wgn,0.741953,0.6247849,0.4581158108701684,1.0,0.008779839589957763
Atf-2,0.74190557,0.20023206,0.45814455245609853,1.0,0.02059702909211713
TBC1d7,0.7415176,0.059867036,0.45837964757296024,1.0,0.03099046082293199
Lon,0.74139076,-0.11257004,0.45845654169540395,1.0,0.08988657396421622
mute,0.7413643,0.11128742,0.45847259007665797,1.0,0.028190403872621138
Arv1,0.74026227,0.02001119,0.4591408833327235,1.0,0.04584500023729296
ATP7,0.7399633,0.03478238,0.45932226615522853,1.0,0.02866498979640264
CSN6,0.7392032,-0.01237883,0.4597836009599685,1.0,0.05087561102937687
CG2906,0.73916316,0.17095697,0.4598079359243237,1.0,0.02377675478145318
Brf,0.73912895,0.0048379535,0.45982869935380954,1.0,0.03298372170281429
Hsl,0.738805,-0.008399896,0.46002541981071976,1.0,0.02932941008969674
tefu,0.7384564,0.16231187,0.4602371534437182,1.0,0.018556309619856676
dgt1,0.73743784,-0.077686034,0.4608561389127881,1.0,0.04342461202600731
CG5126,0.7364233,0.075170435,0.46147312866532175,1.0,0.02401404774334393
CG15814,0.7360916,-0.07478598,0.46167494119226415,1.0,0.1098666413554174
Grasp65,0.7355952,0.062998585,0.4619770808310265,1.0,0.02980399601347824
CG31793,0.735536,0.11806079,0.46201312114606086,1.0,0.020976697831142328
Hat1,0.73525435,-0.008356356,0.46218461395401356,1.0,0.04375682217265436
CG9667,0.7347465,-0.0023639847,0.4624938832865273,1.0,0.033837976365621
CG5555,0.73458177,-0.101896234,0.4625942358593186,1.0,0.051540031322670966
dpr12,0.7333838,0.0017410321,0.4633243972504153,1.0,0.47477575815101325
Wdr92,0.7330819,0.06728081,0.46350849559799245,1.0,0.034170186512268046
Six4,0.7330554,0.85061604,0.4635246425854327,1.0,0.009017132551848512
Ilp6,0.7329458,0.056694232,0.46359147650500665,1.0,0.019552940059797828
CG3149,0.7329028,-0.022956343,0.4636177181356066,1.0,0.054957049973897776
pdm2,0.73280424,0.47709128,0.4636778302881902,1.0,0.012291775425940867
PolI,0.7326601,0.112932436,0.46376576334507025,1.0,0.023681837596696884
gpp,0.7325571,-0.014464288,0.46382857835737945,1.0,0.4508566275924256
Arc42,0.7325296,0.25990453,0.4638454046116337,1.0,0.01675288310948697
CG6724,0.7323733,0.13522907,0.4639407598064724,1.0,0.02320725167291538
Fcp1,0.73212874,-0.039419286,0.4640899845402623,1.0,0.06914716909496464
CG13603,0.7314117,-0.0100096,0.46452771485190336,1.0,0.07161501589862845
Pde9,0.7303376,0.08645161,0.46518384199316076,1.0,0.6288263490104884
Brat1,0.7301953,0.21610603,0.4652708101753191,1.0,0.018366475250344075
ftz-f1,0.7288656,-0.026046285,0.4660838487176989,1.0,0.44463955199088795
E(bx),0.7285557,-0.05443318,0.46627350616452834,1.0,0.3825162545678895
CG10512,0.7284744,0.10493564,0.46632323365027295,1.0,0.02225807982535238
l(2)k05819,0.72845894,-0.023759285,0.46633268445558484,1.0,0.04228560580893171
bdl,0.7283869,-0.1263285,0.46637678961954876,1.0,0.03170233970860424
CG5254,0.72826004,0.23037867,0.4664544293338845,1.0,0.01556641830003322
Rbbp5,0.7279868,0.07668571,0.46662166038188346,1.0,0.02762090076408334
CG11696,0.72779226,0.025295569,0.46674074556025047,1.0,0.03440747947415879
bnl,0.7273216,0.25737453,0.46702896092147606,1.0,0.013051112903991267
Rtnl1,0.72678804,0.1566771,0.46735579938998484,1.0,0.7567272554696027
mei-9,0.72606623,0.31141385,0.46779816785827877,1.0,0.01566133548478952
bisc,0.72577834,-0.0019871178,0.46797468417353594,1.0,0.039817759005267905
CG31301,0.72566986,-0.036981717,0.46804119733392313,1.0,0.05021119073608277
Gsc,0.72565883,0.7069941,0.468047961677449,1.0,0.009112049736604812
Bap170,0.7253521,0.04453147,0.4682360321031155,1.0,0.028000569503108537
CG4239,0.7248895,-0.037442107,0.4685197954221775,1.0,0.03587869583788145
CG1792,0.72481966,0.012502404,0.4685626614301376,1.0,0.03269897014854539
Ube4A,0.7243075,-0.034716398,0.46887700324533244,1.0,0.05267903753974657
CG15356,0.724117,-0.09637861,0.46899392392639716,1.0,0.0727065635233259
Spn27A,0.7240339,0.6685648,0.46904494070539393,1.0,0.009017132551848512
CG10602,0.72380334,0.05319058,0.46918649447807503,1.0,0.032556594371410945
cry,0.7233297,0.13687167,0.4694773520916692,1.0,0.021119073608276778
Ist1,0.72298,-0.06584522,0.4696921719441802,1.0,0.09221204499074558
sba,0.7226656,-0.103252634,0.469885352882626,1.0,0.09472735038678753
LBR,0.72192943,0.4434094,0.4703378617159035,1.0,0.012908737126856817
prt,0.7217882,-0.0347755,0.47042468411577953,1.0,0.034882065397940296
fray,0.7212047,-0.062849656,0.4707835986654547,1.0,0.06629965355227564
CG12672,0.72103846,-0.015841791,0.4708858502417551,1.0,0.03137012956195719
dan,0.72096527,0.14804342,0.47093087196720784,1.0,0.026481894547007737
Cyp28d2,0.72087777,0.40164456,0.47098472016502013,1.0,0.012101941056428266
CROT,0.720435,0.2579654,0.4712571807556668,1.0,0.01580371126192397
Sf3a2,0.7190914,0.013131375,0.4720845990282555,1.0,0.03530919272934365
Pex3,0.71885866,-0.015139592,0.47222801797771785,1.0,0.0360210716150159
CG6928,0.71875125,0.83679336,0.47229418457116734,1.0,0.00792558492715106
Ets96B,0.71837807,0.5801605,0.47252422118638815,1.0,0.009586635660386313
IntS4,0.71805483,0.2979061,0.4727234850037797,1.0,0.013288405865882019
Hml,0.7175738,0.9173171,0.4730200860643906,1.0,0.006691661525319159
Pgant7,0.71622175,0.06910931,0.4738544280734023,1.0,0.027003939063167386
lncRNA:CR44628,0.7139338,0.08228063,0.47526809268930936,1.0,0.027336149209814437
Mal-A5,0.71345395,0.77337146,0.4755648874950418,1.0,0.007688291965260311
gammaSnap1,0.7132076,-0.04658174,0.4757173043899482,1.0,0.35641402875990696
Wdr59,0.7129542,0.20392674,0.4758740714889381,1.0,0.018319016657965925
Rcd2,0.7126972,1.0913581,0.4760331428114478,1.0,0.006406909971050259
CG1789,0.7126465,-0.08411897,0.47606455089504507,1.0,0.08608988657396421
nudC,0.7108439,0.040386435,0.4771809571159893,1.0,0.038109249679654504
EMC2A,0.7108061,-0.06836035,0.4772044302162245,1.0,0.0730862322623511
spn-A,0.7107325,0.24291281,0.47725001085648155,1.0,0.019268188505528926
CG7420,0.71072555,0.18356898,0.47725434114122955,1.0,0.01665796592473067
gig,0.71044016,0.035177425,0.47743121745838135,1.0,0.026956480470789235
BTBD9,0.7100438,-0.0153110735,0.47767698917026535,1.0,0.03454985525129325
CG31689,0.7091094,0.5194918,0.47825658190858356,1.0,0.009112049736604812
Tbcd,0.7080081,0.06818,0.47894022358547084,1.0,0.02254283137962128
CG4882,0.70792574,-0.05084245,0.4789913754865839,1.0,0.09169000047458592
CG32533,0.70728296,0.18450667,0.4793906454447119,1.0,0.018841061174125574
GstE2,0.70589155,-0.07714117,0.4802555907762801,1.0,0.0408618480375872
Cdk2,0.7058349,0.09055953,0.4802908100452302,1.0,0.025295429737553984
CNPYb,0.7051715,-0.013759443,0.4807034834433064,1.0,0.06330976223245219
Uhg2,0.70498806,-0.06254375,0.48081766611137455,1.0,0.045987376014427414
CG11414,0.7048218,-0.051862903,0.4809211068493332,1.0,0.04209577143941911
sle,0.70470345,-0.0150132775,0.4809948043242189,1.0,0.04442124246594846
Nct,0.70354664,0.115120515,0.48171516585568386,1.0,0.02377675478145318
CG3156,0.7034311,0.077079386,0.4817870968227319,1.0,0.024773385221394332
be,0.7027564,0.5007222,0.48220757455002117,1.0,0.008779839589957763
Rcc1,0.7013039,-0.07225975,0.4831133666682109,1.0,0.0737506525556452
angel,0.70030487,-0.030412417,0.48373694998696704,1.0,0.04219068862417541
Syt14,0.70006657,-0.10722626,0.4838857380468846,1.0,0.1031275212377201
FucT6,0.69994193,-0.025063522,0.4839635861345053,1.0,0.05438754686535997
SMC6,0.69984853,-0.05753339,0.4840219192415872,1.0,0.04641450334583076
CG12773,0.6998264,0.0022959397,0.48403569927246326,1.0,0.02861753120402449
TrpRS,0.6996635,0.012047289,0.4841374484183901,1.0,0.030610792083906792
Grik,0.6991833,0.4227054,0.4844374806564469,1.0,0.010630724692705614
U2A,0.6979165,0.055246655,0.4852293966706235,1.0,0.03113283660006644
Scot,0.69761646,0.52522564,0.48541707650389476,1.0,0.010061221584167813
Prp31,0.6974918,-0.10517475,0.4854950579870132,1.0,0.07745242276114091
Uba5,0.6974054,0.06934328,0.4855491199266653,1.0,0.03288880451805799
DNAlig3,0.69726753,0.10071673,0.4856353957270584,1.0,0.020976697831142328
DPCoAC,0.6971954,0.09353576,0.48568049251316514,1.0,0.019742774429310425
lncRNA:CR42651,0.6948623,0.91976506,0.48714160932638617,1.0,0.008210336481419962
CG9945,0.6946255,-0.041315008,0.4872900412435337,1.0,0.04873997437236011
CG9588,0.69228494,0.025335336,0.4887583867018296,1.0,0.04408903231930141
Mip,0.6922173,0.41462386,0.4888008691975386,1.0,0.01423757771344502
TkR99D,0.6916992,-0.07044261,0.4891262494744735,1.0,0.038299084049167105
Rrp1,0.6916635,0.054955617,0.4891486539695389,1.0,0.03445493806653695
APP-BP1,0.6912495,0.02620644,0.489408771337008,1.0,0.0322243842247639
dUTPase,0.690991,0.04767623,0.4895712091909409,1.0,0.0355464856912344
CG45071,0.69088066,0.056678556,0.4896405371661382,1.0,0.02211570404821793
Hyls1,0.6907983,0.45320722,0.48969230549993314,1.0,0.012101941056428266
CLS,0.69070894,-0.00093993574,0.48974846822882556,1.0,0.034597313843671394
CG9018,0.6901636,-0.05958041,0.4900912977821612,1.0,0.06435385126477149
fusl,0.6900136,0.6944971,0.49018563900310175,1.0,0.007688291965260311
wdn,0.6899669,-0.0075400947,0.490215007013701,1.0,0.032841345925679846
Mtap,0.6894267,0.010696263,0.4905547734793736,1.0,0.03099046082293199
crb,0.68925756,0.01473244,0.4906611933571755,1.0,0.03042095771439419
Naxe,0.6889943,0.26236403,0.4908268628971685,1.0,0.015376583930520622
Mvl,0.6876396,-0.041564878,0.49167974935584946,1.0,0.040434720706183855
hoe2,0.6871079,0.24014083,0.492014731503009,1.0,0.018034265103697024
Nup160,0.68640447,0.3483949,0.49245808752843945,1.0,0.01428503630582317
CG4743,0.6860382,-0.04065474,0.49268900481403755,1.0,0.061411418537326186
CG16972,0.68577236,-0.016968094,0.4928566648565096,1.0,0.0358312372455033
pirk,0.6846497,1.0568435,0.4935649771316808,1.0,0.006549285748184709
CrzR,0.684531,0.19688393,0.4936399467199265,1.0,0.017227469033268474
CCHa2,0.6840371,0.3805057,0.49395172773206875,1.0,0.013003654311613117
Idua,0.6837183,0.19185409,0.4941530600367414,1.0,0.019552940059797828
Ogg1,0.68344545,0.37849298,0.49432540004757464,1.0,0.012196858241184567
JMJD5,0.6822883,0.18567546,0.49505669252020557,1.0,0.020312277537848228
CG13126,0.6821831,0.1527167,0.4951231811689336,1.0,0.02040719472260453
Cont,0.6820393,-0.04883899,0.49521408770453923,1.0,0.04304494328698211
beta4GalT7,0.6818393,0.096135125,0.4953405811925564,1.0,0.022637748564377582
CG12065,0.6814815,0.016210575,0.4955668708444577,1.0,0.018366475250344075
List,0.68126124,0.3244351,0.49570620712787894,1.0,0.012956195719234967
Tmem63,0.6803776,0.022895742,0.49626539072735565,1.0,0.02951924445920934
MED11,0.67985255,-0.0041175545,0.4965978489058748,1.0,0.045275497128755164
CG33969,0.67978704,-0.04794896,0.49663929809274965,1.0,0.05263157894736842
nub,0.67952967,0.5491339,0.4968023183997662,1.0,0.010298514546058565
Rabex-5,0.67927814,-0.040083762,0.4969616400747182,1.0,0.041241516776612405
G6p,0.6781978,0.019335598,0.49764628743346706,1.0,0.03160742252384794
Kdm3,0.6772079,0.08387314,0.4982740495363044,1.0,0.028902282758293388
mtSSB,0.67718804,-0.03679664,0.4982866463976311,1.0,0.041146599591856105
CG4537,0.6767637,0.15495126,0.49855588647414373,1.0,0.018129182288453324
CG11902,0.67623717,-0.0030798984,0.4988900943281004,1.0,0.03682786768544445
Kpc1,0.67448425,0.24491315,0.5000034997457357,1.0,0.01423757771344502
meep,0.67434895,1.0652575,0.5000895065370677,1.0,0.00716624744910066
CG7878,0.6739639,-0.06835036,0.5003342481353938,1.0,0.06198092164586398
run,0.6737481,0.192999,0.5004714901711895,1.0,0.01551895970765507
CG4565,0.67352784,0.3303963,0.500611558412803,1.0,0.012908737126856817
CG9839,0.6733068,0.10092781,0.500752115213174,1.0,0.024156423520478382
ValRS,0.67249084,-0.07616535,0.5012712573292863,1.0,0.04171610270039391
mahj,0.6712226,0.014760936,0.5020787274313818,1.0,0.026671728916520338
Vps35,0.67120314,-0.06368065,0.5020911410078137,1.0,0.06478097859617483
Cdk7,0.67062026,0.06792657,0.5024624522388091,1.0,0.024203882112856533
MED22,0.6705324,-0.07918068,0.502518454351685,1.0,0.09605619097337573
Hr78,0.67036253,-0.029170074,0.5026267188375992,1.0,0.04332969484125101
CG5003,0.6699106,-0.013610729,0.5029147811408321,1.0,0.03711261923971335
AlaRS-m,0.66908765,0.1102051,0.5034395644960737,1.0,0.021830952493949028
RfC4,0.6685979,0.067038715,0.5037520392623132,1.0,0.025864932846091784
noi,0.66850334,0.070019275,0.5038123408429678,1.0,0.02847515542689004
bumpel,0.66785914,0.2348771,0.5042235254865586,1.0,0.013573157420150918
ssp7,0.66727626,0.3301732,0.5045956686199954,1.0,0.009064591144226662
Vps51,0.6672138,0.064223126,0.5046355916223604,1.0,0.024820843813772482
CG1360,0.6654105,0.29627487,0.5057879693279128,1.0,0.013715533197285369
GILT3,0.6651134,0.40087184,0.5059779718824768,1.0,0.010868017654596364
Pus7,0.6645169,0.27716318,0.5063595012431971,1.0,0.012908737126856817
Glt,0.6642478,0.8345071,0.5065317329553346,1.0,0.006739120117697309
rept,0.6641353,0.06928317,0.5066037405862612,1.0,0.02254283137962128
PolZ2,0.66373664,0.052917626,0.5068588697355254,1.0,0.032461677186654644
ana1,0.6631616,0.082595415,0.5072270901612332,1.0,0.02216316264059608
cyp33,0.66276884,-0.015902556,0.5074786155110622,1.0,0.05196715865407432
Ctu1,0.6625074,0.032479547,0.5076460998724827,1.0,0.03440747947415879
MAN1,0.6624688,0.034698755,0.5076708363086975,1.0,0.034502396658915094
Smyd4-4,0.6618418,0.033314455,0.508072597454109,1.0,0.035783778653125146
Sgf11,0.66124135,0.01933318,0.5084575490640229,1.0,0.03436002088178065
Orct2,0.6611086,0.5885111,0.5085426692298025,1.0,0.010108680176545964
spartin,0.6610281,0.22168753,0.5085943108657458,1.0,0.018746143989369274
CG11885,0.6606872,0.040749624,0.5088129339878804,1.0,0.03037349912201604
CG3328,0.6605258,0.34208664,0.5089164846659466,1.0,0.010298514546058565
H15,0.659263,1.197286,0.509726872450132,1.0,0.006027241232025058
NSD,0.6583669,0.10313147,0.5103023882233941,1.0,0.02140382516254568
CG14543,0.65834486,-0.06695813,0.5103165619571304,1.0,0.057519813962317874
lncRNA:CR44813,0.65795106,0.60239804,0.5105695977362762,1.0,0.0076408333728821606
lncRNA:CR43837,0.65744543,1.6818532,0.5108945530621112,1.0,0.005125527976840207
CG7182,0.6573814,0.0652761,0.5109356823832922,1.0,0.02762090076408334
Tbce,0.65726525,-0.08683935,0.5110103814362787,1.0,0.0750794931422334
CG31200,0.65717185,0.7513498,0.5110704284819367,1.0,0.00716624744910066
Tsen15,0.65713656,0.4652024,0.511093124388122,1.0,0.011532437947890465
CG42360,0.6563026,-0.021211104,0.5116294682836866,1.0,0.047695885340040815
Ent2,0.65618306,0.10591072,0.5117063493825541,1.0,0.020359736130226378
Nup54,0.65567523,0.22693641,0.5120331021466358,1.0,0.013288405865882019
Phyhd1,0.6548446,0.13455464,0.5125678294565041,1.0,0.01385790897441982
Adck1,0.6547729,0.49218616,0.5126140015009726,1.0,0.010630724692705614
CG13151,0.65458715,0.16275159,0.5127335853334811,1.0,0.019742774429310425
AOX1,0.65435475,0.6210546,0.5128832632037874,1.0,0.00745099900336956
trc,0.65345424,-0.11999956,0.5134634799145329,1.0,0.10289022827582935
CG5969,0.6532796,-0.04433822,0.5135760563967977,1.0,0.06895733472545204
CG10581,0.65298796,0.2330164,0.5137640284958487,1.0,0.016278297185705472
Moca-cyp,0.65291774,-0.10408282,0.5138093083356874,1.0,0.2271368231218262
Rint1,0.65179914,0.22423217,0.5145307466353769,1.0,0.01585116985430212
CG11426,0.6514649,0.7821022,0.5147464264848475,1.0,0.00726116463385696
CG8461,0.651302,-0.009212029,0.5148515548108734,1.0,0.03170233970860424
Arf4,0.6511174,-0.09793403,0.5149706979077968,1.0,0.20392957144891083
Klp68D,0.6508714,-0.11010581,0.5151294985171662,1.0,0.12092449337952636
CG9727,0.6506276,-0.058311425,0.5152868999932247,1.0,0.04593991742204926
CG14135,0.6502467,-0.035021827,0.5155329046271294,1.0,0.04375682217265436
CG15073,0.64997566,0.106767185,0.5157079469552999,1.0,0.027288690617436287
kon,0.64967006,0.7552153,0.51590535188509,1.0,0.006786578710075459
dup,0.64928657,0.22078563,0.5161531731042517,1.0,0.01452232926771392
Jra,0.6490516,-0.052252486,0.5163050327027212,1.0,0.05149257273029282
BHD,0.6487901,0.23983313,0.5164740304648203,1.0,0.01490199800673912
Socs44A,0.64841545,-0.05078147,0.5167162868064725,1.0,0.08822552323098097
CG15812,0.64775467,0.012887867,0.5171436477471587,1.0,0.02871244838878079
CG13901,0.64742774,0.009670133,0.5173551365883149,1.0,0.053248540648284375
AstC-R1,0.64729977,-0.008759487,0.5174379363133101,1.0,0.0392482558967301
hoip,0.6466813,0.061378613,0.517838231658855,1.0,0.025247971145175834
Obp49a,0.6466761,0.57456833,0.5178415641590597,1.0,0.009396801290873712
Atg4b,0.64585024,9.467294e-05,0.518376336028695,1.0,0.02942432727445304
CG15117,0.64499754,0.8002236,0.5189287885568752,1.0,0.00730862322623511
yki,0.64479494,-0.022520138,0.5190600973079975,1.0,0.057804565516586776
CG5199,0.64406943,0.19697802,0.5195304234036463,1.0,0.016325755778083623
Trm1,0.6440378,0.1826435,0.5195509291870599,1.0,0.018271558065587775
CG34136,0.6438308,0.03757786,0.5196851808524738,1.0,0.023634379004318733
mRpS24,0.64316225,-0.094638325,0.5201188190635524,1.0,0.12595510417161027
sv,0.6428607,0.3767199,0.5203144704890077,1.0,0.012481609795453466
pall,0.642785,-0.041791696,0.5203636279061522,1.0,0.05509942575103222
Sin1,0.6425967,0.037432052,0.5204858159314458,1.0,0.02904465853542784
nes,0.6422202,-0.05270588,0.5207302363297581,1.0,0.05144511413791467
Gyc32E,0.6419348,0.6882405,0.5209155005361596,1.0,0.00797304351952921
CG41520,0.6414266,0.4829996,0.521245526755474,1.0,0.011105310616487115
CG8401,0.6411115,0.6881874,0.5214502352705643,1.0,0.00792558492715106
CG5466,0.640058,-0.080713026,0.5221348877452395,1.0,0.09183237625172037
Trap1,0.63971347,-0.07205465,0.5223589039948722,1.0,0.09510701912581272
CG8818,0.6393663,-0.08727229,0.5225846437279111,1.0,0.18105452992264248
lectin-28C,0.63916004,1.1447548,0.522718819997376,1.0,0.005410279531109108
Mon1,0.6388732,0.06667862,0.5229054046382069,1.0,0.025010678183285083
CG16890,0.63854045,0.046706308,0.5231219335146633,1.0,0.024536092259503584
lin-52,0.63793004,-0.1188083,0.5235192221063879,1.0,0.08642209672061127
CG8043,0.6376116,0.06282783,0.52372654372196,1.0,0.033790517773242844
vls,0.6372961,0.08208454,0.5239319916440293,1.0,0.02842769683451189
Marc,0.6372501,0.48313323,0.5239619263162152,1.0,0.00778320915001661
CG14459,0.63724244,-0.1343924,0.5239669554271705,1.0,0.09074082862702293
Asm,0.6363798,0.94790936,0.5245289347303987,1.0,0.006074699824403208
Sk1,0.6356587,0.78892183,0.5249989249033276,1.0,0.006454368563428408
mthl10,0.6356318,1.3025566,0.5250164248737983,1.0,0.005220445161596507
Vsx1,0.6353373,-0.096268915,0.5252084647093307,1.0,0.04503820416686441
INPP5E,0.6349181,-0.007026253,0.525481841803539,1.0,0.0389635043424612
ple,0.63387746,-0.06471393,0.5261608029395762,1.0,0.03013620616012529
CG7099,0.63342077,0.11360647,0.5264589195904132,1.0,0.017986806511318874
CG4707,0.6327563,0.0061801816,0.5268928069381693,1.0,0.024061506335722082
tgo,0.63167155,-0.039531045,0.5276015374774548,1.0,0.040624555075696456
orion,0.6309376,-0.15020849,0.5280813473452959,1.0,0.06573015044373784
CCHa2-R,0.6307052,0.26794088,0.5282333174439038,1.0,0.012339234018319017
PIG-F,0.6303474,-0.07534785,0.5284673276135546,1.0,0.05210953443120877
CG9628,0.6301911,0.14768076,0.528569558280099,1.0,0.01490199800673912
mael,0.63018924,0.7501565,0.5285707610537507,1.0,0.008115419296663661
Der-2,0.630179,-0.05592144,0.5285774966119539,1.0,0.05975036780409093
Poxn,0.6294645,0.49219596,0.5290450029548517,1.0,0.010535807507949314
alpha-Est8,0.629135,0.060569875,0.5292606608865784,1.0,0.01423757771344502
CG15118,0.6288968,-0.0648198,0.5294166556424632,1.0,0.041431351146125006
pch2,0.6280367,0.18219846,0.5299799237558074,1.0,0.019837691614066726
Apc,0.62740713,-0.104268394,0.5303923932895034,1.0,0.1992786293958521
PIG-S,0.62704825,0.06716097,0.5306276124048998,1.0,0.02382421337383133
CG5773,0.62610763,1.3078628,0.5312443497238577,1.0,0.005125527976840207
Tmem126,0.6258142,0.13571194,0.5314368229875679,1.0,0.022685207156755732
Wdr33,0.6254494,0.0496681,0.5316761372791792,1.0,0.025105595368041383
SIFa,0.62537074,0.55268055,0.531727770708865,1.0,0.00835271225855441
GalT1,0.62487507,0.020249758,0.5320530714665752,1.0,0.04774334393241896
Mys45A,0.6239558,-0.058414575,0.5326566407768483,1.0,0.05149257273029282
Cog4,0.62323284,-0.043885827,0.5331315309460645,1.0,0.03815670827203265
LeuRS-m,0.62302506,0.07488175,0.5332680471168092,1.0,0.02833277964975559
Rca1,0.6227765,0.029098827,0.5334314064986936,1.0,0.040529637890940155
Rbcn-3A,0.62233526,-0.099493586,0.5337214558590155,1.0,0.15927103602107162
CG9147,0.62195647,-0.038029432,0.5339704784274544,1.0,0.06278771771629253
Prp38,0.6216954,-0.05735227,0.534142168921101,1.0,0.04712638223150301
MED4,0.62165236,0.0072002737,0.5341704642547971,1.0,0.04313986047173841
crm,0.62115157,0.0659993,0.534499906632776,1.0,0.026007308623226234
CG4424,0.62101585,0.2038819,0.5345891784945036,1.0,0.012718902757344218
CG13096,0.62040365,0.013390503,0.5349920840914488,1.0,0.025390346922310285
MED24,0.6203367,-0.0965182,0.5350361347060206,1.0,0.04959422903516682
mRpL45,0.6196899,0.12009865,0.5354619708685848,1.0,0.02040719472260453
CG15643,0.6194571,0.1383928,0.5356152555632003,1.0,0.02472592662901618
lncRNA:CR43496,0.61937547,0.091240294,0.5356690194120013,1.0,0.02140382516254568
CG43107,0.6192696,0.57435656,0.5357387711585654,1.0,0.006834037302453609
ara,0.6182319,0.22545002,0.5364224833450149,1.0,0.01575625266954582
Arc2,0.6178774,0.20904204,0.5366561411554434,1.0,0.020359736130226378
CG11099,0.61743027,-0.09588112,0.5369509526363854,1.0,0.2260927340895069
ttk,0.6173972,0.13712075,0.5369727758009062,1.0,0.012956195719234967
CG10565,0.61654043,-0.09532988,0.5375379084416232,1.0,0.10070713302643444
CG16798,0.61619735,0.56068933,0.537764287782733,1.0,0.009017132551848512
Fib,0.61582965,0.096613966,0.538006976873602,1.0,0.02230553841773053
FMRFa,0.61520857,0.79887795,0.5384170035510981,1.0,0.008115419296663661
Hsepi,0.61495703,-0.06523328,0.5385830980149727,1.0,0.03739737079398225
mago,0.6145632,-0.06553027,0.5388432185846908,1.0,0.09102558018129182
ppan,0.6143503,0.088718176,0.5389838702132831,1.0,0.022685207156755732
Nup154,0.61398035,0.15264988,0.539228293133301,1.0,0.018793602581747424
CG7966,0.613905,0.8743347,0.5392781077951649,1.0,0.0061221584167813585
mr,0.61240107,-0.014870962,0.5402724526334146,1.0,0.02937686868207489
CG18476,0.61218333,-0.053713184,0.5404164533037109,1.0,0.030563333491528642
Ugt49C1,0.6120061,0.5653877,0.5405337112666944,1.0,0.00726116463385696
CG14795,0.61193407,0.5290558,0.5405813965659476,1.0,0.009634094252764463
CG34367,0.611588,0.37972492,0.5408103639450614,1.0,0.009301884106117413
Ssk,0.6114339,0.22359726,0.5409123320700483,1.0,0.010583266100327464
Adck5,0.61116517,0.20358074,0.5410902517257843,1.0,0.01580371126192397
Pex6,0.61115706,0.19096126,0.5410956068060531,1.0,0.016563048739974374
CG7806,0.6100374,-0.015462854,0.5418370539354045,1.0,0.02994637179061269
Zasp52,0.6078748,0.48495436,0.5432704910181185,1.0,0.009017132551848512
mRpL13,0.60773844,-0.059041403,0.5433609819644193,1.0,0.11190736082767785
Pss,0.6071699,0.042563412,0.543738148989151,1.0,0.027383607802192587
CG6574,0.6071387,0.09504701,0.5437588896335979,1.0,0.024963219590906933
CG4607,0.6070699,0.5029934,0.543804520436802,1.0,0.010535807507949314
isoQC,0.6069316,0.09402478,0.5438962758386209,1.0,0.02064448768449528
betaggt-I,0.60610574,0.008489063,0.5444445282790311,1.0,0.031844715485738695
Son,0.6053707,-0.13924798,0.5449327184916879,1.0,0.1079682976602914
Ice1,0.60515153,0.1447599,0.5450783140087316,1.0,0.01433249489820132
Egfr,0.60479194,0.7099103,0.5453172692985062,1.0,0.006454368563428408
RpS15Ab,0.6044599,-0.03947896,0.5455379459484209,1.0,0.04907218451900717
CG31142,0.6040307,0.102289066,0.5458232049724483,1.0,0.020834322054007877
LeuRS,0.6040307,0.013446396,0.5458232049724483,1.0,0.026481894547007737
Uba3,0.60299927,0.07488795,0.5465091556929845,1.0,0.023302168857671682
ScpX,0.6025481,0.057489198,0.5468093474792758,1.0,0.02296995871102463
Arf1,0.6025334,-0.022732195,0.5468191350565883,1.0,0.42589340800151865
Usp16-45,0.60133797,-0.03161387,0.5476149102997677,1.0,0.040339803521427554
Secp43,0.60115886,0.0398709,0.5477341667809792,1.0,0.02871244838878079
CG31855,0.60103273,-0.09208209,0.5478181682714636,1.0,0.10274785249869489
CG10561,0.6009835,-0.10244724,0.547850986910195,1.0,0.08983911537183807
CG8042,0.6007662,-0.099673465,0.5479957433967857,1.0,0.08836789900811542
Stard7,0.60037273,-0.021248247,0.548257871751696,1.0,0.04807555407906602
CkIIalpha,0.6003043,-0.07100914,0.5483034443079235,1.0,0.3214845047695885
lncRNA:CR31044,0.60016346,0.57403505,0.5483972904647685,1.0,0.00783066774239476
CG8312,0.5996189,0.11873044,0.5487602532386516,1.0,0.012054482464050116
rtet,0.5995652,0.51394767,0.5487960412692798,1.0,0.008210336481419962
Proc-R,0.59947586,0.39709234,0.5488556088333931,1.0,0.009064591144226662
ProRS-m,0.5993225,0.16632254,0.5489578371510062,1.0,0.018366475250344075
CG15098,0.59864813,-0.08619159,0.5494075571312933,1.0,0.09790707607612358
CG11396,0.5984922,-0.042623654,0.5495115531399231,1.0,0.048834891557116414
Sobp,0.59840286,0.41799927,0.549571159000755,1.0,0.010156138768924114
krz,0.59828043,-0.12079987,0.5496528462827796,1.0,0.12486355654691282
BEAF-32,0.5982716,-0.09305187,0.5496587338856685,1.0,0.16064733520003796
CG32856,0.5973924,-0.04544652,0.5502454420884646,1.0,0.03844145982630155
CG34310,0.59710115,0.67015094,0.5504398525550681,1.0,0.00802050211190736
Hr96,0.597092,-0.0116528915,0.550445989799603,1.0,0.035736320060747
roq,0.59683824,-0.11315089,0.5506153910433397,1.0,0.10464619619382089
Atu,0.59672165,-0.055536408,0.5506932260128361,1.0,0.04019742774429311
AdoR,0.5960017,0.21827944,0.5511741058290509,1.0,0.012956195719234967
CG2841,0.5941381,0.2698899,0.5524197518308005,1.0,0.012813819942100518
Rtn4ip1,0.59411937,0.021639818,0.5524322939605002,1.0,0.032651511556167245
CG4558,0.59398735,-0.011954656,0.5525205846704639,1.0,0.033837976365621
TRAM,0.5937884,-0.032575518,0.5526536486507496,1.0,0.0370651606473352
CG42233,0.5936821,0.038183197,0.5527247373294932,1.0,0.024678468036638035
Prosalpha5,0.5933685,-0.12184067,0.5529345857772712,1.0,0.09301884106117413
udd,0.5932519,0.0076220054,0.5530125816158509,1.0,0.0352617341369655
Su(var)3-7,0.593239,-0.039773174,0.5530211934744246,1.0,0.03720753642446965
sea,0.5932236,1.1830873,0.5530315277915057,1.0,0.005410279531109108
APC10,0.5930949,-0.039814886,0.5531176507824032,1.0,0.048929808741872714
NO66,0.59297574,0.022967864,0.5531973819251658,1.0,0.017227469033268474
CG30344,0.5927599,0.009303319,0.553341847447379,1.0,0.025580181291822886
C15,0.5920252,0.9291705,0.5538337101732103,1.0,0.006169617009159509
CG7550,0.5912383,0.047130365,0.5543607674441641,1.0,0.03189217407811684
Pabp2,0.58945525,-0.041101757,0.5555559272995707,1.0,0.05187224146931802
ktub,0.58899635,-0.021856865,0.555863732222929,1.0,0.033790517773242844
Ankrd49,0.5885529,0.015013012,0.556161257383369,1.0,0.041953395662284655
CG5815,0.5884716,-0.02765166,0.5562157874135845,1.0,0.034075269327511745
JMJD6,0.5878601,0.0040719076,0.5566262033498459,1.0,0.035736320060747
Ip259,0.58727986,0.03449817,0.5570157783678665,1.0,0.5468653599734232
CG15279,0.58705735,2.4991262,0.5571651753629516,1.0,0.003891604575008305
CCKLR-17D1,0.58678377,0.050384857,0.5573489233781683,1.0,0.021830952493949028
CG42365,0.58662015,-0.006443129,0.5574588405244122,1.0,0.033363390441839495
Ets97D,0.58608145,0.026373902,0.5578207771276928,1.0,0.022637748564377582
asrij,0.586005,-0.0739277,0.5578721739806471,1.0,0.09515447771819088
CG3702,0.5858237,-0.09035662,0.5579940036067091,1.0,0.08556784205780457
Ar2,0.5857641,-0.087930635,0.5580340396958354,1.0,0.11399553889231645
CG15706,0.58564645,0.27116194,0.5581131274338955,1.0,0.013146030088747568
CG1116,0.5851173,0.023560446,0.5584688424580719,1.0,0.03094300223055384
CG7789,0.5850055,-0.05714549,0.5585440041331113,1.0,0.0759337478050401
CG7737,0.5848713,0.012910372,0.5586342540853556,1.0,0.025485264107066585
CG15459,0.58468413,1.9785323,0.5587601213268208,1.0,0.004176356129277205
kat-60L1,0.5841395,0.06353432,0.5591264263534661,1.0,0.026814104693654785
I-3,0.5835104,0.28786707,0.5595497638194732,1.0,0.011057852024108965
Psat,0.5832949,0.15070358,0.5596947883132244,1.0,0.01433249489820132
CG10195,0.5829298,0.60723585,0.5599405796247641,1.0,0.008874756774714061
Nup93-2,0.58267677,0.16716419,0.5601109068082786,1.0,0.01475962222960467
Lamtor1,0.5822962,-0.067700915,0.5603671875871596,1.0,0.08841535760049357
Itpr,0.5821631,-0.074955955,0.560456837365156,1.0,0.08571021783493901
PEK,0.5821208,-0.012472023,0.5604853187211748,1.0,0.0378244981253856
nonA-l,0.58192885,-0.05040429,0.5606146081246002,1.0,0.06226567320013288
ND-PDSW,0.5819241,0.023966864,0.5606178281599734,1.0,0.5017796972141806
asRNA:CR45874,0.58183396,0.027033648,0.5606785151170948,1.0,0.03288880451805799
asRNA:CR44690,0.5816578,0.343568,0.5607971735000892,1.0,0.009349342698495562
Asph,0.5810467,0.19207443,0.5612089801416449,1.0,0.013003654311613117
CG2614,0.5810158,0.23375188,0.5612297973574599,1.0,0.01414266052868872
Arl1,0.5809728,-0.037096977,0.5612587933877847,1.0,0.07560153765839306
papi,0.579866,-0.022614757,0.5620050087038517,1.0,0.040007593374780506
CG6040,0.57857126,0.061408866,0.5628785150253005,1.0,0.014379953490579469
LSm1,0.5784172,-0.1025189,0.562982506127114,1.0,0.047316216601015613
mus201,0.5777288,-0.032994144,0.5634472287157438,1.0,0.04252289877082246
ort,0.57763577,-0.07962873,0.5635100499576928,1.0,0.0360210716150159
Ctr1A,0.5774218,-0.007530463,0.5636545764598244,1.0,0.0378244981253856
CG6550,0.5767875,0.094490096,0.5640830459965493,1.0,0.021071615015898628
lncRNA:CR43870,0.5766933,0.19571975,0.5641466467232548,1.0,0.010013762991789663
CG6454,0.5763995,-0.11788047,0.5643451727576152,1.0,0.1264771486877699
CG17726,0.575,0.111230515,0.565291303797847,1.0,0.02206824545583978
CG30105,0.57429653,0.48576087,0.5657671429241147,1.0,0.009254425513739263
Opa1,0.5742079,-0.038884003,0.565827102842007,1.0,0.3980352142755446
Ack,0.57404023,-0.07741029,0.5659405623211042,1.0,0.06126904276019173
CG12935,0.57206047,0.043754753,0.5672810055293429,1.0,0.03635328176166295
tra2,0.57156074,-0.08374568,0.5676195931497696,1.0,0.06629965355227564
BORCS6,0.57105774,-0.021592036,0.5679605207574193,1.0,0.062218214607754736
CG6428,0.5709121,-0.027987253,0.5680592286113681,1.0,0.03986521759764605
mv,0.56978065,0.06866156,0.5688264880822136,1.0,0.02249537278724313
hpRNA:LINR-2,0.56973726,0.26199728,0.5688559216029403,1.0,0.009159508328982963
dunk,0.5694493,0.6716825,0.5690512489052665,1.0,0.00740354041099141
rngo,0.5687378,0.013573467,0.5695340916583441,1.0,0.02757344217170519
vn,0.5687176,-0.061203726,0.5695478187281671,1.0,0.018176640880831475
Tab2,0.5681465,0.19245777,0.5699354864199664,1.0,0.010725641877461915
CG11095,0.56787586,0.099410005,0.5701192543932396,1.0,0.018935978358881875
CG3308,0.5671768,-0.041498512,0.5705940357667771,1.0,0.03084808504579754
CG33107,0.56632596,-0.07190044,0.5711722193870181,1.0,0.0692895448720991
SWIP,0.56614983,0.37501797,0.5712919387201421,1.0,0.010488348915571164
RIOK1,0.5659119,-0.0062762275,0.5714536662512111,1.0,0.019980067391201176
CG7987,0.56577146,-0.1157258,0.5715491632094999,1.0,0.07389302833277965
CG30159,0.5656582,0.61146903,0.5716261662837809,1.0,0.006834037302453609
bib,0.56468046,0.13893555,0.5722911478897585,1.0,0.01423757771344502
CG6701,0.5645205,0.46385628,0.5723999707455716,1.0,0.00840017085093256
Lgr4,0.56439364,1.2353253,0.5724862855154202,1.0,0.005505196715865407
lncRNA:CR43995,0.5641921,0.67493683,0.5726234011009188,1.0,0.006359451378672109
CG15642,0.5641627,-0.10255627,0.5726434192788394,1.0,0.07114042997484694
Sugb,0.56392443,0.08739323,0.57280557876317,1.0,0.01466470504484837
MFS3,0.5638402,1.0425545,0.5728628903356251,1.0,0.005505196715865407
cher,0.56364125,0.247647,0.5729982966046263,1.0,0.008874756774714061
Setx,0.5634236,-0.03522733,0.5731464850030565,1.0,0.03023112334488159
CG3566,0.56341916,-0.10254487,0.5731494890099149,1.0,0.15490484552228181
lncRNA:CR44708,0.56272054,1.3423687,0.573625217607944,1.0,0.004650942053058707
Bcat,0.5626389,1.215613,0.5736808149476498,1.0,0.004650942053058707
CG12375,0.5625477,-0.0726074,0.573742926707246,1.0,0.08219828199895592
Polr3E,0.5622024,0.15445848,0.5739781287314624,1.0,0.01490199800673912
pad,0.5614828,0.11223602,0.57446846753842,1.0,0.02130890797778938
CG7069,0.56123275,0.5448242,0.5746388922663335,1.0,0.009729011437520764
CG1468,0.56099004,1.0528787,0.5748043273755492,1.0,0.0053628209387309575
asRNA:CR45951,0.5608459,-0.034072317,0.5749025964668055,1.0,0.02833277964975559
CG32409,0.56049067,0.061474234,0.5751447934934008,1.0,0.025058136775663233
CG5323,0.5601108,-0.050261613,0.575403842221771,1.0,0.04437378387357031
Polr2C,0.5596107,-0.07951632,0.5757449778416468,1.0,0.05400787812633477
Cyp12e1,0.5581976,0.7446401,0.5767094527181267,1.0,0.005647572492999858
Fdx1,0.5581068,-0.09563589,0.576771468170606,1.0,0.06013003654311613
Cdc23,0.5579229,0.28088468,0.5768970151462803,1.0,0.010535807507949314
CG10311,0.5579123,-0.053033613,0.5769042972660532,1.0,0.01680034170186512
CG5188,0.5577681,0.10945753,0.5770027356874013,1.0,0.020691946276873426
Slc45-1,0.55752283,0.6718304,0.5771702498648452,1.0,0.006027241232025058
CG14196,0.555974,0.75204194,0.5782286043177213,1.0,0.005932324047268758
Fer2,0.5558527,0.20428164,0.5783115623636463,1.0,0.018413933842722226
CG15082,0.55517644,0.88149446,0.5787739673857337,1.0,0.006644202932941009
CG32022,0.5548231,-0.07611687,0.5790156738951835,1.0,0.048597598595225666
D12,0.554794,0.056964885,0.5790355457374978,1.0,0.019980067391201176
CG2812,0.55434173,0.52226627,0.5793449840804553,1.0,0.008637463812823312
Jhbp16,0.5538229,1.2310153,0.5797000532170236,1.0,0.0049831521997057565
CG15014,0.5537928,0.106476486,0.5797206911312829,1.0,0.018556309619856676
ZC3H3,0.5537784,-0.05626633,0.5797305068455809,1.0,0.05543163589767928
SamDC,0.5533482,-0.03505314,0.5800250145166299,1.0,0.046794172084855964
CG11975,0.5529257,-0.019081926,0.5803143043965981,1.0,0.041336433961368706
PHDP,0.5527973,0.45721227,0.5804021873791313,1.0,0.008969673959470362
wcd,0.5526315,0.2291016,0.5805157645936839,1.0,0.013478240235394618
Prim1,0.55097383,0.9836825,0.5816516047575497,1.0,0.005647572492999858
CG15382,0.5509084,0.18787724,0.5816964751282409,1.0,0.013003654311613117
CG8388,0.5507984,0.070795216,0.5817718509093532,1.0,0.020122443168335627
Caf1-55,0.55002034,-0.05827337,0.5823054099384508,1.0,0.061506335722082486
Uhg4,0.5492665,-0.050619837,0.5828225445871804,1.0,0.04513312135162071
Pgant6,0.5488139,0.12768988,0.5831331805630011,1.0,0.016610507332352524
CG5645,0.5482458,0.10884262,0.5835231619000538,1.0,0.016230838593327322
ArfGAP1,0.5477541,-0.09801668,0.5838607389524679,1.0,0.09240187936025818
SMC5,0.5472684,-0.092922784,0.5841943654845407,1.0,0.04878743296473827
Gorab,0.5465863,0.18191494,0.5846630066652296,1.0,0.01518674956100802
CG4953,0.5463778,-0.033402327,0.5848062865842811,1.0,0.03208200844762944
htl,0.5458343,0.4042259,0.5851798513469801,1.0,0.008637463812823312
Dmel_CR45557,0.54563904,0.12156235,0.5853140887582038,1.0,0.019695315836932275
CG4849,0.5455916,-0.048717067,0.5853467022661794,1.0,0.028949741350671538
ksr,0.54540735,-0.027941847,0.5854733720338674,1.0,0.02871244838878079
Rbp1,0.5443818,-0.08558415,0.5861787582571947,1.0,0.2516729153813298
mTTF,0.5442601,-0.009456574,0.586262500028427,1.0,0.027953110910730387
CG16749,0.5435868,0.5157981,0.5867258364288432,1.0,0.00730862322623511
CG6073,0.543503,0.015366763,0.5867835439371663,1.0,0.016610507332352524
CG46387,0.54334044,0.7236578,0.5868954230001704,1.0,0.006074699824403208
CG43740,0.54310477,-0.10806583,0.5870576905073714,1.0,0.09909354088557733
NT5E-2,0.5425351,0.7110303,0.5874499016306136,1.0,0.006027241232025058
CG32280,0.54229796,0.14025252,0.5876132531831044,1.0,0.011437520763134165
CG17754,0.5420203,-0.05583667,0.5878044898317323,1.0,0.0386787527881923
Elp1,0.54185563,0.10877643,0.5879179789586779,1.0,0.019125812728394476
D19A,0.5418486,-0.067540094,0.5879227923375705,1.0,0.04650942053058706
Fen1,0.54181665,0.4346564,0.5879448327789272,1.0,0.009206966921361113
l(2)37Cb,0.5417523,0.10270502,0.5879891681571503,1.0,0.017939347918940723
CG3552,0.5417486,0.4616124,0.5879917016540201,1.0,0.00802050211190736
CG15011,0.5416265,0.1505834,0.5880758166152206,1.0,0.01419011912106687
CG14130,0.541621,0.12721327,0.5880796171213065,1.0,0.020217360353091927
Hs2st,0.54155076,-0.0007404146,0.5881280112248313,1.0,0.040007593374780506
CG10341,0.54120916,0.19785568,0.5883634203098931,1.0,0.01490199800673912
Alg3,0.5410845,0.111512855,0.5884493339275234,1.0,0.020264818945470078
sinu,0.5408459,-0.0882671,0.5886138277863169,1.0,0.04774334393241896
RhoL,0.5405182,0.57246983,0.588839692921782,1.0,0.006739120117697309
Gp150,0.5404899,-0.03362803,0.5888592140091458,1.0,0.016230838593327322
mRF1,0.5403414,0.01607521,0.5889616412330665,1.0,0.032556594371410945
scaf,0.5397769,0.10153909,0.5893508889337935,1.0,0.012623985572587917
Elal,0.5397056,0.48732388,0.5894000922016349,1.0,0.006739120117697309
CG5160,0.5388253,0.3438243,0.5900074265457913,1.0,0.009918845807033363
CG1271,0.53843915,0.08424811,0.5902738921830615,1.0,0.018176640880831475
CG17027,0.53797734,0.23739626,0.5905927086101643,1.0,0.010345973138436713
Apl,0.53736323,0.11083889,0.5910167353084138,1.0,0.018461392435100376
Ak3,0.5369142,0.18188928,0.5913268457950878,1.0,0.013525698827772768
Uros1,0.53684515,-0.07685387,0.5913746008179528,1.0,0.04342461202600731
IP3K2,0.53682417,0.36109033,0.5913890800846067,1.0,0.00740354041099141
fat-spondin,0.53635347,0.2766034,0.5917142714273347,1.0,0.009017132551848512
unc-45,0.5360564,-0.044019952,0.5919195907382266,1.0,0.026671728916520338
lncRNA:CR32658,0.5347819,1.3062179,0.5928007001358528,1.0,0.0047933178301931565
CG7970,0.5345535,0.095975526,0.5929586311781437,1.0,0.016373214370461773
CG34174,0.5340755,0.30196607,0.5932893060822761,1.0,0.011247686393621566
CG4866,0.5339512,-0.045090277,0.5933752953897244,1.0,0.04014996915191495
CG6163,0.53366476,0.6025138,0.5935734995780741,1.0,0.00754591618812586
botv,0.53309333,-0.0002170167,0.5939689807225357,1.0,0.024773385221394332
Ufsp2,0.53284913,0.055481363,0.5941380004036054,1.0,0.026909021878411085
Tgt,0.53222954,0.046573304,0.5945670119936519,1.0,0.02244791419486498
Smug,0.5313757,-0.022749793,0.5951584396105423,1.0,0.041051682407099804
RIOK2,0.5310911,0.033224054,0.5953556418082934,1.0,0.022590289971999432
CG4957,0.5308065,-0.016775856,0.5955528738163338,1.0,0.045892458829671114
Hmx,0.5303428,-0.026231801,0.5958742678162603,1.0,0.027241232025058137
Dis3,0.53022075,0.22025998,0.5959588985749207,1.0,0.012291775425940867
Tep2,0.5301545,0.44156724,0.5960047850115016,1.0,0.007023871671966209
CycC,0.5295934,-0.03735206,0.5963938646993656,1.0,0.038583835603436
Dmac2,0.52948785,0.019872257,0.5964670531593579,1.0,0.04494328698210811
asRNA:CR45822,0.52944154,-0.06855774,0.5964991859703201,1.0,0.041241516776612405
Vha100-2,0.5293669,0.5998184,0.596550957157035,1.0,0.006169617009159509
CG11200,0.52844614,0.34475663,0.5971897216580094,1.0,0.010535807507949314
dlt,0.5280891,0.26341775,0.5974375051424168,1.0,0.011769730909781216
CG3342,0.5276732,0.053540573,0.5977261769441855,1.0,0.026244601585116985
P5CS,0.52765995,0.54230905,0.5977353664771623,1.0,0.006501827155806559
CG13008,0.5275894,0.8323036,0.5977843784037639,1.0,0.006027241232025058
IleRS-m,0.52757615,0.25157884,0.5977935683432536,1.0,0.012908737126856817
Chrac-14,0.52738273,-0.06996423,0.5979278508894645,1.0,0.033790517773242844
CG1236,0.5271606,0.27805945,0.5980820629521794,1.0,0.012101941056428266
Hen1,0.5270389,0.46543244,0.5981665808644233,1.0,0.008827298182335913
Irp-1A,0.52611595,-0.099932544,0.5988076634653735,1.0,0.06724882539983865
asRNA:CR45875,0.52583313,0.6920771,0.5990041371589494,1.0,0.005979782639646908
AP-2sigma,0.5258295,-0.049525496,0.5990066922758999,1.0,0.36092259503583124
GstT2,0.5257938,0.15190688,0.5990314771667015,1.0,0.012956195719234967
CG31687,0.5257324,0.047580164,0.599074149150184,1.0,0.02040719472260453
CG14881,0.52560997,0.032136515,0.5991592417085616,1.0,0.03312609747994875
spag,0.52540475,-0.09798574,0.5993018415160899,1.0,0.03701770205495705
Taf13,0.52534926,-0.083706826,0.5993404329961355,1.0,0.05960799202695648
Hmgcr,0.52529776,-0.0033478087,0.5993762141820194,1.0,0.025295429737553984
blo,0.5252683,0.024716906,0.5993966610084001,1.0,0.014474870675335769
IKKepsilon,0.52475095,0.036390767,0.59975632119828,1.0,0.020834322054007877
Cyp6a20,0.52423173,0.33718115,0.6001173576779419,1.0,0.00835271225855441
Spn55B,0.52398205,0.18098615,0.6002910072449199,1.0,0.01556641830003322
CG30349,0.5237828,0.044919413,0.600429636313079,1.0,0.019980067391201176
CG9386,0.52358055,0.0056939353,0.6005703263610749,1.0,0.028000569503108537
Exo70,0.52358013,-0.050295606,0.600570582174732,1.0,0.03492952399031845
asRNA:CR45620,0.52351105,0.3787664,0.6006186760172768,1.0,0.00749845759574771
Myo31DF,0.5225186,0.1709472,0.6013093214232216,1.0,0.01475962222960467
CG11788,0.5216688,0.055537794,0.6019009664719204,1.0,0.026102225807982535
CG12716,0.5210823,0.3508966,0.602309459551924,1.0,0.00778320915001661
bab1,0.51991624,-0.08404013,0.6031219504258178,1.0,0.03692278487020075
CG10650,0.5198118,0.5902514,0.6031947425030888,1.0,0.008779839589957763
Rpn12,0.5197997,-0.09160588,0.6032032009936893,1.0,0.09045607707275402
St3,0.5194191,-0.08458437,0.60346851708996,1.0,0.23155047221299416
CG5850,0.5191198,0.07807776,0.6036772180007308,1.0,0.02159365953205828
CREG,0.5190341,0.30118352,0.6037369626842707,1.0,0.010868017654596364
Ostm1,0.518823,-0.025452927,0.6038841562002258,1.0,0.04128897536899056
CG3740,0.51868916,0.2108532,0.6039775067824507,1.0,0.014474870675335769
Nsun2,0.5186381,0.013510947,0.6040131561049845,1.0,0.022685207156755732
Opbp,0.5184682,0.1383282,0.6041316520103364,1.0,0.024536092259503584
DMAP1,0.51830345,-0.10384487,0.6042465670986009,1.0,0.05248920317023397
Tace,0.5179832,-0.09416589,0.6044700126839173,1.0,0.1031275212377201
Cenp-C,0.5176662,0.2934651,0.6046911859170789,1.0,0.008827298182335913
Mtpalpha,0.51742315,0.12303873,0.6048608108605543,1.0,0.015376583930520622
Lst8,0.5165263,0.0005148007,0.6054868883428941,1.0,0.025627639884201036
Naa15-16,0.5163527,-0.05249342,0.6056080815826778,1.0,0.03986521759764605
Tdc2,0.5161166,0.5905914,0.6057729423637808,1.0,0.00745099900336956
ssp6,0.5159703,-0.11298837,0.6058751558636235,1.0,0.05471975701200702
CG5339,0.5158342,-0.039390758,0.605970185387277,1.0,0.047885719709553416
CG9630,0.5158243,0.14698309,0.6059771202352604,1.0,0.013668074604907219
Lint-O,0.51497453,-0.016809229,0.6065708234149929,1.0,0.02842769683451189
CG8204,0.5146969,0.09426984,0.606764841627076,1.0,0.018935978358881875
unc-4,0.5145226,0.59007394,0.6068866632554681,1.0,0.006976413079588059
coil,0.51329553,0.051336724,0.6077446068496923,1.0,0.02387167196620948
Alg1,0.51296866,0.038765825,0.6079732602113911,1.0,0.024773385221394332
tup,0.5123601,-0.16688316,0.6083990331075029,1.0,0.06492335437330929
lbm,0.51193464,0.6541173,0.6086967671041934,1.0,0.006454368563428408
stc,0.51172245,-0.06566195,0.6088452723420278,1.0,0.042143230031797256
lncRNA:CR44938,0.51144296,0.33346155,0.6090409017671075,1.0,0.008874756774714061
Ivd,0.5109885,0.62364334,0.6093591167035497,1.0,0.006786578710075459
Acph-1,0.51065826,0.0066567967,0.6095903580576768,1.0,0.02396658915096578
bgm,0.5105781,1.8796647,0.6096465004833784,1.0,0.003939063167386455
rumpel,0.51044756,-0.05466248,0.6097379299933654,1.0,0.021024156423520478
Hyccin,0.5097357,-0.086619906,0.610236649937689,1.0,0.04437378387357031
eag,0.50825745,-0.07205602,0.6112727930428073,1.0,0.3493426984955626
stwl,0.50769746,0.175976,0.6116655452847246,1.0,0.012386692610697166
asRNA:CR45190,0.507222,1.4518124,0.6119990726383044,1.0,0.004176356129277205
Rab3-GAP,0.50629973,0.07425766,0.6126462366614505,1.0,0.016942717478999572
CG9578,0.50624275,-0.036756415,0.6126862427643076,1.0,0.03692278487020075
Mat89Ba,0.50605744,0.04449458,0.6128163351032246,1.0,0.016183380000949172
Acadvl,0.50605524,0.025067529,0.6128178838950444,1.0,0.024868302406150632
CG16799,0.50577027,0.8554488,0.6130179507067344,1.0,0.004935693607327606
lncRNA:CR30009,0.5052775,0.94934016,0.6133639407094774,1.0,0.004888235014949457
CG3163,0.50336576,-0.075488076,0.6147071452700819,1.0,0.04745859237815006
p115,0.50193936,0.085023634,0.6157101595150682,1.0,0.023492003227184283
CG12499,0.5019118,0.1663642,0.6157295597592034,1.0,0.012861278534478668
CG10286,0.50187135,-0.027514588,0.6157580139363593,1.0,0.023634379004318733
CG17141,0.50147754,-0.04030383,0.6160350843373797,1.0,0.031844715485738695
CG4186,0.5012165,-0.042957462,0.6162187932946583,1.0,0.03654311613117555
CG9536,0.50117934,-0.06730117,0.6162449284941246,1.0,0.032366760001898344
CG7148,0.500267,-0.00414439,0.6168870755274608,1.0,0.03863129419581415
Cubn,0.4998809,0.201591,0.6171589310183216,1.0,0.012339234018319017
CG32432,0.49960256,-0.09242973,0.6173549584366309,1.0,0.3062028380238242
CG14671,0.4989686,-0.05847459,0.6178014951313439,1.0,0.06781832850837644
CG2611,0.49852955,-0.0044059586,0.6181108382726057,1.0,0.039533007450999004
CG18259,0.4984663,0.012793095,0.6181554058472232,1.0,0.02861753120402449
cold,0.49829936,-0.011598005,0.618273050263844,1.0,0.035593944283612546
Lrr47,0.4977217,-0.025636183,0.6186802169181148,1.0,0.02296995871102463
lncRNA:CR45440,0.49763012,0.94997114,0.6187447626780567,1.0,0.004888235014949457
CG4619,0.4976283,0.09438673,0.6187460588077762,1.0,0.018319016657965925
mRpL48,0.49697816,-0.09650841,0.6192044445981313,1.0,0.16249822030278582
CG17977,0.49632695,-0.05506168,0.619663756695986,1.0,0.0727065635233259
CG6136,0.49601844,0.0031828063,0.619881404727238,1.0,0.02771581794883964
CG17739,0.49570733,-0.05111766,0.6201009023806654,1.0,0.018888519766503725
Pdrg1,0.49550217,0.08548087,0.6202456959565036,1.0,0.018319016657965925
Paics,0.4954845,-0.07606124,0.6202581520055985,1.0,0.03084808504579754
Grip71,0.49517968,0.20879695,0.6204732955382695,1.0,0.014047743343932419
IntS11,0.49508408,0.0803316,0.620540777884985,1.0,0.01670542451710882
Dus3,0.49503517,-0.0013908953,0.6205752989357345,1.0,0.01608846281619287
CG5080,0.49496087,0.7486824,0.6206277310024124,1.0,0.0051729865692183566
ida,0.49473217,0.5067307,0.6207891923431217,1.0,0.00716624744910066
Atg9,0.49467003,0.023072764,0.6208330652211653,1.0,0.020976697831142328
cliff,0.4942104,0.08897766,0.6211576106284247,1.0,0.016230838593327322
opa,0.49368897,0.28793454,0.6215258641983704,1.0,0.009206966921361113
CG13458,0.49313518,0.5929875,0.6219170751186078,1.0,0.005884865454890608
CG13097,0.492866,-0.036502514,0.6221072640410398,1.0,0.032556594371410945
CSN7,0.49277627,-0.11743235,0.6221706659563233,1.0,0.1417113568411561
ApepP,0.49271488,0.15221752,0.622214061506058,1.0,0.018366475250344075
Dr,0.49253064,0.2024572,0.6223442560329626,1.0,0.011200227801243415
Sras,0.49236444,-0.04798053,0.6224617271007853,1.0,0.034882065397940296
CG15107,0.49215448,-0.027417544,0.6226101390289902,1.0,0.03241421859427649
CG2765,0.4921486,-0.1284553,0.6226142979028932,1.0,0.08566275924256087
kar,0.4920949,0.17185485,0.6226522481835347,1.0,0.01670542451710882
Sil1,0.49151945,-0.0850744,0.6230591069573378,1.0,0.047885719709553416
CG6310,0.491208,0.35652772,0.6232793526552585,1.0,0.009017132551848512
Ror,0.4911256,-0.03835334,0.6233376050863908,1.0,0.04014996915191495
CG5611,0.4910679,-0.021520788,0.6233784352039684,1.0,0.030658250676284943
CG17612,0.49101898,0.05266187,0.6234130246805631,1.0,0.019458022875041527
rictor,0.49026,-0.08254729,0.6239499181744923,1.0,0.047411133785771914
Elp5,0.48985773,0.03326631,0.6242345735718753,1.0,0.02273266574913388
CG14367,0.48985222,0.32538316,0.624238476915171,1.0,0.009349342698495562
CG42382,0.48971838,0.04157121,0.6243332012788055,1.0,0.02221062123297423
p38b,0.489718,-0.07641516,0.6243334615191268,1.0,0.07294385648521665
CG12817,0.4888524,-0.06537818,0.6249461970746109,1.0,0.05946561624982203
CG3223,0.48790222,-0.02582221,0.6256190991574654,1.0,0.0388685871577049
PolD1,0.48757496,0.3766695,0.6258509372339122,1.0,0.00802050211190736
CG9393,0.48713297,0.06592979,0.6261641076041118,1.0,0.02757344217170519
Alg10,0.48707303,0.07320092,0.6262065809925579,1.0,0.026719187508898488
sktl,0.48704728,0.31850177,0.6262248214786295,1.0,0.00802050211190736
bug,0.4868546,-0.027947634,0.6263613718080849,1.0,0.0384889184186797
Pmm2,0.486634,-0.038269494,0.6265177428787949,1.0,0.024108964928100232
uri,0.48650783,0.10371095,0.6266071425504758,1.0,0.01461724645247022
CG14183,0.4863122,0.12449206,0.6267458141182538,1.0,0.011722272317403066
CHKov1,0.48565364,0.5821431,0.6272127546323649,1.0,0.005505196715865407
Kyat,0.4855312,-0.04182522,0.6272995891905937,1.0,0.04513312135162071
cana,0.4848763,0.497881,0.6277640982775474,1.0,0.006264534193915808
CG12811,0.48388308,0.69502234,0.6284688373795104,1.0,0.005789948270134308
Nse4,0.48336056,0.044608638,0.6288397376703283,1.0,0.026861563286032935
mh,0.48305538,0.05982377,0.6290564222865298,1.0,0.012007023871671966
Pngl,0.48260087,-0.062082935,0.6293791588258761,1.0,0.03008874756774714
Rab9,0.48258469,0.045999125,0.6293906491341955,1.0,0.017749513549428123
Alp12,0.48127967,0.32383913,0.6303177422158794,1.0,0.009301884106117413
lncRNA:CR44506,0.48116273,0.026743393,0.6304008407155001,1.0,0.026054767215604385
dnk,0.48043355,-0.04657695,0.6309191358666979,1.0,0.03606853020739405
Oli,0.47977644,-0.09052974,0.6313863582227598,1.0,0.1566133548478952
Dyro,0.47964996,0.44243693,0.63147631609421,1.0,0.006406909971050259
stumps,0.4793683,0.15638474,0.6316766488686527,1.0,0.010535807507949314
Nop53,0.47880164,0.09506648,0.6320797501352596,1.0,0.018603768212234827
CG8079,0.47810334,-0.11728087,0.632576648987802,1.0,0.06492335437330929
r-l,0.47709545,0.258181,0.6332941609800844,1.0,0.009918845807033363
vih,0.47690716,-0.10185104,0.633428225568879,1.0,0.10426652745479568
CG5535,0.47658947,1.0175642,0.6336544868573326,1.0,0.004603483460680556
Rpp30,0.47652438,0.19587901,0.6337008432252971,1.0,0.011152769208865265
aurA,0.47631222,0.3770007,0.6338519697289609,1.0,0.00745099900336956
CG2493,0.47575918,0.4584838,0.6342459657050985,1.0,0.006596744340562859
Rpn11,0.4756014,-0.098533645,0.6343583678745297,1.0,0.0719472260452755
CalpB,0.47502816,-0.08013897,0.6347669120206081,1.0,0.04351952921076361
Epp,0.47480088,0.076576985,0.634928892971784,1.0,0.018888519766503725
enc,0.47419453,-0.00047397424,0.6353611898013929,1.0,0.47036210905984527
CG11170,0.4735341,-0.011317309,0.6358321651353976,1.0,0.025295429737553984
Strump,0.47345212,-0.023184396,0.6358906539827951,1.0,0.02211570404821793
sgl,0.47332305,-0.075157955,0.635982719503869,1.0,0.04470599402021736
CG14270,0.4732973,-0.094324864,0.6360010808218372,1.0,0.06117412557543543
RNF220,0.4725843,0.10937695,0.6365097782125484,1.0,0.01665796592473067
ca,0.47169885,-0.09812929,0.637141756560121,1.0,0.050116273551326466
mIF2,0.47076043,0.004807509,0.6378118157920314,1.0,0.021830952493949028
CG4301,0.47068763,1.0153328,0.6378638155289228,1.0,0.005078069384462057
Fic,0.4705865,-0.052913666,0.6379360403419916,1.0,0.03663803331593185
Rep,0.47030815,-0.017703272,0.6381348733055084,1.0,0.021736035309192728
CG5039,0.47008643,-0.022622362,0.6382932753900892,1.0,0.02230553841773053
CG34163,0.46968046,0.03512848,0.6385833279610356,1.0,0.017891889326562573
OstDelta,0.46932966,-0.016243635,0.6388340157645035,1.0,0.030468416306772342
CG10660,0.469312,1.1767784,0.6388466300781801,1.0,0.0042238147216553555
Galk,0.46922487,0.021457508,0.6389089147835538,1.0,0.018319016657965925
Set1,0.46909544,-0.08350689,0.6390014267258803,1.0,0.32917279673484884
CG15602,0.46866998,-0.06760946,0.6393055467423496,1.0,0.04693654786199041
CG2310,0.46743813,0.23414369,0.6401864435280533,1.0,0.010630724692705614
asRNA:CR44892,0.46724802,0.47977233,0.640322436102452,1.0,0.006549285748184709
CG3631,0.46683252,-0.026250297,0.6406197153096977,1.0,0.02923449290494044
Vlet,0.466335,-0.05272481,0.6409757369837797,1.0,0.05657064211475488
beag,0.46551904,-0.09500734,0.6415598123934536,1.0,0.05918086469555313
Josd,0.4654955,-0.0032358188,0.64157666148542,1.0,0.027383607802192587
CG6153,0.4649623,0.07002813,0.6419584481752174,1.0,0.017939347918940723
bark,0.46425372,0.8486483,0.642465976000093,1.0,0.0055526553082435575
ppl,0.46368486,-0.08633477,0.6428735413451606,1.0,0.06582506762849413
Chi,0.46329767,-0.11116654,0.6431510212789633,1.0,0.08566275924256087
CG5439,0.462945,-0.038293328,0.6434037742393428,1.0,0.0373499122016041
lncRNA:CR44334,0.4625865,0.9431846,0.643660786445938,1.0,0.005457738123487257
Or43b,0.46254018,0.28790942,0.6436940034420577,1.0,0.009539177068008163
Cse1,0.46224967,0.035166677,0.6439022849565775,1.0,0.019125812728394476
Elp3,0.4618941,0.0512885,0.6441572701471576,1.0,0.017417303402781074
shg,0.46187386,0.08346971,0.644171774183339,1.0,0.015281666745764321
CG18599,0.4611057,0.45252958,0.6447227641048434,1.0,0.00783066774239476
MED27,0.46079868,0.017582454,0.6449430564375898,1.0,0.024820843813772482
Scm,0.46040228,-0.15407853,0.6452275038909043,1.0,0.1125243225285938
SerT,0.4595304,0.60286367,0.6458533125888771,1.0,0.007688291965260311
ci,0.459458,0.3817637,0.6459053206359262,1.0,0.006976413079588059
CG17760,0.4593473,0.21639177,0.6459847880507279,1.0,0.013762991789663519
Idh3a,0.4590818,-0.023265867,0.6461754207093313,1.0,0.4336291585591571
Acsx3,0.45870048,0.21463172,0.6464492647774526,1.0,0.009823928622277064
CG31251,0.45868284,0.059699725,0.6464619414586512,1.0,0.02050211190736083
IM33,0.45863834,0.68264276,0.6464938977146073,1.0,0.004508566275924256
CG30466,0.45835298,0.33160582,0.646698855814408,1.0,0.00773575055763846
Fpps,0.45788306,0.052621,0.647036461213045,1.0,0.019268188505528926
CG32187,0.4577003,0.025267472,0.647167771825423,1.0,0.03027858193725974
CG43114,0.4576433,1.6112741,0.647208726074437,1.0,0.003227184281714204
CG11398,0.4575613,0.010566102,0.6472676492228362,1.0,0.022685207156755732
CG5276,0.4570627,0.01209732,0.6476259918254466,1.0,0.02216316264059608
Clamp,0.45666885,-0.13134032,0.6479090767919713,1.0,0.09876133073893029
CG6685,0.4560831,0.021376837,0.6483302301222447,1.0,0.02942432727445304
LSm3,0.45605147,0.033382267,0.648352969788329,1.0,0.020786863461629727
Mct1,0.4529336,0.27732083,0.6505965494477857,1.0,0.008257795073798112
Dronc,0.45288435,0.1926217,0.6506320319159666,1.0,0.013098571496369418
RabX6,0.45235592,-0.0765448,0.6510125914295848,1.0,0.04465853542783921
RYa-R,0.45131898,0.6867068,0.6517596740461138,1.0,0.005695031085378007
CG45676,0.45107114,0.41812444,0.6519382838948009,1.0,0.006549285748184709
Argp,0.45087218,0.19604324,0.6520816632205066,1.0,0.010962934839352664
CG2003,0.45006433,1.7931494,0.6526640585119736,1.0,0.003227184281714204
ea,0.44922668,0.6518817,0.6532681494656727,1.0,0.005600113900621708
Parg,0.44899318,0.07820972,0.6534365823444781,1.0,0.022685207156755732
lncRNA:CR44043,0.4487207,0.7804532,0.6536331539045219,1.0,0.0055526553082435575
trem,0.44841182,0.032071017,0.6538560171278749,1.0,0.019647857244554128
CG10903,0.44816875,-0.017723318,0.6540314109639452,1.0,0.02970907882872194
Sec3,0.44814816,-0.058293045,0.6540462712290251,1.0,0.02762090076408334
GILT2,0.44731417,0.70910615,0.65464822715425,1.0,0.005884865454890608
CG15673,0.44714245,0.4086657,0.6547722027650518,1.0,0.005932324047268758
CG17721,0.44636953,0.0046464913,0.6553303435659485,1.0,0.028807365573537087
Kua,0.4459838,1.0243163,0.6556089549682229,1.0,0.0042238147216553555
Rift,0.44577345,-0.06786201,0.6557608967305841,1.0,0.047506050970528214
asRNA:CR45907,0.4455701,0.58542556,0.6559078050212943,1.0,0.006976413079588059
snRNP-U1-C,0.44526526,-0.04780021,0.6561280595618945,1.0,0.05471975701200702
Dbp21E2,0.44520608,0.12582259,0.6561708386398837,1.0,0.01513929096862987
GstS1,0.44502884,-0.08612254,0.6562989169056228,1.0,0.027098856247923686
CG1602,0.44479975,0.13344552,0.6564644770175265,1.0,0.01594608703905842
ClC-b,0.44367784,-0.097561136,0.6572755132883314,1.0,0.050116273551326466
lncRNA:CR44965,0.44364035,2.443855,0.6573026345587374,1.0,0.002894974135067154
CG12768,0.44211984,0.047551315,0.6584024892285932,1.0,0.01513929096862987
CG10874,0.44199848,-0.06903363,0.6584902967085151,1.0,0.05419771249584737
ry,0.44179258,0.8819132,0.6586393141178488,1.0,0.004413649091167956
Cypl,0.44170725,-0.054239985,0.6587010538737568,1.0,0.04361444639551991
Tcs3,0.4412535,0.040949948,0.6590294845953506,1.0,0.017986806511318874
CG18528,0.4411741,0.23061267,0.6590869800441128,1.0,0.008874756774714061
CG14331,0.44116598,1.6836711,0.6590928361750994,1.0,0.003559394428361255
Chsy,0.44050115,0.87340933,0.6595741750753319,1.0,0.004745859237815006
CG6834,0.44032466,1.1321224,0.6597019878542342,1.0,0.004318731906411656
c12.2,0.43979514,0.020762373,0.6600854857811187,1.0,0.02154620093968013
CG14561,0.43973926,0.18994594,0.6601259713309389,1.0,0.01551895970765507
babos,0.43928438,0.4517322,0.6604554861195597,1.0,0.0063119927862939585
mdlc,0.43911266,0.25877288,0.660579903734969,1.0,0.009539177068008163
Gfat1,0.43894058,0.07783496,0.660704597181567,1.0,0.013668074604907219
CG6674,0.43893212,-0.0120210545,0.6607107255211606,1.0,0.04408903231930141
CG13876,0.43877327,0.08323791,0.6608258359519006,1.0,0.017369844810402924
CG4630,0.43814963,0.7145339,0.6612778285369378,1.0,0.005030610792083907
PolD3,0.43782935,0.058669496,0.6615100024627529,1.0,0.019410564282663377
CG13337,0.43776277,-0.037398133,0.6615582539439255,1.0,0.02932941008969674
CG7702,0.43654343,0.61969495,0.6624424910396762,1.0,0.0057424896777561575
slp2,0.43609408,0.29430544,0.66276846558293,1.0,0.008969673959470362
CG5916,0.43558994,-0.086277284,0.6631342626530425,1.0,0.06088937402116653
CG4553,0.4355738,0.073518805,0.6631460036419337,1.0,0.01518674956100802
CG3036,0.43452284,0.38745356,0.6639088113626483,1.0,0.00726116463385696
CG10466,0.43420735,-0.05154164,0.6641378818516124,1.0,0.03616344739215035
QC,0.43365246,0.40405148,0.6645408336942245,1.0,0.006027241232025058
PK2-R1,0.43360245,0.33569777,0.6645771548614103,1.0,0.009206966921361113
betaTub97EF,0.4335083,0.0070378254,0.6646455262538395,1.0,0.010630724692705614
ebo,0.4334322,-0.028337987,0.6647008129746643,1.0,0.03288880451805799
Usp20-33,0.43340313,-0.060971286,0.6647219132185971,1.0,0.03231930140952019
CG5808,0.43332556,-0.019284083,0.6647782708685954,1.0,0.022685207156755732
CG3792,0.433138,-0.06598906,0.664914498605282,1.0,0.06758103554648569
Spt3,0.4327567,-0.06350022,0.6651915291254397,1.0,0.04484836979735181
Mulk,0.43250188,0.052523043,0.6653766868697026,1.0,0.03440747947415879
muskelin,0.4321393,0.006636522,0.6656401643736445,1.0,0.013905367566797968
CG6424,0.43168703,0.59840405,0.6659689010775598,1.0,0.005884865454890608
SMC2,0.431277,0.28779384,0.6662669577069048,1.0,0.009112049736604812
slp1,0.43083686,0.23647217,0.6665869928603002,1.0,0.010345973138436713
PolH,0.4307567,-0.06073061,0.6666452848284923,1.0,0.018556309619856676
Oatp33Ea,0.4304037,0.9482824,0.6669020073490377,1.0,0.0042238147216553555
CG18787,0.4296668,0.18558353,0.6674380412871584,1.0,0.009112049736604812
Git,0.42907956,0.17403488,0.6678653315966829,1.0,0.016990176071377722
NimB4,0.4281437,1.2097934,0.6685464894807811,1.0,0.003701770205495705
Ate1,0.42807165,-0.073288426,0.6685989593326289,1.0,0.06492335437330929
Tango6,0.42697328,0.053093217,0.6693987893586668,1.0,0.01556641830003322
eIF6,0.42694792,-0.038291015,0.6694172699491601,1.0,0.024963219590906933
CG11679,0.42658976,0.2841835,0.6696781622470938,1.0,0.008874756774714061
SmD3,0.42617533,-0.07243779,0.6699800863464658,1.0,0.05006881495894832
crok,0.4257326,0.011774527,0.670302697717781,1.0,0.02387167196620948
Prosalpha6,0.42558038,-0.08648184,0.6704136429234839,1.0,0.06753357695410754
GstD11,0.42441544,0.06176838,0.6712628527334894,1.0,0.013905367566797968
Cog7,0.42362598,-0.09257896,0.6718386134684282,1.0,0.04337715343362916
CG31075,0.4227725,0.26306304,0.6724612523919796,1.0,0.011437520763134165
CG31643,0.42224887,0.24723443,0.6728433704565662,1.0,0.009064591144226662
Him,0.4221176,1.7273251,0.6729391815644312,1.0,0.002989891319823454
magu,0.42193264,0.39779863,0.67307418493652,1.0,0.006217075601537658
lncRNA:CR45825,0.42155278,0.12177297,0.673351471416102,1.0,0.017132551848512173
CG34325,0.42115897,0.5453792,0.6736390050571245,1.0,0.0053628209387309575
Polr3H,0.42085376,0.029856857,0.6738618697227268,1.0,0.019410564282663377
CG13284,0.42048678,0.11376582,0.6741298822494434,1.0,0.01589862844668027
CG17328,0.42034265,0.06933161,0.674235165017862,1.0,0.018413933842722226
Traf6,0.42031065,-0.069850646,0.6742585322116466,1.0,0.05206207583883062
Gmer,0.42022276,0.10113485,0.6743227264645645,1.0,0.01589862844668027
vri,0.41952705,0.34495825,0.6748309922211116,1.0,0.007688291965260311
CG32650,0.41930643,0.43047175,0.6749922068610785,1.0,0.00726116463385696
srl,0.41788962,-0.043398514,0.6760278286790065,1.0,0.027051397655545536
tai,0.41781864,-0.08257715,0.6760797199891727,1.0,0.36244126999193205
Map60,0.41763955,-0.10138549,0.6762106650050366,1.0,0.06440130985714963
Non3,0.41752595,-0.088519104,0.6762937542929482,1.0,0.05884865454890608
Cyp4p3,0.41697216,0.2646451,0.6766987701425882,1.0,0.00759337478050401
sl,0.41690633,-0.025187762,0.6767469156979078,1.0,0.020976697831142328
CG4250,0.41646546,0.15347129,0.6770694442833917,1.0,0.009634094252764463
CG7997,0.41621062,0.3268964,0.677255886899882,1.0,0.006359451378672109
l(2)10685,0.4155763,0.2947771,0.6777200615189549,1.0,0.008684922405201462
Kaz1-ORFB,0.41554984,0.79103875,0.6777394384254933,1.0,0.004650942053058707
scb,0.41536525,0.6633521,0.6778745444480505,1.0,0.004650942053058707
hng1,0.4150446,-0.064186364,0.6781092552310274,1.0,0.031844715485738695
Top3alpha,0.4148997,0.10294304,0.6782153159924904,1.0,0.013193488681125718
ru,0.41467065,0.15875421,0.6783830342167936,1.0,0.01513929096862987
CG14194,0.41414478,-0.10003319,0.6787680656690626,1.0,0.045370414313511465
CG1827,0.4135517,-0.009097844,0.6792024710142122,1.0,0.025295429737553984
Cftr,0.41320896,0.31425372,0.679453521323707,1.0,0.006169617009159509
cal1,0.4130148,-0.124413565,0.6795957630282957,1.0,0.09539177068008163
nito,0.4126368,-0.04908755,0.6798727360362964,1.0,0.03350576621897394
Brd8,0.41261914,-0.029832257,0.6798856696841638,1.0,0.026909021878411085
if,0.41197821,0.22742784,0.6803553865581228,1.0,0.008542546628067011
Trm7-34,0.4118749,-0.027972767,0.6804311241868244,1.0,0.02904465853542784
lncRNA:CR45643,0.41159508,1.0093257,0.6806362518839788,1.0,0.003654311613117555
CG30271,0.41075408,0.84537,0.6812528553218615,1.0,0.0047933178301931565
moody,0.41052243,0.015808964,0.6814227485403731,1.0,0.011912106686915665
CG10384,0.41017053,-0.14515907,0.6816808553415288,1.0,0.20891272364861657
senju,0.41011795,-0.009575058,0.6817194262246924,1.0,0.02054957049973898
Ranbp21,0.40971124,0.026609056,0.682017771773422,1.0,0.019980067391201176
ATbp,0.40959543,0.13927065,0.6821027527050121,1.0,0.011295144985999716
Oseg4,0.40931338,0.9664907,0.682309691387911,1.0,0.004318731906411656
OXA1L,0.40911114,-0.04822584,0.6824580975904397,1.0,0.0375397465711167
Cog3,0.40895045,0.027020724,0.6825760218187817,1.0,0.024820843813772482
JhI-26,0.4085169,0.29128847,0.6828942130219553,1.0,0.00716624744910066
Shrm,0.40816206,0.25915185,0.6831546913630697,1.0,0.00792558492715106
bdwf,0.4070479,-0.06553333,0.6839728114511725,1.0,0.0386787527881923
CG9577,0.40662464,0.042234942,0.6842836863926773,1.0,0.018129182288453324
CG14434,0.40658236,0.1039241,0.684314749818526,1.0,0.012766361349722368
CG31365,0.40654743,-0.054488566,0.6843404113122828,1.0,0.03023112334488159
CG7544,0.40603742,0.20413071,0.68471511061058,1.0,0.009444259883251862
CG3253,0.4058359,-0.10706075,0.6848631746958308,1.0,0.050116273551326466
CG12947,0.4056263,0.21695434,0.6850171958076197,1.0,0.010203597361302264
RanBP3,0.40520418,0.030741895,0.6853274394715062,1.0,0.023349627450049832
CG11279,0.40509203,-0.060870938,0.6854098737602412,1.0,0.06558777466660339
CG1233,0.40459892,-0.005403323,0.6857723587763085,1.0,0.019030895543638175
Cep135,0.40382782,0.31442794,0.6863393427157729,1.0,0.0068814958948317595
CG13367,0.40374655,-0.06357797,0.6863991066783377,1.0,0.03151250533909164
Cp7Fb,0.40323764,1.2469251,0.6867734196922886,1.0,0.0036068530207394047
Gcn5,0.40279344,-0.08155482,0.6871001949998101,1.0,0.03293626311043615
Tsf2,0.40276033,-0.060938332,0.6871245431833911,1.0,0.025912391438469934
CG31278,0.40267283,0.02319809,0.6871889321660247,1.0,0.019220729913150776
CG8281,0.40236577,-0.031567637,0.6874148526321794,1.0,0.03739737079398225
Trpgamma,0.40147775,0.8852719,0.688068420366605,1.0,0.004318731906411656
Tdp1,0.4008927,-0.029414097,0.6884991176186686,1.0,0.035071899767452897
Sr-CI,0.40068716,1.3232012,0.6886504676700744,1.0,0.0030848085045797544
CG8149,0.400639,-0.0833335,0.6886859379110812,1.0,0.0735608181861326
Noa36,0.40052646,-0.08718343,0.6887687947287819,1.0,0.0769778368373594
CG3894,0.4004757,-0.08718435,0.6888061627507499,1.0,0.06440130985714963
Dlst,0.40041873,-0.10034988,0.6888481349852558,1.0,0.23999810165630486
Plap,0.40024516,0.0015345002,0.6889759531084096,1.0,0.019552940059797828
Irp-1B,0.40016243,-0.11053306,0.6890368864832701,1.0,0.056285890560485975
AsnRS-m,0.40012896,0.120380715,0.6890615312211961,1.0,0.013240947273503868
ValRS-m,0.39971858,0.21150304,0.6893637946176294,1.0,0.009491718475630012
MESR3,0.39955828,-0.06188459,0.6894818966571655,1.0,0.027383607802192587
lncRNA:CR45736,0.39945385,0.11297187,0.689558829577857,1.0,0.010773100469840065
Dph4,0.39778882,0.019133756,0.6907858550792669,1.0,0.018983436951260025
CG33158,0.39755127,-0.020032499,0.6909609784944316,1.0,0.017417303402781074
CG1620,0.39718834,-0.094455026,0.6912285751523464,1.0,0.0719472260452755
Gk2,0.39679047,0.01677013,0.6915219726526136,1.0,0.019695315836932275
CG7810,0.3966717,-0.060300585,0.6916095670230621,1.0,0.03749228797873855
CG9356,0.39602157,0.0005117446,0.6920891040374724,1.0,0.015234208153386171
Krn,0.3955292,0.049507365,0.6924523649858476,1.0,0.01428503630582317
CG13531,0.39530933,0.107718416,0.6926146208896644,1.0,0.012956195719234967
CG5245,0.39525527,0.7189442,0.6926545086983011,1.0,0.004413649091167956
CG14937,0.3945728,0.51207066,0.6931581994747982,1.0,0.005979782639646908
CG1671,0.3944338,0.04672967,0.6932607996828848,1.0,0.01589862844668027
CG3368,0.39402783,-0.085076444,0.6935604896336902,1.0,0.034597313843671394
CG11110,0.3935145,-0.061949167,0.6939395140386831,1.0,0.05139765554553652
CG5013,0.39316297,0.1035926,0.6941991193429231,1.0,0.015281666745764321
CG32354,0.39258417,-0.008432305,0.6946266229742291,1.0,0.012576526980209767
wdp,0.39217785,0.017517613,0.694926802694827,1.0,0.011342603578377866
CG8064,0.39214146,-0.018293204,0.6949536989601304,1.0,0.017512220587537375
CG7101,0.39135674,0.027655533,0.6955335561907725,1.0,0.019410564282663377
Pof,0.39121848,-0.067842335,0.6956357425636072,1.0,0.031180295192444592
Pus1,0.3911806,-0.02542867,0.6956637360717735,1.0,0.025390346922310285
CG2931,0.3909074,-0.07395621,0.6958656821096452,1.0,0.06069953965165393
uno,0.3908537,-0.007606216,0.6959053671779829,1.0,0.018746143989369274
Ilp5,0.3904371,0.5772932,0.6962133624792637,1.0,0.005789948270134308
PCID2,0.39005798,0.02951084,0.6964936735903677,1.0,0.017274927625646624
Dso2,0.3897002,0.07065402,0.6967582535248057,1.0,0.006644202932941009
CG4631,0.38967887,0.024714377,0.6967740261559903,1.0,0.02050211190736083
CG13003,0.3893696,1.0262036,0.6970027440357471,1.0,0.003701770205495705
TTLL15,0.38915855,0.056592494,0.697158864563119,1.0,0.013098571496369418
Mtp,0.38896072,0.033344977,0.6973052052021708,1.0,0.013952826159176118
Papss,0.38745677,-0.032113187,0.6984180883359785,1.0,0.027763276541217786
MCPH1,0.38728797,0.2812181,0.6985430221014295,1.0,0.00726116463385696
CG10970,0.38728246,1.5995171,0.698547105042044,1.0,0.0031797256893360544
Charon,0.38703462,0.0012772967,0.6987305741726466,1.0,0.02135636657016753
lncRNA:CR44347,0.38694197,0.26941338,0.6987991754603882,1.0,0.009206966921361113
CG11755,0.38684928,0.007325519,0.6988677792079198,1.0,0.024488633667125434
CG18004,0.38666874,-0.06738262,0.6990014546842838,1.0,0.04423140809643586
CG30054,0.38534093,0.12189267,0.6999848412360079,1.0,0.010013762991789663
CG8765,0.38516665,-0.03368196,0.7001139634397247,1.0,0.028000569503108537
CG7222,0.38513833,-0.08169433,0.700134939806157,1.0,0.0783066774239476
bip1,0.38483053,0.049966473,0.7003629703879108,1.0,0.02059702909211713
mia,0.3838094,0.5048754,0.7011197239993243,1.0,0.005030610792083907
CG5321,0.383716,0.5099291,0.7011889557479265,1.0,0.005837406862512458
Rer1,0.38361782,-0.10687181,0.7012617335287071,1.0,0.08447629443310711
Hr3,0.38338357,-0.13279207,0.701435375483751,1.0,0.17815955578757534
CG4610,0.38323024,-0.0060408036,0.7015490553509003,1.0,0.02278012434151203
Cln3,0.38280147,0.5090819,0.7018669582452236,1.0,0.0049831521997057565
wash,0.3813593,0.012072645,0.7029366506416204,1.0,0.02221062123297423
lncRNA:CR45918,0.38129458,0.66957605,0.7029846669668642,1.0,0.005267903753974657
jar,0.38127363,-0.105987616,0.703000217962583,1.0,0.10844288358407289
Tnks,0.381267,-0.14081194,0.7030051288291554,1.0,0.06800816287788904
Srp54k,0.38089305,-0.096485846,0.7032826129156494,1.0,0.08272032651511556
amx,0.38073492,-0.026127,0.7033999484622936,1.0,0.04100422381472166
Atac1,0.3804036,0.05766086,0.7036458302682436,1.0,0.01509183237625172
l(2)k09848,0.3799083,-0.013029828,0.7040134827243689,1.0,0.024346257889990983
CG4942,0.37989396,0.12137644,0.7040241284812633,1.0,0.01570879407716767
vir,0.37986895,-0.021265302,0.7040426904525193,1.0,0.019363105690285227
CBP,0.3797035,0.23096588,0.7041655314705482,1.0,0.006074699824403208
lncRNA:CR44828,0.3791953,0.48685578,0.7045428381242624,1.0,0.005979782639646908
stum,0.3788272,0.22689818,0.7048161714966481,1.0,0.007213706041478809
CG16789,0.37844038,0.020337552,0.7051034720230368,1.0,0.017085093256134023
CG8323,0.37812635,0.057197183,0.7053367298102164,1.0,0.015376583930520622
CG12259,0.3772453,-0.045834377,0.7059913104760882,1.0,0.02937686868207489
Syx4,0.37591565,0.20792452,0.7069796036787166,1.0,0.008684922405201462
SLC22A,0.3755189,0.46833643,0.707274602220992,1.0,0.005410279531109108
Polr3A,0.37499306,0.17581055,0.7076656318677935,1.0,0.010630724692705614
CG8547,0.3744547,0.13845356,0.7080660386064215,1.0,0.007023871671966209
ptch,0.37406054,-0.111238554,0.7083592838125798,1.0,0.030563333491528642
Mocs3,0.37343872,0.17374252,0.7088219441315069,1.0,0.010962934839352664
CRAT,0.37284598,0.11017318,0.7092630899587244,1.0,0.012576526980209767
Spps,0.37252054,-0.05455293,0.7095053237711946,1.0,0.020786863461629727
Gip,0.37230837,-0.047432676,0.7096632705592281,1.0,0.02282758293389018
Rab2,0.37193403,0.00055221585,0.7099419661984498,1.0,0.46561624982203026
armi,0.37179172,0.13761379,0.7100479245260218,1.0,0.010488348915571164
CG7536,0.37129238,-0.09618004,0.7104197812916284,1.0,0.053438375017796975
loj,0.3711773,-0.052717607,0.7105054988539528,1.0,0.030705709268663093
Polr1B,0.37103277,0.15697996,0.7106131302438389,1.0,0.010440890323193014
Zip71B,0.3708309,0.5776774,0.7107634952059658,1.0,0.004366190498789806
CG11334,0.37069446,0.022164017,0.7108651143324407,1.0,0.017891889326562573
hng3,0.37066358,0.067349136,0.710888123150118,1.0,0.013335864458260169
CG13895,0.3702407,-0.047935255,0.7112031513032595,1.0,0.026434435954629586
l(2)gd1,0.3693615,-0.0048687668,0.7118582937590725,1.0,0.027003939063167386
MTPAP,0.36908755,0.06975899,0.7120624698945597,1.0,0.014047743343932419
Pex10,0.3687077,0.0009549805,0.7123456100218284,1.0,0.013335864458260169
tst,0.36859113,0.05031871,0.7124325060883112,1.0,0.016468131555218073
msl-3,0.3672063,0.07919882,0.7134651276911199,1.0,0.014379953490579469
Cpsf73,0.3671688,0.12460826,0.713493102981904,1.0,0.01385790897441982
ETHR,0.36635026,0.55457354,0.7141037184516064,1.0,0.005695031085378007
CG17359,0.36520043,-0.013276841,0.714961797043287,1.0,0.02059702909211713
CG10916,0.36511734,-0.064632975,0.7150238275733652,1.0,0.035688861468368846
CG4822,0.36483604,0.7174207,0.7152338121393731,1.0,0.0040339803521427554
Timmdc1,0.36459664,-0.05578218,0.7154125218617808,1.0,0.0383940012339234
CG14253,0.3643352,0.9098299,0.7156077203468318,1.0,0.0036068530207394047
CG5861,0.36423996,-0.10101832,0.7156788310264136,1.0,0.1675288310948697
CG7488,0.36391637,-0.1228378,0.7159204610281831,1.0,0.039200797304351956
ZnT86D,0.36386782,0.049279694,0.7159567079833062,1.0,0.019030895543638175
CG42354,0.3638395,0.5870953,0.7159778523361064,1.0,0.0047933178301931565
Dtwd2,0.36053413,0.10157034,0.718447742679968,1.0,0.013193488681125718
asRNA:CR44998,0.36024803,0.39755243,0.7186616510709096,1.0,0.005837406862512458
CG13376,0.3602135,1.396554,0.7186874975366846,1.0,0.002989891319823454
asRNA:CR44027,0.36010352,0.341706,0.7187697134345516,1.0,0.00740354041099141
mTerf5,0.36001527,0.06888998,0.7188357084835941,1.0,0.013193488681125718
PolZ1,0.359374,0.096141234,0.7193153354578462,1.0,0.010298514546058565
su(r),0.35913092,0.7310276,0.7194971495810463,1.0,0.003749228797873855
CG14722,0.35910702,-0.12265767,0.7195150292855075,1.0,0.055763846044326326
CG12818,0.3590342,-0.10074782,0.7195694945617306,1.0,0.023539461819562433
asRNA:CR44018,0.3587268,-0.088755496,0.7197994747549206,1.0,0.03099046082293199
CG42319,0.35826716,0.9107873,0.720143391967889,1.0,0.004081438944520906
Drep1,0.3581517,-0.12368955,0.7202297928751867,1.0,0.08528309050353566
CG32262,0.35790497,-0.062623195,0.7204144386357016,1.0,0.0362109059845285
sqh,0.3575023,-0.08347476,0.7207157957173749,1.0,0.17094584974609653
dyw,0.35679078,0.63694817,0.7212484368752246,1.0,0.0040339803521427554
CG9515,0.3565216,-0.07338891,0.7214499674040751,1.0,0.032841345925679846
CG31102,0.3565209,1.4843826,0.7214505180604351,1.0,0.002800056950310854
CG7183,0.35634586,-0.0674234,0.7215815783798082,1.0,0.04081438944520906
Mms19,0.3561734,-0.0639822,0.7217107193368792,1.0,0.02149874234730198
CG1542,0.35584834,-0.07920822,0.7219541537076614,1.0,0.046889089269612265
fdl,0.3558465,-0.10504787,0.721955530679009,1.0,0.07014379953490579
CG14879,0.35515592,2.6169932,0.7224727847968098,1.0,0.0023254710265293533
slou,0.35500845,0.10576172,0.7225832479414835,1.0,0.012481609795453466
CG34231,0.3549908,0.279531,0.7225964708501014,1.0,0.00754591618812586
Lrpprc2,0.35468048,-0.03825433,0.722828987192802,1.0,0.025532722699444736
nero,0.35450506,-0.08412904,0.7229604088174902,1.0,0.04328223624887286
Vps36,0.35420316,-0.025624136,0.7231866274369435,1.0,0.02130890797778938
Ptr,0.35391673,0.41353145,0.7234012957289826,1.0,0.005505196715865407
Lk,0.35382774,1.7490019,0.7234679878711925,1.0,0.0026576811731764036
GstT3,0.3537748,0.5741287,0.7235076734482384,1.0,0.004271273314033506
CG8389,0.35370418,-0.02298913,0.7235605887073899,1.0,0.028759906981158937
dwg,0.35311913,-0.06706011,0.7239991196186617,1.0,0.027003939063167386
fd59A,0.35292315,-0.09620115,0.7241460518758704,1.0,0.03032604052963789
CG10907,0.35276172,-0.015742637,0.7242670787603753,1.0,0.019932608798823026
Vang,0.35274076,-0.089753,0.724282793462816,1.0,0.04427886668881401
bocks,0.3522881,-0.038067337,0.7246222042355159,1.0,0.012908737126856817
Cul4,0.352123,-0.07896404,0.7247460157912683,1.0,0.0390584215272175
Dtymk,0.35161704,0.1097638,0.725125492014962,1.0,0.011057852024108965
Gpdh3,0.3513497,-0.061793506,0.725326012895906,1.0,0.02211570404821793
CG10472,0.35025245,0.12923138,0.7261492558897737,1.0,0.008590005220445162
CG9338,0.35006195,0.6222757,0.7262921969526049,1.0,0.004081438944520906
CG13609,0.35000202,0.23882575,0.7263371784479804,1.0,0.008495088035688861
CG15611,0.3488235,0.84578115,0.7272218220626707,1.0,0.0036068530207394047
CG9948,0.34851646,0.0047875303,0.7274523584088556,1.0,0.026576811731764037
Rev1,0.34846902,0.072359234,0.7274879764042627,1.0,0.01542404252289877
Ice2,0.34838298,0.04935058,0.7275525872938601,1.0,0.01381045038204167
CG9330,0.34827414,-0.14436771,0.727634320082612,1.0,0.09624602534288833
E2f2,0.34826714,-0.07063521,0.727639566549884,1.0,0.0363058231692848
IFT43,0.34809947,0.69852895,0.7277654855936138,1.0,0.004366190498789806
mRpL3,0.34805828,-0.1092233,0.7277964142024799,1.0,0.06345213800958664
CG33296,0.3478167,1.4220604,0.7279778525581105,1.0,0.0027525983579327036
Bka,0.34715408,-0.07540277,0.7284755744971462,1.0,0.0362109059845285
lncRNA:CR43963,0.34647968,0.49618253,0.7289822525777947,1.0,0.004698400645436856
Nup188,0.34566888,0.058771912,0.7295915833443734,1.0,0.012813819942100518
CG13877,0.3455571,0.49316198,0.729675604256803,1.0,0.004650942053058707
Odj,0.34524894,-0.13441357,0.7299072313371572,1.0,0.04968914621992312
CR42875,0.34519085,0.34260717,0.7299509060305686,1.0,0.005837406862512458
Sym,0.34487388,0.11034,0.7301891973111727,1.0,0.011532437947890465
spoon,0.34425315,-0.14134341,0.7306559034662958,1.0,0.15566418300033222
CSN4,0.34405792,-0.0803047,0.7308027374655813,1.0,0.06539794029709078
lncRNA:CR43431,0.34368503,0.6046051,0.7310831597348946,1.0,0.004935693607327606
Eglp4,0.34310737,-0.08963281,0.7315176916255735,1.0,0.010440890323193014
blot,0.34280106,0.14216578,0.7317481308207464,1.0,0.00778320915001661
CG3713,0.34256792,0.21930474,0.7319235353340237,1.0,0.00773575055763846
CG9395,0.34220976,-0.13354354,0.7321930326486501,1.0,0.1763086706848275
csul,0.34208584,0.07109561,0.7322862853061082,1.0,0.011817189502159367
Snm1,0.34192553,0.03691926,0.73240693852672,1.0,0.012671444164966067
eco,0.3417902,0.86703455,0.7325087794199906,1.0,0.0040339803521427554
Zn72D,0.34168726,-0.12709686,0.7325862702116936,1.0,0.10478857197095534
lncRNA:marge,0.34142175,1.9214973,0.7327860983294947,1.0,0.0024203882112856533
Rpp21,0.3410989,0.25205943,0.7330291270121791,1.0,0.0076408333728821606
aub,0.3410636,0.5953218,0.7330557012480382,1.0,0.0047933178301931565
O-fut2,0.34090513,0.046876192,0.7331750124367579,1.0,0.017796972141806273
CG18368,0.34072274,-0.04140163,0.7333123251700233,1.0,0.019742774429310425
CG31897,0.3406286,0.06252019,0.7333831995971596,1.0,0.012956195719234967
Bem46,0.34052527,-0.054481167,0.7334609979714243,1.0,0.03023112334488159
Naglu,0.33998913,0.55342734,0.7338647074911092,1.0,0.004366190498789806
CG9044,0.33922467,-0.12617153,0.7344404946245024,1.0,0.0710929713824688
CG7137,0.33888415,0.04030268,0.7346970020141874,1.0,0.011674813725024916
dgt2,0.33874884,0.06737241,0.7347989483767492,1.0,0.010061221584167813
Reck,0.3383826,0.045367174,0.7350748918590402,1.0,0.010440890323193014
CG32095,0.33813807,0.005625972,0.7352591502743518,1.0,0.019030895543638175
Cnx14D,0.33802444,0.07398179,0.7353447732796095,1.0,0.010820559062218215
brwl,0.3374942,-0.1284006,0.7357443907715153,1.0,0.06274025912391439
CG33080,0.33740485,0.17557918,0.7358117397371589,1.0,0.006691661525319159
CCHa1-R,0.33734748,-0.014463208,0.7358549771803864,1.0,0.017037634663755873
Sik3,0.33686024,-0.1314537,0.7362222520061624,1.0,0.0807745242276114
CG9992,0.33681133,-0.07008974,0.7362591214135829,1.0,0.0378244981253856
wb,0.3364944,0.5926656,0.7364980942480723,1.0,0.004176356129277205
Smn,0.33592662,-0.11775596,0.7369262021017304,1.0,0.0765032509135779
CG43155,0.33580822,0.3031667,0.7370154939565592,1.0,0.00773575055763846
Tsc1,0.33523715,-0.09997125,0.7374461967438757,1.0,0.05206207583883062
bero,0.3345543,0.26473838,0.7379613179154307,1.0,0.00730862322623511
Ns1,0.3341241,-0.08731752,0.7382859296682154,1.0,0.03241421859427649
alrm,0.3338906,-0.11938371,0.7384621273817837,1.0,0.025200512552797684
CycJ,0.33386964,-0.032614913,0.7384779442265331,1.0,0.03023112334488159
Megf8,0.33364385,-0.1447758,0.738648329184662,1.0,0.054957049973897776
CG3407,0.33353978,0.057970878,0.7387268659872142,1.0,0.012196858241184567
Targ2,0.33348718,-0.04667475,0.7387665516980811,1.0,0.018983436951260025
CG4622,0.33344272,-0.1035396,0.7388001324585382,1.0,0.03939063167386455
CG3589,0.33297682,0.034286436,0.7391517890089045,1.0,0.01461724645247022
ArfGAP3,0.33276758,-0.09589718,0.7393097330298593,1.0,0.054577381234872574
asRNA:CR45141,0.33267602,0.18953627,0.7393788543474944,1.0,0.009634094252764463
yem,0.33266315,-0.060527243,0.739388570364142,1.0,0.020264818945470078
Boh2,0.33159015,0.08898162,0.7401987547178082,1.0,0.014047743343932419
wun2,0.3312798,0.26237923,0.7404331455879712,1.0,0.0055526553082435575
lncRNA:CR46204,0.3312287,0.8098464,0.7404717501877153,1.0,0.003891604575008305
Klp31E,0.3309231,-0.08543926,0.7407025582238621,1.0,0.02235299701010868
CG43845,0.33083597,0.037854776,0.7407683886209127,1.0,0.019790233021688575
AlaRS,0.33073154,-0.04959002,0.7408472764911492,1.0,0.02296995871102463
nclb,0.33065543,0.009221311,0.74090477746548,1.0,0.017417303402781074
PolE4,0.33060983,-0.102917016,0.7409392231867347,1.0,0.04736367519339377
Tsp42En,0.33054107,0.431772,0.7409911705386817,1.0,0.005078069384462057
CG31161,0.33041456,0.2669929,0.741086734526442,1.0,0.006691661525319159
crn,0.3301465,-0.07874347,0.7412892655953595,1.0,0.03042095771439419
CG6204,0.32967547,0.083928406,0.7416451969378193,1.0,0.011959565279293816
SmydA-4,0.32937798,0.41008696,0.7418700095392583,1.0,0.005410279531109108
CG3857,0.32932135,-0.008455054,0.7419128070178668,1.0,0.011247686393621566
CG32452,0.32920957,0.005949899,0.7419972926949832,1.0,0.012481609795453466
dor,0.3291125,-0.04116432,0.7420706643581279,1.0,0.020834322054007877
CG8112,0.32874477,0.19686627,0.7423486085765094,1.0,0.006644202932941009
Rlb1,0.32853997,-0.1425662,0.7425034380785841,1.0,0.04845522281809121
Nost,0.32852745,0.11862669,0.7425128894089914,1.0,0.010251055953680414
lncRNA:CR44785,0.3282925,0.19772004,0.7426905260439152,1.0,0.006217075601537658
CG13502,0.3280873,1.2079679,0.7428456565669947,1.0,0.0033221014664705046
CG30158,0.32805052,-0.12900242,0.7428734588396797,1.0,0.11366332874566941
His2B:CG33868,0.32737908,0.3325129,0.7433811872792006,1.0,0.0061221584167813585
slow,0.326993,0.9255881,0.7436731955940645,1.0,0.0032746428740923544
CG6983,0.32653186,-0.11938297,0.7440219852592547,1.0,0.04855014000284751
CG9360,0.32649472,0.42061007,0.7440500798551182,1.0,0.005267903753974657
Acsf2,0.32641014,0.709883,0.7441140589188351,1.0,0.003654311613117555
CG14933,0.32630938,1.0806843,0.7441902797609562,1.0,0.0028475155426890037
CG9109,0.32620645,-0.09085266,0.7442681722614721,1.0,0.023444544634806132
CG10053,0.32608068,-8.840073e-07,0.7443633159362699,1.0,0.02292250011864648
CysRS-m,0.32566774,0.053798284,0.744675759587947,1.0,0.02140382516254568
HLH4C,0.32566223,0.6385113,0.7446799332070582,1.0,0.0047933178301931565
CG3520,0.3255067,0.24907872,0.7447976323522034,1.0,0.006834037302453609
Trmt6,0.3254166,0.1942731,0.744865805977423,1.0,0.008447629443310711
CG13016,0.3253449,0.009934352,0.7449200680463788,1.0,0.018746143989369274
Arts,0.3252544,0.12867326,0.7449885235391233,1.0,0.012054482464050116
Nup214,0.3249415,-0.029158676,0.7452253505522886,1.0,0.027905652318352236
Mppe,0.32477787,-0.053771302,0.7453492003551765,1.0,0.02866498979640264
MAGE,0.3245793,0.43182856,0.7454994988431911,1.0,0.0055526553082435575
CG8607,0.32445133,0.18485665,0.7455963630021127,1.0,0.010393431730814863
CG2617,0.32347614,0.045099936,0.7463346666979309,1.0,0.012481609795453466
gt,0.32340556,0.03887371,0.7463881275991795,1.0,0.017702054957049972
Ugt50B3,0.322997,1.7765516,0.746697500837008,1.0,0.0026576811731764036
Cyp12a4,0.32288855,0.24075685,0.7467796545076142,1.0,0.00711878885672251
lncRNA:CR44498,0.32228437,0.48570758,0.7472372612984042,1.0,0.004650942053058707
Ski6,0.3222524,0.0338691,0.747261494940811,1.0,0.01566133548478952
Surf1,0.32154638,-0.079710364,0.7477963699154464,1.0,0.042760191732713206
casp,0.3214265,-0.117361166,0.7478871992955747,1.0,0.0795406008257795
Dera,0.32100144,0.8542083,0.7482093095928951,1.0,0.0033695600588486544
CG30338,0.32088155,0.26356995,0.7483001548738102,1.0,0.00740354041099141
lncRNA:CR44597,0.32066166,1.2899092,0.7484668065278012,1.0,0.002942432727445304
Nup133,0.3203616,0.19914202,0.7486942297480004,1.0,0.00778320915001661
RluA-1,0.32006374,0.07796241,0.7489200023605493,1.0,0.011057852024108965
CG9300,0.31949416,0.04333362,0.7493518175636685,1.0,0.012244316833562717
CG43693,0.3188378,-0.05650454,0.7498495200127365,1.0,0.016563048739974374
rig,0.31874955,-0.078026496,0.7499164459377862,1.0,0.02249537278724313
Ama,0.31859106,2.510485,0.7500366384708311,1.0,0.002040719472260453
CG14864,0.31820714,-0.049056884,0.7503278028417618,1.0,0.019410564282663377
CG31038,0.31785783,-0.10729557,0.7505927821749888,1.0,0.027858193725974086
ine,0.3174412,0.11907833,0.7509088433652524,1.0,0.009301884106117413
CG7376,0.31681278,0.16575006,0.7513856643333414,1.0,0.009206966921361113
Grx1,0.31671938,-0.10612416,0.7514565399228663,1.0,0.1811494471073988
sals,0.3165668,0.22321378,0.7515723451018189,1.0,0.009159508328982963
lncRNA:CR43641,0.31653735,0.32427916,0.7515946696349927,1.0,0.0051729865692183566
wac,0.31622994,-0.048580658,0.7518279734400131,1.0,0.022590289971999432
ast,0.31609353,0.07672388,0.7519315162475761,1.0,0.013240947273503868
RecQ5,0.3159766,-0.12208743,0.7520202707794021,1.0,0.04978406340467942
Fancm,0.31530222,0.13383026,0.7525322083616984,1.0,0.009159508328982963
PNKP,0.31476313,-0.06080874,0.7529415017655529,1.0,0.038204166864410805
mrt,0.31457487,-0.1528969,0.7530844637171032,1.0,0.049119643111385315
lncRNA:CR44023,0.31440425,-0.06208237,0.7532140302995136,1.0,0.02045465331498268
Lamtor4,0.31434062,-0.13405497,0.7532623403086371,1.0,0.12201604100422382
cort,0.31425422,0.60101116,0.7533279652788117,1.0,0.0042238147216553555
CG32407,0.31420642,-0.19575438,0.7533642692194376,1.0,0.017132551848512173
nompB,0.31375486,0.4094479,0.7537072287209061,1.0,0.005410279531109108
CG14100,0.31344634,-0.041197173,0.7539415750878432,1.0,0.034265103697024346
EMC2B,0.31341472,-0.11608757,0.753965597569652,1.0,0.06307246927056144
Yif1,0.31334192,-0.050661996,0.7540209060491331,1.0,0.03303118029519245
CG8272,0.3132842,-0.035153296,0.7540647626596062,1.0,0.016610507332352524
fra,0.3122906,-0.14816411,0.7548196674909583,1.0,0.1095818898011485
CG3906,0.31215936,21.91006,0.754919426338571,1.0,0.0017085093256134023
Nmdmc,0.31202513,0.10812093,0.7550214249050482,1.0,0.009396801290873712
O-fut1,0.31161916,-0.008831119,0.7553299616307532,1.0,0.019695315836932275
CG31915,0.31150556,0.15929462,0.7554163253708455,1.0,0.008542546628067011
PIG-X,0.31092456,0.0063376417,0.7558579741271916,1.0,0.019980067391201176
CG13220,0.3106326,-0.10869278,0.75607994673483,1.0,0.12035499027098856
Zmynd8,0.31043732,-0.08780652,0.7562284056458555,1.0,0.07180485026814104
obe,0.30979457,-0.021712903,0.7567171813870475,1.0,0.01433249489820132
eIF2Balpha,0.30941066,-0.13988975,0.7570091510958064,1.0,0.04418394950405771
Hpr1,0.3087179,-0.043873835,0.7575361267017703,1.0,0.026814104693654785
NimB2,0.3085929,0.8551865,0.7576312404696312,1.0,0.003132267096957904
croc,0.30849177,0.2845816,0.7577081734075166,1.0,0.006359451378672109
dpr21,0.30829245,-0.118009344,0.757859808259912,1.0,0.05965545061933463
PIG-O,0.30818692,-0.06363621,0.7579401057651244,1.0,0.02766835935646149
CG11307,0.30817845,0.06314154,0.7579465408698769,1.0,0.018034265103697024
Wdr24,0.30798653,0.092881955,0.758092594278262,1.0,0.013240947273503868
sim,0.307393,0.07317793,0.7585442393029703,1.0,0.011200227801243415
mir-4942,0.30725953,0.65425086,0.7586458288149013,1.0,0.003464477243604955
smo,0.30724224,-0.040021297,0.7586589825825765,1.0,0.019600398652175978
GstO1,0.30718526,0.34496698,0.7587023625241387,1.0,0.005457738123487257
Smyd4-1,0.30710328,0.24541974,0.7587647749982529,1.0,0.00707133026434436
PQBP1,0.30676422,-0.041475855,0.7590228378704725,1.0,0.023681837596696884
zormin,0.30624133,0.13347758,0.7594209006820335,1.0,0.005884865454890608
CG1463,0.30550665,-0.060901105,0.7599803118130675,1.0,0.04622466897631816
Pex5,0.3054408,-0.09450134,0.7600304353598837,1.0,0.03958046604337715
CHKov2,0.3054136,1.1498394,0.7600511571205876,1.0,0.0025627639884201036
CG6325,0.30523747,-0.09750931,0.760185292682081,1.0,0.03094300223055384
ems,0.30523747,1.3122622,0.760185292682081,1.0,0.002942432727445304
l(2)k10201,0.3046484,-0.033041794,0.7606339570986715,1.0,0.021119073608276778
CG43861,0.30445167,-0.04170099,0.7607838099128333,1.0,0.019458022875041527
PNPase,0.30427113,0.0967535,0.7609213462821791,1.0,0.008590005220445162
lncRNA:CR44816,0.3042009,-0.004740123,0.7609748502514991,1.0,0.012291775425940867
CG11474,0.30403835,-0.05568744,0.7610986701029101,1.0,0.0672962839922168
CG5359,0.30381846,0.063581936,0.7612662008169923,1.0,0.020217360353091927
CG9706,0.303439,-0.0007612318,0.7615553436880126,1.0,0.011864648094537515
asRNA:CR46104,0.30343348,0.2694171,0.7615595465916116,1.0,0.005695031085378007
CG10274,0.3032283,-0.06472983,0.761715899602456,1.0,0.014474870675335769
CG11970,0.3032007,-0.014739688,0.7617369155338719,1.0,0.02296995871102463
CG7988,0.30264655,-0.06816433,0.7621592328704947,1.0,0.016135921408571022
CG1172,0.30236965,-0.12467214,0.7623702779665048,1.0,0.06013003654311613
Mipp2,0.302213,0.33780178,0.7624896818238932,1.0,0.006406909971050259
Cyp18a1,0.30210894,1.8530815,0.7625690072298799,1.0,0.0019932608798823026
ctg,0.30210418,0.18597639,0.7625726512130409,1.0,0.006027241232025058
Rpe,0.3020424,0.0095402,0.7626197431611446,1.0,0.013003654311613117
CG4199,0.3019821,-0.12642193,0.7626657147199546,1.0,0.05894357173366238
lncRNA:CR45177,0.30099148,2.0108058,0.7634210013876331,1.0,0.0023254710265293533
ex,0.30095544,0.886045,0.7634484808020828,1.0,0.003132267096957904
CG8490,0.30063698,-0.08238919,0.7636913220461984,1.0,0.04138389255374685
Syt12,0.30058074,-0.122111924,0.7637342282860691,1.0,0.10118171895021594
CG6845,0.30035457,0.5091276,0.76390670186313,1.0,0.004698400645436856
Tak1,0.30031046,-0.110680126,0.7639403566102585,1.0,0.05353329220255327
CG14301,0.3001369,0.99649245,0.7640727362753664,1.0,0.0030848085045797544
wisp,0.2997004,0.44547063,0.7644056791659405,1.0,0.005457738123487257
sstn,0.29969013,-0.009940619,0.7644135334417395,1.0,0.01452232926771392
lncRNA:CR45242,0.2996526,0.8131678,0.7644421456513789,1.0,0.003464477243604955
Cwc25,0.29965225,-0.13236034,0.76444242616483,1.0,0.07370319396326705
Coprox,0.2995368,-0.06157048,0.7645305089168878,1.0,0.02130890797778938
CG42489,0.2994978,-0.055044945,0.7645602445465083,1.0,0.016278297185705472
Ubx,0.2988352,0.5925867,0.7650658033272203,1.0,0.0042238147216553555
Adgf-D,0.2984421,0.115976535,0.7653657631599975,1.0,0.009918845807033363
Nubp1,0.29803172,-0.12227124,0.7656789486696017,1.0,0.07066584405106545
Hibch,0.2979582,-0.094976835,0.765735079153971,1.0,0.04793317830193156
CG31156,0.29792768,-0.084795475,0.7657583736661395,1.0,0.026909021878411085
CG7049,0.29790267,-0.030628359,0.7657774584845664,1.0,0.038014332494898204
ND-13A,0.29678774,-0.05590187,0.7666285611851369,1.0,0.3550851881733188
CG11168,0.29672194,0.016521215,0.7666788164984093,1.0,0.008257795073798112
Tap42,0.29664838,-0.044660248,0.7667349688474179,1.0,0.028237862464999288
CG7800,0.29647076,1.111359,0.7668705818213947,1.0,0.002894974135067154
CG3091,0.2963976,0.08928885,0.766926457567128,1.0,0.006169617009159509
Delta,0.2962145,0.15300104,0.7670662926333922,1.0,0.008162877889041811
Cpsf160,0.29592878,-0.040105186,0.76728448418054,1.0,0.015234208153386171
Rassf,0.29526907,-0.090240195,0.7677883327941679,1.0,0.0407669308528309
Cap-H2,0.29506904,-0.09843781,0.7679411357232494,1.0,0.039533007450999004
dap,0.2944682,0.1591499,0.7684001604961941,1.0,0.006454368563428408
pll,0.2943792,0.19210781,0.7684681502663875,1.0,0.006834037302453609
Cdc2rk,0.29431376,-0.039403953,0.768518160407758,1.0,0.03231930140952019
asRNA:CR45813,0.29410672,0.7971829,0.768676344893111,1.0,0.0031797256893360544
mmy,0.29392582,-0.105498746,0.7688145885998541,1.0,0.08922215367092212
lncRNA:CR44206,0.29367098,-0.007980256,0.769009322387437,1.0,0.01381045038204167
CG16721,0.29361364,-0.11828533,0.7690531605746922,1.0,0.06368943097147739
lncRNA:CR44914,0.29339448,0.4521024,0.7692206517291211,1.0,0.004745859237815006
Cda9,0.29323563,0.39008728,0.7693420614463623,1.0,0.004745859237815006
Hsp70Bb,0.2931893,0.15519997,0.7693774736793424,1.0,0.011579896540268616
Ublcp1,0.29316097,-0.114597656,0.7693991147252015,1.0,0.05021119073608277
Ldh,0.29293704,0.23204914,0.7695702820517398,1.0,0.006739120117697309
asRNA:CR44116,0.29279435,1.296462,0.7696793403264501,1.0,0.002705139765554554
CG7322,0.29143676,0.3068101,0.7707173080463885,1.0,0.004271273314033506
asRNA:CR43152,0.29129335,0.44632265,0.7708269765410887,1.0,0.005030610792083907
ko,0.2910514,-0.053283423,0.7710120173601239,1.0,0.02833277964975559
Gr28b,0.29086202,1.2336253,0.7711568532325193,1.0,0.0026102225807982534
CG7840,0.290616,0.053522833,0.7713450111617431,1.0,0.01556641830003322
Pex11c,0.2903807,0.06936298,0.7715250253585193,1.0,0.010298514546058565
epsilonCOP,0.29034907,-0.11625395,0.77154921570403,1.0,0.08827298182335912
Tektin-C,0.29024094,0.61337954,0.7716319146091334,1.0,0.004176356129277205
FucTB,0.290049,0.066044286,0.7717787537522643,1.0,0.011105310616487115
Galm2,0.28942388,0.3103835,0.7722570221621342,1.0,0.006549285748184709
CG3437,0.2891948,-0.046553403,0.7724323151445129,1.0,0.019932608798823026
Mrp4,0.28905103,0.59790826,0.7725423364155874,1.0,0.0033221014664705046
Sirt7,0.28889105,-0.085631296,0.7726647439700868,1.0,0.016610507332352524
fal,0.28859946,-0.036596913,0.7728879060880658,1.0,0.018556309619856676
CG33155,0.28851858,0.2922847,0.7729498207231182,1.0,0.005315362346352807
scramb1,0.2884487,-0.10424039,0.7730032936163745,1.0,0.08760856153006502
asRNA:CR45139,0.28814238,-0.013208699,0.7732377427537434,1.0,0.011105310616487115
cnk,0.28789344,-0.13466704,0.773428300694185,1.0,0.04575008305253666
Ent1,0.28766254,-0.060996357,0.7736050786164026,1.0,0.031180295192444592
Grip,0.28738636,-0.0155892875,0.773816495658053,1.0,0.008590005220445162
lncRNA:CR44178,0.28728232,0.256599,0.773896168484103,1.0,0.005267903753974657
ppk5,0.28723082,0.46829003,0.7739355834836676,1.0,0.0040339803521427554
CG5854,0.28717494,0.01395216,0.7739783775716599,1.0,0.013430781643016467
lncRNA:CR44901,0.2871503,-0.0066600554,0.7739972409733076,1.0,0.009776470029898914
CG15343,0.2869488,0.5330057,0.7741515317147315,1.0,0.004413649091167956
CG34001,0.28660426,0.15872668,0.7744153670244314,1.0,0.006454368563428408
GstE11,0.2865009,0.32211882,0.7744944945396655,1.0,0.005600113900621708
CG42578,0.28621888,1.20904,0.7747104879701183,1.0,0.002372929618907503
CG17032,0.28598502,0.25145078,0.7748896039609543,1.0,0.0047933178301931565
CG9302,0.28587544,0.052812755,0.7749735335003248,1.0,0.012481609795453466
asRNA:CR43730,0.28567612,0.6565168,0.7751261906096706,1.0,0.003939063167386455
Cyp9f3,0.28546542,0.47763288,0.7752875884813971,1.0,0.003939063167386455
prod,0.28421077,-0.11162659,0.7762488530381096,1.0,0.07284893930046035
CG8993,0.28387284,-0.08299924,0.7765078220553028,1.0,0.31132836600066444
Gal,0.28376842,0.6186405,0.776587856679994,1.0,0.0038441459826301554
ND-B14,0.28368053,0.0030265304,0.7766552115999286,1.0,0.4891557116415927
Gfr,0.2831595,0.017862188,0.7770545846596482,1.0,0.009159508328982963
CG5114,0.2828304,-0.0008301894,0.7773068654809128,1.0,0.018508851027478526
Slbp,0.28269836,-0.12296776,0.7774080662878864,1.0,0.06084191542878838
CG5112,0.28266123,-0.06414472,0.7774365385049209,1.0,0.025817474253713633
Icmt,0.28249428,0.11326045,0.7775645262209535,1.0,0.009064591144226662
Polr3B,0.28237405,0.042503987,0.7776567149455321,1.0,0.012766361349722368
CG32221,0.28191882,-0.037626784,0.7780057636023763,1.0,0.016515590147596224
lin,0.28191733,0.07594256,0.7780068914574325,1.0,0.011057852024108965
CG17260,0.28178203,-0.010522012,0.7781106561230422,1.0,0.01480708082198282
Sec15,0.28144115,-0.014743331,0.7783720591045029,1.0,0.018841061174125574
CG16868,0.2812102,-0.07059283,0.7785491618915262,1.0,0.027193773432679987
CysRS,0.2809451,-0.035534587,0.7787525058651805,1.0,0.01480708082198282
CG3032,0.28065205,0.22331892,0.7789773017801812,1.0,0.0061221584167813585
exex,0.28042847,0.5216529,0.7791488021894846,1.0,0.004081438944520906
snRNA:U6atac,0.28033802,1.166946,0.7792181952135947,1.0,0.002467846803663803
CG12535,0.2799839,0.41103557,0.7794898604382778,1.0,0.004461107683546106
CG14667,0.27923045,-0.114077345,0.7800679791493431,1.0,0.05097052821413317
CG1368,0.27893665,2.0350804,0.7802934473921039,1.0,0.0019932608798823026
Hsc20,0.27849576,-0.09983562,0.7806318255149964,1.0,0.02315979308053723
CG1227,0.2784884,0.012283234,0.7806374702064877,1.0,0.012576526980209767
Eaf6,0.2783211,-0.06586673,0.7807658900605934,1.0,0.026149684400360685
CG8249,0.2773058,1.1971194,0.7815452867948011,1.0,0.002705139765554554
Bcs1,0.27692893,-0.08486879,0.7818346877329996,1.0,0.05585876322908263
Heatr1,0.27670792,0.275207,0.7820043895539949,1.0,0.005505196715865407
Mthfs,0.27662373,0.37520877,0.7820690540436585,1.0,0.005078069384462057
CG14414,0.27588168,-0.107072964,0.7826389572849785,1.0,0.19353613971809597
CG43103,0.27494252,0.2160007,0.783360399497258,1.0,0.0042238147216553555
asRNA:CR46194,0.27488884,0.10159868,0.7834016465431612,1.0,0.009064591144226662
asRNA:CR45164,0.27481344,0.3043458,0.7834595629432164,1.0,0.004603483460680556
Grip163,0.2741545,-0.11176499,0.7839658880863245,1.0,0.05016373214370462
lncRNA:CR45267,0.2739655,0.28373,0.7841111343991168,1.0,0.006549285748184709
IntS8,0.27374634,-0.016977908,0.7842795617190734,1.0,0.011959565279293816
CG4611,0.2737044,0.032400746,0.784311778834445,1.0,0.01551895970765507
aru,0.27337018,0.16303308,0.78456868115898,1.0,0.006549285748184709
tld,0.27314365,0.1356043,0.7847427889298026,1.0,0.00735608181861326
Art3,0.27301937,-0.060595024,0.7848383266673776,1.0,0.016563048739974374
MED15,0.2725634,0.07156372,0.7851888478952904,1.0,0.018129182288453324
ima,0.2718934,-0.098479286,0.7857039669739687,1.0,0.040956765222343504
scat,0.27188644,-0.16401197,0.7857093391825233,1.0,0.032556594371410945
Spt7,0.27134994,0.21365051,0.7861218987104768,1.0,0.009586635660386313
CG3651,0.2708881,-0.15886061,0.786477104306985,1.0,0.07427269707180485
btd,0.27012545,0.8959858,0.7870637432831542,1.0,0.003132267096957904
sev,0.2700762,0.20468035,0.7871016498651313,1.0,0.005979782639646908
l(2)efl,0.2695257,0.23185807,0.7875251628978512,1.0,0.006739120117697309
Cyp9c1,0.2690065,-0.03328238,0.7879246863551692,1.0,0.01670542451710882
Alkbh8,0.2689587,-0.14437246,0.7879614724833289,1.0,0.021783493901570878
CG30060,0.26884764,-0.04713848,0.7880469313141958,1.0,0.010915476246974514
CG34213,0.2682203,-0.03533839,0.7885297367039763,1.0,0.01665796592473067
Marcal1,0.2680063,0.38639784,0.7886944638196797,1.0,0.005030610792083907
CG6813,0.26739958,0.021800388,0.7891615250245573,1.0,0.011959565279293816
Sur,0.26714143,1.4711114,0.7893602613260172,1.0,0.002183095249394903
CG2211,0.2668252,-0.019417947,0.7896037461282193,1.0,0.021071615015898628
Aralar,0.2666193,-0.1324008,0.7897623054182036,1.0,0.04878743296473827
CG5292,0.266199,-0.10301149,0.7900859632657776,1.0,0.06036732950500688
CG3097,0.2661111,0.49530426,0.7901536443331754,1.0,0.004128897536899056
CG14075,0.26571175,0.52198505,0.7904612025024773,1.0,0.0033221014664705046
sprt,0.26556212,0.10299533,0.7905764744252339,1.0,0.009776470029898914
Gr59d,0.26530176,1.5936701,0.7907770075059655,1.0,0.0020881780646386026
RhoGAP16F,0.26479873,0.16099833,0.7911645174308528,1.0,0.008495088035688861
Phf5a,0.26463178,-0.071402356,0.7912931322837956,1.0,0.02861753120402449
CG2201,0.26437476,-0.17753349,0.7914911649383349,1.0,0.11651084428835841
MetRS-m,0.26411808,-0.037170883,0.7916889277128711,1.0,0.02377675478145318
Karl,0.2634382,0.7369968,0.7922128654999505,1.0,0.002800056950310854
lncRNA:CR45464,0.2633823,1.5036958,0.7922559408209134,1.0,0.0019932608798823026
CG30053,0.26319328,0.8053039,0.7924016081164872,1.0,0.0031797256893360544
CG1951,0.26309547,-0.08319576,0.7924769952046435,1.0,0.0378244981253856
ranshi,0.26278254,0.019812087,0.7927181902330438,1.0,0.01456978786009207
dimm,0.2627612,1.0660641,0.7927346296293609,1.0,0.0027525983579327036
TrpA1,0.26201183,0.49576324,0.7933123344452289,1.0,0.004318731906411656
CG31174,0.26192504,0.42382053,0.7933792398843529,1.0,0.004318731906411656
Atac3,0.2618662,-0.15447111,0.7934246003691506,1.0,0.04641450334583076
squ,0.2614128,0.48706833,0.7937741830384035,1.0,0.005457738123487257
Cyp6a13,0.2612764,0.34177494,0.7938793778260694,1.0,0.004698400645436856
edl,0.26116276,0.6142279,0.7939669957539349,1.0,0.0030848085045797544
CG9933,0.2610646,-0.09325648,0.7940427065428811,1.0,0.04380428076503251
CG2065,0.26075608,0.8294033,0.7942806268547021,1.0,0.0026576811731764036
Dph2,0.26050785,-0.031156005,0.7944720545883474,1.0,0.02273266574913388
naz,0.26000592,0.26711717,0.794859201818954,1.0,0.005837406862512458
CG33958,0.25995335,-0.07000265,0.7948997630258041,1.0,0.00797304351952921
CG7246,0.25952864,-0.038314555,0.7952273930885052,1.0,0.013668074604907219
CG31683,0.25933963,1.3311723,0.79537320717338,1.0,0.002183095249394903
lectin-24Db,0.25924954,1.0389292,0.7954427125116257,1.0,0.002183095249394903
PolQ,0.258859,0.2013294,0.7957440156386926,1.0,0.006596744340562859
CG10208,0.25874025,0.37595013,0.7958356609565113,1.0,0.0033695600588486544
CG10194,0.2583045,-0.06167021,0.7961719070538809,1.0,0.026197142992738835
PIG-V,0.25828537,-0.079330266,0.7961866630241847,1.0,0.01452232926771392
CG12825,0.25824457,0.32688576,0.7962181615892175,1.0,0.003749228797873855
CG14397,0.25817543,0.66946435,0.7962715112675248,1.0,0.0033221014664705046
CG15877,0.25805888,-0.009111397,0.7963614700622026,1.0,0.017274927625646624
CG33914,0.25788015,1.0551234,0.7964993932161777,1.0,0.002894974135067154
Hus1-like,0.25785735,0.043726765,0.7965169888083082,1.0,0.009823928622277064
CG16863,0.25773013,0.032097604,0.7966151854635279,1.0,0.013098571496369418
CG14966,0.2573477,-0.029449232,0.7969103624191746,1.0,0.02211570404821793
asRNA:CR43481,0.2572091,0.84793407,0.7970173712420795,1.0,0.003654311613117555
idc,0.25714806,-0.072519824,0.7970644903953694,1.0,0.027051397655545536
lncRNA:CR44900,0.25671303,0.06331333,0.7974003067322327,1.0,0.012576526980209767
Mesh1,0.25629494,0.042071592,0.7977231004669514,1.0,0.012149399648806417
lncRNA:CR45910,0.25592393,-0.05376995,0.7980095840357607,1.0,0.011010393431730815
AdamTS-A,0.25580662,0.8485835,0.7981001627979757,1.0,0.002800056950310854
CG42323,0.25569668,1.6464391,0.7981850651086683,1.0,0.0019932608798823026
CG31381,0.25562644,0.55256844,0.7982393016134227,1.0,0.003986521759764605
CG9664,0.25534955,0.5979145,0.7984531335484453,1.0,0.0031797256893360544
lncRNA:CR44500,0.25530285,1.1883168,0.7984891996547644,1.0,0.002372929618907503
CG10126,0.25503626,0.04474772,0.7986950970762123,1.0,0.0076408333728821606
CG31460,0.25486967,-0.028321734,0.7988237545724133,1.0,0.028997199943049688
CG1750,0.2543523,-0.04797275,0.79922339445841,1.0,0.020359736130226378
CG8152,0.2542843,-0.048904464,0.7992759451951466,1.0,0.020074984575957477
CG6225,0.25427544,0.21765809,0.7992827626546399,1.0,0.004745859237815006
arx,0.25398973,0.16424683,0.799503486168095,1.0,0.0055526553082435575
NitFhit,0.25393495,0.09923212,0.7995458146444192,1.0,0.011152769208865265
CG6479,0.25383347,0.0833357,0.7996242233106283,1.0,0.00716624744910066
CG12655,0.25372058,0.31013346,0.7997114411202858,1.0,0.0035119358359831047
CG10214,0.25370732,-0.1056217,0.7997216687795474,1.0,0.06957429642636799
pie,0.253401,0.5092748,0.7999583350403277,1.0,0.004271273314033506
brk,0.25310868,-0.053729422,0.800184222133851,1.0,0.015376583930520622
Dhod,0.25294358,-0.096783675,0.8003118060050457,1.0,0.057709648331830475
row,0.25275016,-0.14052884,0.8004612762926446,1.0,0.08542546628067012
lncRNA:CR44727,0.25256816,1.365637,0.8006019441689094,1.0,0.002230553841773053
lncRNA:CR43492,0.252171,0.16395655,0.8009088783402812,1.0,0.006264534193915808
CG30467,0.2520482,-0.01178816,0.8010038068001049,1.0,0.026719187508898488
beta3GalTII,0.2517555,-0.069292426,0.8012300553334314,1.0,0.02116653220065493
CG6962,0.25173417,0.3612187,0.8012465414312274,1.0,0.004603483460680556
Veneno,0.25166062,0.3000391,0.8013033907231091,1.0,0.005789948270134308
IntS1,0.2513977,-0.08030069,0.8015066355440142,1.0,0.02847515542689004
nerfin-2,0.25139403,0.3268039,0.8015094782242123,1.0,0.0049831521997057565
asun,0.25133666,0.18328658,0.8015538243755285,1.0,0.008590005220445162
l(3)73Ah,0.25078437,-0.13898572,0.8019808309103831,1.0,0.08091690000474586
CG10307,0.25071818,0.43140835,0.8020320074358431,1.0,0.003749228797873855
GluRS-m,0.2506847,0.3539507,0.8020578803358231,1.0,0.004935693607327606
CG14696,0.2505641,0.46453977,0.8021511383035435,1.0,0.002942432727445304
Cp7Fa,0.25026515,0.95949864,0.8023823051091693,1.0,0.0025153053960419534
CG30156,0.25013757,0.057581548,0.8024809756677405,1.0,0.011390062170756015
CG6984,0.24951428,0.00014127845,0.8029629995685756,1.0,0.013478240235394618
AOX3,0.24907191,0.1646343,0.8033051540631034,1.0,0.004081438944520906
RpLP0-like,0.24903405,-0.13791364,0.8033344508393494,1.0,0.045275497128755164
pho,0.24885938,-0.0941431,0.8034695609067112,1.0,0.3025485264107067
Polr1E,0.24882886,-0.03628312,0.8034931702160975,1.0,0.018841061174125574
barr,0.24873435,0.07624998,0.8035662748773573,1.0,0.008495088035688861
Rad9,0.24865676,0.18546577,0.8036262959422257,1.0,0.00726116463385696
gbb,0.24845158,-0.0044435617,0.803785030214637,1.0,0.00773575055763846
RhoGAP54D,0.24840084,0.94422036,0.8038242883260777,1.0,0.0024203882112856533
Adsl,0.2480846,0.024124596,0.8040689514722572,1.0,0.009729011437520764
Pex12,0.24789743,-0.05951292,0.8042137669597503,1.0,0.017227469033268474
CG17266,0.24785073,0.1856166,0.8042499007517819,1.0,0.00840017085093256
Vinc,0.24766871,-0.08020575,0.8043907411765097,1.0,0.009396801290873712
PIG-N,0.24764188,0.3712538,0.8044115121199106,1.0,0.0051729865692183566
Sema5c,0.24758634,0.28532228,0.8044544771122457,1.0,0.0047933178301931565
CG2712,0.24719693,0.026245588,0.8047558177213656,1.0,0.011722272317403066
SmD1,0.2468851,-0.07292048,0.8049971387671538,1.0,0.0407669308528309
E5,0.24669537,0.70045215,0.8051439894402517,1.0,0.003132267096957904
CG4752,0.24664609,1.1686082,0.8051821262047039,1.0,0.0023254710265293533
CG11836,0.24651887,0.42591456,0.8052806008889976,1.0,0.004318731906411656
CG11035,0.24642473,-0.107250504,0.8053534627591348,1.0,0.047695885340040815
ball,0.24635524,0.095467135,0.8054072563962897,1.0,0.00797304351952921
CG42266,0.24623866,0.8148185,0.8054974837708121,1.0,0.002705139765554554
CG5888,0.24615115,0.06626446,0.8055652271611335,1.0,0.00759337478050401
Mcm5,0.24594486,0.5497288,0.8057249137830225,1.0,0.003891604575008305
DNAlig1,0.24590184,0.16912435,0.8057582184313206,1.0,0.005125527976840207
CG31195,0.24585734,-0.06114115,0.805792662070691,1.0,0.02050211190736083
Ppox,0.24563378,0.17951185,0.8059657399440163,1.0,0.005505196715865407
lncRNA:CR45961,0.2454911,-0.008360819,0.8060761959241284,1.0,0.010013762991789663
synr,0.24534586,0.117445394,0.8061886486408787,1.0,0.005505196715865407
EMC4,0.24534512,-0.09291129,0.8061892180319216,1.0,0.19989559109676808
CG5541,0.24533519,0.5534581,0.8061969048210564,1.0,0.003464477243604955
Inx7,0.24521348,1.9594245,0.8062911406834331,1.0,0.0018508851027478526
CG10376,0.2451186,-0.10587212,0.8063645953606091,1.0,0.031749798300982394
CG33096,0.24511787,0.110079706,0.8063651647833842,1.0,0.008305253666176262
asRNA:CR43609,0.24492593,0.58062345,0.8065137876364722,1.0,0.0042238147216553555
lncRNA:CR43724,0.24440855,0.48766923,0.8069144208009578,1.0,0.0034170186512268047
peo,0.24408129,-0.12176029,0.807167868087218,1.0,0.13691803901096294
lncRNA:CR43685,0.24365693,-0.07213413,0.8074965253840758,1.0,0.035688861468368846
Edg78E,0.24310905,0.79882467,0.8079209251840932,1.0,0.002942432727445304
lncRNA:CR44663,0.24277443,0.17150187,0.8081801501919834,1.0,0.006169617009159509
Slimp,0.24272001,0.08129502,0.8082223118553806,1.0,0.008590005220445162
lncRNA:CR44332,0.24258983,0.034542166,0.8083231602551793,1.0,0.011057852024108965
lncRNA:CR46117,0.24232619,0.3982449,0.8085274307528902,1.0,0.004508566275924256
Boh1,0.2421927,0.03314807,0.8086308530113673,1.0,0.01423757771344502
superdeath,0.2420401,0.56186575,0.8087490946757314,1.0,0.004081438944520906
Naxd,0.24190257,-0.020660596,0.8088556583750883,1.0,0.02956670305158749
CG31548,0.24186212,-0.1781943,0.8088870013143812,1.0,0.010820559062218215
Dbct,0.24176726,0.2112258,0.8089605159567304,1.0,0.004508566275924256
Corp,0.24111934,1.47729,0.8094626261211418,1.0,0.002040719472260453
CG33777,0.24102814,0.7886586,0.8095333040016927,1.0,0.003227184281714204
v,0.24061777,0.85368544,0.809851373681098,1.0,0.0024203882112856533
thoc6,0.24029014,-0.033395145,0.8101053389597515,1.0,0.019220729913150776
mRpL23,0.24022873,-0.10081345,0.8101529418606669,1.0,0.21740781168430545
BomS6,0.24011438,1.2362691,0.8102415934458267,1.0,0.0019932608798823026
Rnmt,0.24008349,-0.03374388,0.8102655383430152,1.0,0.026149684400360685
nol,0.2399978,0.7037798,0.8103319578561985,1.0,0.0031797256893360544
CG2794,0.23976651,0.03558531,0.8105112688543696,1.0,0.008874756774714061
CG10516,0.23975034,0.028758151,0.8105238124442925,1.0,0.013715533197285369
CG7655,0.23962861,-0.015928712,0.8106181760098919,1.0,0.017891889326562573
Nkap,0.23930539,-0.14657474,0.8108687802239585,1.0,0.04926201888851977
l(3)72Dr,0.23923002,0.5987033,0.8109272288189516,1.0,0.004318731906411656
lncRNA:CR43857,0.2390366,0.4390835,0.8110772041814739,1.0,0.003939063167386455
CG15293,0.238695,0.42340985,0.811342101557092,1.0,0.003132267096957904
Tmc,0.23853283,0.9096274,0.8114678569588418,1.0,0.002705139765554554
Clk,0.23795551,-0.023138866,0.8119155970593804,1.0,0.00759337478050401
CG42369,0.23736276,0.3451844,0.8123753789220346,1.0,0.003464477243604955
CG4658,0.23734878,-0.12952937,0.8123862182334054,1.0,0.11005647572492999
CG18324,0.23720868,-0.09705142,0.8124948985789485,1.0,0.02923449290494044
Eogt,0.23712558,0.010057493,0.812559366842394,1.0,0.018461392435100376
BBS4,0.23696047,0.24610063,0.8126874513646906,1.0,0.004650942053058707
mRpL18,0.23685016,-0.08644195,0.812773034016558,1.0,0.07640833372882161
CG9117,0.23588528,0.20266588,0.8135216921528567,1.0,0.004603483460680556
Nup37,0.23563303,0.08909561,0.8137174441671774,1.0,0.00783066774239476
eIF4B,0.23553191,-0.0987542,0.8137959194523884,1.0,0.3047790802524797
Mtkl,0.23547637,0.42999944,0.8138390103130543,1.0,0.0033695600588486544
Mtr3,0.23497555,0.08956201,0.8142277096135652,1.0,0.012149399648806417
CG32641,0.23467144,1.9100714,0.8144637483294459,1.0,0.0017085093256134023
Bdp1,0.2346196,-0.05135154,0.8145039936129704,1.0,0.019742774429310425
CG5853,0.23430926,1.3658808,0.8147449046913109,1.0,0.0020881780646386026
Pex23,0.23420629,-0.08005932,0.8148248316690782,1.0,0.05666555929951118
danr,0.23407611,-0.087217994,0.8149258849639105,1.0,0.03454985525129325
lncRNA:CR45641,0.23343556,0.43356454,0.8154232033484596,1.0,0.003654311613117555
SdhA,0.23304652,-0.08441929,0.8157252849257204,1.0,0.28627022922500117
Ugt37D1,0.23277919,0.4181731,0.8159328748187119,1.0,0.003227184281714204
Rpn8,0.23265417,-0.11342136,0.8160299639348745,1.0,0.11532437947890466
blow,0.23249605,0.094551094,0.816152757155374,1.0,0.005647572492999858
mdy,0.23179813,0.6361451,0.8166948146172909,1.0,0.002372929618907503
ais,0.23166795,-0.09772778,0.8167959246140231,1.0,0.019790233021688575
CG42494,0.23165618,0.80334044,0.816805064651031,1.0,0.0027525983579327036
Orct,0.23139842,-0.108776756,0.8170052948355927,1.0,0.009349342698495562
Muc12Ea,0.23134325,-0.1563712,0.8170481416478962,1.0,0.00730862322623511
CG4854,0.23116565,0.054318096,0.8171861120975553,1.0,0.010013762991789663
lncRNA:CR44268,0.23109725,0.9794318,0.8172392450860364,1.0,0.0023254710265293533
CG12910,0.23010075,0.31428126,0.8180134821517098,1.0,0.005078069384462057
Tbc1d22,0.22950836,-0.12608273,0.8184738231388393,1.0,0.01599354563143657
Uaf1,0.22946276,-0.079071015,0.8185092585608846,1.0,0.029756537421100092
Tfb4,0.22899613,0.04078176,0.8188719213974613,1.0,0.011152769208865265
CG8620,0.22891597,-0.06519197,0.8189342267173928,1.0,0.01456978786009207
CG34002,0.22874719,1.6301711,0.81906541459179,1.0,0.0018034265103697023
f-cup,0.22874095,-0.11702537,0.8190702734992455,1.0,0.05101798680651132
CG14629,0.22849494,0.22609632,0.8192614913132258,1.0,0.0034170186512268047
Cyt-b5-r,0.22783342,0.13972898,0.8197757461630828,1.0,0.003796687390252005
Ugt317A1,0.22779481,0.31987935,0.8198057634337178,1.0,0.0033695600588486544
Mgat3,0.22773524,-0.0043692803,0.8198520763119987,1.0,0.027146314840301836
pigeon,0.22752343,-0.11676224,0.8200167494109794,1.0,0.04798063689430972
ana2,0.2274532,0.19689411,0.8200713563055732,1.0,0.0053628209387309575
Irk1,0.22681227,0.8039904,0.8205697202279891,1.0,0.002894974135067154
CG17652,0.22655267,-0.010071918,0.8207716025478444,1.0,0.017132551848512173
CG12863,0.22625004,0.124622434,0.8210069562739635,1.0,0.008115419296663661
CG15525,0.22617207,-0.12954585,0.8210675846322262,1.0,0.033980352142755445
PolE1,0.2258529,0.3807369,0.8213158288662361,1.0,0.003654311613117555
Polr1C,0.22571684,-0.05810131,0.8214216527023865,1.0,0.018508851027478526
Fpgs1,0.22496928,0.5330128,0.822003169717048,1.0,0.0036068530207394047
TBC1D5,0.22420737,-0.10471345,0.8225959428851499,1.0,0.026624270324142187
kek4,0.22351167,-0.112514764,0.8231373087779329,1.0,0.04593991742204926
lncRNA:CR43910,0.22309247,0.21107684,0.8234635424197996,1.0,0.003939063167386455
Arp3,0.22275527,-0.113988,0.8237259823270503,1.0,0.09382563713160268
MED16,0.22266923,-0.051733177,0.8237929548835607,1.0,0.009681552845142613
CG31077,0.22234674,3.05173,0.8240439702795828,1.0,0.001471216363722652
rumi,0.22187422,0.26680693,0.8244117961486029,1.0,0.005457738123487257
CG30015,0.2210373,-0.15000655,0.8250633862128396,1.0,0.12457880499264391
CG9663,0.22098583,0.22981817,0.825103470385328,1.0,0.0034170186512268047
Tsp5D,0.22086816,-0.01583672,0.8251950930632376,1.0,0.011200227801243415
CG5577,0.22055927,-0.111527674,0.8254356139191377,1.0,0.00749845759574771
asRNA:CR45124,0.22035372,0.50358355,0.825595683904214,1.0,0.0033695600588486544
CG31777,0.22019708,0.7694605,0.8257176741279684,1.0,0.0025627639884201036
CG31904,0.22011654,0.69178146,0.8257803890498363,1.0,0.0025627639884201036
CG34148,0.21951865,-0.05499947,0.8262460606092408,1.0,0.028095486687864837
CG4282,0.21933846,-0.024423806,0.8263864041296161,1.0,0.01556641830003322
DCAF12,0.21930905,-0.03462108,0.8264093178842509,1.0,0.02221062123297423
PIG-Wa,0.21895088,0.30041477,0.8266883046974856,1.0,0.004508566275924256
CG32512,0.21883138,0.03372025,0.8267814006497491,1.0,0.006169617009159509
Cyp6v1,0.21865194,0.3841338,0.8269211923747994,1.0,0.002894974135067154
CG15435,0.21856993,0.025658734,0.8269850744359815,1.0,0.008969673959470362
dhd,0.21770985,6.206937,0.8276551888195688,1.0,0.0012339234018319016
dmrt99B,0.2175098,0.070418514,0.8278110607037683,1.0,0.00730862322623511
CG13248,0.21691963,-0.11561737,0.828270979568515,1.0,0.09610364956575387
CG6276,0.21690308,-0.09920531,0.8282838753392848,1.0,0.06468606141141854
Art7,0.2167549,0.04406064,0.8283993661937643,1.0,0.014095201936310569
CG14207,0.21644711,-0.13072568,0.8286392436653505,1.0,0.12538560106307248
CG9886,0.21639527,-0.06676741,0.8286796547052677,1.0,0.02225807982535238
Gtf3c3,0.21628459,-0.004685704,0.8287659237613064,1.0,0.008874756774714061
Kmn2,0.21623716,0.7360139,0.8288028968461599,1.0,0.0027525983579327036
shams,0.21616618,0.014894246,0.8288582138750321,1.0,0.016942717478999572
P5cr-2,0.2160088,1.20072,0.8289808888627255,1.0,0.0019458022875041526
CG13088,0.21572934,0.12681457,0.8291987332290369,1.0,0.00797304351952921
Cyp6a9,0.21558225,0.74824023,0.8293133934350944,1.0,0.0023254710265293533
CG7386,0.21490309,-0.02489747,0.829842884054184,1.0,0.011674813725024916
HisCl1,0.21459347,0.16006184,0.8300842909294799,1.0,0.006691661525319159
CNBP,0.21391724,0.00039094253,0.8306115999312855,1.0,0.49413886384129846
CG1137,0.21286115,0.12026821,0.8314352605710555,1.0,0.008210336481419962
CG13203,0.2128527,0.2681555,0.8314418574877265,1.0,0.004603483460680556
Gcn2,0.21241806,0.01398198,0.8317808976173673,1.0,0.01675288310948697
CG9890,0.21225186,-0.113098614,0.8319105557581776,1.0,0.020027525983579327
GluRIIA,0.21220148,0.22489853,0.8319498556999015,1.0,0.0033695600588486544
CG10562,0.21216801,0.7126045,0.8319759602729699,1.0,0.002942432727445304
sage,0.2121636,-0.0159077,0.8319794026480855,1.0,0.009064591144226662
CG6000,0.21203674,1.2481735,0.8320783723106164,1.0,0.002135636657016753
CG32237,0.21198158,1.0938386,0.832121403429145,1.0,0.002135636657016753
Tsp42Ed,0.21158004,0.07408186,0.8324346851282882,1.0,0.004556024868302406
mars,0.21142045,0.25925225,0.832559201915709,1.0,0.005315362346352807
GstE6,0.21126454,-0.1664862,0.8326808537099588,1.0,0.008305253666176262
Nemp,0.21125314,-0.08380241,0.8326897482200704,1.0,0.02116653220065493
GstE12,0.21125314,-0.2684905,0.8326897482200704,1.0,0.06055716387451948
RunxB,0.21121049,-0.029583363,0.8327230310930891,1.0,0.006169617009159509
Pld,0.21099353,0.17186642,0.8328923193112291,1.0,0.004508566275924256
Tbca,0.21056478,-0.13494581,0.8332269015223994,1.0,0.0375397465711167
Sas10,0.21054198,-0.13426146,0.8332446931895795,1.0,0.04513312135162071
asRNA:CR44137,0.21037172,0.19092287,0.8333775594682221,1.0,0.004081438944520906
ImpL2,0.21021801,-0.23701407,0.8334975162653154,1.0,0.020881780646386027
Cp18,0.21005806,0.5134888,0.8336223558038054,1.0,0.0028475155426890037
HemK1,0.20972344,-0.114870474,0.8338835279410781,1.0,0.10322243842247639
kin17,0.20958923,-0.099987,0.833988288950202,1.0,0.03939063167386455
qkr58E-3,0.20954804,-0.08457455,0.834020435385062,1.0,0.2612595510417161
CapaR,0.20927593,0.5076649,0.8342328384420141,1.0,0.003986521759764605
CG44257,0.20913473,0.008286685,0.8343430631745951,1.0,0.007688291965260311
CG33494,0.2090542,0.79876417,0.83440592717508,1.0,0.0019932608798823026
ver,0.20895787,0.35331696,0.8344811357258717,1.0,0.0055526553082435575
RhoGAP15B,0.20820074,-0.015539784,0.8350722357280107,1.0,0.003986521759764605
TAF1B,0.20758481,-0.07154453,0.8355531653366013,1.0,0.013383323050638317
Mtr4,0.20667325,-0.069305725,0.8362650539594475,1.0,0.018319016657965925
CG32645,0.20641658,1.227242,0.8364655212088017,1.0,0.0018508851027478526
lncRNA:CR43461,0.20614447,0.28283337,0.8366780625560107,1.0,0.0038441459826301554
Abi,0.20609409,-0.12236184,0.8367174127354658,1.0,0.05258412035499027
Cap-D3,0.20596576,0.009330068,0.8368176570092217,1.0,0.010345973138436713
Gem3,0.20577823,-0.090663694,0.8369641505407773,1.0,0.019552940059797828
Boot,0.20545132,0.47875044,0.8372195223865917,1.0,0.0026102225807982534
Gar1,0.20521341,-0.076441646,0.8374053887222135,1.0,0.020217360353091927
CG5116,0.20506008,0.20116454,0.8375251868271762,1.0,0.003796687390252005
Sbp2,0.2048913,-0.07234749,0.8376570552833389,1.0,0.04332969484125101
mol,0.20458867,0.18869889,0.8378935105767104,1.0,0.004176356129277205
nAChRbeta3,0.20453387,1.1214833,0.8379363211810793,1.0,0.0017559679179915523
Jabba,0.20447136,0.25204796,0.837985166080723,1.0,0.0033695600588486544
CG12836,0.20414887,0.41217893,0.8382371582124828,1.0,0.004128897536899056
Polr3G,0.20413344,-0.08448073,0.838249226667209,1.0,0.03094300223055384
CG14818,0.20409298,-0.07417141,0.8382808347051347,1.0,0.3293626311043614
hdly,0.20407423,0.31285283,0.8382954894294377,1.0,0.002942432727445304
Sas-4,0.20379955,-0.009843841,0.8385101444626724,1.0,0.00778320915001661
Oseg1,0.20361422,0.8139811,0.8386549787449187,1.0,0.002894974135067154
CG5397,0.2035973,1.1417522,0.8386681980191236,1.0,0.0017085093256134023
CG6729,0.20294718,-0.12537336,0.8391763124155148,1.0,0.023444544634806132
Lhr,0.202881,-0.053934604,0.8392280472830774,1.0,0.020169901760713777
unpg,0.20243348,1.2142806,0.839577850687395,1.0,0.002040719472260453
Cul5,0.2022581,-0.11761198,0.8397149638747039,1.0,0.02766835935646149
CG31869,0.20216285,-0.059917267,0.8397894152114007,1.0,0.00735608181861326
CG11961,0.20184882,0.60570854,0.8400349135549285,1.0,0.0024203882112856533
CG43843,0.2010141,0.3775122,0.8406875432945027,1.0,0.0031797256893360544
Trhn,0.20072949,0.24823724,0.8409100949688278,1.0,0.00792558492715106
PGRP-LA,0.20068721,0.1134431,0.8409431625173989,1.0,0.00759337478050401
KFase,0.20030332,-0.12243658,0.8412433711804721,1.0,0.008115419296663661
Pgant3,0.20026875,-0.09896054,0.8412704025958964,1.0,0.024441175074747284
Nup50,0.20018822,-0.07874849,0.8413333807682314,1.0,0.02254283137962128
Tmem18,0.19985029,-0.113362946,0.8415976700997168,1.0,0.04451615965070476
Csl4,0.19955648,-0.10571958,0.8418274639054053,1.0,0.04945185325803236
asRNA:CR44969,0.1995484,0.92370164,0.8418337913347951,1.0,0.0018983436951260026
lncRNA:CR31781,0.1990961,1.0372922,0.8421875683978535,1.0,0.0026576811731764036
lncRNA:CR42746,0.19905345,1.662227,0.8422209343838037,1.0,0.001471216363722652
hec,0.1986839,-0.041204453,0.8425100222361553,1.0,0.010820559062218215
NimB5,0.19865778,1.1608931,0.8425304461612835,1.0,0.0018508851027478526
bru2,0.1986497,-0.14815769,0.8425367747229615,1.0,0.02130890797778938
CG15890,0.19740756,0.09469559,0.8435086170300105,1.0,0.0042238147216553555
Rtel1,0.19705382,0.059948634,0.8437854257324839,1.0,0.00783066774239476
Oat,0.19699645,0.050239433,0.8438303154493046,1.0,0.006217075601537658
CG32816,0.19680671,0.2892272,0.8439788004335123,1.0,0.0033695600588486544
lncRNA:CR45251,0.1964309,0.27472648,0.8442729091480192,1.0,0.003749228797873855
Ercc1,0.19637133,0.0369103,0.8443195311149746,1.0,0.012623985572587917
MED23,0.19625954,0.33163306,0.8444070207223349,1.0,0.004128897536899056
hfw,0.19620144,0.48621497,0.8444524930527001,1.0,0.0033221014664705046
CG13982,0.19573225,-0.1269714,0.8448197442741916,1.0,0.04855014000284751
AGO3,0.19550021,0.83693373,0.8450013676526956,1.0,0.0020881780646386026
CG10621,0.19541785,0.7444803,0.8450658444948852,1.0,0.0020881780646386026
Dic61B,0.19541527,0.2398693,0.8450678594129288,1.0,0.003701770205495705
CG6414,0.19538218,2.6461446,0.8450937655923416,1.0,0.0012813819942100518
Pez,0.19510934,0.6421543,0.8453073540302254,1.0,0.002467846803663803
Sas-6,0.1949071,0.15077527,0.8454656816396197,1.0,0.006074699824403208
rost,0.19450629,0.64704347,0.8457794766094775,1.0,0.002040719472260453
CG11777,0.19359876,-0.12825556,0.846490067845306,1.0,0.025580181291822886
lncRNA:CR44127,0.19346197,0.47359985,0.8465971856321721,1.0,0.0031797256893360544
Cht6,0.19342189,-0.051607702,0.8466285728326128,1.0,0.013430781643016467
Asciz,0.19341454,-0.07949603,0.8466343319783813,1.0,0.018888519766503725
BomS3,0.19325936,-0.07653494,0.8467558518636299,1.0,0.006501827155806559
CG34334,0.19296004,0.6551602,0.8469902630717898,1.0,0.0027525983579327036
Nprl2,0.19290046,-0.07331344,0.8470369165499012,1.0,0.026434435954629586
Vps39,0.19266403,-0.072534986,0.8472220958254316,1.0,0.018841061174125574
CG5167,0.19229007,0.29490116,0.8475150015717898,1.0,0.003132267096957904
C901,0.19219998,0.19808115,0.8475855670695995,1.0,0.003939063167386455
Gcat,0.19195397,0.11705741,0.8477782603039036,1.0,0.003939063167386455
lncRNA:CR32218,0.19183815,-0.09004306,0.8478689934537071,1.0,0.040956765222343504
Prp18,0.19135864,-0.09118279,0.8482446213253788,1.0,0.021736035309192728
CG4935,0.19134872,-0.038186256,0.848252399260855,1.0,0.018603768212234827
CG42741,0.19096299,0.5523818,0.8485545978896792,1.0,0.0026576811731764036
trbl,0.1909218,1.0183744,0.8485868644549255,1.0,0.0018508851027478526
asRNA:CR45135,0.19062248,0.92304826,0.8488213808610177,1.0,0.002230553841773053
lncRNA:CR45902,0.19057834,0.850971,0.8488559544363987,1.0,0.002230553841773053
dy,0.19036213,1.5487088,0.8490253691572688,1.0,0.0014237577713445018
CG13192,0.1900856,-0.01832397,0.8492420457637013,1.0,0.015234208153386171
ptc,0.19004737,-0.0027558084,0.8492720125742041,1.0,0.004650942053058707
tej,0.19002971,0.4621945,0.8492858434832811,1.0,0.003796687390252005
Elp4,0.18997714,-0.1459862,0.8493270483415247,1.0,0.01551895970765507
CG10184,0.18993926,-0.12776278,0.8493567276203183,1.0,0.00754591618812586
net,0.18990396,0.29454884,0.8493843900529858,1.0,0.0026102225807982534
swi2,0.18959545,0.75745237,0.8496261560772508,1.0,0.002183095249394903
BomBc2,0.18941894,0.45148745,0.8497644791150221,1.0,0.002183095249394903
CG13578,0.1892417,0.5052849,0.8499033831523635,1.0,0.003749228797873855
HGTX,0.18794808,0.26669818,0.8509173505485709,1.0,0.004888235014949457
Prip,0.18763295,0.5448488,0.8511643947971048,1.0,0.0020881780646386026
lncRNA:CR44330,0.18735532,0.65526885,0.851382047983772,1.0,0.002467846803663803
LanA,0.18626578,0.4488983,0.8522363378832362,1.0,0.0024203882112856533
Hey,0.18568921,0.47906974,0.8526884926663866,1.0,0.0031797256893360544
CG9263,0.18552704,0.18475488,0.8528156699281169,1.0,0.003986521759764605
Aldh7A1,0.1854855,0.053834025,0.8528482579149862,1.0,0.005220445161596507
Spn88Ea,0.18533473,-0.070767365,0.8529664996218713,1.0,0.007688291965260311
CG7110,0.18487656,0.060524445,0.8533258593194931,1.0,0.0051729865692183566
CG18596,0.18482655,0.04225277,0.8533650850148671,1.0,0.009206966921361113
asRNA:CR45789,0.18479161,0.5003414,0.853392485531876,1.0,0.003132267096957904
CG17292,0.18447354,-0.011729595,0.8536419825833295,1.0,0.006786578710075459
GAPsec,0.18431874,-0.11776642,0.8537634193943873,1.0,0.023302168857671682
lncRNA:CR44589,0.18400875,0.7032326,0.8540065918781431,1.0,0.0018983436951260026
CG9512,0.18391241,-0.034083705,0.8540821714433424,1.0,0.005979782639646908
Pex1,0.18379474,0.13446195,0.8541744841792576,1.0,0.005505196715865407
S-Lap1,0.18353365,0.07717557,0.8543793101892447,1.0,0.004698400645436856
lncRNA:CR42721,0.1833932,0.615063,0.8544895164141076,1.0,0.0026576811731764036
CG5381,0.1832542,0.4588124,0.8545985714416875,1.0,0.0026576811731764036
CG12096,0.18303615,-0.11296233,0.8547696607189177,1.0,0.026671728916520338
Cdk8,0.18279639,-0.043192398,0.8549577802506896,1.0,0.013668074604907219
Cib2,0.18267174,0.31852257,0.8550555941245511,1.0,0.003037349912201604
CG5618,0.18238272,-0.059577607,0.8552823923809765,1.0,0.016135921408571022
CG9967,0.18220326,0.1742213,0.8554232095290151,1.0,0.0034170186512268047
RAF2,0.18160021,-0.09230959,0.855896481196453,1.0,0.028237862464999288
CG13994,0.18149137,-0.14228113,0.8559819064875249,1.0,0.055574011674813725
Clp,0.18137701,-0.029434774,0.8560716625808897,1.0,0.018888519766503725
Shc,0.18130603,-0.08109423,0.8561273642438934,1.0,0.04432632528119216
lncRNA:CR44753,0.18082617,2.1872303,0.8565040186346597,1.0,0.0013288405865882018
udt,0.18079638,-0.099294946,0.8565273982612314,1.0,0.02121399079303308
asRNA:CR43629,0.18057355,-0.005726184,0.8567023164975218,1.0,0.0053628209387309575
IP3K1,0.18047537,0.17871372,0.8567793866675497,1.0,0.004128897536899056
Had2,0.18032056,0.24678864,0.8569009120691877,1.0,0.0025153053960419534
Fs,0.17997491,-0.09416341,0.8571722636850401,1.0,0.01570879407716767
Lapsyn,0.17976642,0.013045109,0.8573359488345669,1.0,0.005315362346352807
IntS10,0.17951342,-0.021636883,0.8575345732681176,1.0,0.0061221584167813585
asRNA:CR45175,0.1794248,0.85978806,0.8576041516935176,1.0,0.0016610507332352523
mRpL9,0.17931229,-0.12356408,0.8576924976783733,1.0,0.06535048170471264
Pus10,0.17919682,0.16077569,0.8577831552152011,1.0,0.006834037302453609
Exd2,0.1791196,0.07165001,0.857843787098751,1.0,0.007688291965260311
Pkcdelta,0.178935,1.986133,0.8579887295706502,1.0,0.0012339234018319016
lncRNA:CR45759,0.17860149,1.3880956,0.8582506198382092,1.0,0.001613592140857102
Tre1,0.17841947,0.07769674,0.8583935544053505,1.0,0.0040339803521427554
CG42260,0.17827791,0.07055096,0.8585047289448552,1.0,0.622704190593707
Dmel_CG43885,0.17803043,0.047905788,0.8586990745534537,1.0,0.006027241232025058
aft,0.17801535,0.017502718,0.8587109146073287,1.0,0.006834037302453609
ath,0.17786387,0.014614337,0.8588298944732712,1.0,0.006834037302453609
CG4730,0.17780024,-0.07200384,0.8588798554214462,1.0,0.005647572492999858
lncRNA:CR44218,0.17776714,0.28562894,0.8589058468896336,1.0,0.0031797256893360544
CycB3,0.17766382,0.49504554,0.8589869990130888,1.0,0.002372929618907503
Cyp4ac3,0.17736414,1.0457804,0.8592223774743448,1.0,0.0019458022875041526
dx,0.17628415,0.7920005,0.8600707099962834,1.0,0.0018983436951260026
nopo,0.17622384,0.17156336,0.8601180850539121,1.0,0.0035119358359831047
Mterf4,0.17598961,-0.07754107,0.8603021014847387,1.0,0.020359736130226378
CG3345,0.17588003,0.27709207,0.8603881902693948,1.0,0.005457738123487257
Nepl15,0.17579252,0.41603735,0.860456946933473,1.0,0.003464477243604955
Cp7Fc,0.17575942,1.2359582,0.860482947628328,1.0,0.001471216363722652
rgr,0.17565793,-0.07445692,0.8605626840354802,1.0,0.015376583930520622
NimB1,0.17487837,1.4375988,0.8611751994253286,1.0,0.0014237577713445018
lncRNA:CR44396,0.17456362,-0.10253687,0.8614225406469856,1.0,0.010820559062218215
asRNA:CR44894,0.1745434,1.1192691,0.8614384333633075,1.0,0.0018034265103697023
CG8654,0.17451765,1.0425721,0.8614586605379461,1.0,0.0018034265103697023
Orc4,0.1744375,-0.016849214,0.8615216543210189,1.0,0.014379953490579469
mei-218,0.17423855,0.91468024,0.8616779867340714,1.0,0.002183095249394903
CG16734,0.17412493,0.055700716,0.8617672806920149,1.0,0.006217075601537658
Hf,0.17410912,0.3055969,0.8617797068521079,1.0,0.002989891319823454
CG2961,0.17402528,0.49984735,0.8618455949701547,1.0,0.002183095249394903
CG31627,0.17400248,0.2989355,0.8618635120808038,1.0,0.004176356129277205
lncRNA:CR44384,0.17386386,0.27361158,0.8619724612027476,1.0,0.004176356129277205
CG31778,0.17353989,0.87570524,0.8622270713751774,1.0,0.0017559679179915523
lili,0.1734259,-0.115418784,0.8623166651936582,1.0,0.03027858193725974
Fgop2,0.17340274,-0.115997635,0.8623348731862625,1.0,0.05040102510559537
DhpD,0.17333803,-0.12654898,0.8623857403468101,1.0,0.01580371126192397
CG45218,0.17329904,0.39420873,0.8624163765256677,1.0,0.002942432727445304
CCHa1,0.17327073,0.13135377,0.862438631238188,1.0,0.004556024868302406
CG10336,0.172967,-0.052306328,0.8626773704729616,1.0,0.023444544634806132
Uhg8,0.17258824,0.29662788,0.8629750895093458,1.0,0.004888235014949457
ND-B17,0.17234887,-0.047881547,0.8631632695423563,1.0,0.3917706800816288
Polr3C,0.17217714,0.02213416,0.8632982667607662,1.0,0.012529068387831617
CG9286,0.17208852,-0.12175886,0.8633679349811885,1.0,0.023302168857671682
CG2260,0.17198557,-0.022180274,0.8634488786462235,1.0,0.01509183237625172
Elba2,0.17177266,1.2414927,0.8636162631276624,1.0,0.0016610507332352523
CG31510,0.171484,-0.14710867,0.8638432104117137,1.0,0.0730862322623511
Debcl,0.17146635,0.06586323,0.8638570878077481,1.0,0.004888235014949457
Mettl3,0.17143142,-0.019601123,0.8638845536112143,1.0,0.009349342698495562
CG6659,0.17113724,-0.10066596,0.8641158511091973,1.0,0.05623843196810783
CG30096,0.17101333,-0.06892548,0.8642132886671925,1.0,0.026434435954629586
CG15473,0.17029518,2.297936,0.8647780045047037,1.0,0.0011864648094537516
dpa,0.17026722,0.112194,0.8647999815318005,1.0,0.004413649091167956
Ndg,0.17026281,2.010564,0.8648034515982703,1.0,0.0011864648094537516
CG13933,0.17015912,-0.12968484,0.8648849989106779,1.0,0.05657064211475488
ppk28,0.17004256,0.2681776,0.8649766690612362,1.0,0.004366190498789806
lace,0.1699565,-0.13239177,0.8650443384138321,1.0,0.05120782117602392
MFS12,0.16975574,0.5306594,0.8652022374174999,1.0,0.0027525983579327036
CG10646,0.16971418,-0.1612265,0.8652349168213791,1.0,0.0388685871577049
Ncc69,0.16937663,-0.086439066,0.8655004093640871,1.0,0.008067960704285511
snoRNA:Or-ACA9,0.16936192,2.1611912,0.8655119780119447,1.0,0.0011390062170756016
lab,0.16925527,0.8044007,0.8655958515706114,1.0,0.0023254710265293533
spn-F,0.16913503,-0.075282924,0.8656904280543225,1.0,0.026244601585116985
CG13369,0.16910379,-0.16937937,0.8657150124706181,1.0,0.08680176545963647
eIF2D,0.16898721,-0.117076695,0.8658066990277336,1.0,0.024061506335722082
FASN3,0.16830878,0.39751193,0.8663403679512649,1.0,0.0030848085045797544
CG6345,0.16829848,-0.019749433,0.8663484674618873,1.0,0.010820559062218215
l(2)dtl,0.16821428,-0.019306384,0.8664147104147562,1.0,0.00797304351952921
ste24b,0.16818118,0.54795605,0.8664407450199236,1.0,0.002278012434151203
CG15021,0.16806608,1.3155944,0.8665312887193334,1.0,0.001471216363722652
Sh,0.16777228,0.07885155,0.8667624289775658,1.0,0.9027573442171705
frm,0.16770352,1.0168861,0.8668165272798188,1.0,0.0018508851027478526
Sp7,0.16759357,0.17426164,0.8669030280003851,1.0,0.003464477243604955
CG10669,0.16757555,-0.024563884,0.8669172038557905,1.0,0.019695315836932275
U2af50,0.16739354,-0.13691081,0.8670604113251581,1.0,0.1111005647572493
asRNA:CR45943,0.16729167,0.7053229,0.8671405515507724,1.0,0.002230553841773053
mus304,0.16717254,0.030121453,0.8672342913091486,1.0,0.004650942053058707
Doa,0.16716188,-0.15190439,0.8672426816872166,1.0,0.1561387689241137
Fer3,0.16711812,0.28584793,0.8672771113262309,1.0,0.0042238147216553555
Pal1,0.16607049,-0.09997784,0.8681014724140595,1.0,0.06582506762849413
ERp44,0.16577448,-0.12421549,0.8683344260219896,1.0,0.05372312657206587
CG10514,0.16568403,-0.13697588,0.868405616610877,1.0,0.011247686393621566
CG3663,0.16557775,0.41425347,0.8684892524461731,1.0,0.002942432727445304
CG17036,0.16545126,0.3278855,0.8685888070542835,1.0,0.002942432727445304
oya,0.16532366,-0.14974192,0.8686892319820763,1.0,0.05025864932846092
lncRNA:Irar,0.16486917,0.30296284,0.8690469587241659,1.0,0.0025153053960419534
hd,0.1648346,0.114064276,0.8690741655773946,1.0,0.0061221584167813585
CG14174,0.16473569,0.28541768,0.8691520243435839,1.0,0.003701770205495705
lncRNA:CR43126,0.16422567,-0.15572628,0.8695534946811346,1.0,0.03260405296378909
CG42445,0.16415323,0.25700986,0.8696105195135694,1.0,0.0032746428740923544
Samuel,0.16391164,0.09343517,0.8698007036772215,1.0,0.0032746428740923544
CG11257,0.1636958,0.03708902,0.869970631058709,1.0,0.009301884106117413
CG13319,0.16327329,-0.099208035,0.8703032660818002,1.0,0.032034549855251296
LanB1,0.1630431,0.19224173,0.8704845024824412,1.0,0.003227184281714204
CG2736,0.16301957,0.82228714,0.8705030318269458,1.0,0.001613592140857102
Mipp1,0.16296037,0.028474387,0.8705496450235406,1.0,0.004840776422571307
CG6847,0.16258566,0.58779323,0.8708446793439428,1.0,0.0019932608798823026
y,0.16253345,1.8028327,0.8708857944847204,1.0,0.0011864648094537516
CG11125,0.16217528,1.1478096,0.8711678190046066,1.0,0.001566133548478952
lncRNA:CR43716,0.16214293,1.1002525,0.8711933004667962,1.0,0.001566133548478952
CG31457,0.16191752,-0.104860954,0.8713708057238561,1.0,0.03189217407811684
Dtg,0.1618381,0.23383321,0.8714333539816788,1.0,0.003559394428361255
CG8089,0.16170609,0.5708609,0.8715373132812381,1.0,0.0019458022875041526
Damm,0.16136117,0.47770727,0.8718089499989189,1.0,0.0023254710265293533
lncRNA:CR45409,0.16127697,-0.104879454,0.8718752687230023,1.0,0.025200512552797684
Tti1,0.1611615,0.20740291,0.8719662050314415,1.0,0.004318731906411656
Vkor,0.1609633,0.3946957,0.872122306652148,1.0,0.002705139765554554
Frmd5,0.1608688,-0.11861625,0.8721967390488089,1.0,0.050638318067486116
Trax,0.16086732,-0.07261451,0.8721978975386355,1.0,0.019505481467419677
CG2147,0.16057278,-0.109269984,0.8724298906465953,1.0,0.045180579943998864
CG43925,0.16034995,1.3741465,0.8726054133234662,1.0,0.001471216363722652
CG12857,0.16025802,0.9553951,0.8726778254965901,1.0,0.001471216363722652
asRNA:CR44843,0.1599109,-0.026632806,0.872951263476831,1.0,0.005505196715865407
Cyp12b2,0.15974174,-0.15244874,0.8730845120626753,1.0,0.03113283660006644
lncRNA:CR46254,0.15958878,0.7369645,0.8732050182320463,1.0,0.002230553841773053
cutlet,0.15956047,0.6603374,0.8732273237832517,1.0,0.002230553841773053
Nep2,0.15914641,-0.12503736,0.8735535177618405,1.0,0.009634094252764463
CG2209,0.15909567,0.2681797,0.8735934968339594,1.0,0.004603483460680556
Cdc16,0.15870443,-0.013324804,0.8739017521043368,1.0,0.009871387214655213
mad2,0.15859522,0.45865858,0.8739878004626818,1.0,0.0033695600588486544
sisRNA:CR46364,0.15859374,0.27639383,0.8739889593733047,1.0,0.002989891319823454
Orc5,0.15841466,0.009432567,0.8741300587609866,1.0,0.007023871671966209
CG7131,0.15813667,0.14052524,0.87434910393184,1.0,0.004176356129277205
grass,0.15725967,0.15767595,0.875040202323669,1.0,0.005315362346352807
lncRNA:CR45597,0.15724276,0.20191625,0.875053532623316,1.0,0.0033221014664705046
SmydA-7,0.15714751,0.038432494,0.8751285886678155,1.0,0.0057424896777561575
asRNA:CR44340,0.15697764,0.21572587,0.8752624752114831,1.0,0.003701770205495705
CG9107,0.15668787,-0.050210997,0.8754908440463842,1.0,0.02050211190736083
Spt,0.15656579,0.063921705,0.8755870634631295,1.0,0.004508566275924256
gcm2,0.15626611,1.0453677,0.8758232725381209,1.0,0.0016610507332352523
Ugt302K1,0.15623301,0.7848493,0.8758493576544714,1.0,0.0016610507332352523
Regnase-1,0.15620029,0.023288054,0.8758751530688279,1.0,0.004888235014949457
asRNA:CR45601,0.15607968,20.256289,0.8759702204532719,1.0,0.0008542546628067012
lost,0.15581639,-0.097424746,0.8761777518128354,1.0,0.30800626453419394
Tsen34,0.15555052,0.061391223,0.8763873207494242,1.0,0.006454368563428408
Adat1,0.1555384,-0.058773953,0.8763968863434982,1.0,0.013430781643016467
CG3603,0.15550126,0.54300964,0.8764261629708759,1.0,0.0024203882112856533
CG1674,0.15544389,0.15398654,0.8764713826483757,1.0,0.0040339803521427554
Gpa2,0.15538542,1.2734168,0.8765174723499803,1.0,0.001613592140857102
lncRNA:CR45967,0.15530121,0.3096411,0.8765838538509587,1.0,0.0024203882112856533
Mvb12,0.15514494,-0.077915564,0.8767070532599953,1.0,0.031939632670494995
Cog6,0.15487467,-0.11457899,0.8769201228157095,1.0,0.032651511556167245
sav,0.1547548,0.008707022,0.8770146299917717,1.0,0.006834037302453609
B-H1,0.15447827,0.37064523,0.8772326409597277,1.0,0.003559394428361255
CG30356,0.15351228,0.3468486,0.8779943027919396,1.0,0.0023254710265293533
CG8679,0.15350714,-0.004038043,0.8779983621989346,1.0,0.011579896540268616
Srx,0.15336888,-0.1596589,0.8781073874722213,1.0,0.06278771771629253
CG9008,0.15302506,-0.10760713,0.8783785108694236,1.0,0.017607137772293675
fit,0.15290225,1.4537982,0.8784753648259709,1.0,0.0010915476246974515
shtd,0.15244333,0.044806205,0.8788372783279498,1.0,0.006691661525319159
SCCRO3,0.15211718,-0.09406767,0.8790945191067052,1.0,0.04375682217265436
Smyd5,0.15202671,-0.058051374,0.8791658643579653,1.0,0.019885150206444876
Obp99a,0.15201752,2.157326,0.8791731149465611,1.0,0.0010440890323193013
CG13053,0.15201385,2.090624,0.8791760151848367,1.0,0.0010440890323193013
CG6362,0.15160678,1.0345248,0.8794970815763111,1.0,0.0014237577713445018
Cdk12,0.15159465,-0.14468165,0.8795066529655542,1.0,0.19671586540743202
CG31710,0.15116516,-0.026474379,0.8798454334661625,1.0,0.00707133026434436
CG30039,0.15073714,1.2491134,0.8801830756425283,1.0,0.0013762991789663518
Mettl4,0.15055622,-0.049232714,0.8803257969304228,1.0,0.015613876892411371
btz,0.15044849,-0.13468088,0.8804107933657475,1.0,0.049831521997057565
asRNA:CR45161,0.15030287,-0.08910254,0.880525671283233,1.0,0.010773100469840065
rec,0.15016498,-0.06893531,0.8806344595078067,1.0,0.006217075601537658
EndoG,0.15012857,-0.14836103,0.8806631799750307,1.0,0.048834891557116414
lncRNA:CR44493,0.15007083,0.3361643,0.8807087268963943,1.0,0.004128897536899056
CG13689,0.14970607,-0.09560619,0.8809965229311613,1.0,0.028807365573537087
CG10359,0.1495792,0.48675796,0.8810966169713668,1.0,0.0025153053960419534
Trissin,0.14952552,-0.008050077,0.8811389761807418,1.0,0.008210336481419962
mthl15,0.14950824,0.42184657,0.8811526124369391,1.0,0.0025153053960419534
CG1888,0.14936446,-0.14941037,0.8812660558486264,1.0,0.04427886668881401
natalisin,0.14934938,0.6928299,0.8812779515905049,1.0,0.0017085093256134023
RPA2,0.1492023,0.14590272,0.881394009013801,1.0,0.008447629443310711
uncNacbeta,0.14896181,0.23891363,0.8815837683862431,1.0,0.002894974135067154
asRNA:CR45549,0.148889,1.4602935,0.8816412198125554,1.0,0.0012813819942100518
chas,0.14882024,0.040153164,0.8816954800648198,1.0,0.005315362346352807
Cep290,0.1486522,0.47852796,0.8818280863329364,1.0,0.002467846803663803
CG9377,0.14855511,-0.10407375,0.8819046919013196,1.0,0.006169617009159509
Antp,0.14852054,0.21478418,0.8819319683931726,1.0,0.0032746428740923544
atilla,0.14820395,-0.0149916345,0.8821818159628256,1.0,0.004081438944520906
Ugt301D1,0.14797486,0.12086365,0.8823626072885206,1.0,0.003654311613117555
CG4860,0.14795537,1.3335418,0.8823779878929702,1.0,0.0012339234018319016
FLASH,0.14778513,-0.14581002,0.8825123524172125,1.0,0.03027858193725974
CG16790,0.14722435,0.057264153,0.8829549376406023,1.0,0.012386692610697166
lncRNA:CR43856,0.14697394,0.034167316,0.8831525891472826,1.0,0.006834037302453609
lncRNA:CR45805,0.14696254,0.1995461,0.8831615866724781,1.0,0.0019932608798823026
CG15638,0.14668491,0.34482992,0.8833807245985802,1.0,0.002372929618907503
CG42867,0.1466702,0.97928303,0.8833923348040034,1.0,0.001566133548478952
CG17019,0.14630102,-0.13972405,0.8836837591578949,1.0,0.0698590479806369
CG15728,0.14600427,0.341015,0.8839180130544232,1.0,0.003132267096957904
Pdha2,0.14598994,0.33671615,0.8839293341319654,1.0,0.003132267096957904
Dnaaf3,0.14591897,0.4956681,0.883985359300431,1.0,0.0023254710265293533
Glos,0.14584064,-0.059346113,0.8840471908593088,1.0,0.010440890323193014
CG5382,0.14569613,-0.102642946,0.8841612762932801,1.0,0.03331593184946134
CG31473,0.14568914,0.22660887,0.8841667919349487,1.0,0.0023254710265293533
Plzf,0.14563031,-0.051967505,0.8842132396664142,1.0,0.012908737126856817
Ccz1,0.14511992,-0.14539637,0.8846161904208928,1.0,0.030610792083906792
Fbl6,0.14496548,-0.15508203,0.8847381266513097,1.0,0.12434151203075317
CG9689,0.14463528,-0.15691045,0.8849988470798326,1.0,0.00802050211190736
Nsun5,0.1444367,-0.05957893,0.8851556337355827,1.0,0.02762090076408334
CG8012,0.1442955,-0.15256998,0.8852671292047128,1.0,0.004698400645436856
Cpes,0.14422674,-0.14678186,0.8853214259980043,1.0,0.02857007261164634
NELF-B,0.14415136,-0.085310474,0.8853809498393186,1.0,0.01570879407716767
CG13671,0.14401898,-0.06308662,0.8854854810769438,1.0,0.018176640880831475
GLaz,0.14379174,-0.14135721,0.8856649310142414,1.0,0.008779839589957763
lncRNA:CR45180,0.14372481,0.009637103,0.8857177798485453,1.0,0.004650942053058707
CG5001,0.14359647,-0.03154258,0.8858191232657973,1.0,0.0038441459826301554
Snmp2,0.14358507,-0.0060004904,0.8858281252069492,1.0,0.005457738123487257
Dph3,0.14349389,-0.038816374,0.8859001412664907,1.0,0.023492003227184283
lncRNA:CR45938,0.14344902,0.60230243,0.8859355688674498,1.0,0.0018034265103697023
Hil,0.14338689,0.43589556,0.8859846451831221,1.0,0.0018034265103697023
CG15387,0.14325634,-0.11980048,0.8860877359091438,1.0,0.018319016657965925
Klp54D,0.14313279,0.17934203,0.8861853108792359,1.0,0.003796687390252005
Thg,0.14303057,-0.029018043,0.8862660438554611,1.0,0.010678183285083765
Pms2,0.14300151,-0.051102374,0.8862889861756366,1.0,0.009491718475630012
CG15439,0.14291914,-0.12453391,0.8863540383358218,1.0,0.015376583930520622
Mal-B2,0.14266065,0.3122246,0.8865582025417438,1.0,0.0025627639884201036
TTLL6B,0.14257534,0.63835824,0.8866255812869476,1.0,0.0017559679179915523
CG9084,0.14220467,0.5548586,0.8869183398274246,1.0,0.002135636657016753
RNaseZ,0.14171377,0.087985925,0.8873060943784724,1.0,0.008115419296663661
CG9451,0.14159757,0.5652016,0.887397881429983,1.0,0.0017085093256134023
CG14273,0.14089745,0.42112854,0.8879509593823784,1.0,0.002467846803663803
lncRNA:CR44619,0.1408364,0.34062448,0.8879991820036284,1.0,0.002467846803663803
Ent3,0.14057276,-0.12255289,0.88820747362781,1.0,0.2348251150870865
Acat1,0.1404639,0.037579358,0.8882934651697383,1.0,0.008067960704285511
Blos4,0.13971303,-0.05736978,0.8888867263697984,1.0,0.027478524986948888
mbm,0.13945453,-0.14535674,0.8890909830136933,1.0,0.015613876892411371
asf1,0.13939828,-0.11689812,0.8891354381385088,1.0,0.060224953727872434
Tig,0.1389092,0.86022633,0.8895218927855306,1.0,0.001566133548478952
CG18343,0.13890332,0.8383116,0.8895265420239958,1.0,0.001566133548478952
out,0.1388728,0.08000324,0.8895506600095079,1.0,0.003986521759764605
Syx6,0.13860585,-0.09875399,0.8897616240933829,1.0,0.251103412272792
CG31659,0.13857606,0.732429,0.8897851618928595,1.0,0.0019458022875041526
Wsck,0.13844699,0.088806964,0.889887160146307,1.0,0.003559394428361255
lncRNA:CR43423,0.13837014,1.5829319,0.8899478950149217,1.0,0.0011390062170756016
dpr5,0.13821238,-0.15906522,0.8900725633472635,1.0,0.07882872194010726
CG2641,0.1379447,0.70987725,0.8902841279478952,1.0,0.001518674956100802
PIG-C,0.13778253,-0.01676043,0.8904122910740164,1.0,0.00797304351952921
lncRNA:CR44603,0.13776489,-0.047424667,0.8904262409748935,1.0,0.00840017085093256
lncRNA:CR43256,0.13746923,-0.10409461,0.8906599068537598,1.0,0.00802050211190736
CG1213,0.13745269,-0.06856253,0.8906729854487057,1.0,0.004745859237815006
mt:tRNA:Ala-TGC,0.13742438,1.3465716,0.8906953644468308,1.0,0.0010915476246974515
stw,0.13731627,0.26938078,0.8907808123314016,1.0,0.0030848085045797544
Strn-Mlck,0.137128,-0.002010897,0.8909296225592338,1.0,0.005932324047268758
CG43342,0.13710262,-0.06136735,0.8909496773564741,1.0,0.006739120117697309
CG18367,0.13709196,1.0756832,0.8909581062051224,1.0,0.001471216363722652
fon,0.13699783,0.6548222,0.8910325131275854,1.0,0.001471216363722652
by,0.1368875,-0.095086776,0.8911197099609451,1.0,0.006739120117697309
CG17834,0.13666174,0.5766386,0.8912981769173688,1.0,0.0018508851027478526
CG14286,0.1366518,-0.09426645,0.8913060249393119,1.0,0.011247686393621566
CG30385,0.13654774,2.127631,0.8913882844765109,1.0,0.0010440890323193013
asRNA:CR45865,0.13629328,0.4287416,0.8915894328602878,1.0,0.002230553841773053
Ir76a,0.13621275,-0.11657507,0.8916530925454139,1.0,0.005505196715865407
Vps53,0.13616017,-0.10337715,0.8916946606618905,1.0,0.03042095771439419
asRNA:CR45501,0.1361451,1.0208296,0.8917065788480913,1.0,0.0014237577713445018
CG3225,0.13612303,0.19877505,0.8917240201402837,1.0,0.005410279531109108
Cox11,0.1359833,-0.12377196,0.8918344828735612,1.0,0.04494328698210811
Ipo9,0.1355494,0.0038823583,0.8921775120986417,1.0,0.00745099900336956
ImpE1,0.13541113,-0.0024919831,0.8922868205680767,1.0,0.0034170186512268047
CG14495,0.13532582,0.42512608,0.8923542672404947,1.0,0.002183095249394903
CG7639,0.13492097,-0.13139407,0.892674358823713,1.0,0.09757486592947653
CG1971,0.1349092,0.1160589,0.892683662383048,1.0,0.0033695600588486544
CG13970,0.13468343,2.2424252,0.892862177286682,1.0,0.0009491718475630013
ppk29,0.13459371,0.25690308,0.8929331195704685,1.0,0.002942432727445304
ldbr,0.13441977,0.09215917,0.8930706453716544,1.0,0.003749228797873855
CG13659,0.1344014,-0.11759025,0.8930851831707524,1.0,0.004176356129277205
T3dh,0.13435836,0.2938464,0.8931192017610168,1.0,0.002135636657016753
lncRNA:CR45745,0.13430136,1.046441,0.8931642694269932,1.0,0.0013288405865882018
Targ3,0.13429733,0.3008588,0.8931674677905934,1.0,0.0033221014664705046
Jheh1,0.13403735,0.114906825,0.8933730389841318,1.0,0.004935693607327606
CG13287,0.1339811,0.9220651,0.8934175270457242,1.0,0.0017085093256134023
COX5BL,0.13396932,0.29457814,0.8934268317807529,1.0,0.0025153053960419534
CG31806,0.13369979,0.17218219,0.8936399723810939,1.0,0.003701770205495705
lncRNA:CR44766,0.1335288,0.5254223,0.8937751883409955,1.0,0.0020881780646386026
CG14961,0.13335009,0.94063795,0.8939165141275951,1.0,0.0012813819942100518
imd,0.13328905,-0.12778799,0.8939647866702006,1.0,0.024203882112856533
ana3,0.13311328,0.3629649,0.8941037905221433,1.0,0.002467846803663803
CG12278,0.13298237,0.613615,0.8942073185168543,1.0,0.0016610507332352523
Mer,0.13281912,-0.010476946,0.8943364402266429,1.0,0.008874756774714061
CG32536,0.13263378,0.60177165,0.8944830142090905,1.0,0.002040719472260453
lncRNA:CR43838,0.1326154,0.060025405,0.8944975554753066,1.0,0.003654311613117555
lncRNA:CR44657,0.13242823,0.88821596,0.8946455875821584,1.0,0.0012339234018319016
CG7006,0.13238814,-0.12837303,0.8946772884515679,1.0,0.019410564282663377
srp,0.13206457,0.71652323,0.8949332282328989,1.0,0.001613592140857102
Gnf1,0.13189358,-0.15991879,0.8950684735585491,1.0,0.06734374258459494
Mrtf,0.13187666,-0.19083485,0.8950818528318861,1.0,0.08063214845047696
mi,0.13182628,-0.10288484,0.8951216999749202,1.0,0.030515874899150492
Irbp,0.13170382,-0.04505123,0.8952185558125765,1.0,0.00726116463385696
CG11294,0.13167478,-0.09898378,0.895241533853205,1.0,0.03241421859427649
asRNA:CR43889,0.13161631,0.40021244,0.8952877810621844,1.0,0.0019932608798823026
Dpp10,0.1316097,-0.057606746,0.8952930166177041,1.0,0.4032556594371411
lncRNA:CR45243,0.13151519,0.997321,0.8953677692132709,1.0,0.0011864648094537516
Nup75,0.13149828,0.033843845,0.8953811491533267,1.0,0.007213706041478809
lncRNA:CR44050,0.1314751,-0.055602737,0.895399473902128,1.0,0.005220445161596507
asRNA:CR33945,0.13116145,0.85428375,0.8956475906732788,1.0,0.001566133548478952
CG3246,0.13113534,0.16579397,0.8956682432917701,1.0,0.002372929618907503
PIG-A,0.13104893,-0.053990904,0.8957366010544028,1.0,0.011295144985999716
Pcyt1,0.13104819,-0.11840539,0.8957371828259182,1.0,0.22291300840017086
CG43673,0.13099231,4.4943585,0.8957813976251289,1.0,0.000759337478050401
me31B,0.13087904,-0.14165363,0.8958709917633266,1.0,0.13326372739784537
CG14257,0.13073453,0.45849568,0.8959853134847835,1.0,0.0019458022875041526
mtsh,0.13020687,0.7238467,0.8964027660844509,1.0,0.001518674956100802
lncRNA:CR44129,0.13020171,0.6980767,0.8964068389342066,1.0,0.001518674956100802
CG42514,0.12990901,0.06422331,0.8966384140215641,1.0,0.005125527976840207
CG43351,0.12965456,1.0628247,0.8968397402231681,1.0,0.0010915476246974515
CG9175,0.1295354,-0.03848036,0.8969340050637883,1.0,0.03360068340373024
CG7208,0.12930743,0.73865527,0.8971143924551371,1.0,0.001471216363722652
shf,0.12928757,0.67452383,0.8971301038669175,1.0,0.001471216363722652
CG10344,0.12919565,0.20139463,0.8972028424099459,1.0,0.003464477243604955
kune,0.12906878,-0.11697855,0.8973032230179062,1.0,0.06682169806843528
CG18327,0.12878674,0.3325525,0.8975263939083119,1.0,0.003037349912201604
scaRNA:MeU5-C46,0.12878343,0.21321018,0.8975290126500932,1.0,0.0018508851027478526
lncRNA:CR45530,0.12856244,0.41816294,0.8977038889312104,1.0,0.002230553841773053
CG8159,0.12825467,-0.08468075,0.8979474437090305,1.0,0.013240947273503868
twe,0.1278726,0.1060553,0.8982497909092985,1.0,0.006596744340562859
CG14565,0.12786599,1.8599595,0.8982550290084136,1.0,0.0009966304399411513
CG34437,0.12785642,1.7794425,0.8982625951594063,1.0,0.0009966304399411513
Nep6,0.12784246,1.6366205,0.8982736533967246,1.0,0.0009966304399411513
Aasdh,0.12778361,-0.13908659,0.8983202146126272,1.0,0.02306487589578093
GstE3,0.12760013,-0.17598689,0.8984654296522758,1.0,0.00835271225855441
CG14074,0.1275229,-0.18015976,0.8985265432108057,1.0,0.0361159887997722
lok,0.12748063,0.9230004,0.8985600104145657,1.0,0.0013762991789663518
CG6583,0.12633592,-0.114498585,0.8994660214177019,1.0,0.04693654786199041
Balat,0.12615906,-0.026679946,0.8996060239126464,1.0,0.004556024868302406
CG17896,0.12612706,-0.15192617,0.8996313469429915,1.0,0.06307246927056144
RnrL,0.12606786,0.41185242,0.8996782093720802,1.0,0.002894974135067154
CG15861,0.12567882,0.36863843,0.899986171171187,1.0,0.0020881780646386026
His2B:CG17949,0.12561189,0.9350709,0.9000391491057644,1.0,0.0012813819942100518
Ptip,0.12541516,-0.11961252,0.900194883524303,1.0,0.04157372692325945
Try29F,0.12536184,-0.0825297,0.9002370925801884,1.0,0.016373214370461773
Shark,0.12534162,0.33259827,0.9002531029855412,1.0,0.002467846803663803
Vps33B,0.12504193,-0.055378217,0.9004903528361345,1.0,0.01466470504484837
CG7720,0.12485771,0.47184458,0.9006362004096885,1.0,0.002040719472260453
CG13436,0.124684885,0.17705551,0.9007730265326392,1.0,0.0040339803521427554
Arg,0.124663554,0.17426233,0.9007899116629092,1.0,0.005220445161596507
snoRNA:Tudor-SN-a,0.12465326,-0.09737116,0.9007980631211767,1.0,0.012291775425940867
bsh,0.12323204,-0.070281975,0.9019233555041155,1.0,0.013383323050638317
CG12945,0.122699216,-0.1859084,0.9023452818852039,1.0,0.07332352522424185
mRpL21,0.12258045,-0.12645385,0.9024393382517814,1.0,0.11703288880451806
lncRNA:CR13130,0.12258008,0.035511997,0.9024396294500897,1.0,0.003939063167386455
CG8892,0.12255544,-0.13728485,0.9024591397666499,1.0,0.0408618480375872
CG32638,0.12254478,-0.14289072,0.9024675845488022,1.0,0.01385790897441982
Agxt,0.12253669,0.902772,0.9024739909426239,1.0,0.001518674956100802
Fatp3,0.122421965,0.45101902,0.9025648459384698,1.0,0.001518674956100802
CG11986,0.122317895,-0.06041085,0.90264725718264,1.0,0.010820559062218215
lncRNA:CR44317,0.122088075,-0.13554609,0.9028292645290563,1.0,0.012576526980209767
PolD2,0.122064546,-0.026049124,0.9028479023697391,1.0,0.010393431730814863
CG11626,0.122004606,1.814913,0.9028953708620292,1.0,0.0010915476246974515
CG17230,0.12196269,-0.124612086,0.9029285698911501,1.0,0.05092306962175502
CG34057,0.121594235,0.013645543,0.9032203791798719,1.0,0.003891604575008305
CG18094,0.121563345,0.72642905,0.9032448428285007,1.0,0.001471216363722652
Ppat-Dpck,0.121278,-0.12982883,0.9034708446853937,1.0,0.021736035309192728
CG5435,0.121201515,0.065037824,0.9035314238326251,1.0,0.003464477243604955
Cyp12c1,0.12115812,0.3135339,0.9035657910985265,1.0,0.0018508851027478526
Ada2a,0.12095735,-0.13142222,0.9037248148664385,1.0,0.008779839589957763
Pzl,0.12091249,0.15187293,0.9037603481778358,1.0,0.005030610792083907
Fbw5,0.120721646,-0.081049256,0.9039115125327926,1.0,0.008732380997579612
Mccc2,0.1207073,0.2714449,0.9039228718447283,1.0,0.002230553841773053
CG13390,0.12062935,-0.09456337,0.9039846202432581,1.0,0.02838023824213374
Iris,0.120565,0.50404567,0.9040355922361619,1.0,0.0014237577713445018
CG3021,0.120215304,-0.08776732,0.9043125955174558,1.0,0.036400740354041096
Bckdha,0.12008881,-0.030409222,0.9044127972608015,1.0,0.0026102225807982534
CG8319,0.11994614,-0.14868186,0.9045258173327374,1.0,0.010820559062218215
BomS4,0.119669616,0.6510231,0.9047448720493446,1.0,0.0013762991789663518
CG42711,0.11963578,0.48728576,0.9047716717945865,1.0,0.0013762991789663518
CG9752,0.11945597,0.47103667,0.9049141200862679,1.0,0.002942432727445304
MED8,0.11930263,-0.1684842,0.9050355968136959,1.0,0.04907218451900717
Cyp6a2,0.11923645,0.27839887,0.9050880334979681,1.0,0.0017559679179915523
CG44158,0.11918055,0.16435581,0.9051323136869786,1.0,0.003749228797873855
Spn43Ad,0.11917394,1.4095434,0.9051375574131078,1.0,0.0009491718475630013
CG31752,0.1191629,1.2954986,0.9051462969658481,1.0,0.0009491718475630013
DIP-iota,0.11881762,1.0080552,0.9054198507686492,1.0,0.0013288405865882018
CG14563,0.11874996,0.6193197,0.9054734558117871,1.0,0.0013288405865882018
CG14695,0.11846425,0.6554429,0.9056998253329889,1.0,0.0017085093256134023
CG11700,0.11835614,0.11766477,0.9057854806643868,1.0,0.0025153053960419534
CG14877,0.11834878,0.36970586,0.9057913075975049,1.0,0.0017085093256134023
CG8586,0.11826274,0.05308142,0.9058594830916991,1.0,0.0025153053960419534
CG6484,0.11825906,1.517971,0.9058623965898178,1.0,0.0009017132551848512
lds,0.118224494,0.04123117,0.9058897835340571,1.0,0.004508566275924256
stet,0.11812741,-0.03068866,0.9059667006567392,1.0,0.004935693607327606
CG5938,0.11812116,-0.1230506,0.9059716536835112,1.0,0.16719662094822269
CG17048,0.11803733,0.43621084,0.9060380828665359,1.0,0.0020881780646386026
CG12868,0.117764845,-0.11541014,0.9062539822491206,1.0,0.0389635043424612
Brca2,0.11748906,-0.18315497,0.9064725109460121,1.0,0.028000569503108537
Prat,0.11742655,0.35133335,0.9065220451022915,1.0,0.0016610507332352523
CG4950,0.117396764,0.3531751,0.9065456467987815,1.0,0.0016610507332352523
resilin,0.11734639,2.3338332,0.9065855659053591,1.0,0.0008542546628067012
lncRNA:CR45593,0.11732947,1.5809813,0.9065989694539236,1.0,0.0008542546628067012
CG3700,0.117255196,-0.002910411,0.9066578288298468,1.0,0.011342603578377866
CG15784,0.11706987,0.35526532,0.9068046881211033,1.0,0.002040719472260453
CG11837,0.116998896,-0.029575849,0.9068609267492346,1.0,0.019078354136016325
lncRNA:CR44598,0.116533004,0.40771464,0.9072301318124504,1.0,0.001613592140857102
Ag5r,0.11640761,-0.03236995,0.9073295029792484,1.0,0.003227184281714204
alpha-PheRS,0.116113804,-0.1392722,0.9075623460835498,1.0,0.04817047126382232
Fmo-2,0.11605644,1.130763,0.9076078082429161,1.0,0.0011864648094537516
CG6749,0.11602703,0.92686844,0.9076311222882087,1.0,0.0011864648094537516
CG32695,0.11600423,0.81039625,0.9076491907280446,1.0,0.0011864648094537516
lncRNA:CR43411,0.115970396,-0.08736283,0.9076760020494096,1.0,0.004840776422571307
Polr2D,0.1157233,0.82690704,0.9078718444546421,1.0,0.001566133548478952
Ugt35A1,0.11571741,0.18097036,0.9078765074373574,1.0,0.002372929618907503
Hsp70Ba,0.11530005,0.10255488,0.908207295864442,1.0,0.006739120117697309
Septin5,0.115295276,0.5692594,0.9082110847228823,1.0,0.0019458022875041526
CG32365,0.115191944,-0.13592151,0.9082929828655776,1.0,0.010962934839352664
asRNA:ASTR,0.11512502,1.1079795,0.9083460277344286,1.0,0.0011390062170756016
CG14968,0.11468413,0.15272054,0.9086954928712085,1.0,0.0023254710265293533
CG15443,0.114678614,-0.15105204,0.9086998649407715,1.0,0.0361159887997722
Tep3,0.11436495,0.49373525,0.9089484945094146,1.0,0.0018983436951260026
CG6951,0.11433738,-0.053205624,0.9089703556838766,1.0,0.006739120117697309
Ccm3,0.11393767,-0.14069633,0.9092872047037243,1.0,0.15172511983294576
asRNA:CR44806,0.11362511,0.051468875,0.9095349807829336,1.0,0.004271273314033506
lncRNA:CR46003,0.11345559,-0.23044841,0.9096693665502782,1.0,0.02932941008969674
lncRNA:CR44565,0.112935275,0.78716654,0.9100818682739545,1.0,0.0014237577713445018
lncRNA:CR31386,0.11291468,0.8006276,0.910098193929884,1.0,0.0014237577713445018
Amnionless,0.11283452,0.19231427,0.9101617477376296,1.0,0.0034170186512268047
CG11983,0.11275436,-0.011552273,0.910225302120224,1.0,0.006264534193915808
Alp6,0.112615734,0.7280967,0.9103352117428419,1.0,0.0018034265103697023
CG44006,0.11255616,0.6002239,0.9103824413386556,1.0,0.0018034265103697023
CG6511,0.11245357,-0.07368368,0.9104637819403447,1.0,0.013620616012529068
Art2,0.11239547,1.8193623,0.9105098462098824,1.0,0.0009966304399411513
mdu,0.112390324,0.32901636,0.9105139278685284,1.0,0.002989891319823454
asRNA:CR43460,0.11234105,1.1737026,0.9105529952921745,1.0,0.0009966304399411513
CG9449,0.11232708,1.0912943,0.9105640741531684,1.0,0.0009966304399411513
CG7079,0.11199319,0.17989112,0.9108288057882382,1.0,0.002183095249394903
Sting,0.11144603,0.31922245,0.9112626605189226,1.0,0.002942432727445304
CG43394,0.11141808,0.069102034,0.9112848204771608,1.0,0.004556024868302406
CycD,0.11130152,0.211191,0.9113772515732151,1.0,0.002942432727445304
Oxt,0.11076098,-0.12488567,0.911805890922427,1.0,0.033363390441839495
NtR,0.11064552,0.49126092,0.9118974539508,1.0,0.0017085093256134023
hmw,0.110516444,1.6262789,0.9119998076378028,1.0,0.0009017132551848512
l(1)10Bb,0.11049696,-0.1342185,0.9120152628798475,1.0,0.07284893930046035
CG14984,0.11029435,0.38510656,0.9121759410459782,1.0,0.0020881780646386026
stac,0.10975638,0.020083912,0.912602586686779,1.0,0.004081438944520906
aos,0.10974645,-0.2438011,0.912610460766903,1.0,0.004935693607327606
Cyp317a1,0.109708205,0.41044104,0.9126407906371737,1.0,0.0016610507332352523
asRNA:CR44989,0.10945191,0.14112951,0.91284406237667,1.0,0.003654311613117555
cN-IIIB,0.10919929,-0.050385278,0.9130444233156395,1.0,0.03682786768544445
JMJD7,0.108852535,-0.106072165,0.9133194546795187,1.0,0.02306487589578093
CG8435,0.108821645,-0.07395672,0.9133439542658114,1.0,0.020834322054007877
CG42703,0.10867934,2.318605,0.9134568284231188,1.0,0.000806796070428551
lncRNA:CR44217,0.108663894,1.7629445,0.9134690784367121,1.0,0.000806796070428551
sisRNA:CR46357,0.10865139,1.5999204,0.9134789951294403,1.0,0.000806796070428551
CG32755,0.108541444,-0.06871731,0.9135662042719142,1.0,0.006454368563428408
CG34195,0.108455405,0.4162573,0.9136344556311689,1.0,0.0019932608798823026
trk,0.10786669,0.43288052,0.9141014403249527,1.0,0.001566133548478952
Hph,0.107838005,-0.14351653,0.9141241923681167,1.0,0.08120165155901476
CG4259,0.10773394,1.6374714,0.9142067420385109,1.0,0.000759337478050401
CG17167,0.107429475,0.055592652,0.9144482707676013,1.0,0.006359451378672109
cnir,0.10739234,-0.058935713,0.9144777331463863,1.0,0.026956480470789235
CG14185,0.10738351,1.0504463,0.9144847341249625,1.0,0.0011390062170756016
Slob,0.10737542,-0.11639858,0.9144911516944856,1.0,0.2910160884628162
TTLL3B,0.10736807,0.8140496,0.914496985853435,1.0,0.0011390062170756016
asRNA:CR45152,0.10734968,0.7634284,0.9145115712709624,1.0,0.0011390062170756016
CG42364,0.10733939,0.77061146,0.9145197391173524,1.0,0.0011390062170756016
CG14220,0.10721767,-0.14386137,0.9146162954138896,1.0,0.025912391438469934
CG4880,0.10709265,0.107294925,0.9147154784201169,1.0,0.003132267096957904
CG3770,0.10704411,0.7712022,0.9147539851216596,1.0,0.001518674956100802
Sec71,0.10679958,-0.105602704,0.9149479802576187,1.0,0.03208200844762944
CG9837,0.106764644,-0.08274706,0.914975694262321,1.0,0.020359736130226378
MtnE,0.10657086,0.24802844,0.9151294359330034,1.0,0.0018983436951260026
tobi,0.106538504,0.25992724,0.9151551084759519,1.0,0.0018983436951260026
elg1,0.10643775,0.9379809,0.9152350440059093,1.0,0.0010915476246974515
CG31223,0.10631162,-0.17447104,0.9153351104942427,1.0,0.018983436951260025
Pgant4,0.10606635,0.67968655,0.9155297042694175,1.0,0.001471216363722652
BomT2,0.10600642,0.4026828,0.9155772594404122,1.0,0.001471216363722652
Trmt61,0.10592736,0.16780718,0.9156399860482963,1.0,0.003464477243604955
Mpp6,0.10590603,-0.1477252,0.9156569077348276,1.0,0.03436002088178065
CG3397,0.10589169,2.5486274,0.915668286131745,1.0,0.0006644202932941009
CG31759,0.10560377,0.02378104,0.9158967329841801,1.0,0.003464477243604955
cid,0.10553611,1.1865244,0.9159504175443447,1.0,0.0010440890323193013
CG4945,0.10550596,0.7778033,0.9159743423087864,1.0,0.0010440890323193013
Nadk2,0.10518678,-0.102432854,0.9162275993561343,1.0,0.019932608798823026
betaTub65B,0.10482936,0.107414536,0.9165112106565986,1.0,0.0034170186512268047
Cpsf100,0.104567185,-0.15967391,0.9167192573916604,1.0,0.01542404252289877
Rrp46,0.104551,-0.041231155,0.916732096367359,1.0,0.009871387214655213
CG10958,0.10438075,-0.11157566,0.9168671987231267,1.0,0.018651226804612977
CG15701,0.10436788,0.25426328,0.9168774117418456,1.0,0.002183095249394903
E(spl)m3-HLH,0.10424102,0.15416428,0.9169780836601655,1.0,0.002183095249394903
CG8736,0.10419763,0.5322224,0.9170125166798834,1.0,0.0013762991789663518
Polr3D,0.10373651,-0.10773081,0.9173784500709943,1.0,0.018603768212234827
asRNA:CR44996,0.10367106,1.039406,0.9174303941897403,1.0,0.0009491718475630013
lncRNA:CR44517,0.10327981,0.0883426,0.9177408989615886,1.0,0.002135636657016753
Cyp6t1,0.10320075,0.30979547,0.9178036434624695,1.0,0.0013288405865882018
Vps13B,0.10313934,-0.18011104,0.917852380242006,1.0,0.016230838593327322
CG14285,0.103018,0.051692314,0.9179486873605414,1.0,0.0033221014664705046
D19B,0.10276133,-0.13710068,0.9181523954728577,1.0,0.057187603815670826
CG42556,0.10240649,0.15096006,0.9184340351619332,1.0,0.0020881780646386026
CG14105,0.10232743,0.36863223,0.9184967852963207,1.0,0.0012813819942100518
Orcokinin,0.10221601,-0.20768386,0.9185852200683885,1.0,0.01599354563143657
Gart,0.10187036,-0.0340977,0.9188595785705924,1.0,0.0032746428740923544
mthl2,0.101851605,1.6862874,0.9188744642552772,1.0,0.0008542546628067012
Ance-4,0.10183322,1.1795964,0.9188890580913938,1.0,0.0008542546628067012
CG31337,0.10182807,1.1573011,0.918893144370403,1.0,0.0008542546628067012
l(3)87Df,0.10175416,-0.12955151,0.9189518118979881,1.0,0.07436761425656115
CG1638,0.10166775,0.3410987,0.9190204038454272,1.0,0.002040719472260453
CG17343,0.10152029,-0.099013485,0.9191374493682077,1.0,0.03834654264154525
asRNA:CR45600,0.10135556,-0.14136878,0.9192682155156278,1.0,0.13554173983199658
His1:CG33801,0.10129856,0.41208437,0.9193134587760962,1.0,0.0024203882112856533
r-cup,0.10106322,0.37370923,0.9195002724224444,1.0,0.001613592140857102
CG15353,0.100617185,0.27915025,0.9198543548443057,1.0,0.0019932608798823026
fzy,0.100537755,0.8336368,0.9199174082881851,1.0,0.0011864648094537516
Sgp,0.10050209,0.59710145,0.9199457241189624,1.0,0.0011864648094537516
CG5707,0.100477085,0.33526018,0.919965574452608,1.0,0.0011864648094537516
CG6985,0.10034912,0.33390394,0.9200671622346355,1.0,0.002372929618907503
lncRNA:CR45181,0.10016085,0.5492485,0.9202166270895978,1.0,0.001566133548478952
lncRNA:CR45939,0.10006892,0.25301677,0.9202896090002479,1.0,0.001566133548478952
CG9643,0.10005311,-0.12408786,0.9203021619565663,1.0,0.040339803521427554
ND-B8,0.09998729,1.3968674,0.9203544174997228,1.0,0.000759337478050401
CG5096,0.0996659,0.13277984,0.9206095696118471,1.0,0.0019458022875041526
Acp53C14b,0.09960744,0.7443517,0.9206559883240261,1.0,0.0011390062170756016
CG3902,0.099432774,-0.15584168,0.920794662186873,1.0,0.009729011437520764
CG15399,0.09889811,0.5080376,0.9212191651314668,1.0,0.0018983436951260026
Polr2M,0.09869698,-0.08182035,0.9213788704746037,1.0,0.00797304351952921
CG17490,0.098695874,0.7402955,0.9213797463810286,1.0,0.0010915476246974515
CG8191,0.0986841,0.8234287,0.921389089388828,1.0,0.0010915476246974515
CG42561,0.098649904,0.18764594,0.9214162425668231,1.0,0.0030848085045797544
Ilp7,0.09843994,0.21825042,0.9215829592469411,1.0,0.002278012434151203
CG7236,0.098325215,0.48346412,0.9216740563323191,1.0,0.001471216363722652
hdm,0.098280355,0.45144188,0.9217096779080688,1.0,0.001471216363722652
CG1092,0.098270796,0.42057592,0.9217172694117296,1.0,0.001471216363722652
Nepl16,0.09810606,-0.13583775,0.9218480779790954,1.0,0.10687675003559395
CG18249,0.097761504,0.8170748,0.922121673264315,1.0,0.0010440890323193013
CG32829,0.097646415,0.1539296,0.9222130684082104,1.0,0.003037349912201604
CG2921,0.097582795,-0.1532378,0.922263584375864,1.0,0.062028380238242135
CG34291,0.09723531,3.569722,0.9225395297287915,1.0,0.0006169617009159508
Grl58a,0.097227216,2.395902,0.9225459539645968,1.0,0.0006169617009159508
CG2533,0.09722207,2.5136118,0.9225500421172856,1.0,0.0006169617009159508
CG11668,0.09691687,-0.22422227,0.9227924148223307,1.0,0.0038441459826301554
ncd,0.096814275,0.051609717,0.9228738887041849,1.0,0.006596744340562859
CG12814,0.0967194,-0.123076096,0.9229492308635018,1.0,0.0042238147216553555
CG10799,0.09661571,-0.20685217,0.9230315823865396,1.0,0.005884865454890608
CG12493,0.09645796,0.4910509,0.92315686341314,1.0,0.0013762991789663518
CG31955,0.096388824,0.24134612,0.9232117657226994,1.0,0.0013762991789663518
RYa,0.09594205,1.1684068,0.9235665953106813,1.0,0.0009491718475630013
asRNA:CR44390,0.09591925,0.9636573,0.9235847022495662,1.0,0.0009491718475630013
Gr61a,0.0955497,0.50198644,0.9238782154043054,1.0,0.0013288405865882018
lncRNA:CR44855,0.095526166,0.4931294,0.9238969071407285,1.0,0.0013288405865882018
CG32548,0.095521756,0.44217074,0.9239004118459861,1.0,0.0013288405865882018
Rpn13R,0.09521986,0.37222326,0.9241401956016224,1.0,0.002894974135067154
CG13896,0.0951533,-0.043265507,0.9241930599399131,1.0,0.008969673959470362
lncRNA:CR45279,0.095109545,0.24119163,0.9242278162342568,1.0,0.0017085093256134023
CG7352,0.094915025,-0.06567529,0.9243823228555834,1.0,0.011437520763134165
Cyp4s3,0.09482309,0.16125217,0.9244553421006173,1.0,0.002894974135067154
wfs1,0.09467895,-0.12838759,0.9245698375580899,1.0,0.016515590147596224
CG6908,0.094589226,0.37773994,0.9246411059279298,1.0,0.0012813819942100518
CG44008,0.094446555,0.11850691,0.9247544355646911,1.0,0.0032746428740923544
GstE1,0.09437669,-0.1568673,0.924809932593454,1.0,0.006976413079588059
lncRNA:CR43635,0.09431785,0.15489544,0.9248566672173018,1.0,0.002467846803663803
CG5509,0.0943002,0.1386992,0.9248706876550341,1.0,0.002467846803663803
Dlat,0.094240636,-0.123015106,0.9249180068046415,1.0,0.21090598452849887
Ntl,0.094205335,0.28626943,0.9249460479075501,1.0,0.0016610507332352523
CG42562,0.09333679,0.06653562,0.925636005163865,1.0,0.0024203882112856533
Tg,0.09333201,0.43097937,0.9256398027129882,1.0,0.001613592140857102
asRNA:CR44429,0.09325847,0.028193163,0.925698226759142,1.0,0.0024203882112856533
Gas8,0.0931772,1.4636275,0.9257627857961523,1.0,0.000806796070428551
CG9518,0.09308159,0.04773164,0.9258387382302263,1.0,0.0036068530207394047
Irc,0.09305512,-0.10819863,0.9258597713315043,1.0,0.0068814958948317595
Vsx2,0.092953265,-0.24130867,0.9259406908291821,1.0,0.05657064211475488
PH4alphaNE1,0.09294812,0.029411875,0.9259447806436352,1.0,0.004413649091167956
CG7203,0.092941865,0.059574384,0.9259497468495306,1.0,0.002800056950310854
rempA,0.09283927,0.14104211,0.9260312514642789,1.0,0.0019932608798823026
CG13377,0.09281905,0.95346737,0.9260473187738684,1.0,0.0011864648094537516
Cyp12a5,0.09225975,1.8719032,0.926491664844778,1.0,0.000759337478050401
CG31019,0.09225019,1.5308185,0.9264992607038269,1.0,0.000759337478050401
lncRNA:CR44499,0.0922421,1.2836677,0.9265056879744086,1.0,0.000759337478050401
snoRNA:lola-d,0.0922421,1.5702848,0.9265056879744086,1.0,0.000759337478050401
scro,0.09213767,-0.14364389,0.9265886586250772,1.0,0.2149874234730198
CG3430,0.09211966,0.035639152,0.926602974064599,1.0,0.003559394428361255
AstCC,0.09185416,0.53882235,0.9268139104356766,1.0,0.0011390062170756016
asRNA:CR45185,0.091835774,-0.038156446,0.9268285184082293,1.0,0.0019458022875041526
ham,0.09159566,-0.26488703,0.9270193007925128,1.0,0.018176640880831475
Rtc1,0.091594554,-0.045279633,0.9270201772909528,1.0,0.009206966921361113
CG15145,0.09133495,1.9907302,0.927226449051021,1.0,0.0007118788856722509
Cyp6d4,0.09132686,1.7756072,0.9272328768615729,1.0,0.0007118788856722509
lncRNA:CR43611,0.091322444,1.5503355,0.9272363829420573,1.0,0.0007118788856722509
asRNA:CR46044,0.09130994,1.2260613,0.9272463168444356,1.0,0.0007118788856722509
CG32191,0.090933405,0.6150015,0.9275455079172379,1.0,0.0010915476246974515
Oseg6,0.09059584,0.5058048,0.9278137367490737,1.0,0.001471216363722652
CG7900,0.09058408,0.48648196,0.927823086921845,1.0,0.001471216363722652
lncRNA:CR45922,0.09019062,0.37325585,0.9281357390539956,1.0,0.0018508851027478526
CG34386,0.0901237,0.38535607,0.9281889202416971,1.0,0.0018508851027478526
CG12011,0.08988762,0.38858372,0.9283765179800642,1.0,0.002230553841773053
CG1628,0.08983798,-0.06017828,0.9284159666095284,1.0,0.005457738123487257
Tmem70,0.089829154,-0.119969435,0.928422979717632,1.0,0.06430639267239334
Asator,0.08966699,-0.05301656,0.9285518465681456,1.0,0.401025105595368
CG9784,0.08961294,-0.17925237,0.9285948026015532,1.0,0.06715390821508234
fs(1)M3,0.089486815,2.8139398,0.9286950341551458,1.0,0.0006169617009159508
lncRNA:CR45364,0.08947652,2.1390848,0.9287032163727515,1.0,0.0006169617009159508
AttB,0.089465484,1.4017891,0.9287119830428368,1.0,0.0006169617009159508
CG33111,0.08938789,-0.119321585,0.9287736422001373,1.0,0.02116653220065493
lncRNA:CR44943,0.089331634,0.12827876,0.9288183526622553,1.0,0.0026102225807982534
Ttc7,0.08931619,-0.1304524,0.9288306261617593,1.0,0.1130938256371316
EndoU,0.08928383,0.12841499,0.9288563421203766,1.0,0.0026102225807982534
Remo,0.089127555,-0.10577012,0.9289805395568249,1.0,0.019885150206444876
GstZ1,0.08884147,0.22160996,0.9292078984026175,1.0,0.002183095249394903
RecQ4,0.08882493,0.7234498,0.9292210491554943,1.0,0.0013762991789663518
CG34234,0.088770874,0.11428438,0.9292640084162411,1.0,0.002183095249394903
PCNA,0.0886896,0.3632435,0.9293285938151681,1.0,0.0013762991789663518
mof,0.08862121,-0.113233715,0.9293829511180178,1.0,0.01485453941436097
CG11723,0.08858885,-0.1089,0.9294086686664547,1.0,0.023302168857671682
CG13724,0.08855392,2.5022323,0.9294364320117238,1.0,0.0005695031085378008
hpRNA:LINR-3,0.08854068,-0.22197588,0.9294469528807934,1.0,0.002183095249394903
Usp39,0.088499494,-0.16366495,0.9294796845523053,1.0,0.023539461819562433
Tbc1d15-17,0.08834248,-0.16127974,0.9296044751439063,1.0,0.0407669308528309
CG15322,0.088213414,1.2144899,0.929707056060104,1.0,0.0009491718475630013
Acox57D-p,0.08818951,0.92899466,0.9297260526542866,1.0,0.0009491718475630013
Jheh3,0.08814245,-0.040494457,0.9297634614491169,1.0,0.004176356129277205
CG8870,0.0878126,0.51094925,0.9300256196191121,1.0,0.0013288405865882018
dany,0.08780084,0.503272,0.9300349721134461,1.0,0.0013288405865882018
CG13526,0.08778797,0.38031188,0.9300452014151875,1.0,0.0013288405865882018
Lrrk,0.0876964,-0.09566296,0.9301179759239248,1.0,0.02315979308053723
dgt5,0.08763353,3.6757023,0.9301679539370833,1.0,0.0005220445161596507
asRNA:CR44431,0.087630585,3.2073743,0.9301702920964906,1.0,0.0005220445161596507
CG9760,0.08757727,-0.03803074,0.9302126713401957,1.0,0.010203597361302264
CG31370,0.087564394,0.17830662,0.930222900842467,1.0,0.0025153053960419534
ZnT41F,0.08742761,0.39680073,0.9303316265501179,1.0,0.0017085093256134023
vnd,0.08729302,1.3430641,0.9304385998863276,1.0,0.0009017132551848512
Meics,0.08728126,-0.10810172,0.9304479528060954,1.0,0.02221062123297423
Mec2,0.08726802,1.1075537,0.930458474852316,1.0,0.0009017132551848512
Pp1-13C,0.08725441,0.06861877,0.9304692891902648,1.0,0.003701770205495705
lncRNA:CR44441,0.08724706,0.048288673,0.9304751347836908,1.0,0.003701770205495705
CG4702,0.08724081,0.77063626,0.9304801035410518,1.0,0.0009017132551848512
CG18336,0.08701944,0.046095435,0.9306560577531555,1.0,0.002894974135067154
Gba1b,0.08683632,0.25685576,0.9308016171219128,1.0,0.0012813819942100518
CG10949,0.086625986,-0.12490655,0.9309688086502896,1.0,0.03758720516349485
Ir68a,0.086607605,-0.025399726,0.9309834234392659,1.0,0.004888235014949457
CG14866,0.08633696,0.9647076,0.9311985558229345,1.0,0.0008542546628067012
asRNA:CR44067,0.08632961,1.1705772,0.9312044018818476,1.0,0.0008542546628067012
lncRNA:CR45444,0.08612957,0.27382573,0.9313634161067192,1.0,0.002040719472260453
Dysb,0.08609133,0.122069,0.931393816197146,1.0,0.0040339803521427554
Idgf2,0.08600491,0.07047833,0.931462509077696,1.0,0.0028475155426890037
CG8568,0.08596961,0.6573927,0.9314905709970805,1.0,0.0012339234018319016
CG13014,0.08580488,-0.08725556,0.9316215277463448,1.0,0.012196858241184567
CG6763,0.08578613,0.11452165,0.9316364358865658,1.0,0.003227184281714204
CG15080,0.0856133,0.43938863,0.9317738257580923,1.0,0.001613592140857102
CG15221,0.08541841,1.2136437,0.9319287572006487,1.0,0.000806796070428551
Zasp67,0.08541694,1.0733243,0.9319299265043683,1.0,0.000806796070428551
CG33632,0.085412525,1.0574925,0.9319334344164087,1.0,0.000806796070428551
Gld2,0.08535075,-0.01825519,0.9319825453237636,1.0,0.012861278534478668
CG4074,0.08532611,-0.123971835,0.9320021312935773,1.0,0.0375397465711167
p38a,0.0852522,0.07187507,0.9320608894500102,1.0,0.002800056950310854
egr,0.08518234,-0.12080138,0.9321164323263482,1.0,0.004840776422571307
CG34112,0.08449103,1.2089411,0.9326660322451871,1.0,0.000759337478050401
CG14439,0.0844903,-0.12282206,0.932666616943092,1.0,0.002372929618907503
CG32284,0.08447559,0.8381146,0.9326783109088201,1.0,0.000759337478050401
Ipk2,0.0843035,-0.12831847,0.9328151313866776,1.0,0.013430781643016467
lncRNA:CR44566,0.08426158,0.2865308,0.932848459752602,1.0,0.0019458022875041526
Nepl19,0.08418289,0.20016637,0.9329110238450993,1.0,0.0019458022875041526
CG6071,0.08411854,0.521068,0.9329621863783288,1.0,0.0011390062170756016
CG6067,0.084090225,0.530653,0.9329846979806987,1.0,0.0011390062170756016
tomb,0.08407662,0.31262466,0.9329955152632418,1.0,0.0011390062170756016
pim,0.08406853,0.32181293,0.9330019471668364,1.0,0.0011390062170756016
Ance-5,0.084063746,0.044801977,0.9330057478391983,1.0,0.0019458022875041526
COX7AL2,0.08357542,1.357765,0.9333940091706326,1.0,0.0007118788856722509
CG34214,0.08356071,1.047028,0.9334057040353441,1.0,0.0007118788856722509
CG33912,0.08334266,0.26323467,0.9335790820894105,1.0,0.0018983436951260026
Cap-D2,0.08320329,0.5796159,0.933689893660243,1.0,0.0010915476246974515
CG6023,0.08319851,-0.044142656,0.9336936946076413,1.0,0.0035119358359831047
Oadh,0.08316873,0.38327464,0.9337173774677885,1.0,0.0010915476246974515
Gen,0.08301466,0.25775138,0.933839886038559,1.0,0.002278012434151203
CG3014,0.082805425,0.38037917,0.9340062546011173,1.0,0.001471216363722652
lncRNA:CR46083,0.08279733,0.35080916,0.934012687186944,1.0,0.001471216363722652
asRNA:CR46107,0.08265687,1.660797,0.9341243809546707,1.0,0.0006644202932941009
CG14022,0.082653195,1.4837388,0.9341273048927199,1.0,0.0006644202932941009
Srg3,0.0826451,1.3626637,0.9341337375595564,1.0,0.0006644202932941009
CG16812,0.08253552,-0.09333887,0.9342208713793005,1.0,0.07569645484314935
halo,0.082289524,0.8262818,0.9344164867495357,1.0,0.0010440890323193013
CG30187,0.082267456,0.66188216,0.9344340309226057,1.0,0.0010440890323193013
CG34423,0.08225128,0.46835154,0.9344468966697627,1.0,0.0010440890323193013
CG13875,0.08224172,0.51007265,0.934454499164767,1.0,0.0010440890323193013
alpha-Man-Ib,0.08198542,-0.14246064,0.9346583067374675,1.0,0.09169000047458592
CG15196,0.081863336,0.37408587,0.9347553873174383,1.0,0.0014237577713445018
CG16926,0.08173905,2.192316,0.9348542233624005,1.0,0.0006169617009159508
lncRNA:CR45740,0.08171846,1.3119264,0.9348705986621177,1.0,0.0006169617009159508
CG44004,0.0814298,0.15898894,0.9351001481715489,1.0,0.0018034265103697023
CG12885,0.08136251,0.84954405,0.9351536617633597,1.0,0.0009966304399411513
Idgf1,0.08134486,0.64707524,0.9351676981638234,1.0,0.0009966304399411513
CG32694,0.081332356,0.6370772,0.9351776406263453,1.0,0.0009966304399411513
hebe,0.08121469,0.116947144,0.9352712172393386,1.0,0.002989891319823454
tn,0.081033036,0.69641685,0.9354156778910372,1.0,0.0013762991789663518
Phk-3,0.08087933,0.12594795,0.9355379154881688,1.0,0.0013762991789663518
CG12325,0.08055023,-0.120952785,0.9357996494210963,1.0,0.019030895543638175
CG7560,0.08045315,0.92835724,0.9358768549467614,1.0,0.0009491718475630013
CG15040,0.080423735,0.70383435,0.9359002506796797,1.0,0.0009491718475630013
asRNA:CR45145,0.08014684,0.20058158,0.9361204657254047,1.0,0.0033221014664705046
CG10700,0.08013655,0.11966178,0.9361286544270262,1.0,0.002135636657016753
Cht9,0.07989018,3.3515637,0.9363246003718315,1.0,0.0005220445161596507
betaNACtes6,0.07988356,2.195032,0.9363298646444957,1.0,0.0005220445161596507
CG31288,0.07950775,0.7610572,0.9366287629065144,1.0,0.0009017132551848512
TyrRII,0.07939818,0.1264769,0.9367159188778762,1.0,0.002894974135067154
yellow-c,0.07924043,-0.04245493,0.9368413897115834,1.0,0.002894974135067154
lncRNA:CR43700,0.07913931,0.5114598,0.9369218205583252,1.0,0.0012813819942100518
DNaseII,0.07908047,-0.072849885,0.9369686169835839,1.0,0.004508566275924256
Sfp77F,0.078962065,3.268216,0.937062795449258,1.0,0.00047458592378150065
Orc6,0.0788341,-0.038182344,0.9371645793773141,1.0,0.006501827155806559
Mitf,0.0788227,-0.22605297,0.937173646386255,1.0,0.04442124246594846
MsR1,0.07873996,-0.18298823,0.9372394555661933,1.0,0.024393716482369134
erm,0.07860318,-0.22380517,0.9373482610171822,1.0,0.03863129419581415
Mst36Fa,0.07858737,0.71119905,0.9373608380668248,1.0,0.0008542546628067012
Obp83cd,0.07857486,0.7316605,0.9373707827217925,1.0,0.0008542546628067012
CG8004,0.07856788,-0.113893144,0.9373763400332356,1.0,0.10407669308528308
CG34221,0.07856089,0.50014216,0.937381897347729,1.0,0.0008542546628067012
Spn77Ba,0.07855648,-0.13410498,0.9373854072321387,1.0,0.004888235014949457
CG33172,0.07854544,0.0708543,0.9373941819484854,1.0,0.003654311613117555
CG11594,0.078528896,-0.20658155,0.9374073440372611,1.0,0.0057424896777561575
Fancd2,0.07826708,0.7538557,0.9376155998045649,1.0,0.0012339234018319016
CG32163,0.07812257,-0.1101877,0.9377305517970024,1.0,0.03844145982630155
CG43402,0.07803984,19.30955,0.9377963645907581,1.0,0.0004271273314033506
CG16824,0.07803984,18.846563,0.9377963645907581,1.0,0.0004271273314033506
asRNA:CR46005,0.07787584,0.46011078,0.9379268214285992,1.0,0.001613592140857102
ArgRS,0.07767874,-0.15025969,0.9380836058414201,1.0,0.01475962222960467
CG12206,0.077676535,1.2129153,0.9380853609044142,1.0,0.000806796070428551
CG3777,0.07766918,0.9833202,0.9380912111165666,1.0,0.000806796070428551
Osi17,0.0776552,0.58077127,0.938102326528862,1.0,0.000806796070428551
CG5493,0.07764712,0.6664898,0.9381087617730723,1.0,0.000806796070428551
Faf2,0.077491574,-0.14619143,0.9382324947541254,1.0,0.14688434341037446
Tpp,0.07723233,0.2846841,0.9384387197019698,1.0,0.0011864648094537516
Mccc1,0.076871604,0.13819218,0.9387256863901331,1.0,0.001566133548478952
AhcyL2,0.07685211,0.16876757,0.9387411904238435,1.0,0.001566133548478952
CG32640,0.07675688,1.2588695,0.9388169557526701,1.0,0.000759337478050401
mesh,0.07674732,0.98484224,0.9388245615691775,1.0,0.000759337478050401
CG4476,0.07674658,1.0754367,0.938825146632217,1.0,0.000759337478050401
Ilp1,0.076745845,1.180851,0.9388257316952894,1.0,0.000759337478050401
CG16713,0.07673555,0.705787,0.9388339225817708,1.0,0.000759337478050401
CG13599,0.07673334,0.74433804,0.938835677772573,1.0,0.000759337478050401
lncRNA:CR45640,0.076346874,0.3800274,0.9391431332719224,1.0,0.0011390062170756016
asRNA:CR45925,0.07632702,0.30487132,0.9391589304697326,1.0,0.0011390062170756016
BCAS2,0.07601041,-0.12453924,0.9394108112426588,1.0,0.03682786768544445
CG14855,0.075880244,0.007191242,0.9395143737384505,1.0,0.001518674956100802
Dmel_CG30456,0.0758306,1.3421401,0.9395538681801044,1.0,0.0007118788856722509
asRNA:CR43820,0.07570668,0.075050235,0.9396524586571042,1.0,0.002705139765554554
CG34027,0.07565631,0.3212762,0.9396925387297833,1.0,0.0018983436951260026
Mps1,0.07563792,0.009128172,0.9397071665315895,1.0,0.0035119358359831047
CG30008,0.075440824,0.47357762,0.9398639778438396,1.0,0.0010915476246974515
GstT1,0.074874915,-0.114815906,0.9403142381873988,1.0,0.020359736130226378
CG32055,0.07466421,0.22238162,0.9404818838599163,1.0,0.0018508851027478526
Idgf5,0.07453257,0.6871531,0.9405866271724442,1.0,0.0010440890323193013
lncRNA:CR43437,0.07452227,0.48242676,0.9405948194301883,1.0,0.0010440890323193013
lncRNA:CR45673,0.0745083,0.48215392,0.9406059375043233,1.0,0.0010440890323193013
CG4914,0.07450168,0.46659136,0.9406112039645328,1.0,0.0010440890323193013
CG33288,0.074480355,0.24855429,0.940628173687317,1.0,0.0010440890323193013
dpp,0.07445976,-0.1975926,0.9406445582728244,1.0,0.0026576811731764036
rt,0.07424465,-0.14086363,0.9408157201756824,1.0,0.016230838593327322
asRNA:CR43159,0.07418287,0.38484812,0.940864874868765,1.0,0.0014237577713445018
GNBP3,0.07408433,0.19171834,0.9409432887739512,1.0,0.0014237577713445018
lncRNA:CR44974,0.07397695,1.2842991,0.941028725471561,1.0,0.0006169617009159508
lncRNA:CR45187,0.073956355,-0.09831807,0.9410451106692356,1.0,0.004650942053058707
ArgRS-m,0.07384237,-0.16216393,0.9411358148932901,1.0,0.01456978786009207
NimC4,0.07369859,0.1115135,0.9412502203419657,1.0,0.0018034265103697023
CG4496,0.07367175,-0.11572543,0.9412715800613763,1.0,0.0026102225807982534
CG8292,0.07362872,0.8777731,0.94130581422031,1.0,0.0009966304399411513
CycA,0.07360813,0.6043189,0.9413221998390323,1.0,0.0009966304399411513
CG43117,0.07360372,-0.04892321,0.9413257110462757,1.0,0.0018034265103697023
Ids,0.0734434,0.0626425,0.9414532856823402,1.0,0.0049831521997057565
l(2)34Fd,0.07328086,-0.0787736,0.941582617465963,1.0,0.01471216363722652
Theg,0.07324263,0.4916695,0.9416130486978638,1.0,0.0013762991789663518
CG13154,0.0730584,1.3974644,0.94175964649893,1.0,0.0005695031085378008
Gr43a,0.07305545,1.4709743,0.9417619873979989,1.0,0.0005695031085378008
asRNA:CR45538,0.07305178,1.1764293,0.9417649135225425,1.0,0.0005695031085378008
lncRNA:CR45036,0.07291609,0.3369971,0.9418728880675062,1.0,0.0017559679179915523
asRNA:CR43944,0.07273297,-0.1395615,0.9420186115045056,1.0,0.02040719472260453
Cyt-c1L,0.0727065,0.95438474,0.9420396801139348,1.0,0.0009491718475630013
l(3)72Dp,0.072427765,-0.0741408,0.9422614882102293,1.0,0.00778320915001661
Sgt1,0.07239761,-0.12882033,0.9422854835500439,1.0,0.07949314223340136
spd-2,0.072317086,0.43546724,0.9423495689216171,1.0,0.0013288405865882018
Nha1,0.07230936,-0.019584354,0.94235571411385,1.0,0.002135636657016753
aurB,0.07230164,0.39118433,0.942361859309514,1.0,0.0013288405865882018
CG30099,0.07229649,0.39060345,0.9423659561085296,1.0,0.0013288405865882018
CG34446,0.07214095,2.1189172,0.942489738683016,1.0,0.0005220445161596507
lncRNA:CR43859,0.07191738,0.30510998,0.9426676602767211,1.0,0.0017085093256134023
GstE4,0.07187104,0.20306031,0.9427045325440934,1.0,0.0017085093256134023
neb,0.0717953,1.1053534,0.9427648160393072,1.0,0.0009017132551848512
asRNA:CR44119,0.07176551,0.053702213,0.942788519833555,1.0,0.003701770205495705
Polr1H,0.0715401,-0.033623494,0.9429679094484943,1.0,0.008115419296663661
bt,0.07152686,0.1543893,0.9429784446545644,1.0,0.0020881780646386026
Grip128,0.071443394,-0.095416926,0.9430448752114126,1.0,0.010203597361302264
alpha-Man-Ic,0.07121173,2.2427223,0.9432292440290919,1.0,0.00047458592378150065
CG12420,0.07103339,0.2852316,0.943371180826378,1.0,0.0016610507332352523
CG13484,0.07077746,-0.15889813,0.9435748705873365,1.0,0.0391533387119738
CG10914,0.070704654,-0.1636665,0.9436328174871446,1.0,0.019505481467419677
Rsph1,0.07063185,0.23768988,0.9436907646852545,1.0,0.002040719472260453
BBS9,0.070574485,0.18785855,0.9437364202633611,1.0,0.002040719472260453
lncRNA:CR44771,0.07045865,0.3485603,0.9438286099747245,1.0,0.0012339234018319016
lncRNA:CR44526,0.070456445,0.32942146,0.9438303659765327,1.0,0.0012339234018319016
PGRP-SC2,0.07040496,0.08798607,0.9438713394295298,1.0,0.0012339234018319016
IntS2,0.070313774,-0.1438936,0.9439439213393096,1.0,0.012244316833562717
CG34305,0.07029502,4.2760234,0.9439588475155682,1.0,0.0004271273314033506
asRNA:CR44165,0.07007733,0.29765922,0.9441321096667162,1.0,0.001613592140857102
Sld5,0.06996113,-0.15436888,0.9442245952758378,1.0,0.0024203882112856533
blanks,0.06991553,0.69727564,0.9442608873026079,1.0,0.000806796070428551
pre-mod(mdg4)-AB,0.069904506,0.49125096,0.9442696676490496,1.0,0.000806796070428551
pain,0.069726534,0.03153287,0.9444113248400399,1.0,0.002800056950310854
Rcd4,0.069695644,-0.09632144,0.9444359101515064,1.0,0.027525983579327038
CG13455,0.069552235,0.45379087,0.9445500569333966,1.0,0.0011864648094537516
CG8051,0.06907641,-0.009843026,0.9449287982449665,1.0,0.001566133548478952
lncRNA:CR44197,0.06900655,0.8026708,0.9449844104614429,1.0,0.000759337478050401
asRNA:CR44106,0.06900507,1.0007198,0.9449855812478303,1.0,0.000759337478050401
lncRNA:CR45402,0.068998456,0.9105179,0.9449908497880442,1.0,0.000759337478050401
lncRNA:CR46075,0.06899772,0.94272554,0.9449914351815498,1.0,0.000759337478050401
CG17177,0.06899331,0.8826908,0.9449949475432075,1.0,0.000759337478050401
CG7458,0.0689911,0.90454763,0.9449967037244372,1.0,0.000759337478050401
lncRNA:CR32730,0.06898448,0.6429274,0.9450019722697304,1.0,0.000759337478050401
CG11275,0.06885357,0.078762576,0.9451061728817363,1.0,0.0027525983579327036
CG10993,0.06859434,0.26054144,0.9453125279872231,1.0,0.0011390062170756016
CG32099,0.068468206,-0.13183679,0.9454129261961387,1.0,0.02306487589578093
CG17028,0.068280675,0.43208328,0.9455622079343302,1.0,0.001518674956100802
CG13437,0.068080634,0.7878271,0.9457214438952426,1.0,0.0007118788856722509
CG4210,0.06807402,1.0168908,0.9457267127692841,1.0,0.0007118788856722509
lncRNA:CR44741,0.0680674,0.81428343,0.9457319816456996,1.0,0.0007118788856722509
CG5921,0.0680652,0.81354696,0.9457337379383657,1.0,0.0007118788856722509
RpS5b,0.06804681,0.2922147,0.9457483737208384,1.0,0.0007118788856722509
Herc4,0.06803872,-0.16576745,0.9457548134709276,1.0,0.13435527502254282
egg,0.06774491,-0.15324064,0.9459886958841888,1.0,0.05880119595652793
CG14252,0.06772211,-0.15116142,0.9460068446518201,1.0,0.02970907882872194
asRNA:CR45384,0.0676938,0.43786725,0.9460293842893387,1.0,0.0010915476246974515
Nha2,0.067668796,0.15859383,0.9460492894596936,1.0,0.0010915476246974515
CG7768,0.06766659,0.27976564,0.9460510457998715,1.0,0.0010915476246974515
CG9313,0.06764747,0.18831222,0.9460662674257294,1.0,0.0010915476246974515
CG3823,0.06745883,0.03955336,0.9462164356736654,1.0,0.0030848085045797544
CG12010,0.067320935,-0.08005602,0.9463262089940367,1.0,0.004698400645436856
CG14892,0.06723048,0.01533375,0.9463982208458405,1.0,0.001471216363722652
lncRNA:CR45321,0.067134134,0.45417863,0.9464749168769048,1.0,0.0006644202932941009
Traf4,0.0668168,0.8102363,0.9467275489108903,1.0,0.0010440890323193013
Cyp28c1,0.06678775,0.06882075,0.9467506754021723,1.0,0.0018508851027478526
eEFSec,0.06669362,-0.089211114,0.9468256172517228,1.0,0.011152769208865265
SerRS-m,0.066649124,-0.0953302,0.9468610391490887,1.0,0.022685207156755732
CG18547,0.066373706,0.21025217,0.9470803059560936,1.0,0.0014237577713445018
rpr,0.06633803,-0.12349708,0.9471087026184764,1.0,0.025105595368041383
HHEX,0.06624206,1.4507974,0.947185110466251,1.0,0.0006169617009159508
CG13330,0.06623765,1.3337373,0.947188623482432,1.0,0.0006169617009159508
CG3288,0.06623765,1.2255329,0.947188623482432,1.0,0.0006169617009159508
Sodq,0.06623691,1.2401954,0.9471892089852287,1.0,0.0006169617009159508
CG14857,0.06622956,1.1189611,0.9471950640147643,1.0,0.0006169617009159508
CG1314,0.06607659,0.06598686,0.9473168492751962,1.0,0.0026102225807982534
lncRNA:CR33963,0.06604386,-0.059127767,0.9473429044548031,1.0,0.0034170186512268047
CG42534,0.06600856,0.2249503,0.9473710089813322,1.0,0.0018034265103697023
CG4459,0.06594973,0.22503217,0.9474178500043917,1.0,0.002989891319823454
CG34045,0.06587214,0.69309735,0.9474796218814059,1.0,0.0009966304399411513
Cyp6d5,0.06586663,-0.05888614,0.9474840132590944,1.0,0.0026102225807982534
fd96Ca,0.06586258,0.5438442,0.9474872336037466,1.0,0.0009966304399411513
Pvf1,0.065842725,0.4630504,0.9475030425808454,1.0,0.0009966304399411513
achi,0.06576734,-0.14753787,0.9475630583301725,1.0,0.012007023871671966
snRNA:U11,0.065472804,0.4086589,0.9477975617415827,1.0,0.0013762991789663518
CG1143,0.065409556,0.018955676,0.9478479176214156,1.0,0.0013762991789663518
CG13323,0.06530365,1.0421934,0.9479322349098004,1.0,0.0005695031085378008
snoRNA:Psi28S-1135a,0.065302916,1.0673765,0.9479328204485652,1.0,0.0005695031085378008
ACXB,0.06530145,1.0779955,0.9479339915261791,1.0,0.0005695031085378008
beta'COP,0.06521724,-0.14190958,0.9480010359070488,1.0,0.04736367519339377
Ibf2,0.06513082,-0.07418387,0.9480698372920345,1.0,0.03720753642446965
CG6293,0.065090746,-0.0094774775,0.948101749555282,1.0,0.0025627639884201036
CG18178,0.065058015,-0.11057993,0.9481278064191284,1.0,0.020217360353091927
CG3919,0.06497491,-0.07178455,0.948193973536116,1.0,0.0025627639884201036
Obp56h,0.064948805,0.64630055,0.9482147606245188,1.0,0.0009491718475630013
mus301,0.06494219,0.60710734,0.9482200305961942,1.0,0.0009491718475630013
eggpl,0.06491792,0.45801613,0.9482393538450493,1.0,0.0009491718475630013
CG6665,0.06484217,-0.11967345,0.9482996659993482,1.0,0.041051682407099804
CG15601,0.064789586,-0.09574956,0.948341533348637,1.0,0.03127521237720089
nenya,0.0643976,2.0831792,0.9486536398939567,1.0,0.0005220445161596507
asRNA:CR45815,0.064382896,-0.21584411,0.9486653513626383,1.0,0.002942432727445304
PGRP-LB,0.06414976,-0.10698995,0.9488509796205656,1.0,0.004128897536899056
Or63a,0.064149395,-0.15417635,0.9488512724118116,1.0,0.02472592662901618
CG13679,0.0641391,0.13872266,0.9488594705694992,1.0,0.0017085093256134023
asRNA:CR44095,0.06404239,0.85067356,0.9489364749576237,1.0,0.0009017132551848512
CG3038,0.064017385,0.6502017,0.9489563849150692,1.0,0.0009017132551848512
TpnC73F,0.06401076,0.5549803,0.9489616552032576,1.0,0.0009017132551848512
CG15365,0.063776165,0.2037085,0.9491484590806399,1.0,0.0020881780646386026
cyr,0.06346802,1.6591202,0.9493938264121827,1.0,0.00047458592378150065
NimC2,0.06346655,1.8317255,0.9493949976281553,1.0,0.00047458592378150065
CG32572,0.06346507,1.9024079,0.9493961688442372,1.0,0.00047458592378150065
CG13258,0.06346287,1.6613202,0.9493979256685651,1.0,0.00047458592378150065
CG11828,0.063459195,1.2790774,0.9494008537096582,1.0,0.00047458592378150065
CG8306,0.06318892,-0.07847316,0.9496160665980606,1.0,0.002467846803663803
Adc,0.06317127,-0.31964678,0.9496301214453258,1.0,0.013288405865882019
TwdlW,0.063113175,0.88597417,0.9496763854282404,1.0,0.0008542546628067012
CG15412,0.06310729,0.79942113,0.9496810703979974,1.0,0.0008542546628067012
CG7497,0.06308302,0.45961916,0.9497003959166301,1.0,0.0008542546628067012
CG42831,0.06307346,0.31046313,0.949708009007852,1.0,0.0008542546628067012
Npc2e,0.06306316,0.44683707,0.9497162077266097,1.0,0.0008542546628067012
kermit,0.06302088,0.0577075,0.9497498810916151,1.0,0.0028475155426890037
Cyp6u1,0.062892914,-0.14710617,0.9498517801686511,1.0,0.03208200844762944
CG9812,0.062674485,0.20774426,0.9500257132455453,1.0,0.0012339234018319016
CG17329,0.06254505,2.4381528,0.9501287858226316,1.0,0.0004271273314033506
CG45095,0.062544316,2.5136907,0.9501293714646598,1.0,0.0004271273314033506
lncRNA:CR45670,0.06254211,2.1692383,0.950131128390906,1.0,0.0004271273314033506
CG13075,0.06254137,2.2617376,0.9501317140330419,1.0,0.0004271273314033506
PolA1,0.062539905,2.007247,0.9501328853173946,1.0,0.0004271273314033506
CG31436,0.062313024,0.15269065,0.9503135572173355,1.0,0.001613592140857102
CG17219,0.062306773,0.18514141,0.9503185352475378,1.0,0.001613592140857102
CG5835,0.0623053,-0.16064131,0.9503197065490436,1.0,0.004461107683546106
rols,0.062215947,-0.1259097,0.9503908633167654,1.0,0.004840776422571307
Osi4,0.062179543,0.8008125,0.9504198532244656,1.0,0.000806796070428551
mthl3,0.0621413,0.35263446,0.9504503073395935,1.0,0.000806796070428551
gas,0.06213321,0.12597187,0.9504567495655306,1.0,0.000806796070428551
CG34208,0.062024,-0.12925836,0.9505437199324432,1.0,0.0040339803521427554
CG15475,0.062013336,0.26102608,0.9505522120200582,1.0,0.0019932608798823026
CG17129,0.061752994,0.20503044,0.9507595378299237,1.0,0.0011864648094537516
CG31612,0.061668787,-0.14071985,0.9508265973158431,1.0,0.004413649091167956
lncRNA:CR44281,0.06162356,4.2357006,0.950862616310143,1.0,0.0003796687390252005
CG7910,0.061621353,3.5115335,0.9508643733368238,1.0,0.0003796687390252005
CG14069,0.061621353,3.5494316,0.9508643733368238,1.0,0.0003796687390252005
CG8197,0.06161988,3.0685382,0.9508655446880772,1.0,0.0003796687390252005
CG10694,0.061617672,2.3977537,0.950867301715156,1.0,0.0003796687390252005
CG11458,0.061617672,2.2038748,0.950867301715156,1.0,0.0003796687390252005
lncRNA:CR44991,0.061617672,2.4084997,0.950867301715156,1.0,0.0003796687390252005
CG14300,0.061617672,1.9713719,0.950867301715156,1.0,0.0003796687390252005
r,0.06135733,-0.17353368,0.9510746325851842,1.0,0.00726116463385696
CG4783,0.061268713,1.2026639,0.9511452078325094,1.0,0.000759337478050401
bap,0.061244443,0.7515576,0.9511645355604663,1.0,0.000759337478050401
CecC,0.0612415,0.593809,0.9511668783173226,1.0,0.000759337478050401
CG10713,0.0610889,-0.11432916,0.9512884094076022,1.0,0.04200085425466281
CG11619,0.06101315,0.18251778,0.9513487361046861,1.0,0.0019458022875041526
ScsbetaG,0.06089107,-0.1468015,0.9514459622419493,1.0,0.033458307626595796
CG18371,0.060888864,0.42460918,0.9514477193474687,1.0,0.0011390062170756016
Porin2,0.060853194,0.26278806,0.9514761259194487,1.0,0.0011390062170756016
CG16984,0.06085099,0.2529557,0.9514778830290191,1.0,0.0011390062170756016
lncRNA:CR45693,0.06084915,0.28567377,0.9514793472871746,1.0,0.0011390062170756016
l(3)72Dn,0.06072854,-0.19086802,0.951575402979797,1.0,0.019410564282663377
CG12990,0.060697652,18.626083,0.9516000027216133,1.0,0.00033221014664705045
lncRNA:CR45937,0.060697652,18.640038,0.9516000027216133,1.0,0.00033221014664705045
Fign,0.060697652,19.073946,0.9516000027216133,1.0,0.00033221014664705045
topi,0.060697652,19.00926,0.9516000027216133,1.0,0.00033221014664705045
CG11672,0.060697652,19.250786,0.9516000027216133,1.0,0.00033221014664705045
Gr10b,0.060697652,18.507355,0.9516000027216133,1.0,0.00033221014664705045
Gga,0.060617857,-0.20862128,0.9516635522680488,1.0,0.038916045750083054
CG7601,0.06042223,-0.13020477,0.951819352455816,1.0,0.0360210716150159
sisRNA:1,0.0603759,-0.18984951,0.9518562527702413,1.0,0.0023254710265293533
lncRNA:CR44568,0.060322583,0.64265466,0.9518987175455339,1.0,0.0007118788856722509
CG14342,0.060315225,0.5492461,0.9519045747666404,1.0,0.0007118788856722509
Gbp2,0.06031486,-0.2827641,0.9519048676277639,1.0,0.001518674956100802
mkg-p,0.06030346,0.37296683,0.9519139463258147,1.0,0.0007118788856722509
CG13737,0.06021521,-0.11396144,0.9519842332314989,1.0,0.00716624744910066
RpL37-2,0.06006371,-0.015090504,0.9521048932902438,1.0,0.002705139765554554
CG34180,0.059906326,0.029883895,0.9522302403392217,1.0,0.0010915476246974515
BomS2,0.059879117,-0.19813658,0.9522519126124651,1.0,0.0018983436951260026
CG9522,0.05975924,-0.23889266,0.9523473881823868,1.0,0.006786578710075459
CG44405,0.05958568,0.2894014,0.9524856239615337,1.0,0.001471216363722652
Cln7,0.05955148,-0.14014593,0.9525128612647067,1.0,0.002278012434151203
lncRNA:CR44442,0.059398513,0.6890192,0.9526346976219617,1.0,0.0006644202932941009
lncRNA:CR46111,0.05939557,0.691957,0.9526370406396903,1.0,0.0006644202932941009
CG10337,0.059385274,0.41080883,0.9526452412049643,1.0,0.0006644202932941009
asRNA:CR45195,0.059242968,0.25372157,0.9527585852453406,1.0,0.0018508851027478526
CG7457,0.059012778,0.35659182,0.9529419293067964,1.0,0.0010440890323193013
EbpIII,0.058896214,-0.29045698,0.9530347738156166,1.0,0.012291775425940867
lncRNA:CR46080,0.058566004,-0.03335746,0.9532977878993069,1.0,0.0014237577713445018
CG9928,0.058564536,0.027767653,0.9532989594656455,1.0,0.0014237577713445018
lncRNA:CR46094,0.05847886,0.8285463,0.9533672033789381,1.0,0.0006169617009159508
asRNA:CR43471,0.058474444,0.79019403,0.9533707180961816,1.0,0.0006169617009159508
Dhc36C,0.05832883,0.2936056,0.953486704273566,1.0,0.0018034265103697023
CG3534,0.05827257,-0.120612346,0.9535315173788028,1.0,0.013193488681125718
pre-mod(mdg4)-B,0.0581082,0.42618054,0.9536624427822686,1.0,0.0009966304399411513
JMJD4,0.058105994,-0.17025898,0.9536642001787478,1.0,0.01542404252289877
CG31769,0.05810011,0.39783967,0.9536688865704601,1.0,0.0009966304399411513
CtsK2,0.058059663,0.17723152,0.9537011055568394,1.0,0.0009966304399411513
CG5050,0.057743426,0.30886745,0.9539530020544652,1.0,0.0013762991789663518
CG43329,0.057741586,0.3121822,0.9539544665824599,1.0,0.0013762991789663518
CG9951,0.05770629,-0.12913558,0.9539825855501016,1.0,0.04119405818423426
Trf4-2,0.057662528,0.011233159,0.9540174414332465,1.0,0.0013762991789663518
Acox57D-d,0.057566557,1.2530243,0.9540938903587924,1.0,0.0005695031085378008
lncRNA:CR44272,0.057562876,1.1587155,0.9540968194448054,1.0,0.0005695031085378008
CG8563,0.057557732,0.8119069,0.9541009201662652,1.0,0.0005695031085378008
CG8046,0.05755405,0.83332014,0.9541038492537661,1.0,0.0005695031085378008
Xpd,0.057386007,-0.04125399,0.9542377092134212,1.0,0.006976413079588059
CG8908,0.05727937,0.0076664896,0.95432265384004,1.0,0.0017559679179915523
asRNA:CR45873,0.057193324,0.53734094,0.9543911957446303,1.0,0.0009491718475630013
Ada,0.057164643,0.25996822,0.9544140431211432,1.0,0.0009491718475630013
lncRNA:CR46124,0.057149936,0.035693403,0.9544257597390153,1.0,0.0009491718475630013
lncRNA:CR45471,0.056999907,0.15986386,0.95454526980344,1.0,0.002135636657016753
Arp6,0.056870837,-0.16208063,0.9546480844267712,1.0,0.047600968155284515
asRNA:CR31845,0.05682892,0.3147379,0.9546814773728596,1.0,0.0013288405865882018
pug,0.056791414,-0.18919721,0.9547113553394234,1.0,0.003749228797873855
CG17122,0.056774497,0.1735997,0.9547248297373264,1.0,0.0013288405865882018
CG14247,0.056740668,0.04210285,0.9547517785719483,1.0,0.0013288405865882018
CG45603,0.056635868,1.2153399,0.9548352617030497,1.0,0.0005220445161596507
Strica,0.056635868,1.1502138,0.9548352617030497,1.0,0.0005220445161596507
niki,0.05663072,0.72286826,0.9548393626415635,1.0,0.0005220445161596507
CG34330,0.056629986,0.7160476,0.9548399484900203,1.0,0.0005220445161596507
CG12106,0.05654357,-0.06642114,0.9549087858534642,1.0,0.04703146504674671
tmn,0.056432888,-0.05978521,0.9549969567549,1.0,0.0025153053960419534
CG15767,0.056246825,0.27106056,0.9551451788463433,1.0,0.0009017132551848512
inv,0.05607069,0.20809108,0.9552854932832155,1.0,0.0020881780646386026
t-cup,0.055915516,-0.0403405,0.955409111743391,1.0,0.0020881780646386026
CG12075,0.055857047,0.18433866,0.9554556886453734,1.0,0.0012813819942100518
Gldc,0.05582469,0.057258945,0.9554814671219339,1.0,0.0012813819942100518
asRNA:CR44897,0.055720624,1.5834664,0.9555643686745972,1.0,0.00047458592378150065
CG43448,0.055717684,1.5680488,0.9555667121883769,1.0,0.00047458592378150065
CG9747,0.055716947,0.9071021,0.9555672980668818,1.0,0.00047458592378150065
CG31832,0.055716947,1.334002,0.9555672980668818,1.0,0.00047458592378150065
Cpr67B,0.055508453,0.29208857,0.9557333955899858,1.0,0.0016610507332352523
TwdlV,0.055356953,0.5563522,0.9558540884709114,1.0,0.0008542546628067012
lncRNA:CR32636,0.055353276,0.53205794,0.955857017922362,1.0,0.0008542546628067012
asRNA:CR43936,0.0553496,0.53938824,0.9558599473744089,1.0,0.0008542546628067012
scpr-C,0.05533342,0.3568358,0.9558728369704981,1.0,0.0008542546628067012
eater,0.055317976,0.3559917,0.9558851406866208,1.0,0.0008542546628067012
asRNA:CR45831,0.054796558,1.5516455,0.9563005437281028,1.0,0.0004271273314033506
CG43996,0.054792143,1.5496564,0.9563040591784132,1.0,0.0004271273314033506
CG14417,0.054790672,1.0912528,0.9563052309953722,1.0,0.0004271273314033506
CG43273,0.054718602,-0.14218014,0.9563626501419981,1.0,0.010583266100327464
Dso1,0.054571882,-0.24286282,0.9564795398184344,1.0,0.003654311613117555
CG1774,0.054445755,0.7856887,0.9565800246744314,1.0,0.000806796070428551
lncRNA:CR44595,0.05442149,0.52483636,0.9565993600320568,1.0,0.000806796070428551
Psf2,0.054415602,0.47892624,0.9566040473953275,1.0,0.000806796070428551
Dhc98D,0.054414134,0.43528378,0.9566052192363795,1.0,0.000806796070428551
jtb,0.054403838,0.43398148,0.9566134221263705,1.0,0.000806796070428551
mu2,0.054395746,-0.18595122,0.956619867257444,1.0,0.011437520763134165
exp,0.054090545,0.43418935,0.956863026543377,1.0,0.0011864648094537516
lms,0.054077305,0.46487063,0.9568735733021957,1.0,0.0011864648094537516
GrlHz,0.054040533,0.3304846,0.9569028698940786,1.0,0.0011864648094537516
CG6321,0.05392544,-0.32566547,0.9569945686027723,1.0,0.0019932608798823026
Sfp53D,0.053876165,2.6104987,0.9570338263709636,1.0,0.0003796687390252005
lncRNA:CR45339,0.05387543,2.4921813,0.9570344123085919,1.0,0.0003796687390252005
CG12310,0.053874694,2.7781515,0.9570349982462434,1.0,0.0003796687390252005
lncRNA:CR45622,0.05387396,2.4321558,0.957035584183918,1.0,0.0003796687390252005
CtsL2,0.053871017,2.1890626,0.957037927934849,1.0,0.0003796687390252005
snoRNA:Psi28S-1060,0.053870283,1.8871135,0.9570385138726397,1.0,0.0003796687390252005
Cyp4d20,0.053869545,1.978819,0.9570390998104537,1.0,0.0003796687390252005
Spn31A,0.053868074,1.772405,0.9570402716861512,1.0,0.0003796687390252005
Ada2b,0.053840496,-0.17245747,0.9570622443726703,1.0,0.0353566513217218
GstO3,0.05378019,-0.08642077,0.9571102914275079,1.0,0.005600113900621708
CG10747,0.053716946,-0.11136406,0.9571606824085304,1.0,0.02762090076408334
LanB2,0.053694148,0.30596575,0.9571788466413529,1.0,0.001566133548478952
ppk13,0.053489696,0.28589267,0.9573417397864407,1.0,0.000759337478050401
pyx,0.053483076,0.24405554,0.957347013335332,1.0,0.000759337478050401
CG14086,0.053482343,-0.027528323,0.9573475992853241,1.0,0.0051729865692183566
CG14410,0.053470574,0.10351359,0.9573569744883311,1.0,0.000759337478050401
nahoda,0.053390782,-0.41450298,0.9574205502392843,1.0,0.0036068530207394047
Adgf-C,0.053103965,0.23570603,0.9576490736053678,1.0,0.0011390062170756016
lncRNA:CR44125,0.052952096,3.418285,0.9577700752085261,1.0,0.00033221014664705045
lncRNA:CR44655,0.052952096,3.816841,0.9577700752085261,1.0,0.00033221014664705045
CG5506,0.05294989,3.5107157,0.9577718331082434,1.0,0.00033221014664705045
NaPi-T,0.052949157,2.7345529,0.9577724190748615,1.0,0.00033221014664705045
asRNA:CR45366,0.052949157,3.1348944,0.9577724190748615,1.0,0.00033221014664705045
lncRNA:CR43899,0.052949157,3.1041532,0.9577724190748615,1.0,0.00033221014664705045
CG11034,0.052947685,2.4081714,0.9577735910081663,1.0,0.00033221014664705045
lncRNA:CR44060,0.052946948,2.1245532,0.9577741769748529,1.0,0.00033221014664705045
CG13033,0.052946948,2.4764786,0.9577741769748529,1.0,0.00033221014664705045
lncRNA:CR45165,0.052946948,2.6369781,0.9577741769748529,1.0,0.00033221014664705045
PolA2,0.05283369,0.06422226,0.9578644161167118,1.0,0.0023254710265293533
GluRIIE,0.052602768,0.77433807,0.9580484118828271,1.0,0.0007118788856722509
CG10560,0.052578498,0.64906615,0.958067749147443,1.0,0.0007118788856722509
lncRNA:CR45169,0.052569672,0.486352,0.958074780886149,1.0,0.0007118788856722509
CG31875,0.052567467,0.3233408,0.9580765388213353,1.0,0.0007118788856722509
Taf10b,0.052516356,-0.13155535,0.9581172643768723,1.0,0.16240330311802953
CG31674,0.05231448,-0.07474208,0.9582781167392812,1.0,0.002705139765554554
snoRNA:CD67,0.052151214,0.08982064,0.9584082062314567,1.0,0.0010915476246974515
CG1575,0.05207436,-0.1543456,0.9584694424345956,1.0,0.00797304351952921
TAF1C-like,0.052064065,-0.18294342,0.9584776463464626,1.0,0.012149399648806417
lncRNA:CR45482,0.05202656,18.441391,0.9585075320625899,1.0,0.0002847515542689004
Gpo2,0.05202656,18.962952,0.9585075320625899,1.0,0.0002847515542689004
Lcp65Ad,0.05202656,18.443138,0.9585075320625899,1.0,0.0002847515542689004
CG42656,0.05202656,18.506962,0.9585075320625899,1.0,0.0002847515542689004
CG4653,0.05166436,0.81935143,0.9587961373158402,1.0,0.0006644202932941009
Cnb,0.05165774,0.68789005,0.958801411370831,1.0,0.0006644202932941009
CG5290,0.051590446,-0.05375032,0.9588550310322259,1.0,0.005884865454890608
Dcr-1,0.051493004,-0.14499854,0.9589326773198696,1.0,0.010013762991789663
CG31538,0.051452924,-0.009601632,0.9589646149626307,1.0,0.008257795073798112
CG16736,0.051293332,0.48016083,0.9590917801745952,1.0,0.0010440890323193013
Cyt-c-d,0.051176034,-0.17643812,0.9591852501994012,1.0,0.004271273314033506
TTLL3A,0.050938487,0.26569623,0.9593745360421919,1.0,0.0014237577713445018
CG46335,0.050871197,0.14340742,0.9594281576806885,1.0,0.0014237577713445018
CG31029,0.050752424,1.2132852,0.9595228017854719,1.0,0.0006169617009159508
lncRNA:CR43907,0.05073992,0.81500304,0.9595327643560284,1.0,0.0006169617009159508
flr,0.050707933,-0.11093354,0.9595582568447539,1.0,0.02230553841773053
CG8136,0.05051451,0.09861354,0.9597123847254624,1.0,0.0018034265103697023
CG17118,0.050359704,0.33462036,0.9598357467190561,1.0,0.0009966304399411513
CG12158,0.050068107,0.53667,0.9600681152690309,1.0,0.0013762991789663518
Klp64D,0.049986105,-0.12818004,0.9601334603786928,1.0,0.11613117554933321
lncRNA:CR44496,0.04990668,-0.04360136,0.9601967545519392,1.0,0.0013762991789663518
Jhbp12,0.049839754,1.4238608,0.9602500859482497,1.0,0.0005695031085378008
phu,0.04982725,0.9830886,0.9602600489760786,1.0,0.0005695031085378008
CG6865,0.04981622,0.83264923,0.9602688398881408,1.0,0.0005695031085378008
NimB3,0.049813278,0.73403645,0.9602711841321733,1.0,0.0005695031085378008
CG43915,0.049808867,0.6804845,0.9602747004988662,1.0,0.0005695031085378008
CG34025,0.049804453,0.59043354,0.9602782168663319,1.0,0.0005695031085378008
CG12985,0.049802247,0.51418686,0.9602799750503546,1.0,0.0005695031085378008
Gr2a,0.049801514,0.49641484,0.9602805611117383,1.0,0.0005695031085378008
ACXD,0.049800776,0.5856458,0.9602811471731436,1.0,0.0005695031085378008
Tret1l,0.049796365,0.2823947,0.960284663542026,1.0,0.0005695031085378008
asRNA:CR44984,0.049795628,0.30513895,0.9602852496035816,1.0,0.0005695031085378008
Cyp301a1,0.049691934,-0.06315196,0.9603678844976219,1.0,0.0033695600588486544
CG10927,0.04957794,-0.1184584,0.9604587247660468,1.0,0.005789948270134308
asRNA:CR43933,0.049411368,0.004129613,0.9605914696941029,1.0,0.0009491718475630013
Mink,0.04941063,0.13322593,0.9605920557668507,1.0,0.0009491718475630013
ZnT33D,0.049393717,-0.16924174,0.9606055354459271,1.0,0.01580371126192397
frma,0.049390774,0.048938654,0.9606078797390901,1.0,0.0009491718475630013
snoRNA:2R:9445410,0.049387835,-0.17972282,0.9606102240325938,1.0,0.0009491718475630013
morgue,0.04893885,-0.15995502,0.9609680258095215,1.0,0.06720136680746049
lncRNA:CR43941,0.04889767,1.1477591,0.9610008466784813,1.0,0.0005220445161596507
CG43085,0.04889252,1.0936342,0.9610049492917496,1.0,0.0005220445161596507
CG17440,0.04889252,0.95176435,0.9610049492917496,1.0,0.0005220445161596507
lncRNA:CR43363,0.048884433,0.68484575,0.9610113962575435,1.0,0.0005220445161596507
CG34396,0.048883695,0.7633666,0.9610119823454694,1.0,0.0005220445161596507
CG34008,0.048883695,0.78536105,0.9610119823454694,1.0,0.0005220445161596507
Cyp6a22,0.048882224,0.67839706,0.9610131545213842,1.0,0.0005220445161596507
CG8833,0.048880752,-0.15489559,0.9610143266973835,1.0,0.04532295572113331
CG13295,0.048775587,-0.10764727,0.9610981374996055,1.0,0.012291775425940867
Est17,0.04852848,0.49830383,0.961295065270533,1.0,0.0009017132551848512
CG7408,0.048527747,0.3658422,0.9612956513686199,1.0,0.0009017132551848512
Klp67A,0.048502006,0.16760708,0.961316164814836,1.0,0.0009017132551848512
CG12923,0.04850127,0.17979093,0.9613167509136756,1.0,0.0009017132551848512
CG31776,0.048481416,0.09757705,0.9613325755902485,1.0,0.0009017132551848512
Tim10,0.048462294,-0.105690174,0.9613478141820875,1.0,0.0009017132551848512
CG42675,0.04815231,0.0074099516,0.9615948571659036,1.0,0.0068814958948317595
Taz,0.048016254,-0.11472105,0.9617032876365997,1.0,0.06535048170471264
CG43680,0.047971763,1.26484,0.961738747484873,1.0,0.00047458592378150065
CG12507,0.047965143,0.9519579,0.9617440225100932,1.0,0.00047458592378150065
Spc105R,0.04796441,0.79649097,0.9617446086241099,1.0,0.00047458592378150065
tw,0.047961466,0.5603067,0.9617469530803836,1.0,0.00047458592378150065
CG2321,0.04773201,-0.20219025,0.9619298216872549,1.0,0.006549285748184709
CycE,0.047687884,-0.01243045,0.9619649889569506,1.0,0.006454368563428408
pre-rRNA:CR45856,0.047607355,0.5779584,0.9620291694148585,1.0,0.0008542546628067012
CG34454,0.047601473,0.5000108,0.9620338584077347,1.0,0.0008542546628067012
asRNA:CR46058,0.04759412,0.41815022,0.9620397196506766,1.0,0.0008542546628067012
LManI,0.047590442,0.46968037,0.9620426502729169,1.0,0.0008542546628067012
E(spl)m6-BFM,0.047588237,0.40222868,0.9620444086465073,1.0,0.0008542546628067012
CG42554,0.047527928,-0.14191064,0.9620924709294362,1.0,0.04532295572113331
CheB42c,0.047463212,-0.02774637,0.9621440501180137,1.0,0.003654311613117555
SdhAL,0.04744887,0.0017402219,0.9621554796187524,1.0,0.0028475155426890037
CG8160,0.047290016,0.43726346,0.9622820838389197,1.0,0.0012339234018319016
r2d2,0.047277883,-0.1035373,0.9622917550337678,1.0,0.04997389777419202
lncRNA:CR45217,0.047256924,0.42072195,0.962308459837937,1.0,0.0012339234018319016
betaTub60D,0.047246628,0.36733133,0.9623166657127123,1.0,0.0012339234018319016
Spn28Dc,0.04722677,0.29736236,0.9623324913396225,1.0,0.0012339234018319016
asRNA:CR45121,0.047224563,0.3203301,0.9623342497435287,1.0,0.0012339234018319016
CG45081,0.047188528,0.12063714,0.9623629703665918,1.0,0.0012339234018319016
Loxl1,0.04716279,0.021650063,0.9623834851272549,1.0,0.0012339234018319016
ms(3)76Ba,0.047143668,-0.09287572,0.9623987246798701,1.0,0.0012339234018319016
DIP-epsilon,0.04712013,-0.1689932,0.9624174810711775,1.0,0.0355464856912344
Pstk,0.047055416,1.83936,0.9624690612544882,1.0,0.0004271273314033506
Spn42De,0.04705284,1.6674331,0.962471112742301,1.0,0.0004271273314033506
CG13314,0.047051,1.5742451,0.9624725780908909,1.0,0.0004271273314033506
lncRNA:CR44514,0.047048062,1.3041573,0.9624749226488984,1.0,0.0004271273314033506
CG30371,0.04704659,1.34663,0.9624760949280238,1.0,0.0004271273314033506
CG10853,0.04704659,1.1548964,0.9624760949280238,1.0,0.0004271273314033506
lncRNA:CR45517,0.047044385,1.0571055,0.9624778533468641,1.0,0.0004271273314033506
CG32500,0.047043648,1.0399444,0.962478439486518,1.0,0.0004271273314033506
CG34124,0.047043648,0.96866757,0.962478439486518,1.0,0.0004271273314033506
5.8SrRNA-Psi:CR45849,0.047042914,1.1060677,0.9624790256261924,1.0,0.0004271273314033506
Ccdc39,0.047042176,0.96507835,0.9624796117658868,1.0,0.0004271273314033506
lncRNA:CR45996,0.04704071,0.8388542,0.9624807840453368,1.0,0.0004271273314033506
lncRNA:CR45699,0.047039237,1.0236157,0.9624819563248678,1.0,0.0004271273314033506
snoRNA:Psi28S-2996,0.04703409,0.42375252,0.962486059303865,1.0,0.0004271273314033506
Gr77a,0.046925243,0.04383901,0.9625728082350448,1.0,0.0024203882112856533
Cyp4ac1,0.04664578,0.131247,0.9627955440040762,1.0,0.000806796070428551
CG32202,0.046609376,-0.13452552,0.9628245584828445,1.0,0.03768212234825115
Naa40,0.046334695,-0.08558691,0.963043487498031,1.0,0.011674813725024916
CG7342,0.04623173,-0.03694804,0.9631255499628657,1.0,0.0011864648094537516
Art8,0.0462093,-0.02179042,0.9631434279088399,1.0,0.005979782639646908
asRNA:CR43959,0.04619349,-0.19447346,0.9631560304064821,1.0,0.006454368563428408
CG13947,0.04612804,2.2228525,0.9632081989829774,1.0,0.0003796687390252005
lncRNA:CR44634,0.04612804,1.7811774,0.9632081989829774,1.0,0.0003796687390252005
lncRNA:CR44170,0.046125833,1.6453239,0.9632099574770653,1.0,0.0003796687390252005
IFT54,0.046125833,1.7906848,0.9632099574770653,1.0,0.0003796687390252005
b6,0.046123624,1.5748821,0.9632117159713321,1.0,0.0003796687390252005
CG32459,0.04612289,1.4897844,0.9632123021361275,1.0,0.0003796687390252005
CG32939,0.04612142,1.2188036,0.963213474465778,1.0,0.0003796687390252005
asRNA:CR46262,0.046120685,1.2625046,0.9632140606306331,1.0,0.0003796687390252005
lncRNA:CR45329,0.046120685,1.4059682,0.9632140606306331,1.0,0.0003796687390252005
CG7881,0.046119947,1.0833769,0.963214646795508,1.0,0.0003796687390252005
prc,0.046118475,0.90832067,0.9632158191253175,1.0,0.0003796687390252005
LKRSDH,0.046110757,0.076185286,0.9632219738581219,1.0,0.002372929618907503
lncRNA:CR43785,0.046062585,0.03447814,0.9632603677169819,1.0,0.002372929618907503
CG31326,0.045848943,-0.01608141,0.9634306499028216,1.0,0.001566133548478952
CG13488,0.045758482,0.5454156,0.9635027492315729,1.0,0.000759337478050401
baz,0.045757014,-0.17028622,0.9635039215808492,1.0,0.013051112903991267
CG14245,0.045753337,0.47260118,0.9635068524543852,1.0,0.000759337478050401
CG30324,0.045739364,0.38329732,0.9635179897783186,1.0,0.000759337478050401
lncRNA:CR32652,0.045731273,0.23140302,0.9635244377059546,1.0,0.000759337478050401
CG13168,0.045518365,-0.14602159,0.9636941362940765,1.0,0.0027525983579327036
asRNA:CR45151,0.045372017,0.28208584,0.9638107867095844,1.0,0.0011390062170756016
lncRNA:CR45742,0.04520581,2.2922816,0.9639432650051124,1.0,0.00033221014664705045
asRNA:CR45371,0.045204338,2.7234466,0.9639444373838578,1.0,0.00033221014664705045
lncRNA:CR44313,0.045204338,2.5516713,0.9639444373838578,1.0,0.00033221014664705045
CG32971,0.0452036,2.139586,0.9639450235732598,1.0,0.00033221014664705045
CG14957,0.0452036,2.4004002,0.9639450235732598,1.0,0.00033221014664705045
lncRNA:CR42715,0.045201395,1.9607415,0.9639467821415826,1.0,0.00033221014664705045
RnrS,0.04519845,1.4759781,0.963949126899619,1.0,0.00033221014664705045
Psf1,0.045197718,1.4069535,0.9639497130891769,1.0,0.00033221014664705045
TwdlC,0.045197718,1.5879582,0.9639497130891769,1.0,0.00033221014664705045
Amy-d,0.045196984,1.273585,0.9639502992787542,1.0,0.00033221014664705045
CG7227,0.045196246,1.3237851,0.963950885468351,1.0,0.00033221014664705045
CG31626,0.045196246,0.8314639,0.963950885468351,1.0,0.00033221014664705045
CG3594,0.045063134,-0.175134,0.9640569861059836,1.0,0.03037349912201604
drd,0.044981133,-0.108808696,0.9641223467604425,1.0,0.0023254710265293533
CG18011,0.0446296,-0.14796151,0.964402550319661,1.0,0.004318731906411656
CG13482,0.044535097,0.0006161393,0.9644778777598865,1.0,0.0018983436951260026
mt:tRNA:Arg-TCG,0.044411544,0.11377567,0.9645763608057365,1.0,0.0010915476246974515
asRNA:CR44046,0.044379182,-0.054288693,0.964602154073772,1.0,0.0010915476246974515
CG18635,0.044280637,4.1259627,0.9646807065272158,1.0,0.0002847515542689004
CG5662,0.044280637,3.5119863,0.9646807065272158,1.0,0.0002847515542689004
DZIP1,0.044279166,2.8648574,0.9646818789544923,1.0,0.0002847515542689004
lncRNA:CR44714,0.04427843,2.9193153,0.9646824651681591,1.0,0.0002847515542689004
CG45061,0.04427843,2.6901383,0.9646824651681591,1.0,0.0002847515542689004
lncRNA:CR44760,0.04427843,2.8747253,0.9646824651681591,1.0,0.0002847515542689004
CG14455,0.044276223,2.0239334,0.9646842238092742,1.0,0.0002847515542689004
Ptp52F,0.044276223,2.0495152,0.9646842238092742,1.0,0.0002847515542689004
CG10063,0.044276223,2.150318,0.9646842238092742,1.0,0.0002847515542689004
CG44261,0.044276223,1.6033348,0.9646842238092742,1.0,0.0002847515542689004
Hex-C,0.043967344,-0.06087209,0.9649304352570963,1.0,0.001471216363722652
CG4269,0.04392873,0.8901519,0.9649612119236615,1.0,0.0006644202932941009
sncRNA:CR43603,0.043922115,0.67929965,0.9649664879288867,1.0,0.0006644202932941009
ckd,0.043921378,0.73534065,0.9649670741517842,1.0,0.0006644202932941009
CG14006,0.043919172,0.78210145,0.9649688328205902,1.0,0.0006644202932941009
CG42633,0.043908875,0.36536372,0.9649770399439382,1.0,0.0006644202932941009
piwi,0.04388902,-0.049824983,0.9649928679780152,1.0,0.0006644202932941009
Naam,0.043807387,-0.12100608,0.9650579389296298,1.0,0.008732380997579612
CG15614,0.043521672,0.20784384,0.9652856890899676,1.0,0.0010440890323193013
Hmgcl,0.043494463,0.01089291,0.965307379729423,1.0,0.0010440890323193013
asRNA:CR43866,0.043355465,18.600698,0.9654181782608385,1.0,0.00023729296189075032
CG34199,0.043355465,18.335787,0.9654181782608385,1.0,0.00023729296189075032
CG15550,0.043355465,19.541494,0.9654181782608385,1.0,0.00023729296189075032
lncRNA:CR46063,0.043355465,18.052027,0.9654181782608385,1.0,0.00023729296189075032
lncRNA:CR43144,0.043355465,18.298395,0.9654181782608385,1.0,0.00023729296189075032
snoRNA:CD11c,0.043355465,18.453428,0.9654181782608385,1.0,0.00023729296189075032
hpRNA:LINR-1,0.043355465,18.44935,0.9654181782608385,1.0,0.00023729296189075032
CG6678,0.043176387,-0.08068034,0.9655609276172904,1.0,0.002230553841773053
CG15717,0.04311682,0.079458326,0.9656084132743675,1.0,0.0014237577713445018
asRNA:CR45535,0.042987015,0.5900508,0.9657118855295855,1.0,0.0006169617009159508
CG11362,0.042986277,0.5816666,0.9657124717763041,1.0,0.0006169617009159508
asRNA:CR43243,0.042977452,0.42297518,0.9657195067383723,1.0,0.0006169617009159508
CG4927,0.042954654,0.08504346,0.9657376804027303,1.0,0.0006169617009159508
CG42830,0.04275425,0.05167236,0.9658974335396783,1.0,0.0018034265103697023
CG32032,0.04271049,-0.2247189,0.9659323155995758,1.0,0.011769730909781216
lncRNA:CR45388,0.042537667,-0.14372168,0.9660700857164163,1.0,0.0042238147216553555
Pex2,0.04245971,-0.11585026,0.9661322291646569,1.0,0.025675098476579186
Saysd1,0.042166643,-0.117267855,0.9663658551916171,1.0,0.017274927625646624
Kdsr,0.04214127,-0.16863783,0.9663860814203715,1.0,0.020074984575957477
CG33307,0.042075448,0.9155876,0.9664385524624242,1.0,0.0005695031085378008
Ppm1,0.042066623,0.6812333,0.9664455876969926,1.0,0.0005695031085378008
CG33120,0.04206515,0.66948676,0.9664467602363414,1.0,0.0005695031085378008
asRNA:CR43767,0.042064417,0.7586586,0.9664473465060428,1.0,0.0005695031085378008
CG13716,0.042061474,0.6329942,0.9664496915850304,1.0,0.0005695031085378008
yellow-f,0.042058535,0.43153414,0.9664520366643081,1.0,0.0005695031085378008
Mkp,0.042056326,0.442232,0.9664537954739568,1.0,0.0005695031085378008
asRNA:CR45132,0.042055592,0.4475828,0.9664543817438759,1.0,0.0005695031085378008
CG13912,0.042054854,0.48248106,0.9664549680138133,1.0,0.0005695031085378008
Gbp1,0.04192873,-0.28520814,0.9665555135760056,1.0,0.002989891319823454
CG44085,0.041700378,-0.17622994,0.9667375522283483,1.0,0.0033695600588486544
ihog,0.04168898,0.2349757,0.9667466395495738,1.0,0.0009491718475630013
asRNA:CR44054,0.041669857,0.0971457,0.9667618828077781,1.0,0.0009491718475630013
Cdk4,0.04125765,-0.005087394,0.967090495221766,1.0,0.0013288405865882018
Rbp4,0.04114329,0.7184908,0.9671816634408167,1.0,0.0005220445161596507
asRNA:CR45198,0.041141085,0.655956,0.9671834223174315,1.0,0.0005220445161596507
CG13658,0.041137405,0.5677122,0.9671863537788109,1.0,0.0005220445161596507
lncRNA:CR44748,0.041134465,0.38067356,0.9671886989482337,1.0,0.0005220445161596507
CG42763,0.04113005,0.34360892,0.9671922167029,1.0,0.0005220445161596507
CG14834,0.04105136,-0.0035217651,0.9672549501015973,1.0,0.0025153053960419534
CG13067,0.040804993,-0.035548277,0.9674513597146039,1.0,0.0017085093256134023
CG7906,0.040768955,0.30383295,0.9674800884506768,1.0,0.0009017132551848512
CG5280,0.040767483,0.3209761,0.967481261053046,1.0,0.0009017132551848512
CG34115,0.040332846,-0.07399065,0.9678277681225036,1.0,0.0012813819942100518
CG30496,0.040331744,-0.13334864,0.9678286475898267,1.0,0.0061221584167813585
CG33293,0.040300485,-0.13924956,0.9678535658469012,1.0,0.0012813819942100518
CG5023,0.040227313,1.1259838,0.9679119040067713,1.0,0.00047458592378150065
CG31445,0.040227313,0.8268655,0.9679119040067713,1.0,0.00047458592378150065
PGRP-LF,0.040225103,1.120782,0.9679136629489333,1.0,0.00047458592378150065
snoRNA:Psi28S-1135e,0.04022437,0.92818743,0.967914249263022,1.0,0.00047458592378150065
CG14990,0.040222164,0.92184275,0.9679160082053923,1.0,0.00047458592378150065
sut2,0.040218487,0.8557876,0.9679189397763561,1.0,0.00047458592378150065
CG46304,0.04021481,0.59479904,0.9679218713477535,1.0,0.00047458592378150065
CG13069,0.04021334,0.56490546,0.9679230439764338,1.0,0.00047458592378150065
CG7194,0.04021334,0.66567457,0.9679230439764338,1.0,0.00047458592378150065
lncRNA:CR45478,0.040209662,0.33168796,0.9679259755484381,1.0,0.00047458592378150065
wupA,0.040207453,0.24360275,0.9679277344918488,1.0,0.00047458592378150065
CG30001,0.039932773,-0.11016852,0.9681467241627251,1.0,0.0016610507332352523
CG13056,0.039868053,0.5442975,0.9681983204729235,1.0,0.0008542546628067012
wek,0.039840844,-0.07452896,0.9682200144158419,1.0,0.0068814958948317595
sug,0.039839372,0.1984211,0.9682211870620753,1.0,0.0008542546628067012
asRNA:CR45162,0.03983643,0.29516003,0.968223532354748,1.0,0.0008542546628067012
Daxx,0.0398265,-0.16403724,0.9682314477195474,1.0,0.09695790422856058
CG34450,0.03981069,-0.07876134,0.9682440536773558,1.0,0.0008542546628067012
CG10939,0.039495926,-0.1031635,0.9684950018334447,1.0,0.002040719472260453
alka,0.03946357,-0.105199516,0.968520800419284,1.0,0.0028475155426890037
Jhbp1,0.039435986,0.043678895,0.9685427878764021,1.0,0.0012339234018319016
Obsc,0.03937936,-0.20749018,0.9685879355299621,1.0,0.0012339234018319016
CG4563,0.03930839,1.587296,0.9686445168223374,1.0,0.0004271273314033506
lncRNA:CR43436,0.039304715,1.2381958,0.968647448499821,1.0,0.0004271273314033506
asRNA:CR31514,0.039298095,0.6765675,0.9686527255203592,1.0,0.0004271273314033506
lncRNA:CR45020,0.039294418,0.833599,0.9686556571990291,1.0,0.0004271273314033506
CG1246,0.039294418,0.847828,0.9686556571990291,1.0,0.0004271273314033506
CG14400,0.039292213,0.6205377,0.9686574162064344,1.0,0.0004271273314033506
CtsL4,0.039287798,0.48096547,0.9686609342217024,1.0,0.0004271273314033506
CG11686,0.03920874,0.022234246,0.9687239654318747,1.0,0.0024203882112856533
CG8673,0.03912159,-0.12997924,0.9687934465736544,1.0,0.01385790897441982
lncRNA:CR43890,0.038911995,0.16695353,0.9689605540861518,1.0,0.000806796070428551
Pvf2,0.038911257,0.058232464,0.9689611404307047,1.0,0.000806796070428551
Rcd7,0.038671877,-0.0025114976,0.9691519964724495,1.0,0.0019932608798823026
CG7054,0.038611572,-0.11108706,0.9692000772289848,1.0,0.0019932608798823026
Rab23,0.038508244,0.07036886,0.969282459761008,1.0,0.0011864648094537516
CG31988,0.03847515,-0.26974207,0.9693088456947069,1.0,0.0011864648094537516
Gr98a,0.038382117,1.5039777,0.9693830196659843,1.0,0.0003796687390252005
CG13457,0.038379174,1.2698634,0.9693853650923242,1.0,0.0003796687390252005
lncRNA:CR44219,0.03837329,1.0536715,0.9693900559457984,1.0,0.0003796687390252005
asRNA:CR46136,0.03837329,0.892568,0.9693900559457984,1.0,0.0003796687390252005
CG43291,0.03837182,1.0060151,0.9693912286593325,1.0,0.0003796687390252005
upd2,0.03837182,0.42331344,0.9693912286593325,1.0,0.0003796687390252005
Agpat4,0.038371086,1.0408639,0.9693918150161244,1.0,0.0003796687390252005
Prim2,0.03837035,0.58274174,0.9693924013729327,1.0,0.0003796687390252005
asRNA:CR45611,0.03837035,0.8015901,0.9693924013729327,1.0,0.0003796687390252005
MESK4,0.038365938,0.09952411,0.9693959195141305,1.0,0.0003796687390252005
CG42566,0.038016975,0.5047591,0.9696741477275848,1.0,0.000759337478050401
snRNA:U4:39B,0.03799859,0.24365856,0.9696888068509715,1.0,0.000759337478050401
CG10877,0.03799822,0.26673007,0.9696891000335437,1.0,0.000759337478050401
bez,0.0379905,0.024453906,0.9696952568685064,1.0,0.000759337478050401
asRNA:CR44049,0.037982408,0.1300444,0.9697017068880236,1.0,0.000759337478050401
Coop,0.03796182,-0.23967087,0.969718125128464,1.0,0.000759337478050401
CG12640,0.03762683,0.15689896,0.9699852165161701,1.0,0.0011390062170756016
Zasp66,0.037565053,-0.1747502,0.9700344719375624,1.0,0.0011390062170756016
Cad96Cb,0.037455842,1.4695172,0.9701215487656314,1.0,0.00033221014664705045
asRNA:CR45827,0.03745437,1.6328973,0.9701227215199578,1.0,0.00033221014664705045
CG10793,0.037450694,0.7806306,0.9701256534060566,1.0,0.00033221014664705045
ect,0.037450694,1.133579,0.9701256534060566,1.0,0.00033221014664705045
Hgd,0.037449222,0.52996755,0.9701268261606092,1.0,0.00033221014664705045
CecB,0.03744775,0.7090667,0.9701279989152264,1.0,0.00033221014664705045
lncRNA:CR43287,0.037171964,-0.04941499,0.9703478915446914,1.0,0.001518674956100802
CG33767,0.037099894,0.57846403,0.9704053571907344,1.0,0.0007118788856722509
eve,0.037087392,0.6119593,0.970415325736818,1.0,0.0007118788856722509
asRNA:CR45804,0.037085183,0.40523022,0.970417084892489,1.0,0.0007118788856722509
CG6761,0.037076358,0.2561807,0.9704241215166126,1.0,0.0007118788856722509
lncRNA:CR45921,0.03707342,0.21425451,0.9704264670584988,1.0,0.0007118788856722509
lncRNA:CR45226,0.0370668,0.23351707,0.970431744528678,1.0,0.0007118788856722509
Adh,0.037066065,0.119916,0.9704323309143335,1.0,0.0007118788856722509
CG30377,0.03687228,-0.08963437,0.9705868440905935,1.0,0.002705139765554554
fs(1)K10,0.036685847,-0.19378255,0.9707354944312628,1.0,0.017227469033268474
CG44815,0.0366704,0.071245626,0.9707478087063378,1.0,0.0010915476246974515
Rad17,0.036634367,-0.113139115,0.9707765420419623,1.0,0.013668074604907219
CG8516,0.036602374,-0.13848448,0.9708020502390476,1.0,0.033363390441839495
IntS9,0.03654979,-0.09145029,0.9708439775704049,1.0,0.005505196715865407
asRNA:CR45144,0.03653251,2.2814717,0.97085775789971,1.0,0.0002847515542689004
Xrcc2,0.036531772,1.9601116,0.9708583442968947,1.0,0.0002847515542689004
CCAP,0.036531772,2.3538568,0.9708583442968947,1.0,0.0002847515542689004
CG13309,0.0365303,1.4936985,0.9708595170913114,1.0,0.0002847515542689004
CG12702,0.0365303,1.4349037,0.9708595170913114,1.0,0.0002847515542689004
Or24a,0.036529567,1.6449926,0.9708601034885433,1.0,0.0002847515542689004
CG17764,0.036529567,1.5092541,0.9708601034885433,1.0,0.0002847515542689004
lncRNA:CR45577,0.036529567,1.6178427,0.9708601034885433,1.0,0.0002847515542689004
Nepl4,0.036529567,1.3724291,0.9708601034885433,1.0,0.0002847515542689004
CG31807,0.036528833,1.4653077,0.9708606898857911,1.0,0.0002847515542689004
CG30037,0.036528096,1.3948325,0.9708612762830546,1.0,0.0002847515542689004
CG17687,0.036528096,1.0367533,0.9708612762830546,1.0,0.0002847515542689004
Obp28a,0.03652736,1.1085393,0.9708618626803338,1.0,0.0002847515542689004
Gr36a,0.036526624,1.1533037,0.9708624490776289,1.0,0.0002847515542689004
lncRNA:CR46247,0.03652589,0.9379789,0.9708630354749396,1.0,0.0002847515542689004
CG30203,0.03633578,0.13005517,0.971014619707185,1.0,0.001471216363722652
Obp57e,0.036165163,0.44936883,0.9711506652483828,1.0,0.0006644202932941009
beat-IIIa,0.03616369,0.41708982,0.9711518380584278,1.0,0.0006644202932941009
Cpr47Eg,0.03615413,0.3720412,0.9711594613252402,1.0,0.0006644202932941009
Muc91C,0.036142364,0.14433122,0.9711688438110881,1.0,0.0006644202932941009
CG6569,0.03613648,-0.019315828,0.9711735350555085,1.0,0.0006644202932941009
Ilk,0.0361328,-0.15596248,0.9711764670837778,1.0,0.047506050970528214
Ku80,0.03605779,-0.056042485,0.9712362805454491,1.0,0.005457738123487257
Fam92,0.036012925,0.18208951,0.9712720514184846,1.0,0.0018508851027478526
CG15544,0.03579193,0.17856778,0.9714482677909657,1.0,0.0010440890323193013
CG3597,0.035736036,-0.07180822,0.9714928352145034,1.0,0.0010440890323193013
CG13738,0.035609175,3.5464435,0.9715939918677684,1.0,0.00023729296189075032
CG43175,0.035609175,2.9688084,0.9715939918677684,1.0,0.00023729296189075032
CG15169,0.03560844,2.99724,0.9715945782844835,1.0,0.00023729296189075032
CG15452,0.03560844,2.788429,0.9715945782844835,1.0,0.00023729296189075032
CG15115,0.03560844,3.2657843,0.9715945782844835,1.0,0.00023729296189075032
Ir11a,0.03560844,2.715927,0.9715945782844835,1.0,0.00023729296189075032
Or2a,0.035607703,2.7142053,0.9715951647012139,1.0,0.00023729296189075032
CG15286,0.03560697,2.1397247,0.9715957511179596,1.0,0.00023729296189075032
CG8664,0.03560697,2.6651914,0.9715957511179596,1.0,0.00023729296189075032
asRNA:CR45908,0.035605498,1.6268072,0.9715969239514972,1.0,0.00023729296189075032
Poc1,0.035605498,1.2280366,0.9715969239514972,1.0,0.00023729296189075032
Or83a,0.035605498,1.9188306,0.9715969239514972,1.0,0.00023729296189075032
CG9547,0.03545915,-0.12851514,0.9717136211951746,1.0,0.003037349912201604
asRNA:CR45350,0.03537016,-0.02505013,0.9717845781068991,1.0,0.0014237577713445018
eIF4E6,0.03536501,-0.062580936,0.9717886830590448,1.0,0.0014237577713445018
CG31371,0.03535913,0.03324595,0.9717933744338406,1.0,0.0014237577713445018
ZnT35C,0.035252493,0.66775644,0.9718784057710091,1.0,0.0006169617009159508
CG34301,0.035234842,0.370923,0.9718924799542266,1.0,0.0006169617009159508
CG5783,0.0352319,0.17992292,0.9718948256522806,1.0,0.0006169617009159508
Cpr11B,0.035224546,0.25661197,0.9719006898984792,1.0,0.0006169617009159508
iav,0.034889188,0.38689336,0.9721681011341926,1.0,0.0009966304399411513
Khk,0.034871537,0.24765009,0.97218217549669,1.0,0.0009966304399411513
CG5107,0.034867126,0.2768524,0.9721856940886681,1.0,0.0009966304399411513
CG10680,0.034809396,-0.021458182,0.9722317290502291,1.0,0.0009966304399411513
to,0.03468437,18.267576,0.9723314229144591,1.0,0.00018983436951260026
CG34138,0.03468437,17.650328,0.9723314229144591,1.0,0.00018983436951260026
asp,0.03468437,17.61207,0.9723314229144591,1.0,0.00018983436951260026
Muc11A,0.03468437,17.974333,0.9723314229144591,1.0,0.00018983436951260026
CG7691,0.03468437,18.375307,0.9723314229144591,1.0,0.00018983436951260026
CG14540,0.03468437,18.0971,0.9723314229144591,1.0,0.00018983436951260026
Gr39b,0.03468437,18.087223,0.9723314229144591,1.0,0.00018983436951260026
Cpr65Az,0.03468437,18.789373,0.9723314229144591,1.0,0.00018983436951260026
CG9411,0.03468437,18.035908,0.9723314229144591,1.0,0.00018983436951260026
Sclp,0.03468437,17.632196,0.9723314229144591,1.0,0.00018983436951260026
cuff,0.03468437,18.158718,0.9723314229144591,1.0,0.00018983436951260026
CG15625,0.03468437,17.438278,0.9723314229144591,1.0,0.00018983436951260026
asRNA:CR43257,0.03468437,18.026176,0.9723314229144591,1.0,0.00018983436951260026
CG42568,0.03468437,17.84336,0.9723314229144591,1.0,0.00018983436951260026
CG14983,0.03468437,17.809204,0.9723314229144591,1.0,0.00018983436951260026
CG42615,0.03468437,18.622725,0.9723314229144591,1.0,0.00018983436951260026
snoRNA:Psi18S-841b,0.03468437,18.056082,0.9723314229144591,1.0,0.00018983436951260026
lncRNA:CR45150,0.03468437,17.775082,0.9723314229144591,1.0,0.00018983436951260026
lncRNA:CR45247,0.03468437,18.15561,0.9723314229144591,1.0,0.00018983436951260026
ppk23,0.03468437,17.939075,0.9723314229144591,1.0,0.00018983436951260026
eIF4E7,0.03468437,18.366287,0.9723314229144591,1.0,0.00018983436951260026
Jhbp6,0.03452368,-0.040000264,0.9724595594864064,1.0,0.002183095249394903
CG13690,0.034323644,0.43519306,0.9726190714521405,1.0,0.0017559679179915523
Dhc1,0.03432144,0.5435329,0.9726208307814102,1.0,0.0005695031085378008
CG16800,0.034318496,0.5304655,0.9726231765539769,1.0,0.0005695031085378008
lncRNA:CR45531,0.03431408,0.4553177,0.9726266952132709,1.0,0.0005695031085378008
timeout,0.034302317,0.22870003,0.9726360783073262,1.0,0.0005695031085378008
CG15892,0.034001525,-0.17811716,0.9728759349313082,1.0,0.0017559679179915523
Osi3,0.033982035,0.45595577,0.9728914758487668,1.0,0.0009491718475630013
CG5104,0.033956297,0.27832192,0.9729120016045792,1.0,0.0009491718475630013
CG43779,0.03390555,0.0019285523,0.9729524667185718,1.0,0.0009491718475630013
CG31523,0.033874296,-0.14977327,0.9729773909176422,1.0,0.047695885340040815
CG7332,0.033790823,-0.121774256,0.973043953319728,1.0,0.2489203170233971
CG15186,0.033565782,-0.09820199,0.9732234088356584,1.0,0.006169617009159509
CG17637,0.03349702,-0.10502653,0.9732782427363247,1.0,0.004128897536899056
CAH13,0.03339847,0.6259973,0.9733568284397799,1.0,0.0005220445161596507
CG16710,0.033397738,0.57888687,0.9733574149012267,1.0,0.0005220445161596507
CG10469,0.033394795,0.09510154,0.973359760747158,1.0,0.0025153053960419534
CG44102,0.03339259,0.48364887,0.9733615201317577,1.0,0.0005220445161596507
CG17190,0.033391852,0.46274891,0.9733621065933198,1.0,0.0005220445161596507
Rpt3R,0.033389647,0.35089612,0.9733638659780923,1.0,0.0005220445161596507
CG31272,0.03338744,0.3752199,0.9733656253629945,1.0,0.0005220445161596507
lncRNA:CR45380,0.032971922,-0.1792026,0.9736969784873442,1.0,0.0009017132551848512
Est-6,0.032765634,-0.31337586,0.9738614838080194,1.0,0.0033221014664705046
CG14142,0.032724816,-0.15146871,0.9738940331211056,1.0,0.003701770205495705
CG14511,0.032681428,-0.12561086,0.9739286351412497,1.0,0.0020881780646386026
Efhc1.2,0.03255052,-0.17342654,0.9740330279736593,1.0,0.0012813819942100518
ftz,0.032482862,0.8403654,0.974086983994107,1.0,0.00047458592378150065
otu,0.03247477,0.49498317,0.9740934352653631,1.0,0.00047458592378150065
lncRNA:CR44410,0.032470357,0.5607031,0.9740969541413081,1.0,0.00047458592378150065
Incenp,0.03246227,0.2514591,0.9741034054151833,1.0,0.00047458592378150065
CG12105,0.03246153,0.4205015,0.9741039918947105,1.0,0.00047458592378150065
CG13950,0.032454915,0.007293149,0.9741092702110855,1.0,0.00047458592378150065
thr,0.032454915,-0.02327306,0.9741092702110855,1.0,0.00047458592378150065
CG8854,0.032449767,0.09407987,0.9741133755690499,1.0,0.00047458592378150065
Mos,0.032088302,0.18598008,0.9744016320544632,1.0,0.0008542546628067012
Tm2,0.031950776,-0.15966654,0.9745113052901203,1.0,0.005695031085378007
ImpE3,0.03172978,0.153632,0.9746875459099726,1.0,0.0012339234018319016
lncRNA:CR45414,0.031708453,0.07985415,0.9747045542216727,1.0,0.0012339234018319016
CG32228,0.031693008,-0.084032536,0.9747168705924982,1.0,0.0012339234018319016
scra,0.03167977,-0.04976577,0.9747274274865755,1.0,0.0012339234018319016
CG34056,0.031668738,-0.045997757,0.9747362249016885,1.0,0.0012339234018319016
Ssl2,0.03155769,0.9426413,0.9748247857181753,1.0,0.0004271273314033506
CG15873,0.031556953,0.99170476,0.9748253722146845,1.0,0.0004271273314033506
Nepl14,0.031550337,0.66376853,0.974830650683879,1.0,0.0004271273314033506
asRNA:CR46133,0.0315496,0.7872583,0.9748312371805242,1.0,0.0004271273314033506
CG7309,0.031548128,0.49730188,0.9748324101738555,1.0,0.0004271273314033506
Dnaaf6,0.031547394,0.48400718,0.9748329966705415,1.0,0.0004271273314033506
CG12398,0.031546656,0.56196004,0.9748335831672411,1.0,0.0004271273314033506
Pex7,0.03154519,0.68893564,0.9748347561606813,1.0,0.0004271273314033506
Gyc76C,0.03154519,0.498237,0.9748347561606813,1.0,0.0004271273314033506
CG12589,0.03154445,0.47617802,0.9748353426574217,1.0,0.0004271273314033506
asRNA:CR46093,0.031521652,0.046728857,0.9748535240631231,1.0,0.0024203882112856533
Drice,0.031396996,-0.12406591,0.9749529355283055,1.0,0.009301884106117413
Osbp,0.031365376,-0.1397441,0.974978155017984,1.0,0.0388685871577049
gom,0.031322718,-0.16152953,0.9750121720436833,1.0,0.003227184281714204
ro,0.031161292,0.08061317,0.9751409093018913,1.0,0.000806796070428551
l(2)05287,0.030875577,-0.19938642,0.9753687670366988,1.0,0.017749513549428123
mth,0.030787693,0.10174709,0.9754388549561057,1.0,0.0011864648094537516
Tmhs,0.030630311,1.0770139,0.9755643685238037,1.0,0.0003796687390252005
asRNA:CR45270,0.030626634,0.7808716,0.9755673010910424,1.0,0.0003796687390252005
CG13051,0.030624429,0.38044032,0.975569060631544,1.0,0.0003796687390252005
asRNA:CR44995,0.030620016,0.28108823,0.9755725797129041,1.0,0.0003796687390252005
Nepl9,0.030618545,0.29998675,0.9755737527401298,1.0,0.0003796687390252005
CG30384,0.030617073,0.25370994,0.9755749257674083,1.0,0.0003796687390252005
snoRNA:CD54b,0.030616337,0.008323476,0.9755755122810674,1.0,0.0003796687390252005
CG8916,0.030428436,-0.237752,0.9757253669528128,1.0,0.0336481419961084
NimC1,0.0302409,0.11708963,0.9758749292211818,1.0,0.000759337478050401
lncRNA:CR44472,0.030227296,0.075719126,0.9758857798501859,1.0,0.000759337478050401
CG3045,0.030227296,-0.14297122,0.9758857798501859,1.0,0.00802050211190736
CG13135,0.02993533,-0.12619902,0.9761186295554746,1.0,0.0019458022875041526
CG5768,0.029888997,0.1367362,0.976155580703878,1.0,0.0011390062170756016
Spn42Dc,0.029708818,1.1825109,0.9762992801000479,1.0,0.00033221014664705045
CG11159,0.029707346,1.2348257,0.9763004531595147,1.0,0.00033221014664705045
lncRNA:CR44713,0.02970661,1.253623,0.9763010396892675,1.0,0.00033221014664705045
CG17782,0.02970514,1.0054382,0.9763022127488112,1.0,0.00033221014664705045
CG14545,0.029704405,0.9568993,0.9763027992786024,1.0,0.00033221014664705045
CG15927,0.02970367,0.8219668,0.9763033858084063,1.0,0.00033221014664705045
CG18810,0.029702934,0.7784793,0.9763039723382231,1.0,0.00033221014664705045
lncRNA:CR40341,0.029702198,0.7861664,0.9763045588680526,1.0,0.00033221014664705045
asRNA:CR45952,0.029701462,0.81907946,0.9763051453978949,1.0,0.00033221014664705045
CG1077,0.029699257,0.49290726,0.976306904987499,1.0,0.00033221014664705045
lncRNA:CR43828,0.029523857,0.11456516,0.9764467927292345,1.0,0.001518674956100802
sqa,0.02943634,-0.09287913,0.9765165902384124,1.0,0.001518674956100802
PPO1,0.029423103,0.10410364,0.9765271478605119,1.0,0.001518674956100802
CG8236,0.029358016,0.51487356,0.9765790562289443,1.0,0.0007118788856722509
fd96Cb,0.029338896,0.36372894,0.9765943061639537,1.0,0.0007118788856722509
CG14662,0.02933154,0.26694718,0.9766001715258511,1.0,0.0007118788856722509
lncRNA:CR43883,0.029330805,0.15409528,0.9766007580621104,1.0,0.0007118788856722509
CG32812,0.029316097,-0.04905873,0.9766124887899534,1.0,0.0007118788856722509
mrn,0.02928815,-0.05695601,0.9766347771867886,1.0,0.01684780029424327
Mt2,0.029171584,-0.11409795,0.9767277434596027,1.0,0.004318731906411656
Vm32E,0.029071566,-0.06646144,0.9768075128794862,1.0,0.005505196715865407
Amus,0.029041046,-0.19316295,0.976831854329572,1.0,0.025959850030848084
Ugt35E2,0.028957943,0.15232155,0.976898133568008,1.0,0.0010915476246974515
CG6125,0.028949853,0.071078286,0.9769045855377981,1.0,0.0010915476246974515
lncRNA:CR44784,0.028948382,0.05843806,0.9769057586233769,1.0,0.0010915476246974515
asRNA:CR44114,0.028896166,-0.23779643,0.9769474031937639,1.0,0.0010915476246974515
Kebab,0.028886605,-0.29580492,0.9769550282627566,1.0,0.0010915476246974515
lncRNA:CR44232,0.028786587,1.4712526,0.9770347983414138,1.0,0.0002847515542689004
Gr66a,0.028783645,1.5917915,0.9770371445236786,1.0,0.0002847515542689004
lncRNA:CR34044,0.028783645,1.2728164,0.9770371445236786,1.0,0.0002847515542689004
CG1494,0.028783645,1.414526,0.9770371445236786,1.0,0.0002847515542689004
CG7071,0.02878291,1.1334766,0.9770377310692758,1.0,0.0002847515542689004
Cyp313a4,0.028782174,1.1721531,0.9770383176148856,1.0,0.0002847515542689004
Gr63a,0.028781438,0.9602413,0.9770389041605076,1.0,0.0002847515542689004
lncRNA:CR44733,0.028780704,0.8084244,0.9770394907061422,1.0,0.0002847515542689004
asRNA:CR45160,0.028780704,1.2761887,0.9770394907061422,1.0,0.0002847515542689004
CG13010,0.028779969,1.3826531,0.977040077251789,1.0,0.0002847515542689004
lncRNA:CR45412,0.028779969,0.7276205,0.977040077251789,1.0,0.0002847515542689004
CG10919,0.028779969,0.694729,0.977040077251789,1.0,0.0002847515542689004
lncRNA:CR43751,0.028778497,0.8505288,0.9770412503431201,1.0,0.0002847515542689004
ppk15,0.028777761,0.7416007,0.9770418368888042,1.0,0.0002847515542689004
CG15153,0.028777026,0.60733634,0.9770424234345008,1.0,0.0002847515542689004
lncRNA:CR44185,0.028775556,0.7484011,0.9770435965259312,1.0,0.0002847515542689004
Pbp95,0.028625896,-0.1834692,0.9771629588380724,1.0,0.010868017654596364
CG9876,0.028430272,0.488421,0.9773189811076428,1.0,0.0006644202932941009
asRNA:CR46140,0.028423652,0.4012335,0.9773242600718235,1.0,0.0006644202932941009
lbe,0.028413355,0.35103875,0.9773324717958561,1.0,0.0006644202932941009
spz5,0.028410414,0.26031786,0.9773348180031639,1.0,0.0006644202932941009
CG15130,0.02840306,0.13955961,0.9773406835222912,1.0,0.0006644202932941009
Arpc3B,0.028392764,0.17252266,0.9773488952511276,1.0,0.0006644202932941009
Lst,0.028383939,0.0020814913,0.9773559338777552,1.0,0.0006644202932941009
Cyp9h1,0.028378056,-0.12228334,0.9773606262964865,1.0,0.0006644202932941009
CG13795,0.028017327,0.055487286,0.9776483317103135,1.0,0.0010440890323193013
CG9396,0.028007766,-0.026590202,0.9776559569699712,1.0,0.0010440890323193013
lncRNA:CR32111,0.028002618,-0.17532669,0.9776600628798634,1.0,0.00711878885672251
lncRNA:CR43951,0.028001882,-0.0610719,0.9776606494384678,1.0,0.0010440890323193013
lncRNA:CR43253,0.027861416,1.9877071,0.9777726823530153,1.0,0.00023729296189075032
asRNA:CR45481,0.02786068,1.8196313,0.9777732689139331,1.0,0.00023729296189075032
CG13607,0.027859945,1.5320623,0.9777738554748628,1.0,0.00023729296189075032
CG7715,0.02785921,1.3709667,0.9777744420358047,1.0,0.00023729296189075032
asRNA:CR44035,0.02785921,1.5536999,0.9777744420358047,1.0,0.00023729296189075032
lncRNA:CR45595,0.02785921,1.5812457,0.9777744420358047,1.0,0.00023729296189075032
lncRNA:CR45159,0.02785921,1.4546416,0.9777744420358047,1.0,0.00023729296189075032
Eh,0.02785921,1.6325929,0.9777744420358047,1.0,0.00023729296189075032
lncRNA:CR44761,0.02785921,1.3236321,0.9777744420358047,1.0,0.00023729296189075032
FANCI,0.02785921,1.774618,0.9777744420358047,1.0,0.00023729296189075032
CG13694,0.027858473,1.4771588,0.9777750285967585,1.0,0.00023729296189075032
asRNA:CR45806,0.027858473,1.3557523,0.9777750285967585,1.0,0.00023729296189075032
CG14079,0.027858473,1.310979,0.9777750285967585,1.0,0.00023729296189075032
CG2861,0.027857738,1.1191142,0.9777756151577243,1.0,0.00023729296189075032
solo,0.027857738,0.8307954,0.9777756151577243,1.0,0.00023729296189075032
CheB38c,0.027857738,1.109121,0.9777756151577243,1.0,0.00023729296189075032
lncRNA:CR44636,0.027857004,1.0714017,0.9777762017187022,1.0,0.00023729296189075032
asRNA:CR46091,0.027857004,1.0862556,0.9777762017187022,1.0,0.00023729296189075032
snoRNA:CD51a,0.027857004,0.84958494,0.9777762017187022,1.0,0.00023729296189075032
lncRNA:CR44567,0.027856268,0.96007735,0.9777767882796919,1.0,0.00023729296189075032
CG17217,0.027856268,0.7634784,0.9777767882796919,1.0,0.00023729296189075032
Rsph9,0.027856268,0.9409099,0.9777767882796919,1.0,0.00023729296189075032
CG30479,0.027856268,1.0441129,0.9777767882796919,1.0,0.00023729296189075032
CG43244,0.027855532,0.39355484,0.9777773748406938,1.0,0.00023729296189075032
Tim17b1,0.027855532,0.65333456,0.9777773748406938,1.0,0.00023729296189075032
asRNA:CR45870,0.027855532,0.6221565,0.9777773748406938,1.0,0.00023729296189075032
lncRNA:CR45245,0.027855532,0.8426678,0.9777773748406938,1.0,0.00023729296189075032
CG34247,0.027855532,0.4103796,0.9777773748406938,1.0,0.00023729296189075032
CG6660,0.02769337,0.14983109,0.9779067118344804,1.0,0.0014237577713445018
Phs,0.02762571,-0.014623614,0.9779606757407724,1.0,0.0014237577713445018
CG8560,0.027597029,-0.091102764,0.9779835517749832,1.0,0.0014237577713445018
Ttc26,0.02750841,0.515771,0.978054232969365,1.0,0.0006169617009159508
CG34266,0.027499584,0.39842317,0.9780612717699497,1.0,0.0006169617009159508
Ir25a,0.027464284,-0.0064282385,0.9780894269893657,1.0,0.0006169617009159508
lncRNA:CR43301,0.027362427,0.072181955,0.9781706666816111,1.0,0.003796687390252005
CG4949,0.027308004,-0.09535852,0.978214072819425,1.0,0.012718902757344218
CG9389,0.027149152,0.28237557,0.9783407721847716,1.0,0.0009966304399411513
Gbp3,0.027098775,-0.008189528,0.9783809524218503,1.0,0.0009966304399411513
CG7016,0.026937716,2.509143,0.9785094122334556,1.0,0.00018983436951260026
asRNA:CR43971,0.026937716,2.7723982,0.9785094122334556,1.0,0.00018983436951260026
asRNA:CR46101,0.02693698,2.445534,0.9785099988092186,1.0,0.00018983436951260026
yellow-d2,0.02693698,2.570483,0.9785099988092186,1.0,0.00018983436951260026
PGRP-SB1,0.02693698,2.5891268,0.9785099988092186,1.0,0.00018983436951260026
snoRNA:CD9b,0.02693698,2.78867,0.9785099988092186,1.0,0.00018983436951260026
asRNA:CR43868,0.026936244,2.3253098,0.9785105853849932,1.0,0.00018983436951260026
CG12934,0.026935508,2.1535854,0.9785111719607795,1.0,0.00018983436951260026
CG11333,0.026935508,1.9458418,0.9785111719607795,1.0,0.00018983436951260026
CG14111,0.026935508,1.741683,0.9785111719607795,1.0,0.00018983436951260026
CG44625,0.026935508,1.4029765,0.9785111719607795,1.0,0.00018983436951260026
lncRNA:CR43285,0.026935508,1.9205203,0.9785111719607795,1.0,0.00018983436951260026
Ass,0.026935508,1.9538794,0.9785111719607795,1.0,0.00018983436951260026
CG2574,0.026934773,0.8741749,0.9785117585365773,1.0,0.00018983436951260026
gNacalpha,0.026934773,1.6511294,0.9785117585365773,1.0,0.00018983436951260026
asRNA:CR43469,0.026934773,1.4852037,0.9785117585365773,1.0,0.00018983436951260026
CG42470,0.026934773,1.3521568,0.9785117585365773,1.0,0.00018983436951260026
asRNA:CR45396,0.026934773,1.0195189,0.9785117585365773,1.0,0.00018983436951260026
bgcn,0.026934773,1.4356939,0.9785117585365773,1.0,0.00018983436951260026
CG6431,0.026934773,1.132752,0.9785117585365773,1.0,0.00018983436951260026
mir-4968,0.026934773,1.5624645,0.9785117585365773,1.0,0.00018983436951260026
CG7916,0.026934773,1.3187032,0.9785117585365773,1.0,0.00018983436951260026
CG33285,0.026934773,1.6436805,0.9785117585365773,1.0,0.00018983436951260026
CG12920,0.026934773,1.4626931,0.9785117585365773,1.0,0.00018983436951260026
pnr,0.026934773,1.7853973,0.9785117585365773,1.0,0.00018983436951260026
CG17298,0.026934773,1.4687754,0.9785117585365773,1.0,0.00018983436951260026
pre-mod(mdg4)-O,0.026934773,1.3317627,0.9785117585365773,1.0,0.00018983436951260026
mt:tRNA:Tyr-GTA,0.026934773,1.36557,0.9785117585365773,1.0,0.00018983436951260026
Fitm,0.026856082,-0.14091197,0.9785745222140209,1.0,0.019078354136016325
CG42846,0.026667813,-0.14606793,0.9787246863163159,1.0,0.0013762991789663518
Cyp6a23,0.026641337,-0.13120426,0.9787458032037895,1.0,0.0013762991789663518
CG5597,0.026616331,-0.5825046,0.9787657469445243,1.0,0.0013762991789663518
lncRNA:CR44717,0.026571838,0.3605218,0.9788012351042351,1.0,0.0005695031085378008
snoRNA:Psi28S-1175c,0.026570367,0.37898317,0.9788024082672564,1.0,0.0005695031085378008
lncRNA:CR44133,0.026568161,0.30453053,0.9788041680118744,1.0,0.0005695031085378008
CG34222,0.02656669,0.36935273,0.9788053411750103,1.0,0.0005695031085378008
CG15870,0.026565954,0.30706483,0.9788059277565955,1.0,0.0005695031085378008
lncRNA:CR46351,0.026561541,0.16232376,0.978809447246347,1.0,0.0005695031085378008
ImpL1,0.026560808,0.30390465,0.9788100338280123,1.0,0.0005695031085378008
asRNA:CR45171,0.02622876,0.28352785,0.9790748766155246,1.0,0.0009491718475630013
lncRNA:CR45200,0.02619493,0.16423225,0.9791018596208472,1.0,0.0009491718475630013
Fancl,0.02601328,17.44016,0.9792467470358276,1.0,0.0001423757771344502
CheA87a,0.02601328,17.606476,0.9792467470358276,1.0,0.0001423757771344502
CG10348,0.02601328,17.181677,0.9792467470358276,1.0,0.0001423757771344502
asRNA:CR44021,0.02601328,17.44078,0.9792467470358276,1.0,0.0001423757771344502
Or22b,0.02601328,16.887724,0.9792467470358276,1.0,0.0001423757771344502
spz6,0.02601328,18.017963,0.9792467470358276,1.0,0.0001423757771344502
CG42815,0.02601328,17.568249,0.9792467470358276,1.0,0.0001423757771344502
CG45063,0.02601328,17.655962,0.9792467470358276,1.0,0.0001423757771344502
lncRNA:CR43151,0.02601328,17.774828,0.9792467470358276,1.0,0.0001423757771344502
CG15140,0.02601328,17.544622,0.9792467470358276,1.0,0.0001423757771344502
CG13481,0.02601328,17.255793,0.9792467470358276,1.0,0.0001423757771344502
CG30485,0.02601328,17.386936,0.9792467470358276,1.0,0.0001423757771344502
snoRNA:CD61,0.02601328,17.741606,0.9792467470358276,1.0,0.0001423757771344502
CG5172,0.02601328,17.581131,0.9792467470358276,1.0,0.0001423757771344502
lncRNA:CR44470,0.02601328,17.096628,0.9792467470358276,1.0,0.0001423757771344502
CG15128,0.02601328,17.79067,0.9792467470358276,1.0,0.0001423757771344502
CG14125,0.02601328,18.117256,0.9792467470358276,1.0,0.0001423757771344502
SkpB,0.02601328,17.597755,0.9792467470358276,1.0,0.0001423757771344502
dsx-c73A,0.02601328,17.51921,0.9792467470358276,1.0,0.0001423757771344502
CG30195,0.02601328,17.694273,0.9792467470358276,1.0,0.0001423757771344502
CG7126,0.02601328,17.575535,0.9792467470358276,1.0,0.0001423757771344502
asRNA:CR44019,0.02601328,17.995502,0.9792467470358276,1.0,0.0001423757771344502
CG6244,0.02601328,17.906776,0.9792467470358276,1.0,0.0001423757771344502
Cdk1,0.02601328,17.046158,0.9792467470358276,1.0,0.0001423757771344502
Smyd4-2,0.02601328,17.53313,0.9792467470358276,1.0,0.0001423757771344502
dgt3,0.02601328,17.423422,0.9792467470358276,1.0,0.0001423757771344502
CG8646,0.025859207,0.21601231,0.9793696379104436,1.0,0.0013288405865882018
mir-4962,0.025785662,-0.1181145,0.9794282972119508,1.0,0.0013288405865882018
CG7924,0.025771322,-0.09345733,0.9794397357887153,1.0,0.0013288405865882018
Pif1A,0.025766542,-0.2994333,0.9794435486485764,1.0,0.002135636657016753
trabl,0.025658065,0.6327508,0.9795300713638085,1.0,0.0005220445161596507
fzr2,0.025653653,0.42877176,0.9795335909369899,1.0,0.0005220445161596507
SmydA-5,0.025644092,0.22391085,0.9795412166802495,1.0,0.0005220445161596507
kipf,0.025643358,0.059118178,0.9795418032759623,1.0,0.0005220445161596507
CG16820,0.02563821,0.13719979,0.9795459094462616,1.0,0.0005220445161596507
CG11842,0.025637474,0.081109345,0.9795464960420629,1.0,0.0005220445161596507
CG10031,0.025540397,0.0033966445,0.9796239267847971,1.0,0.0025153053960419534
CG15864,0.025252108,-0.07212516,0.9798538737556439,1.0,0.0009017132551848512
CG7794,0.025250638,-0.14621238,0.9798550469587832,1.0,0.0009017132551848512
CG4000,0.025246961,-0.019057514,0.9798579799668221,1.0,0.0009017132551848512
Dmel_CR43051,0.02523078,-0.20182979,0.9798708852054272,1.0,0.0009017132551848512
Argk2,0.02482703,-0.02346735,0.9801929312661296,1.0,0.0012813819942100518
lncRNA:CR42767,0.024729585,0.6491904,0.9802706568938495,1.0,0.00047458592378150065
asRNA:CR43916,0.02472885,0.38819012,0.9802712435030736,1.0,0.00047458592378150065
CG12708,0.024720024,0.22146955,0.9802782828145955,1.0,0.00047458592378150065
Cpr5C,0.024716347,0.23275527,0.9802812158615162,1.0,0.00047458592378150065
CG9849,0.024664868,-0.17678939,0.980322278546378,1.0,0.060509705282141335
asRNA:CR45104,0.024374004,0.28179902,0.9805542836921846,1.0,0.0008542546628067012
CG42807,0.02431039,-0.22271891,0.980605025871901,1.0,0.0008542546628067012
CG42359,0.02428759,-0.11531973,0.9806232109496394,1.0,0.020122443168335627
CG33228,0.024121752,-0.12931195,0.9807554930272353,1.0,0.026481894547007737
CG18473,0.024022836,-0.13803513,0.9808343932325659,1.0,0.0028475155426890037
CG7519,0.023887886,-0.0814514,0.98094203805285,1.0,0.048407764225713065
asRNA:CR46139,0.023815077,0.9384297,0.9810001136042157,1.0,0.0004271273314033506
Dmel_CR45045,0.023814341,0.79885644,0.9810007002264609,1.0,0.0004271273314033506
CG34309,0.023812871,0.8335327,0.9810018734709821,1.0,0.0004271273314033506
sro,0.023805516,0.4452849,0.9810077396942045,1.0,0.0004271273314033506
CG7387,0.023805149,0.490055,0.9810080330053926,1.0,0.0004271273314033506
Adgf-A,0.023804782,0.6662351,0.9810083263165833,1.0,0.0004271273314033506
lncRNA:CR44363,0.023798898,0.2458073,0.981013019295983,1.0,0.0004271273314033506
CG3339,0.023795221,0.22193599,0.9810159524084413,1.0,0.0004271273314033506
Xkr,0.023792278,0.08432051,0.9810182988985928,1.0,0.0004271273314033506
CG11425,0.023791544,0.19970497,0.9810188855211565,1.0,0.0004271273314033506
CG5966,0.023791544,0.02099207,0.9810188855211565,1.0,0.0004271273314033506
asRNA:CR45926,0.023790073,0.0762527,0.9810200587663143,1.0,0.0004271273314033506
asRNA:CR45896,0.023559147,-0.049586087,0.9812042587636596,1.0,0.001613592140857102
Snmp1,0.023446627,0.27877268,0.9812940126292707,1.0,0.000806796070428551
Oatp26F,0.023421623,0.07634352,0.9813139579649368,1.0,0.000806796070428551
aspr,0.023420151,0.031982508,0.9813151312203399,1.0,0.000806796070428551
asRNA:CR45960,0.0234025,-0.1660038,0.9813292102883284,1.0,0.000806796070428551
CG43813,0.023400294,-0.056506325,0.981330970172236,1.0,0.000806796070428551
CG4928,0.023373084,-0.469968,0.981352675414564,1.0,0.000806796070428551
lncRNA:CR44844,0.023232983,-0.28716165,0.9814644282993007,1.0,0.004840776422571307
lncRNA:CR45170,0.023103915,0.24967465,0.9815673820662588,1.0,0.0011864648094537516
CG8003,0.02299691,-0.120452404,0.9816527371315403,1.0,0.02045465331498268
lncRNA:CR43855,0.022892479,2.0225966,0.9817360391847236,1.0,0.0003796687390252005
lncRNA:CR44109,0.02288586,0.8945398,0.9817413188990404,1.0,0.0003796687390252005
asRNA:CR43981,0.02288439,0.9204573,0.9817424921689972,1.0,0.0003796687390252005
CG5882,0.022883654,0.5757601,0.9817430788039904,1.0,0.0003796687390252005
Or45b,0.02288292,0.73117626,0.9817436654389935,1.0,0.0003796687390252005
dmrt93B,0.022880713,0.6486771,0.981745425344062,1.0,0.0003796687390252005
CG43317,0.022875564,0.25161785,0.9817495317895671,1.0,0.0003796687390252005
CG3494,0.022490567,-0.0813897,0.9820566366126882,1.0,0.000759337478050401
CG2930,0.022109982,0.05153711,0.9823602242235622,1.0,0.0011390062170756016
Ets98B,0.022108143,-0.27870238,0.9823616908366137,1.0,0.0019458022875041526
Fit2,0.022096008,-0.10826539,0.9823713704842492,1.0,0.0011390062170756016
CG5958,0.022044528,-0.20434791,0.9824124356848798,1.0,0.0011390062170756016
Nepl3,0.022026142,-0.058475997,0.982427101839262,1.0,0.003939063167386455
lncRNA:CR45461,0.021963263,1.2071477,0.9824772601321092,1.0,0.00033221014664705045
mthl11,0.021961793,0.93656737,0.982478433426339,1.0,0.00033221014664705045
CG15347,0.021961058,0.9233519,0.9824790200734682,1.0,0.00033221014664705045
P5CDh2,0.021961058,0.84231246,0.9824790200734682,1.0,0.00033221014664705045
CG7094,0.02195885,0.89847714,0.9824807800149125,1.0,0.00033221014664705045
asRNA:CR45149,0.02195885,0.68915004,0.9824807800149125,1.0,0.00033221014664705045
psh,0.021956645,0.66369206,0.982482539956442,1.0,0.00033221014664705045
BomBc1,0.02195591,0.43268263,0.9824831266036373,1.0,0.00033221014664705045
snoRNA:Psi28S-2444,0.02195591,0.7892744,0.9824831266036373,1.0,0.00033221014664705045
CG13563,0.021954438,0.36349997,0.9824842998980567,1.0,0.00033221014664705045
CG6800,0.021954438,0.70703137,0.9824842998980567,1.0,0.00033221014664705045
lncRNA:CR44265,0.021952232,0.48713392,0.9824860598397567,1.0,0.00033221014664705045
CG9514,0.021952232,0.08182443,0.9824860598397567,1.0,0.00033221014664705045
CG4546,0.021951497,0.22335607,0.982486646487009,1.0,0.00033221014664705045
CG9550,0.02194929,0.15888011,0.9824884064288226,1.0,0.00033221014664705045
Dmel_CR44404,0.021946348,-0.46652806,0.9824907530180401,1.0,0.00033221014664705045
lncRNA:CR44999,0.021946348,-0.456946,0.9824907530180401,1.0,0.00033221014664705045
lncRNA:CR46095,0.021707334,-0.06021496,0.9826814138963542,1.0,0.001518674956100802
lncRNA:CR45734,0.021574955,0.0024016052,0.9827870111168526,1.0,0.0007118788856722509
Cks30A,0.021490013,-0.038444407,0.9828547694923034,1.0,0.002705139765554554
Ctf4,0.02122342,0.14555861,0.983067431861292,1.0,0.0010915476246974515
CG17186,0.021158703,-0.09493653,0.9831190576667403,1.0,0.012007023871671966
CG12104,0.021072658,-0.14976045,0.9831876966311521,1.0,0.02947178586683119
CG6106,0.0210414,1.2392474,0.9832126296191522,1.0,0.0002847515542689004
CG13643,0.02103846,1.0836046,0.9832149762541617,1.0,0.0002847515542689004
lncRNA:CR45876,0.021036988,1.061907,0.9832161495717208,1.0,0.0002847515542689004
CG30148,0.021036988,1.0553831,0.9832161495717208,1.0,0.0002847515542689004
CG34288,0.021036988,0.7891425,0.9832161495717208,1.0,0.0002847515542689004
Npc2f,0.021036252,0.903785,0.983216736230514,1.0,0.0002847515542689004
CG7912,0.021036252,0.78665537,0.983216736230514,1.0,0.0002847515542689004
CG16995,0.021034783,0.9623624,0.9832179095481276,1.0,0.0002847515542689004
lncRNA:CR45542,0.021034047,0.62448454,0.983218496206948,1.0,0.0002847515542689004
lncRNA:CR44701,0.021034047,0.7844022,0.983218496206948,1.0,0.0002847515542689004
CG14759,0.021033311,0.80350125,0.9832190828657774,1.0,0.0002847515542689004
CG10553,0.021033311,0.68143076,0.9832190828657774,1.0,0.0002847515542689004
CG15564,0.021033311,0.54271144,0.9832190828657774,1.0,0.0002847515542689004
lncRNA:CR45574,0.02103184,0.6761258,0.9832202561834636,1.0,0.0002847515542689004
CG32845,0.02103184,0.47173548,0.9832202561834636,1.0,0.0002847515542689004
CG6481,0.02103184,0.59756136,0.9832202561834636,1.0,0.0002847515542689004
tilB,0.021031106,0.33194557,0.9832208428423204,1.0,0.0002847515542689004
CheB53a,0.021031106,0.42696,0.9832208428423204,1.0,0.0002847515542689004
CG15199,0.02103037,0.44060454,0.9832214295011862,1.0,0.0002847515542689004
CG43679,0.02103037,0.45514107,0.9832214295011862,1.0,0.0002847515542689004
Galphaf,0.021029634,0.3272953,0.983222016160061,1.0,0.0002847515542689004
lncRNA:CR43904,0.021025958,-0.18416353,0.9832249494545714,1.0,0.0002847515542689004
MCU,0.020979624,-0.2008878,0.9832619089848207,1.0,0.08433391865597266
CG10147,0.020736197,-0.1588164,0.983456093771812,1.0,0.026149684400360685
CG9254,0.020656403,0.0013657857,0.983519746702872,1.0,0.0006644202932941009
alpha-Est10,0.02064905,-0.028228113,0.9835256133377495,1.0,0.0006644202932941009
lncRNA:CR45480,0.020646842,-0.05854528,0.9835273733283864,1.0,0.0006644202932941009
Est-Q,0.020644637,-0.1350614,0.9835291333191035,1.0,0.0006644202932941009
Elovl7,0.020639488,-0.06972353,0.9835332399644219,1.0,0.0006644202932941009
asRNA:CR44840,0.020372896,-0.07637918,0.9837459061194154,1.0,0.0018508851027478526
asRNA:CR43468,0.020355245,-0.15020165,0.9837599861264728,1.0,0.0018508851027478526
Rbf2,0.020264052,0.020391436,0.9838327329100924,1.0,0.0010440890323193013
ato,0.020247871,-0.10310918,0.9838456396115673,1.0,0.0010440890323193013
Or43a,0.020115862,1.4174428,0.9839509467199247,1.0,0.00023729296189075032
PGRP-LD,0.020113656,1.1921073,0.9839527067296877,1.0,0.00023729296189075032
dysf,0.020113656,1.2772696,0.9839527067296877,1.0,0.00023729296189075032
CG15333,0.020113656,0.9276047,0.9839527067296877,1.0,0.00023729296189075032
CG6661,0.02011292,0.9604709,0.983953293399626,1.0,0.00023729296189075032
CG10841,0.020111449,0.8981774,0.9839544667395288,1.0,0.00023729296189075032
asRNA:CR44321,0.020111449,0.95570534,0.9839544667395288,1.0,0.00023729296189075032
lncRNA:CR45732,0.020110713,0.8878371,0.9839550534094932,1.0,0.00023729296189075032
CG12963,0.020110713,1.0064468,0.9839550534094932,1.0,0.00023729296189075032
lncRNA:CR45014,0.020110713,0.8565444,0.9839550534094932,1.0,0.00023729296189075032
CG12723,0.020110713,0.9928558,0.9839550534094932,1.0,0.00023729296189075032
CG14260,0.020110713,0.75463045,0.9839550534094932,1.0,0.00023729296189075032
lncRNA:CR45976,0.020109978,0.8145797,0.9839556400794662,1.0,0.00023729296189075032
edin,0.020109978,0.820566,0.9839556400794662,1.0,0.00023729296189075032
CG16826,0.020109978,0.6822974,0.9839556400794662,1.0,0.00023729296189075032
lncRNA:CR32690,0.020109978,0.5991534,0.9839556400794662,1.0,0.00023729296189075032
CG8661,0.020109978,0.67386234,0.9839556400794662,1.0,0.00023729296189075032
CG30036,0.020109978,0.61730194,0.9839556400794662,1.0,0.00023729296189075032
dgo,0.020109244,0.63800734,0.983956226749448,1.0,0.00023729296189075032
CG33766,0.020109244,0.571935,0.983956226749448,1.0,0.00023729296189075032
asRNA:CR46144,0.020109244,0.73209095,0.983956226749448,1.0,0.00023729296189075032
Crtp,0.020109244,0.6532982,0.983956226749448,1.0,0.00023729296189075032
asRNA:CR45885,0.020108508,0.34213433,0.9839568134194384,1.0,0.00023729296189075032
CG14421,0.020108508,0.2975839,0.9839568134194384,1.0,0.00023729296189075032
CG7848,0.020107772,0.53119516,0.9839574000894376,1.0,0.00023729296189075032
CG14851,0.020107772,0.5042608,0.9839574000894376,1.0,0.00023729296189075032
robls54B,0.020107036,0.20903683,0.9839579867594453,1.0,0.00023729296189075032
spz3,0.0201063,0.16826425,0.9839585734294618,1.0,0.00023729296189075032
CG8343,0.020105565,-0.2361524,0.9839591600994869,1.0,0.00023729296189075032
lncRNA:CR44781,0.020105565,0.18537845,0.9839591600994869,1.0,0.00023729296189075032
lncRNA:sphinx,0.019735644,-0.026960982,0.9842542562149627,1.0,0.0006169617009159508
Mst36Fb,0.019715052,-0.17914297,0.9842706831001747,1.0,0.0006169617009159508
mt:tRNA:Val-TAC,0.019697402,-0.40031806,0.9842847632928075,1.0,0.0006169617009159508
CG14971,0.019512441,-0.1398054,0.9844323122716987,1.0,0.024156423520478382
asRNA:CR44179,0.01939698,-0.18697274,0.9845244206520712,1.0,0.0018034265103697023
Odc1,0.019384844,0.21948864,0.9845341008441746,1.0,0.0009966304399411513
asRNA:CR46055,0.019328952,-0.09299702,0.9845786884250576,1.0,0.0009966304399411513
yin,0.01923739,-0.22133149,0.9846517300267132,1.0,0.0034170186512268047
Fadd,0.01921496,-0.1856662,0.9846696237720631,1.0,0.009539177068008163
lncRNA:CR43498,0.019191058,1.5189241,0.984688690886251,1.0,0.00018983436951260026
BaraB,0.019191058,1.9463546,0.984688690886251,1.0,0.00018983436951260026
CG14627,0.019190323,1.8598338,0.9846892775668263,1.0,0.00018983436951260026
CG31321,0.019190323,1.8241893,0.9846892775668263,1.0,0.00018983436951260026
asRNA:CR43833,0.019189587,1.6524556,0.9846898642474099,1.0,0.00018983436951260026
Dic4,0.019189587,1.4107054,0.9846898642474099,1.0,0.00018983436951260026
CG15824,0.019188851,1.3135698,0.9846904509280018,1.0,0.00018983436951260026
CG8665,0.019188851,1.1618086,0.9846904509280018,1.0,0.00018983436951260026
lncRNA:CR33938,0.019188851,1.2537493,0.9846904509280018,1.0,0.00018983436951260026
tRNA:Gln-CTG-1-1,0.019188851,1.2421372,0.9846904509280018,1.0,0.00018983436951260026
Gr47b,0.019188851,1.547392,0.9846904509280018,1.0,0.00018983436951260026
CG7742,0.019188117,1.2637595,0.9846910376086019,1.0,0.00018983436951260026
lncRNA:CR46253,0.019188117,1.1332605,0.9846910376086019,1.0,0.00018983436951260026
asRNA:CR45140,0.019188117,0.968487,0.9846910376086019,1.0,0.00018983436951260026
snoRNA:Psi28S-3385a,0.019188117,1.0207298,0.9846910376086019,1.0,0.00018983436951260026
lncRNA:CR44048,0.019188117,0.70704466,0.9846910376086019,1.0,0.00018983436951260026
CG4744,0.019188117,0.75793284,0.9846910376086019,1.0,0.00018983436951260026
asRNA:TS15,0.019188117,1.0638876,0.9846910376086019,1.0,0.00018983436951260026
Cpr47Ee,0.019187381,1.0763094,0.9846916242892103,1.0,0.00018983436951260026
Amy-p,0.019187381,1.031232,0.9846916242892103,1.0,0.00018983436951260026
CG9624,0.019187381,1.1010133,0.9846916242892103,1.0,0.00018983436951260026
CG5892,0.019187381,0.72403336,0.9846916242892103,1.0,0.00018983436951260026
Pif1,0.019187381,0.67062074,0.9846916242892103,1.0,0.00018983436951260026
asRNA:CR44959,0.019187381,0.935323,0.9846916242892103,1.0,0.00018983436951260026
CG30222,0.019186646,0.42758226,0.9846922109698271,1.0,0.00018983436951260026
Ir60a,0.01918591,0.6261468,0.984692797650452,1.0,0.00018983436951260026
CG3526,0.01918591,0.5062665,0.984692797650452,1.0,0.00018983436951260026
CG13031,0.01918591,0.6537235,0.984692797650452,1.0,0.00018983436951260026
CG7730,0.019185174,0.33981076,0.9846933843310852,1.0,0.00018983436951260026
GstD4,0.019185174,0.25092083,0.9846933843310852,1.0,0.00018983436951260026
CG44329,0.019185174,0.26086202,0.9846933843310852,1.0,0.00018983436951260026
lncRNA:CR45884,0.019185174,-0.27467024,0.9846933843310852,1.0,0.00018983436951260026
CG32846,0.019185174,-0.09016515,0.9846933843310852,1.0,0.00018983436951260026
TTLL1B,0.019185174,-0.00610875,0.9846933843310852,1.0,0.00018983436951260026
CG17570,0.019185174,0.12762313,0.9846933843310852,1.0,0.00018983436951260026
CG14354,0.018837683,0.5370263,0.9849705918506997,1.0,0.0005695031085378008
CG34107,0.018818563,0.14153893,0.984985845650789,1.0,0.0005695031085378008
lncRNA:CR45112,0.018811943,0.081774056,0.9849911258136375,1.0,0.0005695031085378008
CG11263,0.018808266,-0.01738512,0.9849940592377263,1.0,0.0005695031085378008
vnc,0.018806797,-0.024824798,0.9849952326074186,1.0,0.0005695031085378008
Tsen54,0.018746123,-0.21465789,0.9850436341354818,1.0,0.004603483460680556
CG14505,0.018676257,0.14979865,0.9850993692965866,1.0,0.0017559679179915523
lncRNA:CR44951,0.018626615,0.021420375,0.9851389706394763,1.0,0.0017559679179915523
CG34263,0.018456362,0.07209927,0.9852747888559709,1.0,0.0009491718475630013
Duox,0.018387968,-0.11226861,0.9853293509380546,1.0,0.0009491718475630013
CG34409,0.01836664,-0.037414078,0.9853463649346869,1.0,0.002942432727445304
CG10431,0.01829273,-0.16823371,0.98540532728488,1.0,0.006596744340562859
CG11630,0.018266255,2.0812345,0.9854264481461494,1.0,0.0001423757771344502
lncRNA:CR44183,0.018266255,2.6398997,0.9854264481461494,1.0,0.0001423757771344502
SmydA-2,0.018266255,2.341079,0.9854264481461494,1.0,0.0001423757771344502
CG15422,0.018266255,2.438511,0.9854264481461494,1.0,0.0001423757771344502
CG31528,0.018266255,2.2332988,0.9854264481461494,1.0,0.0001423757771344502
lncRNA:CR46225,0.018266255,2.8277783,0.9854264481461494,1.0,0.0001423757771344502
CG34205,0.018266255,2.1343372,0.9854264481461494,1.0,0.0001423757771344502
lncRNA:CR45610,0.018266255,2.6329217,0.9854264481461494,1.0,0.0001423757771344502
asRNA:CR44807,0.018266255,3.0288725,0.9854264481461494,1.0,0.0001423757771344502
CG7173,0.018266255,2.3505473,0.9854264481461494,1.0,0.0001423757771344502
Mur89F,0.018266255,1.8502697,0.9854264481461494,1.0,0.0001423757771344502
Cda4,0.018266255,2.3882985,0.9854264481461494,1.0,0.0001423757771344502
Cpr47Ea,0.018266255,2.2338746,0.9854264481461494,1.0,0.0001423757771344502
Ir56c,0.01826552,1.8738568,0.9854270348368861,1.0,0.0001423757771344502
CG44088,0.01826552,2.288305,0.9854270348368861,1.0,0.0001423757771344502
lncRNA:CR46220,0.01826552,2.3420737,0.9854270348368861,1.0,0.0001423757771344502
lncRNA:CR46039,0.01826552,1.8980227,0.9854270348368861,1.0,0.0001423757771344502
CG43376,0.01826552,1.8755413,0.9854270348368861,1.0,0.0001423757771344502
CG42544,0.01826552,2.1442785,0.9854270348368861,1.0,0.0001423757771344502
CG7384,0.01826552,1.9143357,0.9854270348368861,1.0,0.0001423757771344502
CG14515,0.01826552,1.9532425,0.9854270348368861,1.0,0.0001423757771344502
spo,0.01826552,1.844711,0.9854270348368861,1.0,0.0001423757771344502
CG15905,0.01826552,1.9489187,0.9854270348368861,1.0,0.0001423757771344502
lncRNA:CR44803,0.01826552,1.7184004,0.9854270348368861,1.0,0.0001423757771344502
lncRNA:CR45174,0.018264784,1.7374748,0.9854276215276307,1.0,0.0001423757771344502
CG31551,0.018264784,1.8060466,0.9854276215276307,1.0,0.0001423757771344502
CheB42a,0.018264784,1.8798395,0.9854276215276307,1.0,0.0001423757771344502
Sid,0.018264784,1.4688284,0.9854276215276307,1.0,0.0001423757771344502
lncRNA:CR44759,0.018264784,1.4545631,0.9854276215276307,1.0,0.0001423757771344502
CG15330,0.018264784,1.5250001,0.9854276215276307,1.0,0.0001423757771344502
CG8927,0.018264784,1.6640086,0.9854276215276307,1.0,0.0001423757771344502
lncRNA:CR44553,0.018264784,1.7006844,0.9854276215276307,1.0,0.0001423757771344502
Spn43Aa,0.018264784,1.569503,0.9854276215276307,1.0,0.0001423757771344502
CG34382,0.018264784,1.7548565,0.9854276215276307,1.0,0.0001423757771344502
Tim17a2,0.018264784,1.6146032,0.9854276215276307,1.0,0.0001423757771344502
CG42460,0.018264784,1.5694615,0.9854276215276307,1.0,0.0001423757771344502
CG14313,0.018264784,1.8178328,0.9854276215276307,1.0,0.0001423757771344502
CG4781,0.018264784,1.8132529,0.9854276215276307,1.0,0.0001423757771344502
CG31230,0.018264784,1.3796334,0.9854276215276307,1.0,0.0001423757771344502
CG31698,0.018264048,1.2859049,0.9854282082183832,1.0,0.0001423757771344502
CG13074,0.018264048,1.4684285,0.9854282082183832,1.0,0.0001423757771344502
CG14564,0.018264048,0.8384887,0.9854282082183832,1.0,0.0001423757771344502
CG32568,0.018264048,0.72510415,0.9854282082183832,1.0,0.0001423757771344502
CG43997,0.018264048,0.90493584,0.9854282082183832,1.0,0.0001423757771344502
CG15705,0.018264048,0.36159566,0.9854282082183832,1.0,0.0001423757771344502
lncRNA:CR45655,0.018264048,1.359225,0.9854282082183832,1.0,0.0001423757771344502
lncRNA:CR44558,0.018264048,1.2831372,0.9854282082183832,1.0,0.0001423757771344502
CG3457,0.018264048,0.916179,0.9854282082183832,1.0,0.0001423757771344502
CG13442,0.018264048,0.9534144,0.9854282082183832,1.0,0.0001423757771344502
CG14693,0.018264048,0.98998165,0.9854282082183832,1.0,0.0001423757771344502
lncRNA:CR45436,0.018264048,1.208817,0.9854282082183832,1.0,0.0001423757771344502
CG7367,0.018264048,0.33656055,0.9854282082183832,1.0,0.0001423757771344502
lncRNA:CR44430,0.018264048,0.96061426,0.9854282082183832,1.0,0.0001423757771344502
kni,0.018264048,1.2400895,0.9854282082183832,1.0,0.0001423757771344502
CG12446,0.018264048,1.2010809,0.9854282082183832,1.0,0.0001423757771344502
Lsp1gamma,0.018264048,0.87609863,0.9854282082183832,1.0,0.0001423757771344502
CG13949,0.018264048,0.9146536,0.9854282082183832,1.0,0.0001423757771344502
CG42571,0.018264048,0.96921635,0.9854282082183832,1.0,0.0001423757771344502
CG5235,0.018264048,0.83953524,0.9854282082183832,1.0,0.0001423757771344502
CG12224,0.018264048,0.8760225,0.9854282082183832,1.0,0.0001423757771344502
Vm34Ca,0.018264048,1.3009992,0.9854282082183832,1.0,0.0001423757771344502
Srg1,0.018264048,1.2032773,0.9854282082183832,1.0,0.0001423757771344502
CG42692,0.018264048,0.6912854,0.9854282082183832,1.0,0.0001423757771344502
CG17855,0.018264048,1.0618867,0.9854282082183832,1.0,0.0001423757771344502
CG4741,0.018095635,0.066624574,0.9855625606075905,1.0,0.0013288405865882018
lncRNA:CR45233,0.018008118,-0.15658306,0.9856323770765539,1.0,0.0013288405865882018
ssp2,0.01799488,-0.20623676,0.9856429375604445,1.0,0.0013288405865882018
Or1a,0.017896332,0.14194348,0.9857215545750211,1.0,0.0005220445161596507
lncRNA:CR46265,0.017894862,0.10227084,0.9857227279643503,1.0,0.0005220445161596507
CG30484,0.017888242,-0.047001254,0.9857280082167145,1.0,0.0005220445161596507
CG17068,0.017794475,-0.11072115,0.9858028118589274,1.0,0.017607137772293675
gny,0.017669085,-0.080297016,0.9859028435910976,1.0,0.010962934839352664
OdsH,0.01754112,0.19751447,0.9860049289890697,1.0,0.0009017132551848512
lncRNA:CR45972,0.01750876,0.021588616,0.9860307437237722,1.0,0.0009017132551848512
CG42733,0.017506555,0.035937198,0.986032503819853,1.0,0.0009017132551848512
CG3505,0.017459488,-0.33704993,0.9860700525524247,1.0,0.0009017132551848512
Mst27D,0.017342186,16.755787,0.9861636311684765,1.0,9.491718475630013e-05
Odc2,0.017342186,17.59464,0.9861636311684765,1.0,9.491718475630013e-05
CG31106,0.017342186,16.738789,0.9861636311684765,1.0,9.491718475630013e-05
p-cup,0.017342186,16.822441,0.9861636311684765,1.0,9.491718475630013e-05
CG13965,0.017342186,17.368336,0.9861636311684765,1.0,9.491718475630013e-05
CG33463,0.017342186,17.098486,0.9861636311684765,1.0,9.491718475630013e-05
lncRNA:CR44504,0.017342186,16.899496,0.9861636311684765,1.0,9.491718475630013e-05
FASN2,0.017342186,17.53526,0.9861636311684765,1.0,9.491718475630013e-05
snoRNA:Psi18S-841c,0.017342186,17.666037,0.9861636311684765,1.0,9.491718475630013e-05
lncRNA:CR45346,0.017342186,16.553352,0.9861636311684765,1.0,9.491718475630013e-05
Spn28B,0.017342186,17.45057,0.9861636311684765,1.0,9.491718475630013e-05
CG42564,0.017342186,17.025848,0.9861636311684765,1.0,9.491718475630013e-05
CG15879,0.017342186,16.96647,0.9861636311684765,1.0,9.491718475630013e-05
CG14826,0.017342186,17.219631,0.9861636311684765,1.0,9.491718475630013e-05
CG8907,0.017342186,17.603207,0.9861636311684765,1.0,9.491718475630013e-05
pHCl-2,0.017342186,16.564646,0.9861636311684765,1.0,9.491718475630013e-05
CG33927,0.017342186,17.330408,0.9861636311684765,1.0,9.491718475630013e-05
CG14072,0.017342186,16.770468,0.9861636311684765,1.0,9.491718475630013e-05
GluRIIC,0.017342186,17.447062,0.9861636311684765,1.0,9.491718475630013e-05
Cpr35B,0.017342186,17.482944,0.9861636311684765,1.0,9.491718475630013e-05
CG31910,0.017342186,16.421083,0.9861636311684765,1.0,9.491718475630013e-05
karr,0.017342186,16.804049,0.9861636311684765,1.0,9.491718475630013e-05
Chs2,0.017342186,16.476048,0.9861636311684765,1.0,9.491718475630013e-05
lncRNA:CR45959,0.017342186,16.670874,0.9861636311684765,1.0,9.491718475630013e-05
asRNA:CR46105,0.017342186,17.213718,0.9861636311684765,1.0,9.491718475630013e-05
Osi20,0.017342186,17.067877,0.9861636311684765,1.0,9.491718475630013e-05
Kaz-m1,0.017342186,17.75972,0.9861636311684765,1.0,9.491718475630013e-05
lncRNA:CR45578,0.017342186,16.531658,0.9861636311684765,1.0,9.491718475630013e-05
m,0.017342186,16.679104,0.9861636311684765,1.0,9.491718475630013e-05
lky,0.017342186,17.321793,0.9861636311684765,1.0,9.491718475630013e-05
CG11085,0.017285926,-0.1952373,0.9862085137698202,1.0,0.013240947273503868
RfC3,0.017142516,-0.13485278,0.9863229205978002,1.0,0.0061221584167813585
lncRNA:CR44138,0.016996166,0.79727006,0.9864396745224616,1.0,0.00047458592378150065
Rrp42,0.016995799,-0.1498861,0.9864399678743979,1.0,0.011437520763134165
lncRNA:CR44411,0.016978515,0.36525032,0.9864537554174717,1.0,0.00047458592378150065
Whamy,0.016975574,0.2642661,0.986456102233717,1.0,0.00047458592378150065
CG31802,0.016973367,0.22470334,0.986457862345978,1.0,0.00047458592378150065
lncRNA:CR44904,0.016968954,0.1353153,0.9864613825706976,1.0,0.00047458592378150065
kappaB-Ras,0.016967485,0.03569616,0.986462555978996,1.0,0.00047458592378150065
lncRNA:CR45504,0.016966013,0.020278204,0.9864637293873237,1.0,0.00047458592378150065
CG16756,0.016963806,-0.040942032,0.9864654894998702,1.0,0.00047458592378150065
asRNA:CR45828,0.016962336,-0.08329922,0.9864666629082712,1.0,0.00047458592378150065
AkhR,0.01695866,-0.121702515,0.9864695964294016,1.0,0.00047458592378150065
Nplp4,0.016957924,-0.06391927,0.9864701831336496,1.0,0.00047458592378150065
Ufsp1,0.016895045,-0.020918783,0.9865203463738809,1.0,0.002467846803663803
CG1698,0.016608594,0.06594592,0.9867488684729873,1.0,0.0008542546628067012
lncRNA:CR44450,0.016597195,0.091369,0.9867579624430659,1.0,0.0008542546628067012
lncRNA:CR43966,0.016592782,-0.06688101,0.98676148269001,1.0,0.0008542546628067012
lncRNA:CR43818,0.016592782,-0.0034462782,0.98676148269001,1.0,0.0008542546628067012
CG12942,0.016287578,-0.14900936,0.9870049670586302,1.0,0.017702054957049972
lncRNA:CR45540,0.016196754,-0.10105111,0.9870774258946119,1.0,0.0012339234018319016
CG44002,0.016144905,-0.10707679,0.9871187890836302,1.0,0.00726116463385696
CG9777,0.01612468,-0.30734766,0.9871349236703,1.0,0.0012339234018319016
Gr39a,0.016057022,0.3781274,0.987188901234822,1.0,0.0004271273314033506
CG32036,0.016057022,0.28314203,0.987188901234822,1.0,0.0004271273314033506
Cpr65Ec,0.01605555,0.27824378,0.9871900746607898,1.0,0.0004271273314033506
l(2)03659,0.016053343,0.23511451,0.9871918347997936,1.0,0.0004271273314033506
CG15631,0.016050402,0.021247916,0.9871941816518954,1.0,0.0004271273314033506
CG15674,0.01604893,-0.006813456,0.9871953550779881,1.0,0.0004271273314033506
CG8925,0.016044518,-0.1299237,0.9871988753564318,1.0,0.0004271273314033506
CG34256,0.015838599,-0.16379923,0.987363155293179,1.0,0.0024203882112856533
GstE8,0.015780132,-0.16044194,0.9874097991588981,1.0,0.001613592140857102
Smu1,0.01569997,-0.11778922,0.9874737511956511,1.0,0.020929239238764177
CG34316,0.015656946,-0.114861034,0.9875080741109779,1.0,0.000806796070428551
CG34201,0.015646651,-0.19195698,0.9875162881454272,1.0,0.000806796070428551
CG14642,0.0151392035,0.5158996,0.9879211243228392,1.0,0.0003796687390252005
CG13562,0.015136997,0.3880896,0.9879228844869983,1.0,0.0003796687390252005
LysX,0.015136262,0.3667188,0.9879234712083977,1.0,0.0003796687390252005
CG32161,0.015131114,0.29618976,0.9879275782583766,1.0,0.0003796687390252005
Abd-B,0.015128173,0.24013731,0.9879299251442224,1.0,0.0003796687390252005
lncRNA:CR46118,0.015120818,-0.07999581,0.987935792359294,1.0,0.0003796687390252005
GstE7,0.01495167,0.04346366,0.9880707384853744,1.0,0.001566133548478952
CG6142,0.014908278,-0.12795144,0.9881053551554824,1.0,0.002372929618907503
Kif19A,0.014878862,-0.09981284,0.9881288240971101,1.0,0.001566133548478952
CG15579,0.014852386,-0.13258609,0.9881499461533585,1.0,0.001566133548478952
Mics1,0.014781049,-0.2586231,0.9882068584017699,1.0,0.002372929618907503
CG43229,0.01474244,-0.045033373,0.9882376614478652,1.0,0.000759337478050401
CG5704,0.01471817,-0.20286243,0.9882570233715309,1.0,0.000759337478050401
trsn,0.014579909,-0.103276595,0.9883673277955203,1.0,0.054245171088225526
lncRNA:CR45556,0.014405244,-0.2260722,0.9885066754572729,1.0,0.0019458022875041526
FarO,0.014214032,0.6974654,0.9886592248783093,1.0,0.00033221014664705045
CG33666,0.014212562,0.59923923,0.9886603983370083,1.0,0.00033221014664705045
lncRNA:CR43978,0.014211826,0.49781296,0.9886609850663669,1.0,0.00033221014664705045
Rpt6R,0.01421109,0.53094304,0.9886615717957318,1.0,0.00033221014664705045
lncRNA:CR42765,0.01420962,0.50627583,0.9886627452544798,1.0,0.00033221014664705045
meru,0.01420962,0.31307754,0.9886627452544798,1.0,0.00033221014664705045
Nuf2,0.014208884,0.3516678,0.988663331983863,1.0,0.00033221014664705045
stg,0.014208884,0.44867387,0.988663331983863,1.0,0.00033221014664705045
CG30380,0.014208149,0.46417066,0.9886639187132523,1.0,0.00033221014664705045
lncRNA:CR44754,0.014207413,0.31098762,0.9886645054426478,1.0,0.00033221014664705045
CG32454,0.014207413,0.21462813,0.9886645054426478,1.0,0.00033221014664705045
CG33477,0.014206678,0.18826199,0.9886650921720495,1.0,0.00033221014664705045
CG7886,0.014205943,0.2850347,0.9886656789014572,1.0,0.00033221014664705045
CG33509,0.014205207,0.17296459,0.988666265630871,1.0,0.00033221014664705045
Marf1,0.014205207,0.21800363,0.988666265630871,1.0,0.00033221014664705045
lncRNA:CR43989,0.014205207,0.036543313,0.988666265630871,1.0,0.00033221014664705045
asRNA:CR45807,0.014203001,0.18415068,0.9886680258191495,1.0,0.00033221014664705045
CG8526,0.014203001,0.025349455,0.9886680258191495,1.0,0.00033221014664705045
modSP,0.013830873,0.12028615,0.9889649116911389,1.0,0.0007118788856722509
CG30345,0.013830137,-0.024738962,0.9889654984236377,1.0,0.0007118788856722509
Srr,0.013830137,-0.031387527,0.9889654984236377,1.0,0.0007118788856722509
Obp56a,0.013825725,-0.008414279,0.9889690188187554,1.0,0.0007118788856722509
CG31886,0.013820577,-0.07925663,0.9889731259466643,1.0,0.012007023871671966
lncRNA:CR46036,0.013529346,-0.2208346,0.9892054725123706,1.0,0.0018983436951260026
CG12713,0.013378951,-0.20162617,0.9893254599243106,1.0,0.00840017085093256
mir-4955,0.013288861,0.5980043,0.9893973351401735,1.0,0.0002847515542689004
asRNA:CR45467,0.013288125,0.5657014,0.9893979218769844,1.0,0.0002847515542689004
CG12898,0.01328739,0.59234244,0.989398508613801,1.0,0.0002847515542689004
CG17109,0.013285183,0.45214236,0.9894002688242853,1.0,0.0002847515542689004
PeriA,0.013285183,0.47789198,0.9894002688242853,1.0,0.0002847515542689004
CG42857,0.013285183,0.09072653,0.9894002688242853,1.0,0.0002847515542689004
RhoGEF4,0.013282977,-0.021020653,0.9894020290348212,1.0,0.0002847515542689004
CG14418,0.013282977,0.22688806,0.9894020290348212,1.0,0.0002847515542689004
CG8519,0.013282242,0.10060431,0.989402615771678,1.0,0.0002847515542689004
asRNA:CR45798,0.013282242,0.22471154,0.989402615771678,1.0,0.0002847515542689004
Desat2,0.0132815065,-0.07120305,0.9894032025085404,1.0,0.0002847515542689004
Orc2,0.0132815065,-0.25941288,0.9894032025085404,1.0,0.0002847515542689004
lncRNA:CR43631,0.013280771,0.027816417,0.9894037892454087,1.0,0.0002847515542689004
CG32811,0.013280771,-0.032195326,0.9894037892454087,1.0,0.0002847515542689004
Cyp4ac2,0.013280036,0.09187524,0.9894043759822826,1.0,0.0002847515542689004
Root,0.0132793,-0.0692864,0.9894049627191623,1.0,0.0002847515542689004
Pig1,0.0132793,-0.06072367,0.9894049627191623,1.0,0.0002847515542689004
CG13358,0.01327783,-0.13494448,0.9894061361929389,1.0,0.0002847515542689004
CG31495,0.01327783,-0.32011852,0.9894061361929389,1.0,0.0002847515542689004
CG13869,0.013275623,-0.41300467,0.9894078964036467,1.0,0.0002847515542689004
lncRNA:CR45680,0.013274888,-0.24393597,0.9894084831405607,1.0,0.0002847515542689004
CG11741,0.012912688,-0.043477904,0.9896974517605328,1.0,0.0006644202932941009
Gagr,0.012911217,-0.0056288275,0.9896986252399431,1.0,0.0006644202932941009
CG14050,0.0125681395,0.03635433,0.9899723399158398,1.0,0.0010440890323193013
Liprin-beta,0.012531735,-0.21914954,0.9900013836650993,1.0,0.020739404869251576
CG34171,0.012490183,-0.18058492,0.9900345346274146,1.0,0.0010440890323193013
lncRNA:CR45454,0.012368837,0.85804784,0.990131347270508,1.0,0.00023729296189075032
lncRNA:CR45687,0.012368102,1.0361816,0.9901319340142439,1.0,0.00023729296189075032
CG15545,0.012365895,0.79938316,0.9901336942454837,1.0,0.00023729296189075032
Osi5,0.012365895,0.8454934,0.9901336942454837,1.0,0.00023729296189075032
Cby,0.0123651605,0.8318776,0.990134280989241,1.0,0.00023729296189075032
dec2,0.0123651605,0.6247451,0.990134280989241,1.0,0.00023729296189075032
lncRNA:CR44679,0.012364425,0.64965135,0.9901348677330035,1.0,0.00023729296189075032
Gr5a,0.012364425,0.8175651,0.9901348677330035,1.0,0.00023729296189075032
lncRNA:CR44908,0.012364425,0.96866745,0.9901348677330035,1.0,0.00023729296189075032
CG31220,0.012363689,0.47871765,0.9901354544767714,1.0,0.00023729296189075032
CG42486,0.012363689,0.44924688,0.9901354544767714,1.0,0.00023729296189075032
ppk9,0.012363689,0.5186387,0.9901354544767714,1.0,0.00023729296189075032
CG33253,0.012362954,0.52303123,0.9901360412205447,1.0,0.00023729296189075032
CanA1,0.012362954,0.33569452,0.9901360412205447,1.0,0.00023729296189075032
CG14154,0.012362954,0.43671796,0.9901360412205447,1.0,0.00023729296189075032
Cpr78Ca,0.012362218,0.41004863,0.9901366279643233,1.0,0.00023729296189075032
asRNA:CR44083,0.012361483,0.038848195,0.9901372147081072,1.0,0.00023729296189075032
Rtnl2,0.012361483,0.106540665,0.9901372147081072,1.0,0.00023729296189075032
lncRNA:CR44097,0.012360748,0.23609442,0.9901378014518964,1.0,0.00023729296189075032
Unc-115b,0.012360748,0.28556523,0.9901378014518964,1.0,0.00023729296189075032
CG14456,0.012360012,0.2658445,0.9901383881956911,1.0,0.00023729296189075032
CG9570,0.012360012,0.018480545,0.9901383881956911,1.0,0.00023729296189075032
CG14107,0.012360012,0.18858421,0.9901383881956911,1.0,0.00023729296189075032
CG13331,0.012360012,0.3436267,0.9901383881956911,1.0,0.00023729296189075032
GstD8,0.012360012,0.059279162,0.9901383881956911,1.0,0.00023729296189075032
NijC,0.012359276,0.21450458,0.990138974939491,1.0,0.00023729296189075032
CG14763,0.012359276,-0.1866182,0.990138974939491,1.0,0.00023729296189075032
lncRNA:CR46043,0.012358542,-0.0076855,0.9901395616832963,1.0,0.00023729296189075032
Vago,0.012357806,0.03181637,0.9901401484271068,1.0,0.00023729296189075032
CG33655,0.012357806,0.22916543,0.9901401484271068,1.0,0.00023729296189075032
CG13527,0.01235707,-0.46376914,0.9901407351709228,1.0,0.00023729296189075032
asRNA:CR46251,0.012356335,-0.4784357,0.9901413219147441,1.0,0.00023729296189075032
asRNA:CR45167,0.0123556,-0.2561068,0.9901419086585707,1.0,0.00023729296189075032
CG12320,0.012219178,-0.14108065,0.9902507497302908,1.0,0.013668074604907219
Cpr64Ad,0.012179832,-0.20139305,0.9902821405853135,1.0,0.0038441459826301554
lncRNA:CR44360,0.012108128,-0.15937631,0.9903393482569534,1.0,0.0014237577713445018
CG12728,0.012105553,-0.17410293,0.9903414018666041,1.0,0.041336433961368706
lncRNA:CR44440,0.012072827,-0.26788038,0.990367512052024,1.0,0.0014237577713445018
PK1-R,0.012007741,0.24585094,0.9904194390806258,1.0,0.0006169617009159508
lncRNA:CR45566,0.01200627,0.27576602,0.9904206125732673,1.0,0.0006169617009159508
CG30274,0.011987149,0.14143577,0.9904358679794922,1.0,0.0006169617009159508
borr,0.011982736,-0.021111991,0.9904393884583487,1.0,0.0006169617009159508
lncRNA:CR46021,0.01197097,-0.26563206,0.9904487764028755,1.0,0.0006169617009159508
Wnt6,0.011949642,-0.41711882,0.9904657920557002,1.0,0.0006169617009159508
CG15617,0.011601783,-0.040027525,0.9907433238273449,1.0,0.0009966304399411513
snoRNA:Psi28S-3436b,0.011444401,0.9143389,0.9908688882547297,1.0,0.00018983436951260026
5.8SrRNA-Psi:CR45857,0.01144293,0.8400634,0.9908700617551227,1.0,0.00018983436951260026
Obp83ef,0.011442195,1.4012169,0.9908706485053265,1.0,0.00018983436951260026
Dmel_CG43189,0.011442195,0.9395138,0.9908706485053265,1.0,0.00018983436951260026
Tsp2A,0.011442195,0.8818817,0.9908706485053265,1.0,0.00018983436951260026
CG33191,0.011442195,1.1006774,0.9908706485053265,1.0,0.00018983436951260026
CG8072,0.011440724,1.0900903,0.9908718220057491,1.0,0.00018983436951260026
lncRNA:CR44066,0.011440724,0.5731962,0.9908718220057491,1.0,0.00018983436951260026
CG7953,0.011440724,0.3999973,0.9908718220057491,1.0,0.00018983436951260026
CG12057,0.011440724,1.0863845,0.9908718220057491,1.0,0.00018983436951260026
CG32985,0.011440724,0.5252035,0.9908718220057491,1.0,0.00018983436951260026
CG8539,0.011439988,0.33876124,0.9908724087559677,1.0,0.00018983436951260026
CG5819,0.011439988,0.62196493,0.9908724087559677,1.0,0.00018983436951260026
CG14655,0.011439988,0.60977197,0.9908724087559677,1.0,0.00018983436951260026
lncRNA:CR45552,0.011439254,0.4640155,0.9908729955061913,1.0,0.00018983436951260026
CG14212,0.011439254,0.41407973,0.9908729955061913,1.0,0.00018983436951260026
lncRNA:CR43263,0.011439254,0.3345929,0.9908729955061913,1.0,0.00018983436951260026
CG13711,0.011439254,0.2675816,0.9908729955061913,1.0,0.00018983436951260026
lncRNA:CR45551,0.011438518,-0.1043083,0.9908735822564199,1.0,0.00018983436951260026
lncRNA:CR44673,0.011438518,0.40278444,0.9908735822564199,1.0,0.00018983436951260026
CG10750,0.011438518,0.3466398,0.9908735822564199,1.0,0.00018983436951260026
lncRNA:CR43656,0.011438518,0.124411665,0.9908735822564199,1.0,0.00018983436951260026
shd,0.011438518,0.324415,0.9908735822564199,1.0,0.00018983436951260026
Cyp4p2,0.011437782,0.3744033,0.9908741690066534,1.0,0.00018983436951260026
Ir85a,0.011437782,-0.20817693,0.9908741690066534,1.0,0.00018983436951260026
CG1387,0.011437782,0.26676407,0.9908741690066534,1.0,0.00018983436951260026
CG32240,0.011437047,-0.11599053,0.9908747557568918,1.0,0.00018983436951260026
CG6576,0.0114363115,-0.106365494,0.990875342507135,1.0,0.00018983436951260026
CG9445,0.011435576,-0.4699129,0.9908759292573833,1.0,0.00018983436951260026
w-cup,0.011435576,-0.25514212,0.9908759292573833,1.0,0.00018983436951260026
lncRNA:CR45821,0.011142139,-0.36206737,0.9911100429968701,1.0,0.0013762991789663518
CG10177,0.011082937,0.26868576,0.9911572765640703,1.0,0.0005695031085378008
asRNA:CR43786,0.011081466,0.24014038,0.9911584500692406,1.0,0.0005695031085378008
Ag5r2,0.011074112,0.028390119,0.9911643175953795,1.0,0.0005695031085378008
CG18268,0.011072641,0.073267244,0.9911654911006645,1.0,0.0005695031085378008
SecCl,0.011061978,-0.08918722,0.9911739990145532,1.0,0.0005695031085378008
CG33234,0.011059403,-0.0228949,0.9911760526490905,1.0,0.0005695031085378008
CG14416,0.01105352,-0.23646346,0.9911807466711094,1.0,0.0005695031085378008
l(3)05822,0.010887681,-0.14711839,0.9913130595417394,1.0,0.13108063214845048
lncRNA:CR45819,0.010675141,-0.13862431,0.9914826315961269,1.0,0.0009491718475630013
lncRNA:CR45940,0.010518494,1.7106622,0.9916076105541998,1.0,0.0001423757771344502
CG32241,0.010518494,1.3229313,0.9916076105541998,1.0,0.0001423757771344502
CG9672,0.010518494,1.1985968,0.9916076105541998,1.0,0.0001423757771344502
CG13996,0.010518494,1.1080279,0.9916076105541998,1.0,0.0001423757771344502
CG14292,0.010517759,0.9031912,0.9916081973103595,1.0,0.0001423757771344502
lncRNA:CR46214,0.010517759,0.9823988,0.9916081973103595,1.0,0.0001423757771344502
CG15676,0.010517759,1.0556924,0.9916081973103595,1.0,0.0001423757771344502
mms4,0.010517759,0.8115601,0.9916081973103595,1.0,0.0001423757771344502
CG6938,0.010517759,0.80454654,0.9916081973103595,1.0,0.0001423757771344502
lncRNA:CR45588,0.010517759,0.71288085,0.9916081973103595,1.0,0.0001423757771344502
Pburs,0.010517759,0.631758,0.9916081973103595,1.0,0.0001423757771344502
lncRNA:CR44126,0.010517759,1.3886752,0.9916081973103595,1.0,0.0001423757771344502
CG15212,0.010517759,1.1899238,0.9916081973103595,1.0,0.0001423757771344502
Vha16-5,0.010517759,1.089799,0.9916081973103595,1.0,0.0001423757771344502
CG13405,0.010517759,0.8927136,0.9916081973103595,1.0,0.0001423757771344502
mir-4984,0.010517759,1.0961655,0.9916081973103595,1.0,0.0001423757771344502
CG13407,0.010517759,0.80820817,0.9916081973103595,1.0,0.0001423757771344502
alphaTub85E,0.0105170235,0.7853962,0.9916087840665239,1.0,0.0001423757771344502
CG11131,0.0105170235,0.672047,0.9916087840665239,1.0,0.0001423757771344502
CG14356,0.0105170235,1.0067741,0.9916087840665239,1.0,0.0001423757771344502
CG10205,0.0105170235,0.82383996,0.9916087840665239,1.0,0.0001423757771344502
CG14383,0.0105170235,0.856206,0.9916087840665239,1.0,0.0001423757771344502
CG9864,0.0105170235,0.80720216,0.9916087840665239,1.0,0.0001423757771344502
Sfp26Ad,0.0105170235,-0.16652757,0.9916087840665239,1.0,0.0001423757771344502
asRNA:CR46092,0.0105170235,0.6576523,0.9916087840665239,1.0,0.0001423757771344502
CG14736,0.0105170235,1.0666627,0.9916087840665239,1.0,0.0001423757771344502
Esp,0.0105170235,0.52893096,0.9916087840665239,1.0,0.0001423757771344502
lncRNA:CR43973,0.0105170235,0.6204327,0.9916087840665239,1.0,0.0001423757771344502
snoRNA:CD68,0.0105170235,0.7357316,0.9916087840665239,1.0,0.0001423757771344502
CG11951,0.010516288,0.4161305,0.9916093708226926,1.0,0.0001423757771344502
CG10116,0.010516288,0.6492836,0.9916093708226926,1.0,0.0001423757771344502
snoRNA:Psi28S-1192a,0.010516288,0.3478975,0.9916093708226926,1.0,0.0001423757771344502
vanin-like,0.010516288,0.42319137,0.9916093708226926,1.0,0.0001423757771344502
lncRNA:CR45375,0.010516288,0.33053836,0.9916093708226926,1.0,0.0001423757771344502
Itgbn,0.010516288,0.4938744,0.9916093708226926,1.0,0.0001423757771344502
CG33773,0.010516288,0.785979,0.9916093708226926,1.0,0.0001423757771344502
CG30393,0.010516288,0.4069479,0.9916093708226926,1.0,0.0001423757771344502
asRNA:CR46109,0.010516288,0.46610266,0.9916093708226926,1.0,0.0001423757771344502
CG43139,0.010516288,0.19359595,0.9916093708226926,1.0,0.0001423757771344502
CG44426,0.010516288,0.37587452,0.9916093708226926,1.0,0.0001423757771344502
CG34185,0.010516288,0.5746334,0.9916093708226926,1.0,0.0001423757771344502
CG10064,0.010516288,0.32932138,0.9916093708226926,1.0,0.0001423757771344502
sna,0.010516288,0.59689283,0.9916093708226926,1.0,0.0001423757771344502
asRNA:CR44386,0.010515553,0.20552583,0.991609957578866,1.0,0.0001423757771344502
lncRNA:CR43803,0.010515553,0.4497212,0.991609957578866,1.0,0.0001423757771344502
lncRNA:CR44494,0.010515553,-0.005126104,0.991609957578866,1.0,0.0001423757771344502
Nep7,0.010515553,0.030557284,0.991609957578866,1.0,0.0001423757771344502
CG9312,0.010515553,0.113494895,0.991609957578866,1.0,0.0001423757771344502
CG45066,0.010515553,0.34693116,0.991609957578866,1.0,0.0001423757771344502
CG9416,0.010515553,0.12521747,0.991609957578866,1.0,0.0001423757771344502
CG13575,0.010515553,0.12486841,0.991609957578866,1.0,0.0001423757771344502
lncRNA:CR43752,0.010515553,0.24727033,0.991609957578866,1.0,0.0001423757771344502
CG15822,0.010515553,0.17096302,0.991609957578866,1.0,0.0001423757771344502
lncRNA:CR43826,0.010514817,-0.7073528,0.991610544335044,1.0,0.0001423757771344502
spz4,0.010514817,-0.012002599,0.991610544335044,1.0,0.0001423757771344502
CG14835,0.010514817,0.3046554,0.991610544335044,1.0,0.0001423757771344502
l(2)34Fc,0.010514817,-0.34182483,0.991610544335044,1.0,0.0001423757771344502
mil,0.010514817,0.019696962,0.991610544335044,1.0,0.0001423757771344502
Pepck2,0.010514817,-0.69075817,0.991610544335044,1.0,0.0001423757771344502
CG34203,0.010514817,-0.135138,0.991610544335044,1.0,0.0001423757771344502
snoRNA:Psi28S-3405b,0.010514817,-0.5777298,0.991610544335044,1.0,0.0001423757771344502
slbo,0.010514817,0.17510037,0.991610544335044,1.0,0.0001423757771344502
asRNA:CR43614,0.010514817,-0.15547903,0.991610544335044,1.0,0.0001423757771344502
Gr68a,0.010514817,0.0947767,0.991610544335044,1.0,0.0001423757771344502
CG32040,0.010514817,-0.28193063,0.991610544335044,1.0,0.0001423757771344502
lncRNA:CR43626,0.010514817,-0.2848858,0.991610544335044,1.0,0.0001423757771344502
CG32712,0.010514817,-0.6630399,0.991610544335044,1.0,0.0001423757771344502
Usp12-46,0.010447158,-0.19307548,0.9916645259227822,1.0,0.016563048739974374
tfc,0.010260358,-0.08877652,0.9918135622427946,1.0,0.004935693607327606
ENGase,0.010221748,-0.27069566,0.9918443670297721,1.0,0.0013288405865882018
asRNA:CR46137,0.010217335,-0.31544927,0.9918478875776302,1.0,0.0013288405865882018
CG11655,0.010190125,-0.088712245,0.99186959762626,1.0,0.004128897536899056
CG7568,0.010154456,0.22792858,0.9918980554018217,1.0,0.0005220445161596507
CG34244,0.010147837,0.048438344,0.9919033362272877,1.0,0.0005220445161596507
lncRNA:CR45327,0.010147837,0.09760244,0.9919033362272877,1.0,0.0005220445161596507
CG6753,0.01014416,-0.007092695,0.9919062700193665,1.0,0.0005220445161596507
Hao,0.010134599,-0.1572469,0.9919138978792834,1.0,0.0005220445161596507
asRNA:CR45214,0.009899997,-0.09381361,0.9921010740563448,1.0,0.0017085093256134023
CG12869,0.009789683,0.0152226,0.9921890880836044,1.0,0.0009017132551848512
knk,0.00978527,0.062498692,0.9921926086466789,1.0,0.0009017132551848512
CPT2,0.009744821,-0.26396874,0.992224880481937,1.0,0.0009017132551848512
CG32115,0.009741144,-0.19043417,0.9922278142857739,1.0,0.0009017132551848512
Cpr73D,0.009736732,-0.37584832,0.9922313348505167,1.0,0.0009017132551848512
mtrm,0.009736732,-0.19923145,0.9922313348505167,1.0,0.0009017132551848512
Cyp305a1,0.009731951,-0.30751786,0.9922351487958256,1.0,0.0025153053960419534
lncRNA:CR43424,0.009594793,2.0621912,0.9923445797633865,1.0,9.491718475630013e-05
CG43111,0.009594793,1.5454297,0.9923445797633865,1.0,9.491718475630013e-05
lncRNA:CR45605,0.009594793,2.3007023,0.9923445797633865,1.0,9.491718475630013e-05
Gdap1,0.009594793,1.6058568,0.9923445797633865,1.0,9.491718475630013e-05
lncRNA:CR45685,0.009594793,1.5383743,0.9923445797633865,1.0,9.491718475630013e-05
Rab9E,0.009594793,1.4341944,0.9923445797633865,1.0,9.491718475630013e-05
CG4367,0.009594793,1.4183477,0.9923445797633865,1.0,9.491718475630013e-05
CG34269,0.009594793,1.6456168,0.9923445797633865,1.0,9.491718475630013e-05
swa,0.009594793,1.6565663,0.9923445797633865,1.0,9.491718475630013e-05
CG14424,0.009594793,2.0598319,0.9923445797633865,1.0,9.491718475630013e-05
CG18577,0.009594793,1.7371883,0.9923445797633865,1.0,9.491718475630013e-05
Spn42Db,0.009594793,1.3635404,0.9923445797633865,1.0,9.491718475630013e-05
CG34167,0.009594793,1.5239692,0.9923445797633865,1.0,9.491718475630013e-05
CG15731,0.009594793,1.3962944,0.9923445797633865,1.0,9.491718475630013e-05
5.8SrRNA-Psi:CR45863,0.009594793,1.4137329,0.9923445797633865,1.0,9.491718475630013e-05
lncRNA:CR46077,0.009594793,1.5075254,0.9923445797633865,1.0,9.491718475630013e-05
CG13230,0.009594793,2.2364233,0.9923445797633865,1.0,9.491718475630013e-05
CG13445,0.009594793,1.5737066,0.9923445797633865,1.0,9.491718475630013e-05
snRNA:U4:38AB,0.009594793,1.6729631,0.9923445797633865,1.0,9.491718475630013e-05
narya,0.009594793,1.9442668,0.9923445797633865,1.0,9.491718475630013e-05
CG13042,0.009594793,2.5023105,0.9923445797633865,1.0,9.491718475630013e-05
lncRNA:CR43974,0.009594059,1.2230124,0.9923451665249966,1.0,9.491718475630013e-05
Cralbp,0.009594059,1.0905055,0.9923451665249966,1.0,9.491718475630013e-05
CG32639,0.009594059,1.220248,0.9923451665249966,1.0,9.491718475630013e-05
CG10663,0.009594059,1.8242141,0.9923451665249966,1.0,9.491718475630013e-05
CG12729,0.009594059,1.4713949,0.9923451665249966,1.0,9.491718475630013e-05
lncRNA:CR44284,0.009594059,0.58636576,0.9923451665249966,1.0,9.491718475630013e-05
mir-317,0.009594059,1.3736708,0.9923451665249966,1.0,9.491718475630013e-05
Ntf-2r,0.009594059,0.8701437,0.9923451665249966,1.0,9.491718475630013e-05
CG34332,0.009594059,1.1830246,0.9923451665249966,1.0,9.491718475630013e-05
CG8564,0.009594059,1.194493,0.9923451665249966,1.0,9.491718475630013e-05
mir-4969,0.009594059,1.9022044,0.9923451665249966,1.0,9.491718475630013e-05
Cpr72Ea,0.009594059,1.0617052,0.9923451665249966,1.0,9.491718475630013e-05
lncRNA:CR44613,0.009594059,1.2498263,0.9923451665249966,1.0,9.491718475630013e-05
krimp,0.009594059,1.155967,0.9923451665249966,1.0,9.491718475630013e-05
lncRNA:CR45415,0.009594059,1.4841131,0.9923451665249966,1.0,9.491718475630013e-05
CG3515,0.009594059,1.0661001,0.9923451665249966,1.0,9.491718475630013e-05
sa,0.009594059,1.1232698,0.9923451665249966,1.0,9.491718475630013e-05
Doc3,0.009594059,1.5590539,0.9923451665249966,1.0,9.491718475630013e-05
CG11911,0.009594059,1.2443448,0.9923451665249966,1.0,9.491718475630013e-05
Ir48c,0.009594059,1.0560883,0.9923451665249966,1.0,9.491718475630013e-05
CG9568,0.009594059,1.3183004,0.9923451665249966,1.0,9.491718475630013e-05
CG31525,0.009593323,-0.051409002,0.992345753286611,1.0,9.491718475630013e-05
CG12607,0.009593323,0.25229207,0.992345753286611,1.0,9.491718475630013e-05
Btnd,0.009593323,0.8545995,0.992345753286611,1.0,9.491718475630013e-05
CG13144,0.009593323,0.810591,0.992345753286611,1.0,9.491718475630013e-05
lncRNA:CR46221,0.009593323,0.054788973,0.992345753286611,1.0,9.491718475630013e-05
CG43125,0.009593323,0.9584274,0.992345753286611,1.0,9.491718475630013e-05
CG2901,0.009593323,-1.0521283,0.992345753286611,1.0,9.491718475630013e-05
CG2336,0.009593323,0.024891272,0.992345753286611,1.0,9.491718475630013e-05
CG44163,0.009593323,0.030958336,0.992345753286611,1.0,9.491718475630013e-05
lncRNA:CR45746,0.009593323,-0.4451454,0.992345753286611,1.0,9.491718475630013e-05
CG14106,0.009593323,1.1127644,0.992345753286611,1.0,9.491718475630013e-05
CG10182,0.009593323,0.5806956,0.992345753286611,1.0,9.491718475630013e-05
Cpr76Bc,0.009593323,0.22740088,0.992345753286611,1.0,9.491718475630013e-05
CG11068,0.009593323,0.4652974,0.992345753286611,1.0,9.491718475630013e-05
CG31128,0.009593323,1.0119265,0.992345753286611,1.0,9.491718475630013e-05
snRNA:U7,0.009593323,-0.15869318,0.992345753286611,1.0,9.491718475630013e-05
lncRNA:CR44538,0.009593323,0.99477357,0.992345753286611,1.0,9.491718475630013e-05
CG43295,0.009593323,0.827352,0.992345753286611,1.0,9.491718475630013e-05
Dmel_CR34530,0.009593323,0.71146566,0.992345753286611,1.0,9.491718475630013e-05
CG32107,0.009593323,0.34877372,0.992345753286611,1.0,9.491718475630013e-05
CG43055,0.009593323,-0.050827734,0.992345753286611,1.0,9.491718475630013e-05
CG6055,0.009593323,0.7165294,0.992345753286611,1.0,9.491718475630013e-05
snoRNA:CD3a,0.009593323,0.31106642,0.992345753286611,1.0,9.491718475630013e-05
snoRNA:Psi28S-3405c,0.009593323,0.29179275,0.992345753286611,1.0,9.491718475630013e-05
lncRNA:CR45118,0.009593323,0.72755694,0.992345753286611,1.0,9.491718475630013e-05
lncRNA:CR44817,0.009593323,1.0619456,0.992345753286611,1.0,9.491718475630013e-05
CG31089,0.009593323,0.4046819,0.992345753286611,1.0,9.491718475630013e-05
TotB,0.009593323,0.69346035,0.992345753286611,1.0,9.491718475630013e-05
CG43168,0.009593323,0.73080176,0.992345753286611,1.0,9.491718475630013e-05
Cpr47Ef,0.009593323,0.7715532,0.992345753286611,1.0,9.491718475630013e-05
CG17821,0.009593323,0.47025812,0.992345753286611,1.0,9.491718475630013e-05
CG30286,0.009593323,0.42866215,0.992345753286611,1.0,9.491718475630013e-05
CG8750,0.009593323,0.43624777,0.992345753286611,1.0,9.491718475630013e-05
lncRNA:CR45537,0.009593323,0.84882843,0.992345753286611,1.0,9.491718475630013e-05
CG14931,0.009593323,0.1448515,0.992345753286611,1.0,9.491718475630013e-05
lncRNA:CR44078,0.009593323,0.19633003,0.992345753286611,1.0,9.491718475630013e-05
lncRNA:CR42646,0.009593323,0.0027404067,0.992345753286611,1.0,9.491718475630013e-05
CG31697,0.009593323,0.07339073,0.992345753286611,1.0,9.491718475630013e-05
lncRNA:CR46350,0.009593323,0.29959095,0.992345753286611,1.0,9.491718475630013e-05
lncRNA:CR42858,0.009593323,-0.27348596,0.992345753286611,1.0,9.491718475630013e-05
whip,0.009593323,0.21452759,0.992345753286611,1.0,9.491718475630013e-05
c(2)M,0.009593323,0.6237579,0.992345753286611,1.0,9.491718475630013e-05
lncRNA:CR45562,0.009593323,0.4773513,0.992345753286611,1.0,9.491718475630013e-05
CG33771,0.009593323,0.7198421,0.992345753286611,1.0,9.491718475630013e-05
Alg2,0.0095436815,-0.09487032,0.9923853597051308,1.0,0.02961416164396564
mus302,0.009381151,-0.1276021,0.9925150341839447,1.0,0.019742774429310425
lncRNA:CR45563,0.009231123,0.16637596,0.9926347338784166,1.0,0.00047458592378150065
Mcm7,0.009229653,-0.010579909,0.992635907405658,1.0,0.00047458592378150065
asRNA:CR46033,0.009219357,-0.09371658,0.9926441220967935,1.0,0.0032746428740923544
CG32655,0.009215679,0.052119978,0.9926470559152453,1.0,0.00047458592378150065
exu,0.009214208,-0.23893514,0.9926482294426539,1.0,0.00047458592378150065
Taf12L,0.00920906,-0.40876585,0.9926523367887089,1.0,0.00047458592378150065
wus,0.009208325,-0.33091083,0.992652923552447,1.0,0.00047458592378150065
Takl2,0.009208325,-0.4700686,0.992652923552447,1.0,0.00047458592378150065
lncRNA:CR44834,0.009206119,-0.6145009,0.992654683843685,1.0,0.00047458592378150065
CG46025,0.009201706,-0.8610759,0.9926582044262683,1.0,0.00047458592378150065
spdo,0.008988799,-0.12972367,0.992828072704472,1.0,0.0016610507332352523
CG42521,0.008875542,0.18385543,0.9929184345467271,1.0,0.0008542546628067012
rha,0.008838036,-0.12401285,0.9929483595924875,1.0,0.0008542546628067012
lncRNA:CR44017,0.0088336235,-0.20096338,0.9929518801867593,1.0,0.0008542546628067012
asRNA:CR45944,0.008825533,-0.26309234,0.9929583346099473,1.0,0.0008542546628067012
NijA,0.008825533,-0.21528889,0.9929583346099473,1.0,0.0008542546628067012
CG43675,0.0088019995,-0.49083835,0.9929771111163859,1.0,0.0008542546628067012
CG5346,0.008732134,0.09664463,0.9930328538927482,1.0,0.002040719472260453
HIPP1,0.00867955,-0.15130396,0.9930748076889808,1.0,0.12154145508044231
lncRNA:CR44886,0.008671093,16.913204,0.9930815555041514,1.0,4.7458592378150065e-05
tum,0.008671093,16.255438,0.9930815555041514,1.0,4.7458592378150065e-05
Gr93d,0.008671093,16.963633,0.9930815555041514,1.0,4.7458592378150065e-05
CG18233,0.008671093,16.089449,0.9930815555041514,1.0,4.7458592378150065e-05
CG6333,0.008671093,15.564225,0.9930815555041514,1.0,4.7458592378150065e-05
lncRNA:CR46113,0.008671093,15.592314,0.9930815555041514,1.0,4.7458592378150065e-05
His1:CG33807,0.008671093,16.023706,0.9930815555041514,1.0,4.7458592378150065e-05
lncRNA:CR45355,0.008671093,15.096656,0.9930815555041514,1.0,4.7458592378150065e-05
lncRNA:CR44899,0.008671093,15.155445,0.9930815555041514,1.0,4.7458592378150065e-05
HP1D3csd,0.008671093,16.349855,0.9930815555041514,1.0,4.7458592378150065e-05
CG30379,0.008671093,16.96501,0.9930815555041514,1.0,4.7458592378150065e-05
CG13062,0.008671093,15.640553,0.9930815555041514,1.0,4.7458592378150065e-05
CG33290,0.008671093,15.841201,0.9930815555041514,1.0,4.7458592378150065e-05
conv,0.008671093,15.703506,0.9930815555041514,1.0,4.7458592378150065e-05
insb,0.008671093,16.012104,0.9930815555041514,1.0,4.7458592378150065e-05
lncRNA:CR44056,0.008671093,16.805601,0.9930815555041514,1.0,4.7458592378150065e-05
Neurochondrin,0.008671093,15.608349,0.9930815555041514,1.0,4.7458592378150065e-05
Trxr2,0.008671093,15.789542,0.9930815555041514,1.0,4.7458592378150065e-05
lncRNA:CR44256,0.008671093,15.704767,0.9930815555041514,1.0,4.7458592378150065e-05
mir-4980,0.008671093,15.520387,0.9930815555041514,1.0,4.7458592378150065e-05
lncRNA:CR44970,0.008671093,16.064201,0.9930815555041514,1.0,4.7458592378150065e-05
Gr47a,0.008671093,15.869683,0.9930815555041514,1.0,4.7458592378150065e-05
CG12540,0.008671093,15.779518,0.9930815555041514,1.0,4.7458592378150065e-05
lncRNA:CR32661,0.008671093,16.562883,0.9930815555041514,1.0,4.7458592378150065e-05
CG14630,0.008671093,16.177212,0.9930815555041514,1.0,4.7458592378150065e-05
CG34051,0.008671093,17.046196,0.9930815555041514,1.0,4.7458592378150065e-05
CG34198,0.008671093,16.239832,0.9930815555041514,1.0,4.7458592378150065e-05
CG16723,0.008671093,16.34027,0.9930815555041514,1.0,4.7458592378150065e-05
CG15554,0.008671093,17.052448,0.9930815555041514,1.0,4.7458592378150065e-05
Mco1,0.008671093,15.749948,0.9930815555041514,1.0,4.7458592378150065e-05
CG12951,0.008671093,15.900809,0.9930815555041514,1.0,4.7458592378150065e-05
alphaTub67C,0.008511137,-0.06607334,0.993209177318499,1.0,0.0040339803521427554
Obp83a,0.00834162,-0.24781498,0.9933444272929213,1.0,0.004461107683546106
28SrRNA-Psi:CR45853,0.00831588,0.295944,0.9933649641822141,1.0,0.0004271273314033506
CG5697,0.008308526,0.11838965,0.9933708318656772,1.0,0.0004271273314033506
CG6733,0.008304848,0.10597833,0.9933737657075432,1.0,0.0004271273314033506
Ir93a,0.008298229,-0.13572422,0.9933790466231278,1.0,0.0004271273314033506
Antdh,0.008294553,-0.16527121,0.9933819804652446,1.0,0.0004271273314033506
CG2652,0.008290876,-0.32350126,0.9933849143074509,1.0,0.0004271273314033506
CG14237,0.008285727,-0.3017603,0.99338902168669,1.0,0.0004271273314033506
CG33278,0.008102237,-0.027209692,0.9935354205317284,1.0,0.001613592140857102
B-H2,0.007962138,-0.2734767,0.9936472001573987,1.0,0.001613592140857102
CG8483,0.007933456,-0.05516343,0.9936700841907007,1.0,0.000806796070428551
rau,0.007922425,-0.08277477,0.9936788857433583,1.0,0.000806796070428551
Muc96D,0.0075841267,0.046233762,0.9939488003932122,1.0,0.0011864648094537516
CG31231,0.0073969597,0.5507815,0.9940981339066365,1.0,0.0003796687390252005
CG43331,0.007394018,0.55075234,0.99410048099692,1.0,0.0003796687390252005
lncRNA:CR45266,0.007392547,0.35079077,0.994101654542081,1.0,0.0003796687390252005
CG31664,0.007387399,0.24234048,0.9941057619502448,1.0,0.0003796687390252005
snoRNA:CD71,0.007382251,0.06303654,0.9941098693585648,1.0,0.0003796687390252005
Mnat9,0.0073815156,-0.12706363,0.9941104561311948,1.0,0.0047933178301931565
lncRNA:CR42719,0.0073756324,-0.35966507,0.9941151503123484,1.0,0.0003796687390252005
Skp2,0.0073726904,-0.41232672,0.9941174974030017,1.0,0.0003796687390252005
Skel,0.007371955,-0.23473862,0.994118084175673,1.0,0.0003796687390252005
drm,0.0072097927,0.062711746,0.9942474676268083,1.0,0.001566133548478952
Blos2,0.007126321,-0.15328254,0.9943140664238809,1.0,0.03269897014854539
gfzf,0.0070354957,-0.2674906,0.9943865330013681,1.0,0.018935978358881875
lncRNA:CR32657,0.006980338,-0.2540242,0.9944305410670143,1.0,0.000759337478050401
Uxt,0.00691893,-0.1595675,0.994479536733361,1.0,0.023539461819562433
CG43897,0.006743162,-0.085554816,0.9946197759406898,1.0,0.0019458022875041526
BomBc3,0.0067152157,-0.24400167,0.9946420734033069,1.0,0.0027525983579327036
lbl,0.0066983006,0.22994266,0.9946555692379775,1.0,0.0011390062170756016
Saf6,0.006675135,-0.18960407,0.9946740526662023,1.0,0.02116653220065493
IKKbeta,0.0066078426,-0.16565983,0.9947277426405531,1.0,0.0011390062170756016
dgt6,0.0065876185,-0.32642722,0.994743878976319,1.0,0.0019458022875041526
CG15529,0.006583941,-0.39211595,0.9947468128557804,1.0,0.0019458022875041526
Myo61F,0.0064677433,0.6547442,0.9948395234831359,1.0,0.00033221014664705045
COX4L,0.0064618597,0.2154988,0.9948442176939797,1.0,0.00033221014664705045
lncRNA:CR43937,0.0064618597,0.25109217,0.9948442176939797,1.0,0.00033221014664705045
Dnali1,0.0064611244,0.24992517,0.9948448044703477,1.0,0.00033221014664705045
lncRNA:CR45639,0.0064611244,0.18904437,0.9948448044703477,1.0,0.00033221014664705045
CG32260,0.006460389,0.28929836,0.9948453912467186,1.0,0.00033221014664705045
CG32266,0.006460389,0.11025305,0.9948453912467186,1.0,0.00033221014664705045
comm2,0.0064596534,0.20241964,0.9948459780230922,1.0,0.00033221014664705045
CG12590,0.006458183,-0.015140596,0.9948471515758477,1.0,0.00033221014664705045
lncRNA:CR44947,0.0064559765,-0.058911487,0.994848911905002,1.0,0.00033221014664705045
ppk26,0.006455241,-0.106153786,0.9948494986813923,1.0,0.00033221014664705045
OS9,0.006452299,-0.1935777,0.9948518457869815,1.0,0.00033221014664705045
lncRNA:CR45401,0.006451564,-0.20016275,0.9948524325633857,1.0,0.00033221014664705045
CG34328,0.006451564,-0.39200988,0.9948524325633857,1.0,0.00033221014664705045
Edem1,0.006449725,-0.2044373,0.9948538995044085,1.0,0.024678468036638035
CG42366,0.0064493576,-0.4748876,0.9948541928926151,1.0,0.00033221014664705045
CG17047,0.006448622,-0.36309448,0.9948547796690306,1.0,0.00033221014664705045
CG9294,0.0064427387,-0.89896405,0.9948594738804538,1.0,0.00033221014664705045
gammaSnap2,0.0062875627,-0.15598294,0.9949832837704818,1.0,0.1164159271036021
lncRNA:CR44392,0.0061691585,-0.2530173,0.9950777549054212,1.0,0.001518674956100802
wat,0.0060787005,-0.05110912,0.995149928551974,1.0,0.0007118788856722509
AttC,0.0060706106,-0.21362494,0.9951563831076727,1.0,0.0007118788856722509
Ipk1,0.0060661985,-0.24250637,0.9951599037745512,1.0,0.0007118788856722509
CG30082,0.006062521,-0.30819854,0.9951628376636885,1.0,0.0007118788856722509
lncRNA:CR43661,0.006061786,-0.34872437,0.9951634244415238,1.0,0.0007118788856722509
lectin-46Cb,0.0056278817,0.04117643,0.9955096238095615,1.0,0.002278012434151203
CG34283,0.0055377916,0.08278337,0.9955815042949688,1.0,0.0002847515542689004
CG13501,0.0055363206,0.15998772,0.9955826778542133,1.0,0.0002847515542689004
insc,0.0055355853,0.12877491,0.9955832646338392,1.0,0.0002847515542689004
CG31675,0.0055355853,-0.0065142796,0.9955832646338392,1.0,0.0002847515542689004
Lrt,0.0055355853,0.10309823,0.9955832646338392,1.0,0.0002847515542689004
lncRNA:CR45991,0.0055348496,-0.12965503,0.9955838514134674,1.0,0.0002847515542689004
Edg84A,0.0055348496,-0.010093679,0.9955838514134674,1.0,0.0002847515542689004
CG42818,0.005533379,-0.22940138,0.995585024972731,1.0,0.0002847515542689004
Fam161,0.005533379,-0.17365682,0.995585024972731,1.0,0.0002847515542689004
snoRNA:Psi28S-1175a,0.0055326433,-0.03934551,0.9955856117523665,1.0,0.0002847515542689004
CG16965,0.0055326433,-0.12129349,0.9955856117523665,1.0,0.0002847515542689004
Cpr49Ac,0.0055326433,-0.13461746,0.9955856117523665,1.0,0.0002847515542689004
asRNA:CR45142,0.005530437,-0.441276,0.995587372091287,1.0,0.0002847515542689004
lncRNA:CR44868,0.0055289664,-0.6210864,0.9955885456505793,1.0,0.0002847515542689004
lncRNA:CR32385,0.0055289664,-0.86880267,0.9955885456505793,1.0,0.0002847515542689004
COX6CL,0.0055282307,-0.4295587,0.9955891324302291,1.0,0.0002847515542689004
CG13318,0.0055282307,-0.34805182,0.9955891324302291,1.0,0.0002847515542689004
CG12998,0.0055260244,-0.88196456,0.9955908927691925,1.0,0.0002847515542689004
lncRNA:CR44779,0.005252077,-0.17247556,0.9958094683545354,1.0,0.001471216363722652
tous,0.0052097896,-0.3306418,0.9958432082384222,1.0,0.001471216363722652
snoRNA:Psi28S-1175b,0.005182946,0.076014005,0.9958646257337935,1.0,0.0006644202932941009
CG42326,0.005155,-0.1661478,0.9958869234033731,1.0,0.0006644202932941009
CG43338,0.0051461747,-0.17724498,0.9958939647733823,1.0,0.0006644202932941009
CG3358,0.0049163527,-0.1573471,0.9960773338950252,1.0,0.03179725689336054
Faa,0.0048527378,-0.23193924,0.9961280905049201,1.0,0.0018508851027478526
Spn42Dd,0.0047552935,-0.19874488,0.996205839099523,1.0,0.0010440890323193013
CG42259,0.004681383,-0.120286,0.9962648106991178,1.0,0.0038441459826301554
Nnf1b,0.0046196063,0.5945823,0.9963141004099696,1.0,0.00023729296189075032
CG30427,0.0046181357,0.4037208,0.9963152739746859,1.0,0.00023729296189075032
CG12362,0.0046159294,0.40822017,0.9963170343217752,1.0,0.00023729296189075032
CG5399,0.0046151937,0.2637365,0.9963176211041423,1.0,0.00023729296189075032
CG2839,0.0046144584,0.18566221,0.9963182078865114,1.0,0.00023729296189075032
CG33752,0.0046144584,0.15093866,0.9963182078865114,1.0,0.00023729296189075032
lncRNA:CR33987,0.0046144584,0.062443964,0.9963182078865114,1.0,0.00023729296189075032
btv,0.004613723,-0.09274735,0.9963187946688825,1.0,0.00023729296189075032
CG11475,0.0046129874,-0.18866895,0.9963193814512555,1.0,0.00023729296189075032
CG34445,0.0046129874,0.0045215436,0.9963193814512555,1.0,0.00023729296189075032
CG14567,0.0046129874,-0.13907711,0.9963193814512555,1.0,0.00023729296189075032
lncRNA:CR44582,0.0046129874,0.05748674,0.9963193814512555,1.0,0.00023729296189075032
CG31924,0.0046129874,0.04419531,0.9963193814512555,1.0,0.00023729296189075032
CG5084,0.0046129874,-0.0018836629,0.9963193814512555,1.0,0.00023729296189075032
LUBEL,0.004612252,-0.063688874,0.9963199682336307,1.0,0.00023729296189075032
eIF4E3,0.004611517,0.10087567,0.9963205550160077,1.0,0.00023729296189075032
Lip1,0.0046107816,-0.22430593,0.9963211417983867,1.0,0.00023729296189075032
asRNA:CR45892,0.004610046,-0.2973961,0.9963217285807678,1.0,0.00023729296189075032
asRNA:CR46089,0.0046093105,-0.35716367,0.9963223153631509,1.0,0.00023729296189075032
Nepl18,0.0046085753,-0.2980114,0.9963229021455359,1.0,0.00023729296189075032
asRNA:CR45623,0.0046078395,-0.5867145,0.9963234889279229,1.0,0.00023729296189075032
lncRNA:CR43945,0.004607104,-0.57610375,0.9963240757103119,1.0,0.00023729296189075032
pk,0.004164375,-0.2969105,0.9966773190578014,1.0,0.0038441459826301554
CG11406,0.004061047,-0.1041968,0.996759762161265,1.0,0.006644202932941009
Cortactin,0.003937127,-0.15876557,0.996858635252602,1.0,0.06573015044373784
CG34212,0.0036948028,0.6818884,0.9970519806938395,1.0,0.00018983436951260026
CG14856,0.0036948028,0.41390014,0.9970519806938395,1.0,0.00018983436951260026
lncRNA:CR43909,0.0036933317,0.16609675,0.997053154263067,1.0,0.00018983436951260026
lncRNA:CR44845,0.0036933317,0.41581687,0.997053154263067,1.0,0.00018983436951260026
CG31244,0.0036933317,0.30037642,0.997053154263067,1.0,0.00018983436951260026
CG10041,0.0036933317,0.33250454,0.997053154263067,1.0,0.00018983436951260026
CG33500,0.0036933317,0.19804123,0.997053154263067,1.0,0.00018983436951260026
lncRNA:CR33218,0.0036933317,0.2501192,0.997053154263067,1.0,0.00018983436951260026
lncRNA:CR44552,0.0036925965,0.22164647,0.997053741047683,1.0,0.00018983436951260026
lncRNA:CR43874,0.0036925965,0.23849012,0.997053741047683,1.0,0.00018983436951260026
asRNA:CR45518,0.0036925965,0.20277946,0.997053741047683,1.0,0.00018983436951260026
CG15461,0.003691861,0.20069918,0.9970543278323006,1.0,0.00018983436951260026
Obp57b,0.003691861,0.14586547,0.9970543278323006,1.0,0.00018983436951260026
CG14258,0.003691861,0.17943308,0.9970543278323006,1.0,0.00018983436951260026
CG17104,0.003691861,-0.08903266,0.9970543278323006,1.0,0.00018983436951260026
CG13086,0.0036911254,-0.012272612,0.99705491461692,1.0,0.00018983436951260026
lncRNA:CR46061,0.0036911254,-0.0032503963,0.99705491461692,1.0,0.00018983436951260026
asRNA:CR45818,0.0036911254,-0.072109215,0.99705491461692,1.0,0.00018983436951260026
CG5418,0.0036903901,-0.0656973,0.9970555014015408,1.0,0.00018983436951260026
CG5561,0.0036903901,-0.09890047,0.9970555014015408,1.0,0.00018983436951260026
CG43072,0.0036903901,-0.32187423,0.9970555014015408,1.0,0.00018983436951260026
Rpn12R,0.0036896546,-0.27231437,0.9970560881861632,1.0,0.00018983436951260026
CG30325,0.0036889191,-0.13396862,0.9970566749707873,1.0,0.00018983436951260026
asRNA:CR45969,0.0036889191,-0.5437536,0.9970566749707873,1.0,0.00018983436951260026
CG31087,0.0036881838,-0.40153167,0.9970572617554129,1.0,0.00018983436951260026
CG3108,0.0036881838,-0.29432157,0.9970572617554129,1.0,0.00018983436951260026
CG32371,0.0036874483,-0.8688273,0.9970578485400401,1.0,0.00018983436951260026
Cyp4c3,0.0036874483,-0.38444984,0.9970578485400401,1.0,0.00018983436951260026
CG30047,0.003686713,-0.6636261,0.997058435324669,1.0,0.00018983436951260026
CG34026,0.0036859775,-0.60072595,0.9970590221092994,1.0,0.00018983436951260026
GstD2,0.003419384,-0.2758448,0.9972717316401015,1.0,0.0013762991789663518
Uros2,0.0033311322,0.15091385,0.9973421458730697,1.0,0.0005695031085378008
CG17994,0.0033215717,-0.05425677,0.9973497740828938,1.0,0.0005695031085378008
lncRNA:CR45985,0.0033127465,-0.17931724,0.9973568155075618,1.0,0.0005695031085378008
CG7460,0.0033105402,-0.21142535,0.997358575863761,1.0,0.0005695031085378008
lncRNA:CR44103,0.0033068631,-0.21260662,0.9973615097907882,1.0,0.0005695031085378008
asRNA:CR44065,0.0033061276,-0.30151448,0.997362096576198,1.0,0.0005695031085378008
CG6220,0.003303186,-0.35266703,0.9973644437178512,1.0,0.0005695031085378008
Dci,0.0032351587,-0.08801204,0.9974187213749008,1.0,0.01428503630582317
Uxs,0.0029766548,-0.18520963,0.9976249765784938,1.0,0.027051397655545536
lncRNA:CR45030,0.0029343676,-0.21621472,0.9976587167766288,1.0,0.0009491718475630013
CG3862,0.0029178204,-0.14455383,0.9976719194639985,1.0,0.038583835603436
CG14615,0.0028961252,-0.34552968,0.9976892296550707,1.0,0.0009491718475630013
sut1,0.002870385,-0.48892274,0.9977097671713121,1.0,0.0009491718475630013
lncRNA:CR45387,0.002772205,1.1951768,0.9977881031399335,1.0,0.0001423757771344502
CG7091,0.002772205,0.93086356,0.9977881031399335,1.0,0.0001423757771344502
ouib,0.002772205,0.9262428,0.9977881031399335,1.0,0.0001423757771344502
lncRNA:CR44676,0.002772205,0.5855243,0.9977881031399335,1.0,0.0001423757771344502
CG31268,0.0027714698,0.5438944,0.9977886899262967,1.0,0.0001423757771344502
Tsp42Eh,0.0027714698,0.74132913,0.9977886899262967,1.0,0.0001423757771344502
lncRNA:CR44948,0.0027707343,0.44678417,0.997789276712661,1.0,0.0001423757771344502
CG13786,0.002769999,-0.100055344,0.9977898634990267,1.0,0.0001423757771344502
lncRNA:CR44236,0.002769999,0.46733505,0.9977898634990267,1.0,0.0001423757771344502
CG14598,0.002769999,0.35584766,0.9977898634990267,1.0,0.0001423757771344502
CG32718,0.002769999,0.20703825,0.9977898634990267,1.0,0.0001423757771344502
shu,0.002769999,0.39039552,0.9977898634990267,1.0,0.0001423757771344502
CG43315,0.002769999,0.29093274,0.9977898634990267,1.0,0.0001423757771344502
Twdlbeta,0.002769999,0.7798593,0.9977898634990267,1.0,0.0001423757771344502
CG33127,0.0027692635,0.07414676,0.9977904502853935,1.0,0.0001423757771344502
lncRNA:CR43761,0.0027692635,0.14177257,0.9977904502853935,1.0,0.0001423757771344502
CG14052,0.0027692635,0.1439505,0.9977904502853935,1.0,0.0001423757771344502
antr,0.0027692635,0.34178314,0.9977904502853935,1.0,0.0001423757771344502
CG14325,0.0027692635,0.2410662,0.9977904502853935,1.0,0.0001423757771344502
CG15876,0.0027692635,0.4240556,0.9977904502853935,1.0,0.0001423757771344502
lncRNA:CR46085,0.0027692635,-0.04991151,0.9977904502853935,1.0,0.0001423757771344502
lncRNA:CR44581,0.0027692635,0.22260343,0.9977904502853935,1.0,0.0001423757771344502
Jon99Cii,0.002768528,-0.056283176,0.9977910370717614,1.0,0.0001423757771344502
hh,0.002768528,-0.11619556,0.9977910370717614,1.0,0.0001423757771344502
gwl,0.002768528,0.09577721,0.9977910370717614,1.0,0.0001423757771344502
TwdlD,0.002768528,0.3074965,0.9977910370717614,1.0,0.0001423757771344502
CG6602,0.002768528,0.13509661,0.9977910370717614,1.0,0.0001423757771344502
Ser8,0.002768528,-0.20828275,0.9977910370717614,1.0,0.0001423757771344502
scaRNA:PsiU2-38.40.42,0.002768528,-0.16117172,0.9977910370717614,1.0,0.0001423757771344502
Est-P,0.002768528,0.27296504,0.9977910370717614,1.0,0.0001423757771344502
CG13065,0.002768528,0.18695512,0.9977910370717614,1.0,0.0001423757771344502
asRNA:CR46069,0.002768528,0.24788898,0.9977910370717614,1.0,0.0001423757771344502
spdt,0.002768528,0.13722126,0.9977910370717614,1.0,0.0001423757771344502
CG14644,0.0027677927,0.10119843,0.9977916238581306,1.0,0.0001423757771344502
CG44250,0.0027677927,-0.20740378,0.9977916238581306,1.0,0.0001423757771344502
CG31787,0.0027677927,-0.04915586,0.9977916238581306,1.0,0.0001423757771344502
CG13177,0.0027677927,-0.30544883,0.9977916238581306,1.0,0.0001423757771344502
lncRNA:CR45378,0.0027677927,-0.109418586,0.9977916238581306,1.0,0.0001423757771344502
asRNA:CR46138,0.0027677927,-0.3342728,0.9977916238581306,1.0,0.0001423757771344502
Mst89B,0.0027677927,-0.05261867,0.9977916238581306,1.0,0.0001423757771344502
CG15120,0.0027677927,0.15933912,0.9977916238581306,1.0,0.0001423757771344502
alpha-Est2,0.0027670572,-0.3316995,0.997792210644501,1.0,0.0001423757771344502
lncRNA:CR45833,0.0027670572,-0.3877572,0.997792210644501,1.0,0.0001423757771344502
rho-6,0.0027670572,-0.6598148,0.997792210644501,1.0,0.0001423757771344502
CG7142,0.0027670572,-0.21740012,0.997792210644501,1.0,0.0001423757771344502
lncRNA:CR45575,0.0027670572,-0.570618,0.997792210644501,1.0,0.0001423757771344502
CG8642,0.0027670572,-0.29450583,0.997792210644501,1.0,0.0001423757771344502
asRNA:CR43637,0.0027670572,-0.5206141,0.997792210644501,1.0,0.0001423757771344502
lncRNA:CR44149,0.0027670572,-0.22703376,0.997792210644501,1.0,0.0001423757771344502
CG8960,0.0027670572,-0.14173457,0.997792210644501,1.0,0.0001423757771344502
CG42792,0.0027663216,-0.31675932,0.9977927974308726,1.0,0.0001423757771344502
Spn88Eb,0.0027663216,-0.29834977,0.9977927974308726,1.0,0.0001423757771344502
CG10934,0.0027663216,-0.13765827,0.9977927974308726,1.0,0.0001423757771344502
lncRNA:CR43792,0.0027663216,-0.51268107,0.9977927974308726,1.0,0.0001423757771344502
CG45105,0.0027663216,-0.5206287,0.9977927974308726,1.0,0.0001423757771344502
CG15531,0.0027663216,-0.4983556,0.9977927974308726,1.0,0.0001423757771344502
asRNA:CR45485,0.0027655864,-0.75504404,0.9977933842172454,1.0,0.0001423757771344502
CG12995,0.0027655864,-0.75985354,0.9977933842172454,1.0,0.0001423757771344502
moat,0.0027655864,-0.43273044,0.9977933842172454,1.0,0.0001423757771344502
lncRNA:CR44957,0.0027655864,-0.78964126,0.9977933842172454,1.0,0.0001423757771344502
Cpr31A,0.0027655864,-0.95431364,0.9977933842172454,1.0,0.0001423757771344502
Cubn2,0.0027655864,-0.66728425,0.9977933842172454,1.0,0.0001423757771344502
Cpr97Ea,0.0027655864,-0.8328666,0.9977933842172454,1.0,0.0001423757771344502
pon,0.0027655864,-0.37654445,0.9977933842172454,1.0,0.0001423757771344502
CG34041,0.0024089024,0.091982335,0.9980779757426563,1.0,0.0005220445161596507
CG12853,0.002392723,-0.2544302,0.9980908850550343,1.0,0.0005220445161596507
Prx6b,0.0023736018,-0.4710429,0.9981061415157614,1.0,0.0005220445161596507
UK114,0.0022625518,-0.4084568,0.9981947463588805,1.0,0.005837406862512458
Tes,0.002218426,-0.23916572,0.9982299535875534,1.0,0.008637463812823312
ec,0.0019977968,-0.27401495,0.9984059897812432,1.0,0.0009017132551848512
CG13066,0.0018474014,0.8513824,0.9985259878316028,1.0,9.491718475630013e-05
CG15594,0.0018474014,0.5317296,0.9985259878316028,1.0,9.491718475630013e-05
snoRNA:Psi28S-2876,0.0018474014,0.7442786,0.9985259878316028,1.0,9.491718475630013e-05
CG34299,0.0018474014,0.7584674,0.9985259878316028,1.0,9.491718475630013e-05
asRNA:CR44375,0.0018474014,0.61240965,0.9985259878316028,1.0,9.491718475630013e-05
Cyp318a1,0.0018474014,1.1689465,0.9985259878316028,1.0,9.491718475630013e-05
CG33795,0.0018474014,0.8532879,0.9985259878316028,1.0,9.491718475630013e-05
Obp56i,0.0018474014,1.0016583,0.9985259878316028,1.0,9.491718475630013e-05
Muc68Ca,0.0018474014,1.3191177,0.9985259878316028,1.0,9.491718475630013e-05
GstD5,0.0018466659,0.80725926,0.9985265746192192,1.0,9.491718475630013e-05
CG11409,0.0018466659,0.92087054,0.9985265746192192,1.0,9.491718475630013e-05
lncRNA:CR43853,0.0018466659,0.738866,0.9985265746192192,1.0,9.491718475630013e-05
asRNA:CR44704,0.0018466659,0.76988256,0.9985265746192192,1.0,9.491718475630013e-05
CG3927,0.0018466659,0.9392235,0.9985265746192192,1.0,9.491718475630013e-05
CG13324,0.0018466659,0.19736479,0.9985265746192192,1.0,9.491718475630013e-05
CG31668,0.0018466659,0.28644514,0.9985265746192192,1.0,9.491718475630013e-05
mt:tRNA:Cys-GCA,0.0018466659,0.6847247,0.9985265746192192,1.0,9.491718475630013e-05
CG34054,0.0018459305,-0.14396733,0.9985271614068365,1.0,9.491718475630013e-05
Takl1,0.0018459305,0.1505634,0.9985271614068365,1.0,9.491718475630013e-05
CG10912,0.0018459305,-0.36403078,0.9985271614068365,1.0,9.491718475630013e-05
CG18537,0.0018459305,-0.30844945,0.9985271614068365,1.0,9.491718475630013e-05
Alms1b,0.0018459305,0.32282686,0.9985271614068365,1.0,9.491718475630013e-05
Or9a,0.0018459305,-0.016935868,0.9985271614068365,1.0,9.491718475630013e-05
lncRNA:CR44260,0.0018459305,-0.012538405,0.9985271614068365,1.0,9.491718475630013e-05
cad,0.0018459305,0.23247142,0.9985271614068365,1.0,9.491718475630013e-05
lncRNA:CR44473,0.0018459305,0.24989617,0.9985271614068365,1.0,9.491718475630013e-05
CG10505,0.0018459305,-0.29923156,0.9985271614068365,1.0,9.491718475630013e-05
lncRNA:CR43410,0.0018459305,0.22854394,0.9985271614068365,1.0,9.491718475630013e-05
alpha-Est5,0.0018459305,0.040984526,0.9985271614068365,1.0,9.491718475630013e-05
lncRNA:CR43279,0.0018459305,0.41990098,0.9985271614068365,1.0,9.491718475630013e-05
E(spl)mdelta-HLH,0.0018459305,0.034867726,0.9985271614068365,1.0,9.491718475630013e-05
ppk,0.0018459305,-0.038183577,0.9985271614068365,1.0,9.491718475630013e-05
CG43185,0.0018459305,-0.20846264,0.9985271614068365,1.0,9.491718475630013e-05
lncRNA:CR46030,0.0018459305,0.3116553,0.9985271614068365,1.0,9.491718475630013e-05
CG8252,0.0018459305,-0.08391269,0.9985271614068365,1.0,9.491718475630013e-05
AttD,0.0018459305,0.33723107,0.9985271614068365,1.0,9.491718475630013e-05
lncRNA:CR45984,0.0018459305,0.07260913,0.9985271614068365,1.0,9.491718475630013e-05
snoRNA:Psi18S-525a,0.0018459305,-0.16606364,0.9985271614068365,1.0,9.491718475630013e-05
FDY,0.0018459305,0.33983067,0.9985271614068365,1.0,9.491718475630013e-05
CG15125,0.0018459305,-0.002424014,0.9985271614068365,1.0,9.491718475630013e-05
CG42523,0.0018459305,-0.05763172,0.9985271614068365,1.0,9.491718475630013e-05
CG15878,0.0018459305,-0.22765231,0.9985271614068365,1.0,9.491718475630013e-05
CG43814,0.0018459305,0.23573953,0.9985271614068365,1.0,9.491718475630013e-05
lncRNA:CR46008,0.0018451951,-0.033220332,0.9985277481944546,1.0,9.491718475630013e-05
CG4650,0.0018451951,-0.24443938,0.9985277481944546,1.0,9.491718475630013e-05
CG40198,0.0018451951,-0.50319767,0.9985277481944546,1.0,9.491718475630013e-05
CG42753,0.0018451951,-0.18603313,0.9985277481944546,1.0,9.491718475630013e-05
Tsp33B,0.0018451951,-0.35397243,0.9985277481944546,1.0,9.491718475630013e-05
LManVI,0.0018451951,-0.52062935,0.9985277481944546,1.0,9.491718475630013e-05
CG43106,0.0018451951,-0.4155049,0.9985277481944546,1.0,9.491718475630013e-05
CG6059,0.0018451951,-0.044525467,0.9985277481944546,1.0,9.491718475630013e-05
CG5731,0.0018451951,-0.64714766,0.9985277481944546,1.0,9.491718475630013e-05
Fa2h,0.0018451951,-0.60055363,0.9985277481944546,1.0,9.491718475630013e-05
CG12609,0.0018451951,-0.22707008,0.9985277481944546,1.0,9.491718475630013e-05
Ir51b,0.0018451951,0.016053133,0.9985277481944546,1.0,9.491718475630013e-05
CG7333,0.0018451951,-0.6217905,0.9985277481944546,1.0,9.491718475630013e-05
CG13545,0.0018451951,-0.15712143,0.9985277481944546,1.0,9.491718475630013e-05
upd3,0.0018451951,-0.10255391,0.9985277481944546,1.0,9.491718475630013e-05
CG12974,0.0018451951,-0.33705944,0.9985277481944546,1.0,9.491718475630013e-05
esg,0.0018451951,-0.5787819,0.9985277481944546,1.0,9.491718475630013e-05
lncRNA:CR44377,0.0018451951,0.0072729765,0.9985277481944546,1.0,9.491718475630013e-05
CG30398,0.0018451951,-0.2694425,0.9985277481944546,1.0,9.491718475630013e-05
CG43124,0.0018451951,-0.19921683,0.9985277481944546,1.0,9.491718475630013e-05
CG42716,0.0018444596,-0.6425633,0.9985283349820734,1.0,9.491718475630013e-05
Obp19a,0.0018444596,-0.8431662,0.9985283349820734,1.0,9.491718475630013e-05
CG6614,0.0018444596,-1.2338811,0.9985283349820734,1.0,9.491718475630013e-05
Acsx4,0.0018444596,-1.0409529,0.9985283349820734,1.0,9.491718475630013e-05
asRNA:CR45974,0.0018444596,-0.5953287,0.9985283349820734,1.0,9.491718475630013e-05
snoRNA:Psi18S-640c,0.0018444596,-0.2995732,0.9985283349820734,1.0,9.491718475630013e-05
CG33269,0.0018444596,-0.7991311,0.9985283349820734,1.0,9.491718475630013e-05
CG30178,0.0018444596,-0.13258547,0.9985283349820734,1.0,9.491718475630013e-05
asRNA:CR46134,0.0018444596,-1.1903367,0.9985283349820734,1.0,9.491718475630013e-05
Ts,0.0018444596,-0.9010817,0.9985283349820734,1.0,9.491718475630013e-05
CG43179,0.0018444596,-1.0471231,0.9985283349820734,1.0,9.491718475630013e-05
CG32235,0.0018444596,-0.49547297,0.9985283349820734,1.0,9.491718475630013e-05
lncRNA:CR45541,0.0018444596,-0.1501489,0.9985283349820734,1.0,9.491718475630013e-05
CG14626,0.0018444596,-0.36651054,0.9985283349820734,1.0,9.491718475630013e-05
CG34206,0.0018444596,-0.7801131,0.9985283349820734,1.0,9.491718475630013e-05
Bfc,0.0018444596,-0.9457606,0.9985283349820734,1.0,9.491718475630013e-05
lncRNA:CR43992,0.0018444596,-0.7719666,0.9985283349820734,1.0,9.491718475630013e-05
lcs,0.0018444596,-0.17384082,0.9985283349820734,1.0,9.491718475630013e-05
lncRNA:CR43420,0.0018444596,-0.667576,0.9985283349820734,1.0,9.491718475630013e-05
Chd3,0.0018444596,-0.5487374,0.9985283349820734,1.0,9.491718475630013e-05
lncRNA:CR45393,0.0018444596,-1.2289282,0.9985283349820734,1.0,9.491718475630013e-05
CG1571,0.0018444596,-1.0597436,0.9985283349820734,1.0,9.491718475630013e-05
CG30026,0.0018444596,-0.22165029,0.9985283349820734,1.0,9.491718475630013e-05
lncRNA:CR44772,0.0018444596,-0.9301544,0.9985283349820734,1.0,9.491718475630013e-05
Mov10,0.0018444596,-0.94338435,0.9985283349820734,1.0,9.491718475630013e-05
lncRNA:CR43452,0.0018444596,-0.9059296,0.9985283349820734,1.0,9.491718475630013e-05
CG33308,0.0018444596,-0.44945985,0.9985283349820734,1.0,9.491718475630013e-05
CG32182,0.0018444596,-0.5678873,0.9985283349820734,1.0,9.491718475630013e-05
Hdc,0.0018198227,-0.026496854,0.9985479923677625,1.0,0.0020881780646386026
MFS10,0.0016543509,-0.26707366,0.9986800196073262,1.0,0.0020881780646386026
TwdlE,0.0016411131,-0.16148388,0.9986905817881006,1.0,0.0012813819942100518
Cht5,0.0014822601,0.055538114,0.998817327974761,1.0,0.00047458592378150065
CG18636,0.0014712287,-0.19662033,0.9988261297944242,1.0,0.00047458592378150065
snoRNA:lola-a,0.0014425468,-0.9481441,0.9988490145262142,1.0,0.00047458592378150065
asRNA:CR43425,0.0013844479,-0.14721802,0.9988953707806707,1.0,0.020264818945470078
Caf1-180,0.0010979977,-0.20002088,0.9991239247702965,1.0,0.0008542546628067012
Ndc1,0.0010910111,-0.14270164,0.9991294992588226,1.0,0.004461107683546106
pre-mod(mdg4)-E,0.00092333293,0.62123257,0.9992632869955698,1.0,4.7458592378150065e-05
lncRNA:CR44670,0.00092333293,0.7296159,0.9992632869955698,1.0,4.7458592378150065e-05
CG44037,0.00092333293,1.3658378,0.9992632869955698,1.0,4.7458592378150065e-05
lncRNA:CR45791,0.00092333293,0.18778189,0.9992632869955698,1.0,4.7458592378150065e-05
CG31559,0.00092333293,0.38208684,0.9992632869955698,1.0,4.7458592378150065e-05
lncRNA:CR45276,0.00092333293,0.2589203,0.9992632869955698,1.0,4.7458592378150065e-05
CG31219,0.00092333293,0.2757771,0.9992632869955698,1.0,4.7458592378150065e-05
lncRNA:CR44073,0.00092333293,0.8335177,0.9992632869955698,1.0,4.7458592378150065e-05
lncRNA:CR45681,0.00092333293,0.49186033,0.9992632869955698,1.0,4.7458592378150065e-05
asRNA:CR46195,0.00092333293,0.94416225,0.9992632869955698,1.0,4.7458592378150065e-05
CG13983,0.00092333293,0.24077839,0.9992632869955698,1.0,4.7458592378150065e-05
yip7,0.00092333293,0.35877034,0.9992632869955698,1.0,4.7458592378150065e-05
CG15142,0.00092333293,0.7145258,0.9992632869955698,1.0,4.7458592378150065e-05
Sfp78E,0.00092333293,0.9949523,0.9992632869955698,1.0,4.7458592378150065e-05
Ccp84Ag,0.00092333293,0.75232327,0.9992632869955698,1.0,4.7458592378150065e-05
lncRNA:CR44344,0.00092333293,0.94390285,0.9992632869955698,1.0,4.7458592378150065e-05
CG5681,0.00092333293,0.3358209,0.9992632869955698,1.0,4.7458592378150065e-05
Mco3,0.00092333293,0.21706612,0.9992632869955698,1.0,4.7458592378150065e-05
lncRNA:CR45117,0.00092333293,0.2050603,0.9992632869955698,1.0,4.7458592378150065e-05
CG30339,0.00092333293,0.41421664,0.9992632869955698,1.0,4.7458592378150065e-05
lncRNA:CR45052,0.00092333293,0.68668646,0.9992632869955698,1.0,4.7458592378150065e-05
CG4763,0.00092333293,0.71540785,0.9992632869955698,1.0,4.7458592378150065e-05
CG31404,0.00092333293,0.8470507,0.9992632869955698,1.0,4.7458592378150065e-05
CG44569,0.00092333293,1.5077227,0.9992632869955698,1.0,4.7458592378150065e-05
CG12003,0.00092333293,1.7977723,0.9992632869955698,1.0,4.7458592378150065e-05
CG13946,0.00092333293,1.2971191,0.9992632869955698,1.0,4.7458592378150065e-05
CAH9,0.00092333293,0.19792353,0.9992632869955698,1.0,4.7458592378150065e-05
CG11550,0.00092333293,1.0289702,0.9992632869955698,1.0,4.7458592378150065e-05
CG11498,0.00092333293,0.3574719,0.9992632869955698,1.0,4.7458592378150065e-05
CG34284,0.00092333293,0.4126266,0.9992632869955698,1.0,4.7458592378150065e-05
asRNA:CR45686,0.00092333293,0.23543689,0.9992632869955698,1.0,4.7458592378150065e-05
COX7AL,0.00092333293,0.36410028,0.9992632869955698,1.0,4.7458592378150065e-05
yl,0.00092333293,0.2847268,0.9992632869955698,1.0,4.7458592378150065e-05
CG14932,0.00092333293,1.1638716,0.9992632869955698,1.0,4.7458592378150065e-05
lncRNA:CR44923,0.00092333293,1.2493123,0.9992632869955698,1.0,4.7458592378150065e-05
CG32148,0.00092333293,0.16269317,0.9992632869955698,1.0,4.7458592378150065e-05
FipoQ,0.00092333293,1.3297048,0.9992632869955698,1.0,4.7458592378150065e-05
lncRNA:CR45183,0.00092333293,0.79213494,0.9992632869955698,1.0,4.7458592378150065e-05
dib,0.00092333293,0.61708134,0.9992632869955698,1.0,4.7458592378150065e-05
CG11786,0.00092259754,0.0975468,0.9992638737839372,1.0,4.7458592378150065e-05
CG32984,0.00092259754,-0.6771993,0.9992638737839372,1.0,4.7458592378150065e-05
CatB,0.00092259754,-1.0584297,0.9992638737839372,1.0,4.7458592378150065e-05
BigH1,0.00092259754,-0.83610654,0.9992638737839372,1.0,4.7458592378150065e-05
CG44038,0.00092259754,-0.25914392,0.9992638737839372,1.0,4.7458592378150065e-05
mir-4974,0.00092259754,-0.5709932,0.9992638737839372,1.0,4.7458592378150065e-05
lncRNA:CR44530,0.00092259754,-0.72568744,0.9992638737839372,1.0,4.7458592378150065e-05
CG14963,0.00092259754,-0.20274527,0.9992638737839372,1.0,4.7458592378150065e-05
Edg91,0.00092259754,-0.4524385,0.9992638737839372,1.0,4.7458592378150065e-05
SteXh:CG42398,0.00092259754,-0.34932718,0.9992638737839372,1.0,4.7458592378150065e-05
Mur82C,0.00092259754,0.12281398,0.9992638737839372,1.0,4.7458592378150065e-05
lncRNA:CR44274,0.00092259754,-0.9734818,0.9992638737839372,1.0,4.7458592378150065e-05
mir-4976,0.00092259754,-0.3398774,0.9992638737839372,1.0,4.7458592378150065e-05
CG42816,0.00092259754,-0.7328245,0.9992638737839372,1.0,4.7458592378150065e-05
lncRNA:CR44209,0.00092259754,-0.10370649,0.9992638737839372,1.0,4.7458592378150065e-05
CG43919,0.00092259754,-0.91643655,0.9992638737839372,1.0,4.7458592378150065e-05
lncRNA:CR43839,0.00092259754,-0.25039363,0.9992638737839372,1.0,4.7458592378150065e-05
asRNA:CR45330,0.00092259754,-1.2150823,0.9992638737839372,1.0,4.7458592378150065e-05
CG14054,0.00092259754,-1.138617,0.9992638737839372,1.0,4.7458592378150065e-05
Sgs7,0.00092259754,-0.21214047,0.9992638737839372,1.0,4.7458592378150065e-05
CG12831,0.00092259754,0.011429235,0.9992638737839372,1.0,4.7458592378150065e-05
snoRNA:Psi28S-1135c,0.00092259754,-0.6293892,0.9992638737839372,1.0,4.7458592378150065e-05
RabX2,0.00092259754,-0.538207,0.9992638737839372,1.0,4.7458592378150065e-05
CG10164,0.00092259754,-1.0912769,0.9992638737839372,1.0,4.7458592378150065e-05
lncRNA:CR44677,0.00092259754,-0.20904988,0.9992638737839372,1.0,4.7458592378150065e-05
asRNA:CR44115,0.00092259754,0.012659846,0.9992638737839372,1.0,4.7458592378150065e-05
CG31809,0.00092259754,-0.32577085,0.9992638737839372,1.0,4.7458592378150065e-05
lncRNA:CR44151,0.00092259754,-0.3783722,0.9992638737839372,1.0,4.7458592378150065e-05
CG11044,0.00092259754,-1.1079991,0.9992638737839372,1.0,4.7458592378150065e-05
lncRNA:CR43793,0.00092259754,0.1180836,0.9992638737839372,1.0,4.7458592378150065e-05
CG13872,0.00092259754,-0.06335356,0.9992638737839372,1.0,4.7458592378150065e-05
CG4213,0.00092259754,-0.7090285,0.9992638737839372,1.0,4.7458592378150065e-05
sand,0.00092259754,-0.68227345,0.9992638737839372,1.0,4.7458592378150065e-05
spirit,0.00092259754,-2.111443,0.9992638737839372,1.0,4.7458592378150065e-05
CG34202,0.00092259754,0.0358955,0.9992638737839372,1.0,4.7458592378150065e-05
nesd,0.00070564554,-0.1293648,0.9994369763683567,1.0,0.0012339234018319016
CG13898,0.0006894661,-0.18041705,0.999449885714798,1.0,0.0012339234018319016
betaTub85D,0.0005890798,-0.11724298,0.999529982344669,1.0,0.003227184281714204
lncRNA:CR46023,0.0005791515,0.42176157,0.9995379039896521,1.0,0.0004271273314033506
cGlr1,0.00057253265,0.35134023,0.9995431850863329,1.0,0.0004271273314033506
dmrt11E,0.00056812004,0.13593322,0.9995467058174645,1.0,0.0004271273314033506
CG11617,0.00055782404,0.0216461,0.9995549208568059,1.0,0.0004271273314033506
lncRNA:CR44186,0.0005548823,-0.20349212,0.9995572680109122,1.0,0.0004271273314033506
lncRNA:CR46250,0.000552676,-0.1537598,0.9995590283764944,1.0,0.0004271273314033506
CG10252,0.0005512051,-0.2352547,0.9995602019535503,1.0,0.0004271273314033506
snoRNA:CD20,0.0005497343,-0.28506088,0.9995613755306072,1.0,0.0004271273314033506
Dmel_CR43428,0.0005467926,-0.2757088,0.9995637226847239,1.0,0.0004271273314033506
lncRNA:CR44620,0.0005453217,-0.42537284,0.9995648962617837,1.0,0.0004271273314033506
Cdc45,0.00033719488,-0.18867989,0.9997309574240334,1.0,0.025580181291822886
Pi4KIIalpha,0.0002316606,-0.12517206,0.9998151615871812,1.0,0.05106544539888947
CG9380,0.00017392931,-0.0490003,0.9998612244926912,1.0,0.000806796070428551
Ctns,0.00016804587,-0.20076604,0.9998659188015616,1.0,0.000806796070428551
lncRNA:CR45048,0.00015407268,-0.34549558,0.999877067785147,1.0,0.000806796070428551
CG13362,0.0,0.0,1.0,1.0,0.0
Cyp4aa1,0.0,0.0,1.0,1.0,0.0
Ir10a,0.0,0.0,1.0,1.0,0.0
CG33784,0.0,0.0,1.0,1.0,0.0
CG15649,0.0,0.0,1.0,1.0,0.0
lncRNA:CR43766,0.0,0.0,1.0,1.0,0.0
CG30395,0.0,0.0,1.0,1.0,0.0
CG13023,0.0,0.0,1.0,1.0,0.0
CG5715,0.0,0.0,1.0,1.0,0.0
CG45078,0.0,0.0,1.0,1.0,0.0
alphaTry,0.0,0.0,1.0,1.0,0.0
mAChR-C,0.0,0.0,1.0,1.0,0.0
CG42714,0.0,0.0,1.0,1.0,0.0
Jon65Aiii,0.0,0.0,1.0,1.0,0.0
Jon65Aiv,0.0,0.0,1.0,1.0,0.0
CG10910,0.0,0.0,1.0,1.0,0.0
lncRNA:CR44633,0.0,0.0,1.0,1.0,0.0
lncRNA:CR45695,0.0,0.0,1.0,1.0,0.0
CG18540,0.0,0.0,1.0,1.0,0.0
rod,-2.2062914e-06,-0.17908567,0.9999982396341479,1.0,0.0036068530207394047
CG4666,-0.00018716705,-0.14273515,0.9998506622977508,1.0,0.0011864648094537516
lncRNA:CR43654,-0.0002585038,-0.38111973,0.999793743803291,1.0,0.0019932608798823026
Achl,-0.00027836044,-0.2687317,0.999777900511193,1.0,0.004840776422571307
MED14,-0.00032175082,-0.18782736,0.9997432799843293,1.0,0.04090930662996536
CG13231,-0.00035852235,0.1875101,0.9997139405551595,1.0,0.0003796687390252005
CG30062,-0.00035925777,0.13317086,0.99971335376658,1.0,0.0003796687390252005
GNBP1,-0.00036072865,0.0782333,0.9997121801894212,1.0,0.0003796687390252005
CG33468,-0.00036587665,-0.11651322,0.9997080726693707,1.0,0.0003796687390252005
asRNA:CR43979,-0.00036881838,-0.16767268,0.9997057255150597,1.0,0.0003796687390252005
CG15909,-0.0007170447,0.06335658,0.9994278811470887,1.0,0.000759337478050401
CG33137,-0.0007288116,-0.053948794,0.9994184925316641,1.0,0.000759337478050401
CG43366,-0.0007508745,-0.17593582,0.9994008888779612,1.0,0.000759337478050401
CG17919,-0.000761906,-0.3215909,0.9993920870512185,1.0,0.000759337478050401
pre-lola-G,-0.0008417002,-0.25516164,0.9993284205067158,1.0,0.016230838593327322
CG17030,-0.0009836382,-0.17642544,0.9992151703508249,1.0,0.004366190498789806
lncRNA:CR44718,-0.0011410203,-0.18637024,0.999089597657694,1.0,0.0011390062170756016
CG9372,-0.0011667605,-0.26913548,0.999069060069759,1.0,0.0011390062170756016
CG31898,-0.0011969131,-0.10533481,0.9990450017532494,1.0,0.004745859237815006
CG33267,-0.0012631018,-0.17250732,0.9989921908176449,1.0,0.017132551848512173
His1:CG33834,-0.0012778104,0.25628406,0.9989804550547686,1.0,0.00033221014664705045
CG18095,-0.001283694,0.16721053,0.9989757607496798,1.0,0.00033221014664705045
CG44259,-0.0012851647,0.052503377,0.9989745871734131,1.0,0.00033221014664705045
CG15109,-0.001292519,-0.30304596,0.998968719292113,1.0,0.00033221014664705045
CG13674,-0.0012932544,-0.47557798,0.9989681325039861,1.0,0.00033221014664705045
sti,-0.0012954607,-0.29299805,0.9989663721396086,1.0,0.00033221014664705045
Hsp60C,-0.0012969316,-0.40540734,0.9989651985633597,1.0,0.00033221014664705045
CG31041,-0.001299138,-0.46735504,0.9989634381989906,1.0,0.00033221014664705045
CG12824,-0.0012998733,-0.4162193,0.9989628514108687,1.0,0.00033221014664705045
CG18304,-0.0013006087,-0.43931514,0.9989622646227473,1.0,0.00033221014664705045
CG30357,-0.0015307985,-0.32571125,0.9987785999699674,1.0,0.0023254710265293533
CG31300,-0.0016186824,-0.306674,0.9987084788171576,1.0,0.0023254710265293533
vret,-0.0016653823,-0.18743053,0.9986712177901909,1.0,0.0007118788856722509
hkb,-0.0016815618,-0.20385857,0.9986583084586852,1.0,0.0007118788856722509
BomS5,-0.0016837681,-0.28293994,0.9986565480953251,1.0,0.0007118788856722509
Gr32a,-0.0020433937,-0.10745833,0.9983696089612373,1.0,0.0010915476246974515
tbrd-1,-0.002202982,0.46275204,0.9982422761184067,1.0,0.0002847515542689004
CG5267,-0.0022059237,0.11431087,0.9982399289696402,1.0,0.0002847515542689004
CG31008,-0.0022073945,0.15717714,0.9982387553952627,1.0,0.0002847515542689004
CG32461,-0.0022073945,-0.018665118,0.9982387553952627,1.0,0.0002847515542689004
lncRNA:CR45877,-0.0022088655,0.045809723,0.9982375818208891,1.0,0.0002847515542689004
lncRNA:CR44953,-0.0022088655,0.09523031,0.9982375818208891,1.0,0.0002847515542689004
CG13708,-0.002211807,-0.18168397,0.9982352346721532,1.0,0.0002847515542689004
asRNA:CR45812,-0.002213278,-0.32264918,0.998234061097791,1.0,0.0002847515542689004
Jon44E,-0.002213278,-0.1374606,0.998234061097791,1.0,0.0002847515542689004
Or94a,-0.002213278,-0.15561613,0.998234061097791,1.0,0.0002847515542689004
Lip3,-0.0022147489,-0.23417112,0.9982328875234326,1.0,0.0002847515542689004
CG7362,-0.0022154844,-0.44138137,0.9982323007362549,1.0,0.0002847515542689004
lncRNA:CR45564,-0.0022162197,-0.35147336,0.9982317139490781,1.0,0.0002847515542689004
snoRNA:Psi28S-3436a,-0.0022162197,-0.50026613,0.9982317139490781,1.0,0.0002847515542689004
asRNA:CR44205,-0.0022169552,-0.51517755,0.9982311271619022,1.0,0.0002847515542689004
lncRNA:CR43990,-0.0022169552,-0.2984811,0.9982311271619022,1.0,0.0002847515542689004
CG15020,-0.0022176907,-0.39536816,0.9982305403747274,1.0,0.0002847515542689004
CG17781,-0.0022176907,-0.43680435,0.9982305403747274,1.0,0.0002847515542689004
CG8086,-0.0023180768,-0.29688066,0.9981504439344698,1.0,0.004318731906411656
asRNA:CR43787,-0.0023548484,-0.18302085,0.9981211045836856,1.0,0.002278012434151203
CG14445,-0.002514069,-0.3443447,0.9979940652246144,1.0,0.001471216363722652
CG14118,-0.0025762129,-0.016837155,0.9979444817470492,1.0,0.0006644202932941009
lncRNA:CR46110,-0.0026034238,-0.34968454,0.9979227706410172,1.0,0.0006644202932941009
azot,-0.002612249,-0.4330613,0.9979157292015526,1.0,0.0006644202932941009
CG31861,-0.0029420897,-0.006894925,0.997652555522742,1.0,0.0010440890323193013
Rcd6,-0.0029847445,-0.23754157,0.9976185219323762,1.0,0.0010440890323193013
fzo,-0.0030568168,-0.631049,0.9975610169102568,1.0,0.0010440890323193013
lncRNA:CR43174,-0.0031303598,-0.10396333,0.997502338329319,1.0,0.00023729296189075032
CecA2,-0.0031318306,-0.045559045,0.997501164757837,1.0,0.00023729296189075032
Nazo,-0.003132566,-0.029938972,0.997500577972098,1.0,0.00023729296189075032
CG30046,-0.003132566,0.061082643,0.997500577972098,1.0,0.00023729296189075032
CG2898,-0.003134037,-0.15296355,0.997499404400624,1.0,0.00023729296189075032
lncRNA:CR44034,-0.003134037,-0.16462742,0.997499404400624,1.0,0.00023729296189075032
Or67a,-0.0031347724,-0.19342475,0.9974988176148891,1.0,0.00023729296189075032
lncRNA:flam,-0.0031347724,-0.25148278,0.9974988176148891,1.0,0.00023729296189075032
lncRNA:CR32773,-0.0031355077,-0.33290422,0.9974982308291556,1.0,0.00023729296189075032
lncRNA:CR45475,-0.0031355077,-0.42096588,0.9974982308291556,1.0,0.00023729296189075032
CG11825,-0.0031362432,-0.35541704,0.9974976440434233,1.0,0.00023729296189075032
CG8630,-0.0031369787,-0.40787145,0.9974970572576924,1.0,0.00023729296189075032
lncRNA:CR43821,-0.0031369787,-0.23653896,0.9974970572576924,1.0,0.00023729296189075032
lncRNA:CR44333,-0.003137714,-0.6091625,0.997496470471963,1.0,0.00023729296189075032
phr6-4,-0.003139185,-0.492745,0.997495296900508,1.0,0.00023729296189075032
lncRNA:CR44949,-0.0031399203,-0.5911915,0.9974947101147825,1.0,0.00023729296189075032
CG32195,-0.0033554016,-0.24671538,0.9973227819569167,1.0,0.015613876892411371
Cyp6g2,-0.003513519,-0.23362964,0.9971966231483695,1.0,0.0006169617009159508
up,-0.0035171963,-0.2165367,0.9971936892234111,1.0,0.0006169617009159508
yellow-b,-0.003522712,-0.3695087,0.9971892883360446,1.0,0.0006169617009159508
Targ1,-0.0035377883,-0.14167976,0.9971772592443461,1.0,0.024488633667125434
CycH,-0.0036782555,-0.15210532,0.9970651833480146,1.0,0.005030610792083907
CG7213,-0.0040518544,0.25333768,0.9967670969586356,1.0,0.00018983436951260026
ppk30,-0.004055531,-0.15798503,0.9967641630396545,1.0,0.00018983436951260026
CG34457,-0.004056267,-0.22383977,0.9967635762558635,1.0,0.00018983436951260026
lncRNA:CR46112,-0.004056267,-0.070260696,0.9967635762558635,1.0,0.00018983436951260026
Hesr,-0.0040570023,-0.45875022,0.9967629894720744,1.0,0.00018983436951260026
saturn,-0.0040570023,-0.48122323,0.9967629894720744,1.0,0.00018983436951260026
CG15172,-0.0040570023,-0.30141804,0.9967629894720744,1.0,0.00018983436951260026
Zip89B,-0.0040577375,-0.4141369,0.9967624026882869,1.0,0.00018983436951260026
lncRNA:CR44605,-0.0040577375,-0.23254357,0.9967624026882869,1.0,0.00018983436951260026
CG5386,-0.0040577375,-0.4376879,0.9967624026882869,1.0,0.00018983436951260026
lncRNA:CR43404,-0.0040577375,-0.23494045,0.9967624026882869,1.0,0.00018983436951260026
lncRNA:CR44660,-0.0040577375,-0.34373885,0.9967624026882869,1.0,0.00018983436951260026
Send2,-0.0040584733,-0.35035658,0.9967618159045012,1.0,0.00018983436951260026
CG17470,-0.0040584733,-0.27667016,0.9967618159045012,1.0,0.00018983436951260026
CG7255,-0.0040584733,-0.2658835,0.9967618159045012,1.0,0.00018983436951260026
Cyp313b1,-0.0040592086,-0.5245235,0.9967612291207173,1.0,0.00018983436951260026
CG12766,-0.0040592086,-0.5896308,0.9967612291207173,1.0,0.00018983436951260026
lncRNA:CR45973,-0.0040592086,-0.48677304,0.9967612291207173,1.0,0.00018983436951260026
qua,-0.0040592086,-0.5516334,0.9967612291207173,1.0,0.00018983436951260026
lncRNA:CR43495,-0.004060679,-0.6617392,0.9967600555531546,1.0,0.00018983436951260026
CG7264,-0.004061415,-0.57122403,0.9967594687693759,1.0,0.00018983436951260026
asRNA:CR45895,-0.004061415,-0.56700313,0.9967594687693759,1.0,0.00018983436951260026
CG1631,-0.0040628854,-1.0202334,0.9967582952018237,1.0,0.00018983436951260026
lncRNA:CR45463,-0.0040628854,-0.77068114,0.9967582952018237,1.0,0.00018983436951260026
lncRNA:CR46010,-0.0040628854,-0.91584706,0.9967582952018237,1.0,0.00018983436951260026
Cluap1,-0.0040628854,-0.83310294,0.9967582952018237,1.0,0.00018983436951260026
dtr,-0.004063621,-1.1005949,0.9967577084180503,1.0,0.00018983436951260026
Cpr66D,-0.004063621,-1.0568954,0.9967577084180503,1.0,0.00018983436951260026
CG8157,-0.004063621,-0.9102577,0.9967577084180503,1.0,0.00018983436951260026
asRNA:CR45275,-0.0044144215,0.010444475,0.996477812763775,1.0,0.0005695031085378008
asRNA:CR43809,-0.0044192015,-0.0062394603,0.9964739986749653,1.0,0.0005695031085378008
snoRNA:Psi28S-3305c,-0.0044339104,-0.28545937,0.9964622630175952,1.0,0.0005695031085378008
lncRNA:CR45290,-0.0047872844,-0.099173054,0.996180314085211,1.0,0.0009491718475630013
qjt,-0.0048041996,-0.21545443,0.9961668181022105,1.0,0.0009491718475630013
ATPsynCF6L,-0.004820379,-0.34533054,0.9961539089021059,1.0,0.004603483460680556
CG6652,-0.0048328815,-0.32839605,0.9961439336118052,1.0,0.0009491718475630013
M7BP,-0.004870756,-0.24859743,0.9961137143536973,1.0,0.013383323050638317
CG7102,-0.0049718777,-0.06857303,0.9960330318958878,1.0,0.002135636657016753
CG15546,-0.0049770256,0.003765194,0.9960289244263865,1.0,0.0001423757771344502
CG18088,-0.0049770256,-0.13126814,0.9960289244263865,1.0,0.0001423757771344502
asRNA:CR43723,-0.0049770256,-0.09870791,0.9960289244263865,1.0,0.0001423757771344502
pip,-0.0049770256,0.14635393,0.9960289244263865,1.0,0.0001423757771344502
CG42710,-0.0049770256,0.056420363,0.9960289244263865,1.0,0.0001423757771344502
CG13871,-0.0049777613,0.099908404,0.9960283376450377,1.0,0.0001423757771344502
AOX2,-0.0049777613,0.009360162,0.9960283376450377,1.0,0.0001423757771344502
CG32719,-0.0049777613,-0.20532832,0.9960283376450377,1.0,0.0001423757771344502
lncRNA:CR44068,-0.0049784966,-0.09849211,0.9960277508636911,1.0,0.0001423757771344502
Wnt2,-0.004979232,-0.328113,0.9960271640823467,1.0,0.0001423757771344502
asRNA:CR44030,-0.004979232,-0.21876734,0.9960271640823467,1.0,0.0001423757771344502
lncRNA:CR44564,-0.004979232,-0.3431311,0.9960271640823467,1.0,0.0001423757771344502
asRNA:CR45053,-0.004979232,-0.18864848,0.9960271640823467,1.0,0.0001423757771344502
CNT2,-0.004979232,-0.4082426,0.9960271640823467,1.0,0.0001423757771344502
CG9021,-0.004979232,-0.39107516,0.9960271640823467,1.0,0.0001423757771344502
CG8958,-0.0049799676,-0.35795692,0.9960265773010044,1.0,0.0001423757771344502
lncRNA:CR45898,-0.0049799676,-0.42018497,0.9960265773010044,1.0,0.0001423757771344502
lncRNA:CR42868,-0.0049799676,-0.46263716,0.9960265773010044,1.0,0.0001423757771344502
CG13193,-0.0049799676,-0.68059236,0.9960265773010044,1.0,0.0001423757771344502
lncRNA:CR45306,-0.0049799676,-0.27121726,0.9960265773010044,1.0,0.0001423757771344502
snoRNA:Psi28S-3316c,-0.0049799676,-0.2707289,0.9960265773010044,1.0,0.0001423757771344502
CG1324,-0.0049799676,-0.5408115,0.9960265773010044,1.0,0.0001423757771344502
CG43646,-0.004980703,-0.45382005,0.9960259905196642,1.0,0.0001423757771344502
asRNA:CR45264,-0.004980703,-0.5988773,0.9960259905196642,1.0,0.0001423757771344502
asRNA:CR45682,-0.004980703,-0.5958842,0.9960259905196642,1.0,0.0001423757771344502
lncRNA:CR45658,-0.004980703,-0.5001356,0.9960259905196642,1.0,0.0001423757771344502
CG42272,-0.004980703,-0.6580336,0.9960259905196642,1.0,0.0001423757771344502
CG8541,-0.004980703,-0.6533615,0.9960259905196642,1.0,0.0001423757771344502
NimA,-0.004981438,-0.61436,0.9960254037383263,1.0,0.0001423757771344502
CG17564,-0.004981438,-0.62352693,0.9960254037383263,1.0,0.0001423757771344502
Cpr97Eb,-0.004981438,-0.41415623,0.9960254037383263,1.0,0.0001423757771344502
CG15124,-0.004981438,-0.94860166,0.9960254037383263,1.0,0.0001423757771344502
asRNA:CR45968,-0.004981438,-0.62234,0.9960254037383263,1.0,0.0001423757771344502
CG10962,-0.004981438,-0.609052,0.9960254037383263,1.0,0.0001423757771344502
snoRNA:CG32479-b,-0.004981438,-0.5691717,0.9960254037383263,1.0,0.0001423757771344502
Mst33A,-0.004981438,-0.6289024,0.9960254037383263,1.0,0.0001423757771344502
CG32199,-0.004981438,-0.691415,0.9960254037383263,1.0,0.0001423757771344502
CG9497,-0.004981438,-0.7799693,0.9960254037383263,1.0,0.0001423757771344502
sphinx1,-0.004981438,-0.6140494,0.9960254037383263,1.0,0.0001423757771344502
Nepl6,-0.004981438,-0.5134066,0.9960254037383263,1.0,0.0001423757771344502
asRNA:CR45927,-0.004982174,-1.1259809,0.9960248169569904,1.0,0.0001423757771344502
mex1,-0.004982174,-0.9840472,0.9960248169569904,1.0,0.0001423757771344502
CG44438,-0.004982174,-0.83611673,0.9960248169569904,1.0,0.0001423757771344502
lncRNA:CR41257,-0.004982174,-0.7379441,0.9960248169569904,1.0,0.0001423757771344502
lncRNA:CR45811,-0.004982174,-0.67669725,0.9960248169569904,1.0,0.0001423757771344502
CG43137,-0.004982174,-0.73388463,0.9960248169569904,1.0,0.0001423757771344502
Or35a,-0.004982174,-1.0768499,0.9960248169569904,1.0,0.0001423757771344502
BG642312,-0.004982174,-0.8590349,0.9960248169569904,1.0,0.0001423757771344502
CG43110,-0.004982174,-1.0269879,0.9960248169569904,1.0,0.0001423757771344502
CG32236,-0.004982909,-0.73399127,0.9960242301756568,1.0,0.0001423757771344502
TbCMF46,-0.0049836445,-0.8624064,0.9960236433943251,1.0,0.0001423757771344502
CG42237,-0.0049836445,-1.1466751,0.9960236433943251,1.0,0.0001423757771344502
lncRNA:CR44161,-0.0049836445,-1.1527144,0.9960236433943251,1.0,0.0001423757771344502
tHMG2,-0.0049836445,-0.90064865,0.9960236433943251,1.0,0.0001423757771344502
lncRNA:CR45199,-0.0051178606,0.060727615,0.9959165558376512,1.0,0.0013288405865882018
lncRNA:CR44322,-0.0053469473,-0.15836291,0.9957337736858662,1.0,0.0005220445161596507
CG14837,-0.0053594494,-0.31464908,0.9957237984223012,1.0,0.0005220445161596507
CG43293,-0.005712456,-0.10875986,0.9954421442033549,1.0,0.0009017132551848512
nerfin-1,-0.005713192,-0.034853738,0.9954415574243127,1.0,0.0009017132551848512
CG11400,-0.0057521695,-0.23201548,0.9954104581386158,1.0,0.0033221014664705046
CG2150,-0.005899991,0.29891345,0.9952925156283222,1.0,9.491718475630013e-05
lncRNA:CR45125,-0.005899991,0.00769366,0.9952925156283222,1.0,9.491718475630013e-05
Sr-CII,-0.005900726,-0.27771315,0.995291928849919,1.0,9.491718475630013e-05
sens,-0.005900726,0.0155808795,0.995291928849919,1.0,9.491718475630013e-05
Sox100B,-0.005900726,0.2746549,0.995291928849919,1.0,9.491718475630013e-05
Obp22a,-0.005900726,0.061777283,0.995291928849919,1.0,9.491718475630013e-05
CG11382,-0.005900726,0.07090032,0.995291928849919,1.0,9.491718475630013e-05
CG8008,-0.005900726,-0.01848352,0.995291928849919,1.0,9.491718475630013e-05
lncRNA:CR44220,-0.005900726,0.32154,0.995291928849919,1.0,9.491718475630013e-05
CG34282,-0.005901462,-0.2984396,0.9952913420715184,1.0,9.491718475630013e-05
asRNA:CR45834,-0.005901462,0.13506435,0.9952913420715184,1.0,9.491718475630013e-05
spn-E,-0.005901462,-0.2837527,0.9952913420715184,1.0,9.491718475630013e-05
Loxl2,-0.005901462,0.21151675,0.9952913420715184,1.0,9.491718475630013e-05
CG7968,-0.005901462,-0.9814269,0.9952913420715184,1.0,9.491718475630013e-05
lncRNA:CR34052,-0.005901462,-0.066841505,0.9952913420715184,1.0,9.491718475630013e-05
lncRNA:CR44478,-0.005901462,0.20322004,0.9952913420715184,1.0,9.491718475630013e-05
asRNA:CR45133,-0.005901462,-0.22658555,0.9952913420715184,1.0,9.491718475630013e-05
lncRNA:CR45337,-0.005901462,-0.16687834,0.9952913420715184,1.0,9.491718475630013e-05
CG11656,-0.005901462,-0.039443776,0.9952913420715184,1.0,9.491718475630013e-05
lncRNA:CR46248,-0.005901462,-0.24675244,0.9952913420715184,1.0,9.491718475630013e-05
lncRNA:CR43606,-0.005902197,-0.29950243,0.9952907552931203,1.0,9.491718475630013e-05
lncRNA:CR46100,-0.005902197,-0.49434277,0.9952907552931203,1.0,9.491718475630013e-05
lncRNA:CR45650,-0.005902197,-0.45307848,0.9952907552931203,1.0,9.491718475630013e-05
Cpr78Cb,-0.005902197,-0.043642715,0.9952907552931203,1.0,9.491718475630013e-05
CG15773,-0.005902197,-0.37115443,0.9952907552931203,1.0,9.491718475630013e-05
lncRNA:CR43970,-0.005902197,-0.48459244,0.9952907552931203,1.0,9.491718475630013e-05
CG32686,-0.005902197,-0.4565455,0.9952907552931203,1.0,9.491718475630013e-05
CG14668,-0.005902197,-0.47313643,0.9952907552931203,1.0,9.491718475630013e-05
CG42682,-0.005902197,-0.63948685,0.9952907552931203,1.0,9.491718475630013e-05
lncRNA:CR44188,-0.005902197,-0.3771868,0.9952907552931203,1.0,9.491718475630013e-05
lncRNA:CR45314,-0.005902197,-0.043832265,0.9952907552931203,1.0,9.491718475630013e-05
CG9702,-0.005902197,-0.6446065,0.9952907552931203,1.0,9.491718475630013e-05
Spag1,-0.005902197,-0.2602889,0.9952907552931203,1.0,9.491718475630013e-05
CG10481,-0.005902197,-0.36557132,0.9952907552931203,1.0,9.491718475630013e-05
CG14854,-0.0059029325,-0.57703435,0.9952901685147247,1.0,9.491718475630013e-05
CG32086,-0.0059029325,-0.6205937,0.9952901685147247,1.0,9.491718475630013e-05
lncRNA:CR43455,-0.0059029325,-1.3137462,0.9952901685147247,1.0,9.491718475630013e-05
CG10764,-0.0059029325,-0.6033487,0.9952901685147247,1.0,9.491718475630013e-05
CG31810,-0.0059029325,-0.32231164,0.9952901685147247,1.0,9.491718475630013e-05
Acp33A,-0.0059029325,-0.83864146,0.9952901685147247,1.0,9.491718475630013e-05
Andorra,-0.0059029325,-0.59650654,0.9952901685147247,1.0,9.491718475630013e-05
Ser,-0.0059029325,-0.78468585,0.9952901685147247,1.0,9.491718475630013e-05
snoRNA:Psi28S-2566,-0.0059029325,-0.90637416,0.9952901685147247,1.0,9.491718475630013e-05
TwdlM,-0.0059029325,-0.3781627,0.9952901685147247,1.0,9.491718475630013e-05
snoRNA:Psi18S-525j,-0.0059029325,-0.57782847,0.9952901685147247,1.0,9.491718475630013e-05
CG34189,-0.0059029325,-0.6901006,0.9952901685147247,1.0,9.491718475630013e-05
CG13581,-0.0059029325,-0.82415694,0.9952901685147247,1.0,9.491718475630013e-05
CCDC151,-0.0059029325,-0.88045555,0.9952901685147247,1.0,9.491718475630013e-05
CG32762,-0.0059036682,-0.7147096,0.9952895817363319,1.0,9.491718475630013e-05
snoRNA:Psi28S-1135f,-0.0059036682,-0.9486361,0.9952895817363319,1.0,9.491718475630013e-05
Act87E,-0.0059036682,-0.88610846,0.9952895817363319,1.0,9.491718475630013e-05
Lasp,-0.0059036682,-0.7483966,0.9952895817363319,1.0,9.491718475630013e-05
CG17290,-0.0059036682,-0.6491486,0.9952895817363319,1.0,9.491718475630013e-05
fs(1)N,-0.0059036682,-0.78145605,0.9952895817363319,1.0,9.491718475630013e-05
lncRNA:CR46208,-0.0059036682,-1.2020568,0.9952895817363319,1.0,9.491718475630013e-05
CG5111,-0.0059036682,-1.3036562,0.9952895817363319,1.0,9.491718475630013e-05
CheA29a,-0.0059036682,-0.72523147,0.9952895817363319,1.0,9.491718475630013e-05
CG32523,-0.0059036682,-0.73874205,0.9952895817363319,1.0,9.491718475630013e-05
CG30431,-0.0059044035,-0.8130537,0.9952889949579414,1.0,9.491718475630013e-05
CG13476,-0.0059044035,-1.6277635,0.9952889949579414,1.0,9.491718475630013e-05
Acbp6,-0.0059044035,-1.3194041,0.9952889949579414,1.0,9.491718475630013e-05
Cyp310a1,-0.0059044035,-1.1975,0.9952889949579414,1.0,9.491718475630013e-05
CG33136,-0.0059044035,-1.456802,0.9952889949579414,1.0,9.491718475630013e-05
CG15506,-0.0059044035,-1.8306684,0.9952889949579414,1.0,9.491718475630013e-05
CG43703,-0.0059044035,-1.2404356,0.9952889949579414,1.0,9.491718475630013e-05
Tdc1,-0.0059044035,-1.0087544,0.9952889949579414,1.0,9.491718475630013e-05
snoRNA:Psi28S-1180,-0.0059044035,-1.7361426,0.9952889949579414,1.0,9.491718475630013e-05
CG17264,-0.0059044035,-1.4479371,0.9952889949579414,1.0,9.491718475630013e-05
CecA1,-0.0059044035,-1.2999439,0.9952889949579414,1.0,9.491718475630013e-05
CG8170,-0.0059044035,-0.9899028,0.9952889949579414,1.0,9.491718475630013e-05
fln,-0.0062607196,-0.03170079,0.9950047011334655,1.0,0.00047458592378150065
Smyd3,-0.0062699127,-0.12416277,0.9949973664197089,1.0,0.03431256228940249
CG9270,-0.00627028,-0.119851254,0.9949970730311675,1.0,0.00047458592378150065
qsm,-0.0062739574,-0.25921783,0.9949941391457899,1.0,0.00047458592378150065
Tpl94D,-0.006276899,-0.33601785,0.9949917920375366,1.0,0.00047458592378150065
Hsc70-1,-0.0062798406,-0.50741994,0.9949894449293266,1.0,0.00047458592378150065
ms(3)76Cc,-0.0062827826,-0.43600994,0.99498709782116,1.0,0.00047458592378150065
CG13461,-0.006284989,-0.51920754,0.9949853374900636,1.0,0.00047458592378150065
CG12231,-0.006284989,-0.47120875,0.9949853374900636,1.0,0.00047458592378150065
lncRNA:CR45522,-0.0062864595,-0.515743,0.9949841639360129,1.0,0.00047458592378150065
lncRNA:CR44738,-0.0065048826,-0.319743,0.9948098912813136,1.0,0.004508566275924256
Cyp9b2,-0.0066596908,-0.28541192,0.994686374953274,1.0,0.0008542546628067012
asRNA:CR45445,-0.006824427,-0.025819032,0.9945549372904383,1.0,4.7458592378150065e-05
CG13460,-0.006824427,-0.55800414,0.9945549372904383,1.0,4.7458592378150065e-05
CG18605,-0.006824427,-0.54250944,0.9945549372904383,1.0,4.7458592378150065e-05
CG43799,-0.006824427,-0.054804247,0.9945549372904383,1.0,4.7458592378150065e-05
lncRNA:CR45356,-0.006824427,-0.36214,0.9945549372904383,1.0,4.7458592378150065e-05
clumsy,-0.006824427,-0.5499941,0.9945549372904383,1.0,4.7458592378150065e-05
ChLD3,-0.006824427,0.6328449,0.9945549372904383,1.0,4.7458592378150065e-05
Toll-4,-0.006824427,0.46238655,0.9945549372904383,1.0,4.7458592378150065e-05
Ugt303A1,-0.006824427,0.27899405,0.9945549372904383,1.0,4.7458592378150065e-05
tono,-0.006824427,0.6871652,0.9945549372904383,1.0,4.7458592378150065e-05
Dmel_CR34702,-0.006824427,-0.399179,0.9945549372904383,1.0,4.7458592378150065e-05
lncRNA:CR44895,-0.006824427,-0.63426894,0.9945549372904383,1.0,4.7458592378150065e-05
Dnai2,-0.006824427,-0.30815446,0.9945549372904383,1.0,4.7458592378150065e-05
asRNA:Eig63F-2,-0.006824427,0.25727734,0.9945549372904383,1.0,4.7458592378150065e-05
CheB74a,-0.006824427,-0.08731435,0.9945549372904383,1.0,4.7458592378150065e-05
CG5103,-0.0068251626,-0.92709696,0.9945543505154865,1.0,4.7458592378150065e-05
CG3868,-0.0068251626,-1.0737464,0.9945543505154865,1.0,4.7458592378150065e-05
lncRNA:CR43807,-0.0068251626,-0.8691405,0.9945543505154865,1.0,4.7458592378150065e-05
CG32483,-0.0068251626,-1.3064309,0.9945543505154865,1.0,4.7458592378150065e-05
lncRNA:CR43488,-0.0068251626,-1.4245253,0.9945543505154865,1.0,4.7458592378150065e-05
CG14634,-0.0068251626,-1.0041739,0.9945543505154865,1.0,4.7458592378150065e-05
CG32679,-0.0068251626,-1.3728585,0.9945543505154865,1.0,4.7458592378150065e-05
CG3216,-0.0068251626,-0.6944019,0.9945543505154865,1.0,4.7458592378150065e-05
CG18581,-0.0068251626,-1.4734102,0.9945543505154865,1.0,4.7458592378150065e-05
ppk12,-0.0068251626,-0.7951334,0.9945543505154865,1.0,4.7458592378150065e-05
CG10953,-0.0068251626,-1.0519205,0.9945543505154865,1.0,4.7458592378150065e-05
Act57B,-0.0068251626,-1.1209158,0.9945543505154865,1.0,4.7458592378150065e-05
Sgs1,-0.0068251626,-1.5178252,0.9945543505154865,1.0,4.7458592378150065e-05
Lectin-galC1,-0.0068251626,-0.59018904,0.9945543505154865,1.0,4.7458592378150065e-05
lncRNA:CR46235,-0.0068251626,-1.604156,0.9945543505154865,1.0,4.7458592378150065e-05
Grl43a,-0.0068251626,-0.89642125,0.9945543505154865,1.0,4.7458592378150065e-05
lncRNA:TS9,-0.0068251626,-0.5482569,0.9945543505154865,1.0,4.7458592378150065e-05
Grl36b,-0.0068251626,-0.3993272,0.9945543505154865,1.0,4.7458592378150065e-05
CG4770,-0.0068251626,-1.0188978,0.9945543505154865,1.0,4.7458592378150065e-05
Prosalpha4T1,-0.0068251626,-1.1783649,0.9945543505154865,1.0,4.7458592378150065e-05
Cpr92F,-0.0068251626,-0.9009906,0.9945543505154865,1.0,4.7458592378150065e-05
CG42284,-0.0068251626,-0.9375738,0.9945543505154865,1.0,4.7458592378150065e-05
PpN58A,-0.0068251626,-0.6588388,0.9945543505154865,1.0,4.7458592378150065e-05
betaNACtes3,-0.0068251626,-1.3547717,0.9945543505154865,1.0,4.7458592378150065e-05
lncRNA:CR45168,-0.0068251626,-1.5117867,0.9945543505154865,1.0,4.7458592378150065e-05
CG13044,-0.0068251626,-0.76216173,0.9945543505154865,1.0,4.7458592378150065e-05
ItgaPS5,-0.0068251626,-0.99281114,0.9945543505154865,1.0,4.7458592378150065e-05
CG31624,-0.0068251626,-0.9093659,0.9945543505154865,1.0,4.7458592378150065e-05
lncRNA:CR45824,-0.0068251626,-1.106814,0.9945543505154865,1.0,4.7458592378150065e-05
lncRNA:CR44058,-0.0068251626,-0.6229752,0.9945543505154865,1.0,4.7458592378150065e-05
CG9289,-0.0068251626,-0.90019786,0.9945543505154865,1.0,4.7458592378150065e-05
CG12229,-0.0068251626,-0.96314424,0.9945543505154865,1.0,4.7458592378150065e-05
CG12645,-0.0068251626,-1.464004,0.9945543505154865,1.0,4.7458592378150065e-05
CG14664,-0.006825898,-1.405513,0.9945537637405375,1.0,4.7458592378150065e-05
asRNA:CR44160,-0.006825898,-1.0726384,0.9945537637405375,1.0,4.7458592378150065e-05
CG34286,-0.006825898,-2.3473504,0.9945537637405375,1.0,4.7458592378150065e-05
CG16837,-0.006825898,-1.4874452,0.9945537637405375,1.0,4.7458592378150065e-05
CG11269,-0.006825898,-1.304754,0.9945537637405375,1.0,4.7458592378150065e-05
CG18530,-0.006825898,-1.5393435,0.9945537637405375,1.0,4.7458592378150065e-05
CG5639,-0.006825898,-1.6379169,0.9945537637405375,1.0,4.7458592378150065e-05
CG11370,-0.006825898,-1.2839022,0.9945537637405375,1.0,4.7458592378150065e-05
Vm26Ab,-0.006825898,-2.2461433,0.9945537637405375,1.0,4.7458592378150065e-05
CG17717,-0.006825898,-2.2439666,0.9945537637405375,1.0,4.7458592378150065e-05
CG31327,-0.006825898,-1.1700214,0.9945537637405375,1.0,4.7458592378150065e-05
CG18179,-0.006825898,-1.1129262,0.9945537637405375,1.0,4.7458592378150065e-05
asRNA:CR45056,-0.006825898,-1.7612206,0.9945537637405375,1.0,4.7458592378150065e-05
CG4115,-0.006825898,-1.2223226,0.9945537637405375,1.0,4.7458592378150065e-05
flz,-0.006825898,-1.0778264,0.9945537637405375,1.0,4.7458592378150065e-05
wbl,-0.006825898,-1.6267725,0.9945537637405375,1.0,4.7458592378150065e-05
CG42751,-0.006825898,-1.3970108,0.9945537637405375,1.0,4.7458592378150065e-05
CG1924,-0.006825898,-1.5870371,0.9945537637405375,1.0,4.7458592378150065e-05
Qsox3,-0.006825898,-1.0757643,0.9945537637405375,1.0,4.7458592378150065e-05
TwdlF,-0.006825898,-1.8047178,0.9945537637405375,1.0,4.7458592378150065e-05
CG15708,-0.006825898,-2.0741718,0.9945537637405375,1.0,4.7458592378150065e-05
lncRNA:CR45982,-0.006825898,-1.4456595,0.9945537637405375,1.0,4.7458592378150065e-05
CG43920,-0.006825898,-1.937947,0.9945537637405375,1.0,4.7458592378150065e-05
CG11816,-0.006825898,-1.3060865,0.9945537637405375,1.0,4.7458592378150065e-05
snoRNA:Psi18S-1389b,-0.006825898,-1.2642792,0.9945537637405375,1.0,4.7458592378150065e-05
CG13855,-0.006825898,-1.5638078,0.9945537637405375,1.0,4.7458592378150065e-05
CG15468,-0.006825898,-1.3768598,0.9945537637405375,1.0,4.7458592378150065e-05
Dmel_CR44541,-0.006825898,-1.341772,0.9945537637405375,1.0,4.7458592378150065e-05
lncRNA:CR44964,-0.006825898,-1.2240713,0.9945537637405375,1.0,4.7458592378150065e-05
CG14689,-0.006825898,-1.9215405,0.9945537637405375,1.0,4.7458592378150065e-05
Erasp,-0.006825898,-1.889281,0.9945537637405375,1.0,4.7458592378150065e-05
asRNA:CR43429,-0.006825898,-1.4654914,0.9945537637405375,1.0,4.7458592378150065e-05
asRNA:CR44975,-0.006825898,-2.1694067,0.9945537637405375,1.0,4.7458592378150065e-05
snoRNA:Psi18S-1854b,-0.006825898,-1.4618827,0.9945537637405375,1.0,4.7458592378150065e-05
Ote,-0.0069582756,-0.23589675,0.9944481442980246,1.0,0.002040719472260453
RfC38,-0.0069762934,-0.20600615,0.9944337683258302,1.0,0.021783493901570878
CG30108,-0.006997621,-0.071591265,0.9944167518712829,1.0,0.0012339234018319016
MED25,-0.007027038,-0.1647015,0.9943932809036621,1.0,0.018034265103697024
CG32026,-0.0070858723,-0.10990796,0.9943463389829964,1.0,0.003227184281714204
Pop4,-0.0071711824,-0.20820785,0.9942782732328352,1.0,0.008542546628067011
asRNA:CR44047,-0.0071958196,-0.24870086,0.994258616321335,1.0,0.0004271273314033506
St1,-0.00720538,-0.54923534,0.9942509882670639,1.0,0.0004271273314033506
lncRNA:CR44492,-0.0072061154,-0.6066813,0.9942504014936802,1.0,0.0004271273314033506
Bulli,-0.00721016,-0.16670075,0.9942471742401253,1.0,0.017227469033268474
CG14965,-0.0072682593,-0.21305877,0.9942008191540214,1.0,0.013573157420150918
asRNA:CR45604,-0.00756427,-0.18226957,0.9939646432314346,1.0,0.000806796070428551
CG42493,-0.007567212,-0.17827775,0.9939622961441403,1.0,0.000806796070428551
CG42697,-0.0075782435,-0.35253313,0.9939534945672519,1.0,0.000806796070428551
snoRNA:2R:9445205,-0.0075841267,-0.24649382,0.9939488003932122,1.0,0.000806796070428551
Pgant8,-0.007748128,-16.241728,0.9938179503767369,1.0,0.0
PpD6,-0.007748128,-16.564323,0.9938179503767369,1.0,0.0
lncRNA:CR44848,-0.007748128,-16.765715,0.9938179503767369,1.0,0.0
lncRNA:CR43607,-0.007748128,-16.31392,0.9938179503767369,1.0,0.0
Spindly,-0.007748128,-16.794413,0.9938179503767369,1.0,0.0
ATPsynbetaL,-0.007748128,-15.112559,0.9938179503767369,1.0,0.0
Lime,-0.007748128,-16.634418,0.9938179503767369,1.0,0.0
CG17672,-0.007748128,-16.159323,0.9938179503767369,1.0,0.0
E(spl)m7-HLH,-0.007748128,-16.42514,0.9938179503767369,1.0,0.0
CG31741,-0.007748128,-16.695372,0.9938179503767369,1.0,0.0
sisRNA:CR46361,-0.007748128,-16.252504,0.9938179503767369,1.0,0.0
Nepl10,-0.007748128,-16.670855,0.9938179503767369,1.0,0.0
CG6403,-0.007748128,-16.000374,0.9938179503767369,1.0,0.0
CG11854,-0.007748128,-15.612553,0.9938179503767369,1.0,0.0
lncRNA:CR46022,-0.007748128,-16.60173,0.9938179503767369,1.0,0.0
PH4alphaMP,-0.007748128,-16.687109,0.9938179503767369,1.0,0.0
CG43797,-0.007748128,-15.877403,0.9938179503767369,1.0,0.0
CG43049,-0.007748128,-15.707315,0.9938179503767369,1.0,0.0
CG4017,-0.007748128,-16.031189,0.9938179503767369,1.0,0.0
CG32681,-0.007748128,-16.643782,0.9938179503767369,1.0,0.0
lncRNA:CR42755,-0.007748128,-15.746142,0.9938179503767369,1.0,0.0
CG31533,-0.007748128,-16.752111,0.9938179503767369,1.0,0.0
asRNA:CR45701,-0.007748128,-15.527179,0.9938179503767369,1.0,0.0
CAH5,-0.007748128,-15.997937,0.9938179503767369,1.0,0.0
CG34216,-0.007748128,-16.050358,0.9938179503767369,1.0,0.0
Act88F,-0.007748128,-15.912758,0.9938179503767369,1.0,0.0
lncRNA:CR44602,-0.007748128,-15.638458,0.9938179503767369,1.0,0.0
Ir21a,-0.007748128,-16.513403,0.9938179503767369,1.0,0.0
lncRNA:CR43605,-0.007748128,-15.866826,0.9938179503767369,1.0,0.0
lncRNA:CR43918,-0.007748128,-15.39131,0.9938179503767369,1.0,0.0
GstE10,-0.007748128,-16.104408,0.9938179503767369,1.0,0.0
CG17199,-0.007748128,-15.748721,0.9938179503767369,1.0,0.0
CG11404,-0.007748128,-16.404638,0.9938179503767369,1.0,0.0
lncRNA:CR44610,-0.007748128,-16.08068,0.9938179503767369,1.0,0.0
Osi15,-0.007748128,-16.306849,0.9938179503767369,1.0,0.0
Hr83,-0.007748128,-16.623549,0.9938179503767369,1.0,0.0
Or22a,-0.007748128,-15.461556,0.9938179503767369,1.0,0.0
CG17362,-0.007748128,-15.289885,0.9938179503767369,1.0,0.0
snoRNA:Psi28S-2648,-0.007748128,-16.01925,0.9938179503767369,1.0,0.0
Mco4,-0.007748128,-15.017779,0.9938179503767369,1.0,0.0
Tpt,-0.007748128,-16.369776,0.9938179503767369,1.0,0.0
CG32037,-0.007748128,-15.552172,0.9938179503767369,1.0,0.0
Eo,-0.007748128,-15.721721,0.9938179503767369,1.0,0.0
Drsl5,-0.007944855,-0.23213986,0.9936609892537639,1.0,0.0019932608798823026
Pfas,-0.007945591,-0.31323797,0.9936604024836672,1.0,0.0019932608798823026
CG9166,-0.008005161,-0.14818418,0.9936128741172504,1.0,0.06430639267239334
ATPsynepsilonL,-0.008103709,0.05893384,0.9935342469930205,1.0,0.0003796687390252005
apn,-0.008113269,-0.28162453,0.9935266189917601,1.0,0.0003796687390252005
spok,-0.008115475,-0.30589283,0.993524858683861,1.0,0.0003796687390252005
CG15629,-0.0081235645,-0.45242086,0.9935184042218338,1.0,0.0003796687390252005
lncRNA:CR33942,-0.008128713,-0.71131337,0.9935142968371282,1.0,0.0003796687390252005
asRNA:CR43806,-0.008130919,-0.79051,0.9935125365294499,1.0,0.0003796687390252005
Plekhm1,-0.008197476,-0.24947248,0.9934594339293706,1.0,0.02771581794883964
CG3842,-0.008314409,-0.074660495,0.993366137718878,1.0,0.001566133548478952
Pbp45,-0.008323969,-0.18102254,0.9933585097308192,1.0,0.001566133548478952
CG13692,-0.008510034,-0.35263005,0.9932100574695497,1.0,0.000759337478050401
lncRNA:CR46035,-0.008701245,-0.12488468,0.993057498078418,1.0,0.0019458022875041526
plh,-0.008854583,-0.0980946,0.9929351573651914,1.0,0.0011390062170756016
CG32110,-0.008966736,-0.46290913,0.992845675653577,1.0,0.0019458022875041526
lncRNA:CR43399,-0.009035867,-0.08043589,0.99279051975806,1.0,0.00033221014664705045
CG43647,-0.009038441,-0.31785572,0.992788466081763,1.0,0.00033221014664705045
CNMa,-0.009038808,-0.39550385,0.9927881726994386,1.0,0.00033221014664705045
Jhbp15,-0.009038808,-0.3421749,0.9927881726994386,1.0,0.00033221014664705045
lncRNA:CR45602,-0.009038808,-0.37084502,0.9927881726994386,1.0,0.00033221014664705045
CG43191,-0.009040279,-0.553816,0.9927869991701515,1.0,0.00033221014664705045
ttm2,-0.009042486,-0.3799569,0.9927852388762498,1.0,0.00033221014664705045
Lip4,-0.00904322,-0.53092283,0.9927846521116237,1.0,0.00033221014664705045
asRNA:CR44382,-0.00904322,-0.6031775,0.9927846521116237,1.0,0.00033221014664705045
Orc1,-0.009048369,-0.8232836,0.9927805447593505,1.0,0.00033221014664705045
lncRNA:CR43695,-0.009052781,-0.8399711,0.99277702417184,1.0,0.00033221014664705045
Acp36DE,-0.009053517,-0.74680984,0.9927764374072686,1.0,0.00033221014664705045
lncRNA:CR45941,-0.009178908,-0.19020799,0.9926763941052242,1.0,0.0023254710265293533
CG7168,-0.009294002,-0.16825129,0.992584565603781,1.0,0.027478524986948888
CG32668,-0.0094043175,-0.11927437,0.9924965511578341,1.0,0.0007118788856722509
asRNA:CR17025,-0.009413143,-0.15751632,0.9924895100060886,1.0,0.0007118788856722509
CG15539,-0.009474183,-0.057933457,0.9924408087225604,1.0,0.002705139765554554
lncRNA:CR45659,-0.009789683,-0.21141025,0.9921890880836044,1.0,0.0010915476246974515
CG5805,-0.009882715,-0.15007082,0.9921148629142928,1.0,0.08281524369987187
snRNA:U2:34ABa,-0.009952581,-0.12207392,0.9920591207371142,1.0,0.0002847515542689004
lncRNA:CR45878,-0.009954051,-0.19557436,0.9920579472180102,1.0,0.0002847515542689004
CG9593,-0.009954787,-0.15065838,0.9920573604584647,1.0,0.0002847515542689004
lncRNA:CR44041,-0.009954787,-0.0811563,0.9920573604584647,1.0,0.0002847515542689004
lncRNA:CR44423,-0.009956257,-0.16043352,0.9920561869393866,1.0,0.0002847515542689004
asRNA:CR42871,-0.009956993,-0.29493234,0.992055600179854,1.0,0.0002847515542689004
CG18754,-0.009957729,-0.15317266,0.9920550134203256,1.0,0.0002847515542689004
CG43093,-0.009958464,-0.2804876,0.9920544266608016,1.0,0.0002847515542689004
snoRNA:Psi28S-3091a,-0.0099591995,-0.37709484,0.9920538399012818,1.0,0.0002847515542689004
lncRNA:CR43884,-0.0099591995,-0.38552555,0.9920538399012818,1.0,0.0002847515542689004
CR43309,-0.009959935,-0.47144502,0.9920532531417664,1.0,0.0002847515542689004
asRNA:CR45797,-0.00996067,-0.38581973,0.9920526663822553,1.0,0.0002847515542689004
lncRNA:CR44757,-0.00996067,-0.37456086,0.9920526663822553,1.0,0.0002847515542689004
CG15046,-0.009961406,-0.53471905,0.9920520796227484,1.0,0.0002847515542689004
asRNA:CR44599,-0.0099621415,-0.5592801,0.9920514928632459,1.0,0.0002847515542689004
CG10345,-0.0099621415,-0.39687446,0.9920514928632459,1.0,0.0002847515542689004
CG13516,-0.009968025,-1.0713521,0.9920467987873803,1.0,0.0002847515542689004
snoRNA:SC35-a,-0.009970231,-0.6670385,0.9920450385090017,1.0,0.0002847515542689004
asRNA:CR30267,-0.009972437,-0.9181946,0.9920432782306619,1.0,0.0002847515542689004
CG5902,-0.010145999,-0.19664839,0.9919048031233134,1.0,0.056997769446158225
CG31788,-0.0101746805,-0.25059798,0.9918819195484315,1.0,0.002278012434151203
CG14246,-0.010197111,-0.18544684,0.9918640234240097,1.0,0.001471216363722652
CG8509,-0.010328753,-0.25511542,0.9917589937929905,1.0,0.0006644202932941009
CG12964,-0.010735079,-0.33302253,0.9914348110639983,1.0,0.0010440890323193013
scaRNA:MeU4-A65,-0.010873707,0.31448793,0.9913242078655277,1.0,0.00023729296189075032
Sardh,-0.010875913,-0.19916302,0.9913224476037642,1.0,0.00023729296189075032
lncRNA:CR44447,-0.010875913,-0.086196415,0.9913224476037642,1.0,0.00023729296189075032
CG1441,-0.010877385,-0.13167231,0.9913212740959454,1.0,0.00023729296189075032
snoRNA:gcl-a,-0.010877385,-0.045201357,0.9913212740959454,1.0,0.00023729296189075032
Vha14-2,-0.010879591,-0.3074058,0.9913195138342524,1.0,0.00023729296189075032
lncRNA:CR44913,-0.010881062,-0.33411276,0.9913183403264805,1.0,0.00023729296189075032
pre-mod(mdg4)-L,-0.010883268,-0.6197124,0.9913165800648579,1.0,0.00023729296189075032
CG43091,-0.010884003,-0.3527042,0.9913159933109931,1.0,0.00023729296189075032
ETH,-0.010884003,-0.3759167,0.9913159933109931,1.0,0.00023729296189075032
bcd,-0.010884003,-0.6683183,0.9913159933109931,1.0,0.00023729296189075032
CG42762,-0.0108847385,-0.58580625,0.991315406557133,1.0,0.00023729296189075032
CG15650,-0.0108847385,-0.5908089,0.991315406557133,1.0,0.00023729296189075032
Cpr65Ea,-0.010886209,-0.4574734,0.9913142330494268,1.0,0.00023729296189075032
mthl13,-0.010886209,-0.5722835,0.9913142330494268,1.0,0.00023729296189075032
CG30281,-0.010886945,-0.75666946,0.9913136462955808,1.0,0.00023729296189075032
asRNA:CR46097,-0.010888415,-0.8305208,0.9913124727879028,1.0,0.00023729296189075032
Dmel_CR45484,-0.010888415,-0.8439177,0.9913124727879028,1.0,0.00023729296189075032
snoRNA:Psi28S-3305b,-0.010888415,-1.0089488,0.9913124727879028,1.0,0.00023729296189075032
DptA,-0.010889887,-1.0687943,0.9913112992802436,1.0,0.00023729296189075032
can,-0.010891357,-0.96947795,0.9913101257726034,1.0,0.00023729296189075032
lncRNA:CR32835,-0.010891357,-1.1504391,0.9913101257726034,1.0,0.00023729296189075032
Pgd,-0.011442195,-0.20720515,0.9908706485053265,1.0,0.005030610792083907
TwdlT,-0.011631936,-0.2101407,0.9907192671173319,1.0,0.0009966304399411513
CG7992,-0.011799246,0.07766524,0.9905857818681141,1.0,0.00018983436951260026
Drsl4,-0.011801452,0.12153383,0.9905840216248216,1.0,0.00018983436951260026
lncRNA:CR44230,-0.011802188,-0.25030914,0.9905834348770677,1.0,0.00018983436951260026
lncRNA:CR45425,-0.011802188,-0.45963648,0.9905834348770677,1.0,0.00018983436951260026
Cyp4d8,-0.011802188,-0.2828204,0.9905834348770677,1.0,0.00018983436951260026
BomT1,-0.011802924,-0.25920302,0.9905828481293188,1.0,0.00018983436951260026
CG17258,-0.011806601,-0.6880036,0.9905799143906509,1.0,0.00018983436951260026
CG33700,-0.011806601,-0.6887242,0.9905799143906509,1.0,0.00018983436951260026
lncRNA:CR44867,-0.0118073365,-0.6193843,0.9905793276429326,1.0,0.00018983436951260026
CG43060,-0.0118073365,-0.62344587,0.9905793276429326,1.0,0.00018983436951260026
snoRNA:Psi18S-1854a,-0.0118073365,-0.71486014,0.9905793276429326,1.0,0.00018983436951260026
CG7778,-0.0118073365,-0.7058985,0.9905793276429326,1.0,0.00018983436951260026
lncRNA:CR45196,-0.0118073365,-0.8089564,0.9905793276429326,1.0,0.00018983436951260026
AOX4,-0.011808807,-0.7893135,0.9905781541475112,1.0,0.00018983436951260026
lncRNA:CR46122,-0.011808807,-0.8911471,0.9905781541475112,1.0,0.00018983436951260026
Hayan,-0.011808807,-0.78800863,0.9905781541475112,1.0,0.00018983436951260026
mt:tRNA:Ser-GCT,-0.011808807,-1.126381,0.9905781541475112,1.0,0.00018983436951260026
CG17224,-0.011808807,-0.7460205,0.9905781541475112,1.0,0.00018983436951260026
CG33667,-0.011808807,-0.93836135,0.9905781541475112,1.0,0.00018983436951260026
CG34430,-0.011809543,-0.94956285,0.9905775673998082,1.0,0.00018983436951260026
CG45428,-0.011810278,-0.9504445,0.9905769806521103,1.0,0.00018983436951260026
CG12715,-0.011810278,-0.96095073,0.9905769806521103,1.0,0.00018983436951260026
AttA,-0.011811013,-1.1423177,0.9905763939044174,1.0,0.00018983436951260026
Cyp309a1,-0.011811013,-1.20035,0.9905763939044174,1.0,0.00018983436951260026
CG40813,-0.011811749,-1.2750982,0.9905758071567297,1.0,0.00018983436951260026
lncRNA:CR45256,-0.011811749,-1.1570405,0.9905758071567297,1.0,0.00018983436951260026
asRNA:CR46029,-0.011935669,-0.21741654,0.9904769402443854,1.0,0.002183095249394903
CG17010,-0.012175419,-0.23343243,0.9902856610559747,1.0,0.0005695031085378008
CG7130,-0.012450471,-0.2957945,0.990066218749071,1.0,0.0017559679179915523
Mcm6,-0.012543502,-0.31000507,0.9899919957850997,1.0,0.0025627639884201036
lncRNA:CR44070,-0.012705297,-0.17872731,0.9898629125761765,1.0,0.00740354041099141
asRNA:CR45016,-0.012725521,-0.6379029,0.9898467771936492,1.0,0.0001423757771344502
snoRNA:Psi18S-1397,-0.012726257,-0.24943185,0.9898461904525446,1.0,0.0001423757771344502
Tim13,-0.012726257,-0.25638956,0.9898461904525446,1.0,0.0001423757771344502
CG17300,-0.012726992,-0.5452839,0.9898456037114455,1.0,0.0001423757771344502
CG11226,-0.012726992,-0.5873943,0.9898456037114455,1.0,0.0001423757771344502
vas,-0.012726992,-0.467815,0.9898456037114455,1.0,0.0001423757771344502
snoRNA:Psi28S-2626,-0.012727727,-0.6442975,0.9898450169703519,1.0,0.0001423757771344502
lncRNA:CR44022,-0.012727727,-0.5742759,0.9898450169703519,1.0,0.0001423757771344502
CG43277,-0.012727727,-0.64093935,0.9898450169703519,1.0,0.0001423757771344502
CG14221,-0.012727727,-0.77265894,0.9898450169703519,1.0,0.0001423757771344502
CG42694,-0.012728463,-0.9669292,0.9898444302292638,1.0,0.0001423757771344502
CG13068,-0.012728463,-0.81209564,0.9898444302292638,1.0,0.0001423757771344502
CG34303,-0.012728463,-0.8756412,0.9898444302292638,1.0,0.0001423757771344502
CG12617,-0.012728463,-0.9551796,0.9898444302292638,1.0,0.0001423757771344502
lncRNA:CR44301,-0.012728463,-0.73934644,0.9898444302292638,1.0,0.0001423757771344502
NAAT1,-0.012728463,-0.89176834,0.9898444302292638,1.0,0.0001423757771344502
lncRNA:CR45553,-0.012728463,-0.9453116,0.9898444302292638,1.0,0.0001423757771344502
CG10734,-0.012728463,-0.87153155,0.9898444302292638,1.0,0.0001423757771344502
Dmel_CG6279,-0.012728463,-0.7736656,0.9898444302292638,1.0,0.0001423757771344502
CG6052,-0.0127299335,-0.96075773,0.989843256747104,1.0,0.0001423757771344502
CG2444,-0.0127299335,-0.91520536,0.989843256747104,1.0,0.0001423757771344502
asRNA:CR44207,-0.0127299335,-1.4993453,0.989843256747104,1.0,0.0001423757771344502
CG11664,-0.0127299335,-0.98607934,0.989843256747104,1.0,0.0001423757771344502
Tppl,-0.012730669,-0.95084375,0.9898426700060323,1.0,0.0001423757771344502
asRNA:CR45367,-0.012730669,-1.0322802,0.9898426700060323,1.0,0.0001423757771344502
lncRNA:CR45225,-0.012730669,-1.1679193,0.9898426700060323,1.0,0.0001423757771344502
CG13840,-0.012730669,-1.1756063,0.9898426700060323,1.0,0.0001423757771344502
asRNA:CR46263,-0.012731405,-1.3425645,0.9898420832649663,1.0,0.0001423757771344502
Ance-3,-0.012731405,-1.14725,0.9898420832649663,1.0,0.0001423757771344502
CG9826,-0.012731405,-1.4225425,0.9898420832649663,1.0,0.0001423757771344502
Ir100a,-0.012731405,-1.1313175,0.9898420832649663,1.0,0.0001423757771344502
Daao2,-0.01273214,-1.0036147,0.9898414965239055,1.0,0.0001423757771344502
eIF3g2,-0.0127328755,-1.8795621,0.9898409097828503,1.0,0.0001423757771344502
THADA,-0.012941002,-0.20585585,0.9896748622862318,1.0,0.013668074604907219
ZnT77C,-0.012949459,-0.24033454,0.9896681147825257,1.0,0.0013288405865882018
Obp69a,-0.013002043,-0.42780873,0.9896261629282566,1.0,0.0013288405865882018
CG10445,-0.013079263,0.059944525,0.9895645553621197,1.0,0.0005220445161596507
Prx6c,-0.013085146,-0.073997006,0.9895598614548652,1.0,0.0005220445161596507
Acp53Ea,-0.013091765,-0.20687717,0.9895545808096359,1.0,0.0005220445161596507
lncRNA:CR44985,-0.013092501,-0.25722203,0.9895539940713053,1.0,0.0005220445161596507
Osi24,-0.013098384,-0.31743205,0.989549300164864,1.0,0.0005220445161596507
lncRNA:CR44606,-0.013098384,-0.3074625,0.989549300164864,1.0,0.0005220445161596507
CG14137,-0.013104267,-0.34302858,0.9895446062587845,1.0,0.0005220445161596507
CG33258,-0.013111622,-0.5558942,0.989538738876694,1.0,0.0005220445161596507
lncRNA:CR44851,-0.013116035,-0.6254863,0.9895352184477113,1.0,0.0005220445161596507
CG4375,-0.013292906,-0.13483962,0.989394108087816,1.0,0.0017085093256134023
asRNA:CR31144,-0.013503606,-0.4221637,0.9892260082380038,1.0,0.0009017132551848512
AANATL2,-0.0136459125,-0.17318703,0.989112475101728,1.0,0.011484979355512315
CG14491,-0.013648119,-0.2364749,0.9891107148997944,1.0,9.491718475630013e-05
Cpr62Bc,-0.013648854,-0.5073886,0.9891101281658283,1.0,9.491718475630013e-05
CG14302,-0.013648854,-0.43366203,0.9891101281658283,1.0,9.491718475630013e-05
Cs2,-0.013648854,-0.43605715,0.9891101281658283,1.0,9.491718475630013e-05
hll,-0.013649589,-0.6774679,0.9891095414318681,1.0,9.491718475630013e-05
snoRNA:Psi28S-3385b,-0.013649589,-0.3217552,0.9891095414318681,1.0,9.491718475630013e-05
CG9308,-0.013649589,-0.5327218,0.9891095414318681,1.0,9.491718475630013e-05
CG16956,-0.013649589,-0.6705308,0.9891095414318681,1.0,9.491718475630013e-05
Trf5,-0.013649589,-0.8787305,0.9891095414318681,1.0,9.491718475630013e-05
lectin-24A,-0.013650325,-0.96252877,0.9891089546979138,1.0,9.491718475630013e-05
CG13285,-0.013650325,-1.0668687,0.9891089546979138,1.0,9.491718475630013e-05
mei-38,-0.013650325,-0.8865197,0.9891089546979138,1.0,9.491718475630013e-05
lncRNA:CR45357,-0.013650325,-0.91207343,0.9891089546979138,1.0,9.491718475630013e-05
CG4704,-0.013650325,-0.76141983,0.9891089546979138,1.0,9.491718475630013e-05
CG7634,-0.013650325,-0.7800755,0.9891089546979138,1.0,9.491718475630013e-05
ItgaPS4,-0.013650325,-0.9104856,0.9891089546979138,1.0,9.491718475630013e-05
lncRNA:CR44177,-0.013650325,-0.72573125,0.9891089546979138,1.0,9.491718475630013e-05
lncRNA:CR45881,-0.013650325,-1.1265205,0.9891089546979138,1.0,9.491718475630013e-05
CG8028,-0.013650325,-0.95387554,0.9891089546979138,1.0,9.491718475630013e-05
Gba1a,-0.013650325,-0.78762704,0.9891089546979138,1.0,9.491718475630013e-05
knrl,-0.013650325,-0.78357214,0.9891089546979138,1.0,9.491718475630013e-05
CG33640,-0.013650325,-0.9108928,0.9891089546979138,1.0,9.491718475630013e-05
Cyp313a3,-0.01365106,-0.8727575,0.9891083679639654,1.0,9.491718475630013e-05
lncRNA:CR46245,-0.01365106,-1.256988,0.9891083679639654,1.0,9.491718475630013e-05
tin,-0.01365106,-0.8649769,0.9891083679639654,1.0,9.491718475630013e-05
Spc25,-0.01365106,-1.041252,0.9891083679639654,1.0,9.491718475630013e-05
asRNA:CR44847,-0.01365106,-1.2208537,0.9891083679639654,1.0,9.491718475630013e-05
Mdr50,-0.013651796,-1.4663825,0.9891077812300229,1.0,9.491718475630013e-05
Traf-like,-0.013651796,-1.2693157,0.9891077812300229,1.0,9.491718475630013e-05
CG17780,-0.013651796,-1.3323874,0.9891077812300229,1.0,9.491718475630013e-05
mthl4,-0.013651796,-1.6235268,0.9891077812300229,1.0,9.491718475630013e-05
hiro,-0.013651796,-1.2808757,0.9891077812300229,1.0,9.491718475630013e-05
CG42537,-0.013651796,-1.1421509,0.9891077812300229,1.0,9.491718475630013e-05
Sans,-0.013651796,-1.2602692,0.9891077812300229,1.0,9.491718475630013e-05
CG33346,-0.013651796,-1.3439481,0.9891077812300229,1.0,9.491718475630013e-05
CG1941,-0.013652531,-1.3661982,0.9891071944960863,1.0,9.491718475630013e-05
CG13243,-0.013652531,-1.6927254,0.9891071944960863,1.0,9.491718475630013e-05
asRNA:CR32252,-0.013652531,-1.4793352,0.9891071944960863,1.0,9.491718475630013e-05
CheB42b,-0.013652531,-1.4714096,0.9891071944960863,1.0,9.491718475630013e-05
jhamt,-0.013652531,-1.2258673,0.9891071944960863,1.0,9.491718475630013e-05
lncRNA:CR45029,-0.013652531,-1.5312669,0.9891071944960863,1.0,9.491718475630013e-05
scpr-A,-0.013653266,-2.1738942,0.9891066077621555,1.0,9.491718475630013e-05
Ir64a,-0.013653266,-1.2505208,0.9891066077621555,1.0,9.491718475630013e-05
CG12971,-0.013653266,-1.996066,0.9891066077621555,1.0,9.491718475630013e-05
CG6738,-0.013653266,-1.3745704,0.9891066077621555,1.0,9.491718475630013e-05
lncRNA:CR45966,-0.013653266,-1.612,0.9891066077621555,1.0,9.491718475630013e-05
CG11413,-0.013773141,-0.26028562,0.989010970210419,1.0,0.002894974135067154
CG3982,-0.013911035,-0.3286732,0.9889009578846223,1.0,0.0012813819942100518
CG30154,-0.0140073765,0.01981382,0.9888240960647662,1.0,0.00047458592378150065
CG43232,-0.014022821,-0.37921196,0.9888117747139592,1.0,0.00047458592378150065
CG43071,-0.014039735,-0.6454618,0.9887982799042324,1.0,0.00047458592378150065
CG31064,-0.014104453,-0.15344946,0.9887466476183775,1.0,0.13957572018413933
lncRNA:CR46127,-0.014388697,-0.2091501,0.9885198768329498,1.0,0.0008542546628067012
CG8476,-0.014407082,-0.31780154,0.9885052086379473,1.0,0.0008542546628067012
CG43341,-0.014412967,-0.22155814,0.9885005148163669,1.0,0.0008542546628067012
asRNA:CR45894,-0.014572187,-0.592568,0.9883734884215211,1.0,4.7458592378150065e-05
CG31294,-0.014572187,-0.6020065,0.9883734884215211,1.0,4.7458592378150065e-05
Sfp33A4,-0.014572187,-1.2251307,0.9883734884215211,1.0,4.7458592378150065e-05
CG42264,-0.014572187,-1.05407,0.9883734884215211,1.0,4.7458592378150065e-05
CG7330,-0.014572187,-0.53577214,0.9883734884215211,1.0,4.7458592378150065e-05
seq,-0.014572187,-1.1243408,0.9883734884215211,1.0,4.7458592378150065e-05
CG33272,-0.014572187,-1.2575074,0.9883734884215211,1.0,4.7458592378150065e-05
asRNA:CR46145,-0.014572187,-0.5120712,0.9883734884215211,1.0,4.7458592378150065e-05
CG33552,-0.014572187,-1.281357,0.9883734884215211,1.0,4.7458592378150065e-05
CG5849,-0.014572187,-0.9050644,0.9883734884215211,1.0,4.7458592378150065e-05
CG33919,-0.014572187,0.23292309,0.9883734884215211,1.0,4.7458592378150065e-05
CG6209,-0.014572187,-0.64915365,0.9883734884215211,1.0,4.7458592378150065e-05
CG43396,-0.014572187,-0.6395977,0.9883734884215211,1.0,4.7458592378150065e-05
CG4267,-0.014572187,-0.669661,0.9883734884215211,1.0,4.7458592378150065e-05
DptB,-0.014572187,-0.8378403,0.9883734884215211,1.0,4.7458592378150065e-05
lncRNA:CR45240,-0.014572922,-1.3988297,0.9883729016952053,1.0,4.7458592378150065e-05
CG17107,-0.014572922,-1.0556036,0.9883729016952053,1.0,4.7458592378150065e-05
lncRNA:CR45224,-0.014572922,-1.2036257,0.9883729016952053,1.0,4.7458592378150065e-05
CG3987,-0.014572922,-1.5724571,0.9883729016952053,1.0,4.7458592378150065e-05
CG13313,-0.014572922,-1.1581694,0.9883729016952053,1.0,4.7458592378150065e-05
CG13282,-0.014572922,-1.2289239,0.9883729016952053,1.0,4.7458592378150065e-05
CG15446,-0.014572922,-1.552793,0.9883729016952053,1.0,4.7458592378150065e-05
snoRNA:Psi28S-2622,-0.014572922,-0.89800453,0.9883729016952053,1.0,4.7458592378150065e-05
Vha100-3,-0.014572922,-1.0540462,0.9883729016952053,1.0,4.7458592378150065e-05
CG14326,-0.014572922,-1.3732688,0.9883729016952053,1.0,4.7458592378150065e-05
CG32832,-0.014572922,-1.6865047,0.9883729016952053,1.0,4.7458592378150065e-05
CAH4,-0.014572922,-1.3680077,0.9883729016952053,1.0,4.7458592378150065e-05
CG42828,-0.014572922,-1.2917321,0.9883729016952053,1.0,4.7458592378150065e-05
asRNA:CR42738,-0.014572922,-1.3556594,0.9883729016952053,1.0,4.7458592378150065e-05
lncRNA:CR44419,-0.014572922,-1.2754868,0.9883729016952053,1.0,4.7458592378150065e-05
CG32201,-0.014572922,-1.278114,0.9883729016952053,1.0,4.7458592378150065e-05
lncRNA:CR45571,-0.014572922,-1.4082742,0.9883729016952053,1.0,4.7458592378150065e-05
CG5781,-0.014572922,-1.7319555,0.9883729016952053,1.0,4.7458592378150065e-05
CG32391,-0.014572922,-1.4304147,0.9883729016952053,1.0,4.7458592378150065e-05
Ir56d,-0.014572922,-0.7221952,0.9883729016952053,1.0,4.7458592378150065e-05
lncRNA:CR44339,-0.014572922,-1.3276932,0.9883729016952053,1.0,4.7458592378150065e-05
ProtB,-0.014572922,-1.3974035,0.9883729016952053,1.0,4.7458592378150065e-05
CG14829,-0.014572922,-0.98566,0.9883729016952053,1.0,4.7458592378150065e-05
CG42471,-0.014573658,-1.9611443,0.988372314968896,1.0,4.7458592378150065e-05
CG4835,-0.014573658,-1.4983342,0.988372314968896,1.0,4.7458592378150065e-05
CG31347,-0.014573658,-2.0008147,0.988372314968896,1.0,4.7458592378150065e-05
CG6280,-0.014573658,-1.6909413,0.988372314968896,1.0,4.7458592378150065e-05
CG33645,-0.014573658,-1.3889254,0.988372314968896,1.0,4.7458592378150065e-05
Gem4b,-0.014573658,-1.6323571,0.988372314968896,1.0,4.7458592378150065e-05
Prosbeta2R2,-0.014573658,-1.8767972,0.988372314968896,1.0,4.7458592378150065e-05
CG42355,-0.014573658,-2.1587822,0.988372314968896,1.0,4.7458592378150065e-05
SPH93,-0.014573658,-1.3205689,0.988372314968896,1.0,4.7458592378150065e-05
CG32119,-0.014573658,-1.5438323,0.988372314968896,1.0,4.7458592378150065e-05
lncRNA:CR44412,-0.014573658,-1.9192014,0.988372314968896,1.0,4.7458592378150065e-05
CG15719,-0.014573658,-1.6295891,0.988372314968896,1.0,4.7458592378150065e-05
CG15498,-0.014573658,-2.0900762,0.988372314968896,1.0,4.7458592378150065e-05
Amt,-0.014573658,-1.3311796,0.988372314968896,1.0,4.7458592378150065e-05
lncRNA:CR43961,-0.014573658,-1.4965479,0.988372314968896,1.0,4.7458592378150065e-05
CG7856,-0.014573658,-1.6751447,0.988372314968896,1.0,4.7458592378150065e-05
CG17267,-0.014573658,-1.7177103,0.988372314968896,1.0,4.7458592378150065e-05
CG15865,-0.014573658,-1.5765363,0.988372314968896,1.0,4.7458592378150065e-05
CG6034,-0.014573658,-2.423073,0.988372314968896,1.0,4.7458592378150065e-05
lncRNA:CR46032,-0.014573658,-1.6283858,0.988372314968896,1.0,4.7458592378150065e-05
lncRNA:CR44539,-0.014573658,-2.1917722,0.988372314968896,1.0,4.7458592378150065e-05
CG34461,-0.014573658,-1.8778675,0.988372314968896,1.0,4.7458592378150065e-05
CG31805,-0.014573658,-1.3661515,0.988372314968896,1.0,4.7458592378150065e-05
gudu,-0.014573658,-1.7779886,0.988372314968896,1.0,4.7458592378150065e-05
ppk7,-0.014573658,-1.409056,0.988372314968896,1.0,4.7458592378150065e-05
CG13428,-0.014573658,-1.8697486,0.988372314968896,1.0,4.7458592378150065e-05
lncRNA:CR43278,-0.014573658,-1.789577,0.988372314968896,1.0,4.7458592378150065e-05
CG7295,-0.014573658,-1.732063,0.988372314968896,1.0,4.7458592378150065e-05
lncRNA:CR46106,-0.014573658,-1.718884,0.988372314968896,1.0,4.7458592378150065e-05
CG13793,-0.014574394,-3.127949,0.9883717282425929,1.0,4.7458592378150065e-05
lncRNA:CR45963,-0.014574394,-2.1830487,0.9883717282425929,1.0,4.7458592378150065e-05
asRNA:CR46074,-0.014574394,-2.367209,0.9883717282425929,1.0,4.7458592378150065e-05
Acp1,-0.014574394,-2.8963373,0.9883717282425929,1.0,4.7458592378150065e-05
rhi,-0.014574394,-1.9184333,0.9883717282425929,1.0,4.7458592378150065e-05
lncRNA:CR43912,-0.014574394,-2.310632,0.9883717282425929,1.0,4.7458592378150065e-05
lncRNA:CR45698,-0.014574394,-2.660706,0.9883717282425929,1.0,4.7458592378150065e-05
Lip2,-0.014574394,-2.4506812,0.9883717282425929,1.0,4.7458592378150065e-05
CG8303,-0.014574394,-1.9449104,0.9883717282425929,1.0,4.7458592378150065e-05
mt:tRNA:Ile-GAT,-0.014574394,-2.2628107,0.9883717282425929,1.0,4.7458592378150065e-05
CG34327,-0.014574394,-1.9630666,0.9883717282425929,1.0,4.7458592378150065e-05
CG1979,-0.014574394,-1.7802668,0.9883717282425929,1.0,4.7458592378150065e-05
CG4374,-0.014574394,-2.8999946,0.9883717282425929,1.0,4.7458592378150065e-05
CG32462,-0.014574394,-2.2689748,0.9883717282425929,1.0,4.7458592378150065e-05
mir-4982,-0.014574394,-2.7751353,0.9883717282425929,1.0,4.7458592378150065e-05
PPO3,-0.014574394,-2.2609236,0.9883717282425929,1.0,4.7458592378150065e-05
snoRNA:Pi4KIIalpha-a,-0.014574394,-2.3114386,0.9883717282425929,1.0,4.7458592378150065e-05
CG43312,-0.014574394,-2.2437901,0.9883717282425929,1.0,4.7458592378150065e-05
Fatp2,-0.014574394,-2.1550603,0.9883717282425929,1.0,4.7458592378150065e-05
CG2291,-0.014574394,-2.6412034,0.9883717282425929,1.0,4.7458592378150065e-05
CG9903,-0.014574394,-2.1295571,0.9883717282425929,1.0,4.7458592378150065e-05
Obp83b,-0.014574394,-2.035225,0.9883717282425929,1.0,4.7458592378150065e-05
Z600,-0.014574394,-1.9951029,0.9883717282425929,1.0,4.7458592378150065e-05
TTLL4B,-0.014574394,-2.3537118,0.9883717282425929,1.0,4.7458592378150065e-05
CG31546,-0.014574394,-1.973378,0.9883717282425929,1.0,4.7458592378150065e-05
CG45080,-0.014574394,-1.8903141,0.9883717282425929,1.0,4.7458592378150065e-05
CG15403,-0.014574394,-2.753441,0.9883717282425929,1.0,4.7458592378150065e-05
lncRNA:CR43849,-0.0147332465,0.00018651853,0.9882449955090453,1.0,0.0012339234018319016
mthl5,-0.014733614,-0.2925151,0.9882447021465791,1.0,0.002040719472260453
lncRNA:CR44596,-0.014939902,-0.17836858,0.9880801260547125,1.0,0.0004271273314033506
CG1394,-0.014943579,-0.39535466,0.9880771924391171,1.0,0.0004271273314033506
CG32507,-0.014944315,-0.41166827,0.9880766057160173,1.0,0.0004271273314033506
lobo,-0.014945051,-0.51017797,0.988076018992924,1.0,0.0004271273314033506
CG15695,-0.0149457855,-0.4835157,0.9880754322698371,1.0,0.0004271273314033506
CG31262,-0.015109051,-0.20342036,0.9879451799047655,1.0,0.0040339803521427554
lncRNA:CR44905,-0.015319385,-0.28065383,0.9877773777824124,1.0,0.000806796070428551
RpS10a,-0.015357627,-0.48596168,0.9877468683634937,1.0,0.000806796070428551
lncRNA:CR45259,-0.015496256,-16.889645,0.9876362718704488,1.0,0.0
CG3502,-0.015496256,-16.421795,0.9876362718704488,1.0,0.0
CG13251,-0.015496256,-16.96203,0.9876362718704488,1.0,0.0
lncRNA:CR45280,-0.015496256,-17.24272,0.9876362718704488,1.0,0.0
CG18130,-0.015496256,-17.630026,0.9876362718704488,1.0,0.0
Mst84Dc,-0.015496256,-17.260136,0.9876362718704488,1.0,0.0
CG12637,-0.015496256,-17.027794,0.9876362718704488,1.0,0.0
lncRNA:CR44150,-0.015496256,-16.8188,0.9876362718704488,1.0,0.0
CG4970,-0.015496256,-16.821333,0.9876362718704488,1.0,0.0
snRNA:U1:95Cc,-0.015496256,-16.890953,0.9876362718704488,1.0,0.0
Osi9,-0.015496256,-17.410454,0.9876362718704488,1.0,0.0
CG17751,-0.015496256,-16.973856,0.9876362718704488,1.0,0.0
asRNA:CR46068,-0.015496256,-17.619442,0.9876362718704488,1.0,0.0
lncRNA:CR44507,-0.015496256,-17.229542,0.9876362718704488,1.0,0.0
asRNA:bsAS,-0.015496256,-16.533804,0.9876362718704488,1.0,0.0
CG15155,-0.015496256,-17.215338,0.9876362718704488,1.0,0.0
CG14280,-0.015496256,-16.280817,0.9876362718704488,1.0,0.0
CG10801,-0.015496256,-17.44801,0.9876362718704488,1.0,0.0
CG11598,-0.015496256,-16.125978,0.9876362718704488,1.0,0.0
CG32450,-0.015496256,-16.254847,0.9876362718704488,1.0,0.0
lncRNA:CR44343,-0.015496256,-17.667791,0.9876362718704488,1.0,0.0
CG33644,-0.015496256,-17.188782,0.9876362718704488,1.0,0.0
CG32219,-0.015496256,-16.8965,0.9876362718704488,1.0,0.0
lncRNA:CR44131,-0.015496256,-16.294827,0.9876362718704488,1.0,0.0
CG11356,-0.015496256,-16.74424,0.9876362718704488,1.0,0.0
asRNA:CR46269,-0.015496256,-16.549685,0.9876362718704488,1.0,0.0
Lcp4,-0.015496256,-16.823326,0.9876362718704488,1.0,0.0
asRNA:CR45205,-0.015496256,-16.820375,0.9876362718704488,1.0,0.0
eIF4E4,-0.015496256,-17.363018,0.9876362718704488,1.0,0.0
yellow-e,-0.015496256,-17.652441,0.9876362718704488,1.0,0.0
Skadu,-0.015496256,-17.403196,0.9876362718704488,1.0,0.0
mir-4946,-0.015496256,-16.888964,0.9876362718704488,1.0,0.0
CG42854,-0.015496256,-16.435408,0.9876362718704488,1.0,0.0
lncRNA:CR45335,-0.015496256,-16.300816,0.9876362718704488,1.0,0.0
CG42866,-0.015496256,-17.574125,0.9876362718704488,1.0,0.0
Sprn,-0.015496256,-17.477201,0.9876362718704488,1.0,0.0
CG34175,-0.015496256,-16.930088,0.9876362718704488,1.0,0.0
asRNA:CR44071,-0.015496256,-17.78291,0.9876362718704488,1.0,0.0
CG1773,-0.015496256,-17.132551,0.9876362718704488,1.0,0.0
lncRNA:TS20,-0.015496256,-16.79092,0.9876362718704488,1.0,0.0
CG8708,-0.015496256,-17.351564,0.9876362718704488,1.0,0.0
snoRNA:Psi18S-640g,-0.015496256,-16.842361,0.9876362718704488,1.0,0.0
Sfp33A2,-0.015496256,-17.047523,0.9876362718704488,1.0,0.0
Os-C,-0.015496256,-17.682089,0.9876362718704488,1.0,0.0
CG12020,-0.015496256,-16.933455,0.9876362718704488,1.0,0.0
CG13026,-0.015496256,-17.651066,0.9876362718704488,1.0,0.0
CG16852,-0.015496256,-17.218634,0.9876362718704488,1.0,0.0
lncRNA:CR44241,-0.015496256,-17.000685,0.9876362718704488,1.0,0.0
CG33939,-0.015496256,-17.700853,0.9876362718704488,1.0,0.0
CG6785,-0.015595906,-0.23620044,0.9875567716202435,1.0,0.0019932608798823026
CG32797,-0.015769836,-0.46426013,0.987418013177448,1.0,0.0019932608798823026
mtDNA-helicase,-0.015807342,-0.5175635,0.9873880906877285,1.0,0.0019932608798823026
Lcp3,-0.015847424,-0.017183969,0.9873561147134223,1.0,0.0003796687390252005
CG13841,-0.015855514,-0.16508844,0.9873496608495103,1.0,0.0003796687390252005
Ir76b,-0.015858455,-0.19151919,0.9873473139901111,1.0,0.0003796687390252005
CG40006,-0.015861396,-0.47511816,0.9873449671308214,1.0,0.0003796687390252005
lncRNA:CR44357,-0.015861396,-0.3428511,0.9873449671308214,1.0,0.0003796687390252005
CG6294,-0.015862131,-0.38257167,0.9873443804160161,1.0,0.0003796687390252005
fiz,-0.015865074,-0.36812872,0.9873420335568633,1.0,0.0003796687390252005
CG14811,-0.015865808,-0.4030986,0.9873414468420922,1.0,0.0003796687390252005
lncRNA:CR44448,-0.015865808,-0.396258,0.9873414468420922,1.0,0.0003796687390252005
Nlg1,-0.015873164,-0.59045166,0.987335579694758,1.0,0.0003796687390252005
asRNA:CR46067,-0.0158739,-0.62349373,0.9873349929800623,1.0,0.0003796687390252005
nvd,-0.0158739,-0.83595127,0.9873349929800623,1.0,0.0003796687390252005
lncRNA:CR45897,-0.015889343,-1.499316,0.987322671973034,1.0,0.0003796687390252005
CG12795,-0.01601547,-0.1303261,0.9872220505290715,1.0,0.049926439181813866
Ir56a,-0.01609894,-0.34369373,0.9871554586063979,1.0,0.004413649091167956
lncRNA:CR45559,-0.016218448,-0.12944691,0.9870601179038352,1.0,0.000759337478050401
CG14820,-0.01623095,-0.34278357,0.9870501438102209,1.0,0.000759337478050401
mt:tRNA:Leu-TAG,-0.016268458,-0.5110151,0.9870202215415281,1.0,0.000759337478050401
asRNA:CR46096,-0.016278753,-0.53170973,0.9870120075886084,1.0,0.000759337478050401
snsl,-0.01628096,-0.5956261,0.9870102474560191,1.0,0.000759337478050401
Mlh1,-0.016282799,-0.14979485,0.9870087806789095,1.0,0.004366190498789806
lncRNA:CR44353,-0.016645733,-0.37903365,0.9867192397437121,1.0,0.0011390062170756016
CstF50,-0.016668899,-0.14471036,0.9867007584664079,1.0,0.013715533197285369
lncRNA:CR45810,-0.016772594,-0.14958692,0.9866180328365598,1.0,0.00033221014664705045
asRNA:CR45163,-0.016778478,-0.21358556,0.9866133391881073,1.0,0.00033221014664705045
lncRNA:CR46148,-0.016784362,-0.3649442,0.9866086455401182,1.0,0.00033221014664705045
dob,-0.016786568,-0.5688885,0.9866068854222418,1.0,0.00033221014664705045
snoRNA:Psi28S-3571,-0.01678804,-0.4492581,0.9866057120103604,1.0,0.00033221014664705045
ppk21,-0.016789509,-0.6817572,0.9866045385985079,1.0,0.00033221014664705045
Klp3A,-0.016789509,-0.5639524,0.9866045385985079,1.0,0.00033221014664705045
CG43272,-0.016790245,-0.65548086,0.9866039518925926,1.0,0.00033221014664705045
CG6974,-0.016793188,-0.6604384,0.9866016050690036,1.0,0.00033221014664705045
CG13622,-0.01679907,-1.0483072,0.9865969114221737,1.0,0.00033221014664705045
Nse1,-0.016801277,-1.025855,0.986595151304732,1.0,0.00033221014664705045
bond,-0.016802013,-0.9412292,0.9865945645989326,1.0,0.00033221014664705045
lncRNA:CR44157,-0.016818928,-0.098202854,0.986581070367548,1.0,0.0023254710265293533
CG10462,-0.016959026,-0.3472984,0.9864693030772803,1.0,0.004366190498789806
qin,-0.017193997,-0.63913,0.986281851447581,1.0,0.0007118788856722509
AstA-R2,-0.01736241,-0.19341859,0.9861474969107126,1.0,0.002705139765554554
lncRNA:CR44993,-0.017387414,-0.26517454,0.9861275491089465,1.0,0.002705139765554554
Sbf,-0.01747493,-0.13417143,0.9860577318711443,1.0,0.056285890560485975
PGRP-SA,-0.017593335,-0.46517542,0.9859632734253463,1.0,0.0010915476246974515
Fum2,-0.01770512,-0.40341014,0.9858740954458926,1.0,0.0002847515542689004
CG14760,-0.017706592,-0.42499816,0.9858729220526001,1.0,0.0002847515542689004
asRNA:CR43454,-0.017708063,-0.6119689,0.9858717486593381,1.0,0.0002847515542689004
snoRNA:Psi28S-3305a,-0.017709533,-0.7458617,0.9858705752661068,1.0,0.0002847515542689004
et,-0.017709533,-0.51713204,0.9858705752661068,1.0,0.0002847515542689004
PGRP-SD,-0.017712476,-0.77338094,0.9858682284797358,1.0,0.0002847515542689004
asRNA:CR43842,-0.017712476,-0.67154264,0.9858682284797358,1.0,0.0002847515542689004
Cad86C,-0.017716153,-0.70192426,0.985865294996944,1.0,0.0002847515542689004
CG31226,-0.017717624,-1.0209613,0.9858641216038807,1.0,0.0002847515542689004
CG12744,-0.01771983,-1.0835923,0.9858623615143433,1.0,0.0002847515542689004
obst-E,-0.017870225,-0.2301758,0.9857423822402057,1.0,0.0030848085045797544
cv,-0.017915087,-0.29690427,0.9857065938637806,1.0,0.002278012434151203
Rfk,-0.017930163,-0.17084354,0.9856945666289766,1.0,0.05581130463670447
mt:tRNA:Trp-TCA,-0.017987527,-0.33592948,0.9856488044970264,1.0,0.001471216363722652
Obp8a,-0.018016208,-0.31213,0.9856259234487489,1.0,0.001471216363722652
CG7744,-0.018073939,-0.27359796,0.9855798680412907,1.0,0.003891604575008305
asRNA:CR42860,-0.018074675,-0.27971172,0.9855792813485118,1.0,0.0006644202932941009
asRNA:CR43875,-0.01809306,-0.4356932,0.9855646140315727,1.0,0.0006644202932941009
Gasp,-0.018125419,-0.6910286,0.9855387995656135,1.0,0.0006644202932941009
asRNA:CR45000,-0.018623674,-0.09154087,0.9851413173868718,1.0,0.00023729296189075032
CG31104,-0.018624408,-0.16985892,0.985140730700011,1.0,0.00023729296189075032
CG12896,-0.01862588,-0.249762,0.9851395573263131,1.0,0.00023729296189075032
asRNA:CR44958,-0.018627351,-0.37658417,0.9851383839526475,1.0,0.00023729296189075032
Ttc30,-0.018628087,-0.6606925,0.9851377972658267,1.0,0.00023729296189075032
CG16704,-0.018631028,-0.62621427,0.9851354505186241,1.0,0.00023729296189075032
CG9616,-0.018631028,-0.74633354,0.9851354505186241,1.0,0.00023729296189075032
snoRNA:Psi18S-1389a,-0.018631028,-0.670613,0.9851354505186241,1.0,0.00023729296189075032
CG13332,-0.018631764,-0.631518,0.9851348638318436,1.0,0.00023729296189075032
asRNA:CR43476,-0.018634705,-0.81231815,0.9851325170848017,1.0,0.00023729296189075032
Ugt36A1,-0.018634705,-0.90700614,0.9851325170848017,1.0,0.00023729296189075032
snoRNA:Psi18S-920,-0.01863544,-0.87395686,0.9851319303980614,1.0,0.00023729296189075032
Cyp4e2,-0.018636176,-0.90953475,0.9851313437113289,1.0,0.00023729296189075032
CG30110,-0.018636176,-0.9482656,0.9851313437113289,1.0,0.00023729296189075032
rib,-0.018638382,-1.746508,0.9851295836511802,1.0,0.00023729296189075032
CG3640,-0.018642059,-1.2985114,0.9851266502177598,1.0,0.00023729296189075032
Nxf3,-0.018910123,-0.1457911,0.9849128034656297,1.0,0.025817474253713633
Pos,-0.01899286,-0.23783164,0.9848468015998417,1.0,0.0006169617009159508
CG8468,-0.019015659,-0.52288616,0.9848286144372548,1.0,0.0006169617009159508
twy,-0.019019336,-0.5633928,0.9848256810246725,1.0,0.0006169617009159508
ymp,-0.019036986,-0.7454749,0.9848116006471338,1.0,0.0006169617009159508
CG1208,-0.01939661,-0.340304,0.9845247139911925,1.0,0.0009966304399411513
insv,-0.019472728,-0.045600906,0.9844639928377754,1.0,0.006169617009159509
Sox21a,-0.01948523,-0.11461814,0.9844540193235881,1.0,0.002989891319823454
CG43064,-0.019548845,-0.21691246,0.9844032717743597,1.0,0.00018983436951260026
Drsl2,-0.019551052,-0.42715874,0.9844015117448818,1.0,0.00018983436951260026
ds,-0.019551788,-0.6444486,0.9844009250684059,1.0,0.00018983436951260026
CG15484,-0.019552521,-0.65055305,0.9844003383919386,1.0,0.00018983436951260026
lncRNA:CR45793,-0.019553257,-0.6539131,0.9843997517154798,1.0,0.00018983436951260026
snoRNA:Psi18S-1377a,-0.019553993,-0.685443,0.9843991650390292,1.0,0.00018983436951260026
Cyp303a1,-0.019554729,-0.77257466,0.9843985783625873,1.0,0.00018983436951260026
CG14062,-0.019556934,-1.1553383,0.9843968183333118,1.0,0.00018983436951260026
CG10814,-0.019556934,-1.0914191,0.9843968183333118,1.0,0.00018983436951260026
dmGlut,-0.019556934,-1.0604526,0.9843968183333118,1.0,0.00018983436951260026
Sp212,-0.01955767,-1.2900667,0.9843962316569035,1.0,0.00018983436951260026
asRNA:CR45271,-0.019558406,-1.0773174,0.9843956449805037,1.0,0.00018983436951260026
CG9733,-0.019558406,-1.0318971,0.9843956449805037,1.0,0.00018983436951260026
CG32170,-0.019559141,-1.2651685,0.9843950583041123,1.0,0.00018983436951260026
Pcp,-0.019562082,-1.3734392,0.9843927115986311,1.0,0.00018983436951260026
CG8298,-0.019832354,-0.15285946,0.9841771086113269,1.0,0.026292060177495136
CG13360,-0.019928696,-0.33981264,0.98410025449171,1.0,0.0005695031085378008
DJ-1alpha,-0.020007387,-0.27917603,0.9840374806255957,1.0,0.017322386218024774
Dmel_CR42735,-0.020342374,-0.50439584,0.9837702528014748,1.0,0.0017559679179915523
dpn,-0.02047034,-0.2904423,0.9836681728383733,1.0,0.0001423757771344502
Prosbeta2R1,-0.02047181,-0.4411482,0.9836669995070153,1.0,0.0001423757771344502
CG43108,-0.020472545,-0.73985964,0.9836664128413495,1.0,0.0001423757771344502
dah,-0.02047328,-0.5039346,0.9836658261756926,1.0,0.0001423757771344502
CG3347,-0.02047328,-0.68128115,0.9836658261756926,1.0,0.0001423757771344502
CG6553,-0.020474017,-0.5991809,0.9836652395100445,1.0,0.0001423757771344502
CG31704,-0.020474752,-0.69507027,0.9836646528444053,1.0,0.0001423757771344502
Dnaaf4,-0.020475488,-0.9202111,0.9836640661787749,1.0,0.0001423757771344502
lncRNA:CR43196,-0.020475488,-0.90188116,0.9836640661787749,1.0,0.0001423757771344502
CG14419,-0.020475488,-0.69302154,0.9836640661787749,1.0,0.0001423757771344502
lncRNA:CR45188,-0.020475488,-0.6693533,0.9836640661787749,1.0,0.0001423757771344502
CG32436,-0.020476222,-1.0006828,0.9836634795131532,1.0,0.0001423757771344502
CG14244,-0.020476222,-0.91356385,0.9836634795131532,1.0,0.0001423757771344502
mElo,-0.020476958,-0.8616575,0.9836628928475406,1.0,0.0001423757771344502
CG30280,-0.020476958,-0.93877345,0.9836628928475406,1.0,0.0001423757771344502
inaF-C,-0.020477694,-1.0865417,0.9836623061819366,1.0,0.0001423757771344502
CG3491,-0.020477694,-1.4486235,0.9836623061819366,1.0,0.0001423757771344502
snoRNA:Psi18S-1377c,-0.020477694,-1.1794142,0.9836623061819366,1.0,0.0001423757771344502
CG8813,-0.02047843,-1.1297687,0.9836617195163415,1.0,0.0001423757771344502
BBS5,-0.02047843,-1.1929896,0.9836617195163415,1.0,0.0001423757771344502
Tpc2,-0.020479165,-1.3378472,0.9836611328507553,1.0,0.0001423757771344502
asRNA:CR45044,-0.020479165,-1.2726134,0.9836611328507553,1.0,0.0001423757771344502
Dhc62B,-0.0204799,-1.6703448,0.983660546185178,1.0,0.0001423757771344502
CG13678,-0.020480635,-1.5905977,0.9836599595196094,1.0,0.0001423757771344502
CG2816,-0.020480635,-1.3234023,0.9836599595196094,1.0,0.0001423757771344502
CG11060,-0.020482106,-1.7096565,0.9836587861884988,1.0,0.0001423757771344502
asRNA:CR45867,-0.020482106,-1.5168791,0.9836587861884988,1.0,0.0001423757771344502
CG12780,-0.02061191,-0.018605737,0.9835552398574836,1.0,0.0013288405865882018
asRNA:CR46354,-0.02062,-0.36303496,0.983548786554222,1.0,0.005410279531109108
CG32817,-0.020702,-0.2736378,0.9834833735865361,1.0,0.0013288405865882018
CG32669,-0.020808637,0.06265019,0.9833983075615406,1.0,0.0005220445161596507
CG31909,-0.020838054,-0.25556192,0.9833748411050636,1.0,0.0005220445161596507
CG8738,-0.020838054,-0.26951322,0.9833748411050636,1.0,0.0005220445161596507
CG33642,-0.020851292,-0.4763648,0.9833642812043408,1.0,0.0005220445161596507
lncRNA:CR44809,-0.02119106,-0.13241023,0.9830932447551659,1.0,0.0009017132551848512
Arpc4,-0.021369036,-0.13121669,0.9829512740586263,1.0,0.1482606425893408
VhaM9.7-c,-0.021389259,-0.20022753,0.9829351410590087,1.0,0.013620616012529068
pre-mod(mdg4)-I,-0.021394776,-0.17406857,0.982930741151233,1.0,9.491718475630013e-05
asRNA:CR44304,-0.021397717,-1.3471835,0.982928394533965,1.0,9.491718475630013e-05
CG15368,-0.021397717,-1.0966657,0.982928394533965,1.0,9.491718475630013e-05
CG43095,-0.021398453,-1.1682352,0.982927807879671,1.0,9.491718475630013e-05
CG34207,-0.021398453,-1.2519113,0.982927807879671,1.0,9.491718475630013e-05
lncRNA:CR44763,-0.021398453,-1.2313424,0.982927807879671,1.0,9.491718475630013e-05
CG16741,-0.021399189,-1.3711628,0.9829272212253863,1.0,9.491718475630013e-05
CG43999,-0.021399189,-1.1640213,0.9829272212253863,1.0,9.491718475630013e-05
CG4362,-0.021399189,-1.4318653,0.9829272212253863,1.0,9.491718475630013e-05
fan,-0.021399189,-1.434373,0.9829272212253863,1.0,9.491718475630013e-05
lncRNA:CR43878,-0.021399189,-1.5460057,0.9829272212253863,1.0,9.491718475630013e-05
lncRNA:CR45823,-0.021399189,-1.4863569,0.9829272212253863,1.0,9.491718475630013e-05
CG42269,-0.021399189,-1.5290046,0.9829272212253863,1.0,9.491718475630013e-05
lncRNA:CR45179,-0.021399923,-1.3367753,0.9829266345711108,1.0,9.491718475630013e-05
CG13250,-0.021399923,-1.6933515,0.9829266345711108,1.0,9.491718475630013e-05
CG9458,-0.021400658,-1.7999578,0.9829260479168447,1.0,9.491718475630013e-05
boly,-0.021400658,-1.5076525,0.9829260479168447,1.0,9.491718475630013e-05
tap,-0.021400658,-1.4773351,0.9829260479168447,1.0,9.491718475630013e-05
CG45076,-0.021400658,-1.6356558,0.9829260479168447,1.0,9.491718475630013e-05
CG1273,-0.021400658,-1.5985683,0.9829260479168447,1.0,9.491718475630013e-05
Listericin,-0.021401394,-1.958167,0.9829254612625876,1.0,9.491718475630013e-05
CG31287,-0.021401394,-2.2324944,0.9829254612625876,1.0,9.491718475630013e-05
CG33476,-0.021401394,-1.9334393,0.9829254612625876,1.0,9.491718475630013e-05
snoRNA:CD66,-0.021401394,-2.0465345,0.9829254612625876,1.0,9.491718475630013e-05
CG32726,-0.02140213,-2.0356839,0.9829248746083399,1.0,9.491718475630013e-05
Pgam2,-0.02140213,-2.3481865,0.9829248746083399,1.0,9.491718475630013e-05
CG43219,-0.021512076,-0.21161343,0.9828371699023536,1.0,0.006549285748184709
CG30376,-0.021765064,-0.31579784,0.9826353618701064,1.0,0.00047458592378150065
CG8888,-0.021772418,-0.54935145,0.9826294953740994,1.0,0.00047458592378150065
fz3,-0.021884572,-0.16886674,0.9825400314265712,1.0,0.002467846803663803
hng2,-0.021969883,-0.14225544,0.982471980308544,1.0,0.02230553841773053
CG11920,-0.022064753,-0.15821125,0.9823963029219253,1.0,0.00730862322623511
Tmlh,-0.02217139,-0.45817432,0.9823112393819198,1.0,0.0008542546628067012
CG33342,-0.022319946,-1.1177667,0.9821927374064702,1.0,4.7458592378150065e-05
AgmNAT,-0.022319946,-1.5996978,0.9821927374064702,1.0,4.7458592378150065e-05
Tsp42Ec,-0.022319946,-1.4162023,0.9821927374064702,1.0,4.7458592378150065e-05
lncRNA:CR43406,-0.022320682,-1.6808761,0.9821921507640026,1.0,4.7458592378150065e-05
Gr33a,-0.022320682,-1.403147,0.9821921507640026,1.0,4.7458592378150065e-05
CG33460,-0.022320682,-1.4510666,0.9821921507640026,1.0,4.7458592378150065e-05
CG15239,-0.022320682,-1.814151,0.9821921507640026,1.0,4.7458592378150065e-05
mir-4964,-0.022320682,-1.83515,0.9821921507640026,1.0,4.7458592378150065e-05
CG43231,-0.022320682,-1.8146468,0.9821921507640026,1.0,4.7458592378150065e-05
CG33770,-0.022320682,-2.030047,0.9821921507640026,1.0,4.7458592378150065e-05
CG2750,-0.022320682,-1.7843634,0.9821921507640026,1.0,4.7458592378150065e-05
CG42300,-0.022320682,-1.3552247,0.9821921507640026,1.0,4.7458592378150065e-05
Su(Ste):CR42439,-0.022320682,-1.4615136,0.9821921507640026,1.0,4.7458592378150065e-05
asRNA:CR45712,-0.022320682,-1.5126293,0.9821921507640026,1.0,4.7458592378150065e-05
Cpr64Ac,-0.022321418,-1.8901373,0.9821915641215446,1.0,4.7458592378150065e-05
CG8851,-0.022321418,-2.2967184,0.9821915641215446,1.0,4.7458592378150065e-05
lncRNA:CR9162,-0.022321418,-2.3724048,0.9821915641215446,1.0,4.7458592378150065e-05
CG14143,-0.022321418,-1.8376412,0.9821915641215446,1.0,4.7458592378150065e-05
lncRNA:dntRL,-0.022321418,-1.9364547,0.9821915641215446,1.0,4.7458592378150065e-05
snoRNA:Irbp-a,-0.022321418,-1.7919466,0.9821915641215446,1.0,4.7458592378150065e-05
CG43149,-0.022322154,-2.502034,0.9821909774790963,1.0,4.7458592378150065e-05
CG7896,-0.022322154,-2.6857238,0.9821909774790963,1.0,4.7458592378150065e-05
snoRNA:CD56a,-0.022322154,-2.5295258,0.9821909774790963,1.0,4.7458592378150065e-05
Hsp70Bbb,-0.022322154,-2.1134145,0.9821909774790963,1.0,4.7458592378150065e-05
mir-4975,-0.022322154,-1.9726281,0.9821909774790963,1.0,4.7458592378150065e-05
lncRNA:CR44804,-0.022322154,-2.166625,0.9821909774790963,1.0,4.7458592378150065e-05
CG3323,-0.022322154,-2.3468807,0.9821909774790963,1.0,4.7458592378150065e-05
CG13558,-0.022322154,-2.0633645,0.9821909774790963,1.0,4.7458592378150065e-05
S-Lap3,-0.022322154,-2.0293977,0.9821909774790963,1.0,4.7458592378150065e-05
CG4286,-0.022322154,-1.9412733,0.9821909774790963,1.0,4.7458592378150065e-05
Tsp47F,-0.022322154,-2.2918859,0.9821909774790963,1.0,4.7458592378150065e-05
Cyp309a2,-0.022322154,-2.3348143,0.9821909774790963,1.0,4.7458592378150065e-05
CG18231,-0.022322154,-2.317938,0.9821909774790963,1.0,4.7458592378150065e-05
lncRNA:CR45615,-0.022322154,-2.4820137,0.9821909774790963,1.0,4.7458592378150065e-05
CG16898,-0.022322154,-2.1334007,0.9821909774790963,1.0,4.7458592378150065e-05
CG15646,-0.022322154,-2.247259,0.9821909774790963,1.0,4.7458592378150065e-05
CG5326,-0.022322154,-2.633168,0.9821909774790963,1.0,4.7458592378150065e-05
CG43938,-0.022322154,-2.5240178,0.9821909774790963,1.0,4.7458592378150065e-05
scaRNA:MeU2-G25,-0.022322154,-2.178067,0.9821909774790963,1.0,4.7458592378150065e-05
snoRNA:Psi18S-525h,-0.02232289,-2.8304663,0.9821903908366576,1.0,4.7458592378150065e-05
CG42749,-0.02232289,-2.2470834,0.9821903908366576,1.0,4.7458592378150065e-05
CG15200,-0.02232289,-3.3529553,0.9821903908366576,1.0,4.7458592378150065e-05
Dmel_CR43610,-0.02232289,-2.0371218,0.9821903908366576,1.0,4.7458592378150065e-05
CG34169,-0.02232289,-2.4403052,0.9821903908366576,1.0,4.7458592378150065e-05
CG33792,-0.02232289,-3.3033774,0.9821903908366576,1.0,4.7458592378150065e-05
CG9452,-0.02232289,-3.038854,0.9821903908366576,1.0,4.7458592378150065e-05
CG14756,-0.02232289,-3.171543,0.9821903908366576,1.0,4.7458592378150065e-05
CG17237,-0.02232289,-3.209528,0.9821903908366576,1.0,4.7458592378150065e-05
Grl62c,-0.02232289,-2.4647381,0.9821903908366576,1.0,4.7458592378150065e-05
CG14406,-0.02232289,-2.1434166,0.9821903908366576,1.0,4.7458592378150065e-05
S-Lap5,-0.02232289,-2.3492162,0.9821903908366576,1.0,4.7458592378150065e-05
CG44303,-0.02232289,-2.4514518,0.9821903908366576,1.0,4.7458592378150065e-05
CG3817,-0.022343114,-0.15554854,0.9821742581733691,1.0,0.0392482558967301
Sirt6,-0.022458943,-0.22461252,0.9820818621515354,1.0,0.00773575055763846
OSCP1,-0.022536531,-0.31158635,0.982019971617291,1.0,0.0012339234018319016
lncRNA:CR44474,-0.02255602,-0.14680211,0.982004425670704,1.0,0.006454368563428408
CG34302,-0.022672953,-0.116259344,0.9819111501348998,1.0,0.0004271273314033506
lncRNA:CR45340,-0.02267663,-0.17137516,0.9819082169459539,1.0,0.0004271273314033506
Osi12,-0.02268325,-0.29330787,0.9819029372064675,1.0,0.0004271273314033506
CG10918,-0.02268619,-0.3785055,0.9819005906558391,1.0,0.0004271273314033506
CG11760,-0.022686927,-0.4974995,0.9819000040182065,1.0,0.0004271273314033506
snoRNA:Psi28S-1135d,-0.022695752,-0.6824972,0.9818929643673785,1.0,0.0004271273314033506
lncRNA:CR44973,-0.022705313,-0.84111613,0.9818853380805727,1.0,0.0004271273314033506
CG15425,-0.02271561,-0.8532006,0.9818771251581717,1.0,0.0004271273314033506
CG11893,-0.02271708,-1.0667218,0.9818759518836998,1.0,0.0004271273314033506
Tbp,-0.022736201,-0.11227777,0.9818606993191331,1.0,0.026149684400360685
lncRNA:CR45381,-0.022973744,-0.2994219,0.9816712160908916,1.0,0.001613592140857102
MP1,-0.02302118,-0.1839535,0.981633378232303,1.0,0.00726116463385696
CG31431,-0.023079647,-0.49251541,0.9815867409285769,1.0,0.000806796070428551
CG33098,-0.023110166,-0.5803788,0.981562395694389,1.0,0.000806796070428551
CG4661,-0.023123404,-0.23541526,0.9815518363210429,1.0,0.008115419296663661
Alp5,-0.023244383,-17.831095,0.9814553355312758,1.0,0.0
lncRNA:CR44642,-0.023244383,-17.82484,0.9814553355312758,1.0,0.0
Mal-B1,-0.023244383,-17.337036,0.9814553355312758,1.0,0.0
CG10730,-0.023244383,-17.57252,0.9814553355312758,1.0,0.0
CG32806,-0.023244383,-17.741089,0.9814553355312758,1.0,0.0
lncRNA:CR45888,-0.023244383,-17.388138,0.9814553355312758,1.0,0.0
lncRNA:CR44909,-0.023244383,-17.797016,0.9814553355312758,1.0,0.0
CG11756,-0.023244383,-17.66181,0.9814553355312758,1.0,0.0
Diedel,-0.023244383,-17.828012,0.9814553355312758,1.0,0.0
CG17658,-0.023244383,-17.711546,0.9814553355312758,1.0,0.0
CG14265,-0.023244383,-17.1727,0.9814553355312758,1.0,0.0
lncRNA:CR46007,-0.023244383,-17.45079,0.9814553355312758,1.0,0.0
Prm,-0.023244383,-17.883112,0.9814553355312758,1.0,0.0
lncRNA:CR46019,-0.023244383,-16.830956,0.9814553355312758,1.0,0.0
snoRNA:CD74,-0.023244383,-17.15361,0.9814553355312758,1.0,0.0
lncRNA:CR44710,-0.023244383,-17.337986,0.9814553355312758,1.0,0.0
lncRNA:CR46013,-0.023244383,-17.352627,0.9814553355312758,1.0,0.0
lncRNA:CR44039,-0.023244383,-17.831093,0.9814553355312758,1.0,0.0
Gr9a,-0.023244383,-17.94333,0.9814553355312758,1.0,0.0
lncRNA:CR45435,-0.023244383,-16.966095,0.9814553355312758,1.0,0.0
lush,-0.023244383,-16.995913,0.9814553355312758,1.0,0.0
CG31862,-0.023244383,-17.755695,0.9814553355312758,1.0,0.0
B9d1,-0.023244383,-17.503237,0.9814553355312758,1.0,0.0
MtnD,-0.023244383,-18.226694,0.9814553355312758,1.0,0.0
CG10339,-0.023244383,-17.939188,0.9814553355312758,1.0,0.0
Dmel_CR34568,-0.023244383,-17.625952,0.9814553355312758,1.0,0.0
Spn28Db,-0.023244383,-18.037521,0.9814553355312758,1.0,0.0
APC7,-0.023244383,-17.013254,0.9814553355312758,1.0,0.0
CG13196,-0.023244383,-17.257256,0.9814553355312758,1.0,0.0
CG42841,-0.023244383,-18.039106,0.9814553355312758,1.0,0.0
CG5327,-0.023244383,-17.547152,0.9814553355312758,1.0,0.0
lncRNA:CR45253,-0.023244383,-17.605186,0.9814553355312758,1.0,0.0
CG15025,-0.023244383,-17.348906,0.9814553355312758,1.0,0.0
CG14297,-0.023244383,-17.811348,0.9814553355312758,1.0,0.0
wg,-0.023244383,-17.408022,0.9814553355312758,1.0,0.0
Cdc6,-0.023244383,-17.016232,0.9814553355312758,1.0,0.0
asRNA:CR45326,-0.023244383,-17.146639,0.9814553355312758,1.0,0.0
CG31245,-0.023244383,-17.912657,0.9814553355312758,1.0,0.0
CG18649,-0.023244383,-17.525385,0.9814553355312758,1.0,0.0
CG33235,-0.023244383,-17.149567,0.9814553355312758,1.0,0.0
lncRNA:CR45651,-0.023244383,-16.92168,0.9814553355312758,1.0,0.0
asRNA:CR44907,-0.023244383,-17.841476,0.9814553355312758,1.0,0.0
CG32246,-0.023244383,-17.851858,0.9814553355312758,1.0,0.0
CG43077,-0.023244383,-17.702606,0.9814553355312758,1.0,0.0
CG6337,-0.023244383,-18.351624,0.9814553355312758,1.0,0.0
Jon99Ci,-0.023244383,-16.650997,0.9814553355312758,1.0,0.0
CG34434,-0.023244383,-17.163666,0.9814553355312758,1.0,0.0
CG14402,-0.023244383,-17.815226,0.9814553355312758,1.0,0.0
CG3581,-0.023244383,-17.44442,0.9814553355312758,1.0,0.0
snoRNA:Psi18S-525g,-0.023244383,-18.123045,0.9814553355312758,1.0,0.0
lncRNA:CR43905,-0.023244383,-17.909182,0.9814553355312758,1.0,0.0
atk,-0.023244383,-17.361807,0.9814553355312758,1.0,0.0
TotM,-0.02362791,-0.8593277,0.981149409296175,1.0,0.0003796687390252005
Ptth,-0.023628645,-1.0416759,0.9811488226713354,1.0,0.0003796687390252005
asRNA:CR44351,-0.023632323,-1.1349525,0.9811458895472909,1.0,0.0003796687390252005
lncRNA:CR45231,-0.023982756,-0.3529967,0.9808663640011572,1.0,0.000759337478050401
CG13373,-0.02401585,-0.59205693,0.9808399661166204,1.0,0.000759337478050401
CG10864,-0.024349,-0.36864358,0.980574228585821,1.0,0.0019458022875041526
lncRNA:CR44986,-0.024372902,-0.40191677,0.9805551636137063,1.0,0.0011390062170756016
Akh,-0.024474023,-0.78576833,0.9804745042393201,1.0,0.0011390062170756016
CG31007,-0.024518516,-0.17590345,0.980439014177781,1.0,0.003939063167386455
CG13891,-0.024536535,-0.62300825,0.9804246421803992,1.0,0.00033221014664705045
asRNA:CR43466,-0.02453874,-0.7503046,0.9804228823444215,1.0,0.00033221014664705045
snoRNA:Psi28S-2442a,-0.024541682,-0.77993256,0.9804205358965997,1.0,0.00033221014664705045
CG17707,-0.024541682,-0.86822796,0.9804205358965997,1.0,0.00033221014664705045
Cyp4g1,-0.024548301,-0.79935277,0.9804152563896199,1.0,0.00033221014664705045
CG34253,-0.024771504,-0.27514848,0.9802372201857179,1.0,0.001518674956100802
lncRNA:CR44814,-0.024873361,-0.043255337,0.9801559749958442,1.0,0.0007118788856722509
IFT57,-0.024915282,-0.4014395,0.9801225384070442,1.0,0.0007118788856722509
sncRNA:CR43701,-0.024966026,-0.6977577,0.9800820625831216,1.0,0.001518674956100802
Pex14,-0.025130762,-0.14772846,0.9799506631608925,1.0,0.06981158938825874
snoRNA:Psi18S-176,-0.02544516,-0.38936388,0.9796998912227571,1.0,0.0002847515542689004
CG15580,-0.02544663,-0.4313006,0.9796987180254028,1.0,0.0002847515542689004
lncRNA:CR44111,-0.025447365,-0.2500276,0.979698131426742,1.0,0.0002847515542689004
CG13101,-0.02545619,-0.5647869,0.9796910922436696,1.0,0.0002847515542689004
CG13559,-0.025459131,-0.76744187,0.9796887458496635,1.0,0.0002847515542689004
Cpr50Ca,-0.025460603,-0.79819804,0.9796875726527263,1.0,0.0002847515542689004
lncRNA:CR44822,-0.025460603,-0.84398603,0.9796875726527263,1.0,0.0002847515542689004
lncRNA:CR44299,-0.025466487,-1.2938188,0.9796828798654171,1.0,0.0002847515542689004
CG13833,-0.025470164,-1.3963677,0.979679946873706,1.0,0.0002847515542689004
CG13978,-0.02616919,-0.3236519,0.9791223901843951,1.0,0.0018508851027478526
sphinx2,-0.026371434,-0.61813074,0.9789610789872878,1.0,0.00023729296189075032
lncRNA:CR44915,-0.026372904,-0.35966417,0.9789599058180884,1.0,0.00023729296189075032
lncRNA:CR44632,-0.026372904,-0.43598762,0.9789599058180884,1.0,0.00023729296189075032
ddbt,-0.02637364,-0.6069756,0.9789593192335059,1.0,0.00023729296189075032
CG3557,-0.026374375,-0.5657507,0.9789587326489346,1.0,0.00023729296189075032
CG10936,-0.026375847,-0.8434166,0.9789575594798263,1.0,0.00023729296189075032
RpL7-like,-0.026378788,-0.7648873,0.9789552131417463,1.0,0.00023729296189075032
CG4408,-0.026380993,-0.73416764,0.9789534533883057,1.0,0.00023729296189075032
asRNA:CR45028,-0.026380993,-0.9395449,0.9789534533883057,1.0,0.00023729296189075032
obst-B,-0.026382465,-0.9580631,0.9789522802194023,1.0,0.00023729296189075032
CG10657,-0.026383936,-1.2594949,0.9789511070505443,1.0,0.00023729296189075032
lncRNA:CR44042,-0.026385406,-1.3440804,0.9789499338817319,1.0,0.00023729296189075032
ppk27,-0.026385406,-1.1678554,0.9789499338817319,1.0,0.00023729296189075032
Cpr50Cb,-0.02639129,-1.8608716,0.9789452412069375,1.0,0.00023729296189075032
en,-0.026403792,-0.13727924,0.9789352692754191,1.0,0.002230553841773053
Tango2,-0.02642365,-0.21795635,0.9789194315085974,1.0,0.012481609795453466
CG30020,-0.026692448,-0.19930749,0.9787050358927535,1.0,0.034976982582696596
lncRNA:CR44702,-0.026754593,-0.49303508,0.9786554699564254,1.0,0.0006169617009159508
CG5262,-0.026827032,-0.21817167,0.9785976920163382,1.0,0.013335864458260169
p53,-0.027077815,-0.23220997,0.9783976697629305,1.0,0.008732380997579612
CG43092,-0.027293295,-0.205738,0.978225804219102,1.0,0.00018983436951260026
CG43968,-0.027296973,-0.6003982,0.9782228713687411,1.0,0.00018983436951260026
CG34453,-0.02730212,-0.96942174,0.9782187653787304,1.0,0.00018983436951260026
CG9701,-0.027303591,-1.0781653,0.9782175922388334,1.0,0.00018983436951260026
lncRNA:CR44977,-0.027303591,-1.2240225,0.9782175922388334,1.0,0.00018983436951260026
CG34188,-0.027304327,-1.0349983,0.9782170056689026,1.0,0.00018983436951260026
yellow-g,-0.027305063,-1.1945493,0.9782164190989835,1.0,0.00018983436951260026
Nepl20,-0.027306532,-1.4278805,0.9782152459591806,1.0,0.00018983436951260026
CG18744,-0.027308004,-1.339469,0.978214072819425,1.0,0.00018983436951260026
CG43445,-0.027310211,-1.8825395,0.9782123131098798,1.0,0.00018983436951260026
mwh,-0.027310945,-1.298894,0.9782117265400548,1.0,0.00018983436951260026
CG34109,-0.027312417,-2.1296842,0.9782105534004406,1.0,0.00018983436951260026
snoRNA:Psi18S-1377e,-0.027312417,-1.5930029,0.9782105534004406,1.0,0.00018983436951260026
asRNA:CR44031,-0.02745031,-0.28597194,0.9781005717712609,1.0,0.005030610792083907
spel1,-0.027464284,-0.13250808,0.9780894269893657,1.0,0.01480708082198282
dsf,-0.02748414,0.018713726,0.9780735896750832,1.0,0.0025627639884201036
Cht8,-0.027556947,-0.23630443,0.9780155195967078,1.0,0.0013762991789663518
lncRNA:CR44051,-0.027645934,-0.06255821,0.9779445452147245,1.0,0.0005695031085378008
CG5565,-0.027688589,-0.63798285,0.9779105244984562,1.0,0.0005695031085378008
CG45067,-0.027695945,-0.7990332,0.9779046588617796,1.0,0.0005695031085378008
Dnah3,-0.027701827,-0.81252795,0.9778999663532985,1.0,0.0005695031085378008
h-cup,-0.02770771,-0.78049964,0.9778952738455822,1.0,0.0005695031085378008
Argl,-0.027933488,-0.41794968,0.977715199441428,1.0,0.003796687390252005
Cyp311a1,-0.027987542,-0.31723306,0.9776720873336664,1.0,0.0017559679179915523
spag4,-0.028083147,-0.48953283,0.9775958347858366,1.0,0.0009491718475630013
snoRNA:Psi28S-1192b,-0.028223248,-1.0881405,0.9774840958453782,1.0,0.0001423757771344502
lncRNA:CR43417,-0.028224718,-1.1680458,0.9774829227354822,1.0,0.0001423757771344502
Phlpp,-0.028224718,-1.3690594,0.9774829227354822,1.0,0.0001423757771344502
asRNA:CR44873,-0.028225454,-1.4588596,0.9774823361805525,1.0,0.0001423757771344502
CG11841,-0.02822619,-1.2930614,0.9774817496256349,1.0,0.0001423757771344502
alpha-Est1,-0.028226925,-1.3533967,0.9774811630707296,1.0,0.0001423757771344502
CG12911,-0.02822766,-1.5694134,0.9774805765158364,1.0,0.0001423757771344502
CG13473,-0.02822766,-1.5009673,0.9774805765158364,1.0,0.0001423757771344502
CG6527,-0.028228395,-1.9024217,0.9774799899609553,1.0,0.0001423757771344502
CG12693,-0.028228395,-1.633421,0.9774799899609553,1.0,0.0001423757771344502
CG15296,-0.02822913,-1.9568529,0.9774794034060865,1.0,0.0001423757771344502
CG3746,-0.028231338,-1.9263493,0.977477643741553,1.0,0.0001423757771344502
Tsp29Fb,-0.02848359,-0.01082874,0.9772764561546621,1.0,0.0025153053960419534
CG30056,-0.028591698,-0.44494846,0.9771902333449037,1.0,0.0005220445161596507
lncRNA:CR46024,-0.028596846,-0.53666455,0.9771861275034598,1.0,0.0005220445161596507
CG7724,-0.028607141,-0.63985705,0.9771779158223853,1.0,0.0005220445161596507
CG9498,-0.028614497,-0.6875631,0.9771720503373844,1.0,0.0005220445161596507
CG33514,-0.028960884,-0.29315162,0.97689578739755,1.0,0.0009017132551848512
CG8841,-0.029084804,-0.20672846,0.9767969551488136,1.0,0.025247971145175834
CG6927,-0.029142903,-0.927507,0.9767506184900674,1.0,9.491718475630013e-05
CG43255,-0.029143639,-0.8723162,0.9767500319505857,1.0,9.491718475630013e-05
CG12395,-0.029144375,-0.85631657,0.9767494454111167,1.0,9.491718475630013e-05
CG2887,-0.029144375,-1.2391974,0.9767494454111167,1.0,9.491718475630013e-05
geko,-0.02914511,-1.1813233,0.9767488588716603,1.0,9.491718475630013e-05
CG31207,-0.02914511,-1.1844974,0.9767488588716603,1.0,9.491718475630013e-05
CG11674,-0.029145844,-1.5229715,0.9767482723322164,1.0,9.491718475630013e-05
CG33641,-0.029145844,-1.375152,0.9767482723322164,1.0,9.491718475630013e-05
CG3604,-0.02914658,-1.3808364,0.976747685792785,1.0,9.491718475630013e-05
CG31205,-0.029147316,-1.7356737,0.9767470992533663,1.0,9.491718475630013e-05
asRNA:CR44896,-0.029147316,-1.6258174,0.9767470992533663,1.0,9.491718475630013e-05
js,-0.029147316,-1.773854,0.9767470992533663,1.0,9.491718475630013e-05
lncRNA:CR45906,-0.029147316,-1.6950973,0.9767470992533663,1.0,9.491718475630013e-05
CG9806,-0.029147316,-1.4278346,0.9767470992533663,1.0,9.491718475630013e-05
lncRNA:CR45880,-0.029148052,-1.630669,0.9767465127139601,1.0,9.491718475630013e-05
CG4306,-0.029148052,-1.69046,0.9767465127139601,1.0,9.491718475630013e-05
Mlc1,-0.029148052,-1.6700553,0.9767465127139601,1.0,9.491718475630013e-05
Mzt1,-0.029148052,-1.665559,0.9767465127139601,1.0,9.491718475630013e-05
lncRNA:CR43991,-0.029148052,-1.7398179,0.9767465127139601,1.0,9.491718475630013e-05
CG13838,-0.029148787,-1.914511,0.9767459261745665,1.0,9.491718475630013e-05
lncRNA:CR45043,-0.029148787,-2.016622,0.9767459261745665,1.0,9.491718475630013e-05
lncRNA:CR46352,-0.029149523,-2.1497972,0.9767453396351855,1.0,9.491718475630013e-05
CG32074,-0.029149523,-2.2483215,0.9767453396351855,1.0,9.491718475630013e-05
asRNA:CR45912,-0.029149523,-2.096181,0.9767453396351855,1.0,9.491718475630013e-05
lncRNA:CR30121,-0.029149523,-1.9168751,0.9767453396351855,1.0,9.491718475630013e-05
asRNA:CR43964,-0.029150993,-2.1994832,0.9767441665564611,1.0,9.491718475630013e-05
CG10165,-0.029413175,-0.46901917,0.9765350660797852,1.0,0.0012813819942100518
Cad88C,-0.029491864,-0.17436975,0.9764723069238898,1.0,0.00047458592378150065
CG15553,-0.029525695,-0.74107087,0.9764453263969405,1.0,0.00047458592378150065
CG32259,-0.029528636,-0.73365545,0.9764429802654354,1.0,0.00047458592378150065
CG13305,-0.029537462,-0.82822406,0.9764359418721431,1.0,0.00047458592378150065
CG8399,-0.029873185,-0.26532108,0.9761681910281436,1.0,0.0008542546628067012
asRNA:CR46066,-0.02989819,-0.41448906,0.976148249122742,1.0,0.0008542546628067012
gskt,-0.030067706,-1.5861545,0.976013055128419,1.0,4.7458592378150065e-05
CG43074,-0.030067706,-1.7081801,0.976013055128419,1.0,4.7458592378150065e-05
asRNA:CR46082,-0.030067706,-1.4576072,0.976013055128419,1.0,4.7458592378150065e-05
Adgf-B,-0.030067706,-1.091848,0.976013055128419,1.0,4.7458592378150065e-05
CG14423,-0.030067706,-1.6882826,0.976013055128419,1.0,4.7458592378150065e-05
yellow-d,-0.030068442,-1.8332006,0.9760124686049962,1.0,4.7458592378150065e-05
CG45546,-0.030068442,-1.9650049,0.9760124686049962,1.0,4.7458592378150065e-05
CG13806,-0.030068442,-1.5936466,0.9760124686049962,1.0,4.7458592378150065e-05
S-Lap2,-0.030069178,-2.10006,0.9760118820815865,1.0,4.7458592378150065e-05
CG33189,-0.030069178,-1.8343663,0.9760118820815865,1.0,4.7458592378150065e-05
pav,-0.030069914,-2.3372498,0.9760112955581898,1.0,4.7458592378150065e-05
Nep5,-0.030069914,-2.5699499,0.9760112955581898,1.0,4.7458592378150065e-05
lncRNA:CR45047,-0.030069914,-2.4095435,0.9760112955581898,1.0,4.7458592378150065e-05
CG14000,-0.03007065,-2.3436327,0.9760107090348059,1.0,4.7458592378150065e-05
CG30355,-0.03007065,-2.4924138,0.9760107090348059,1.0,4.7458592378150065e-05
lncRNA:CR43836,-0.03007065,-2.5720923,0.9760107090348059,1.0,4.7458592378150065e-05
lncRNA:CR43686,-0.03007065,-2.574903,0.9760107090348059,1.0,4.7458592378150065e-05
CG4691,-0.03007065,-2.7588344,0.9760107090348059,1.0,4.7458592378150065e-05
CG33673,-0.030071383,-3.4169705,0.9760101225114352,1.0,4.7458592378150065e-05
CG15147,-0.030071383,-3.5302427,0.9760101225114352,1.0,4.7458592378150065e-05
CG6830,-0.030071383,-3.460137,0.9760101225114352,1.0,4.7458592378150065e-05
CG31709,-0.030071383,-3.6980784,0.9760101225114352,1.0,4.7458592378150065e-05
CG30270,-0.030071383,-3.3338542,0.9760101225114352,1.0,4.7458592378150065e-05
lncRNA:CR44775,-0.030071383,-3.1315112,0.9760101225114352,1.0,4.7458592378150065e-05
IFT20,-0.030071383,-3.652972,0.9760101225114352,1.0,4.7458592378150065e-05
CG4218,-0.030071383,-3.2854083,0.9760101225114352,1.0,4.7458592378150065e-05
CG11106,-0.030071383,-3.0672998,0.9760101225114352,1.0,4.7458592378150065e-05
lncRNA:CR44528,-0.030071383,-3.440221,0.9760101225114352,1.0,4.7458592378150065e-05
CG1791,-0.030071383,-2.4207635,0.9760101225114352,1.0,4.7458592378150065e-05
Cad74A,-0.030071383,-2.9255805,0.9760101225114352,1.0,4.7458592378150065e-05
CG44437,-0.030195305,-0.2555057,0.9759112935089362,1.0,0.002040719472260453
NaPi-III,-0.030268848,-0.022432584,0.9758526414566923,1.0,0.45659911727018176
dila,-0.030425126,-0.35914126,0.9757280062795783,1.0,0.0004271273314033506
CG15144,-0.030453809,-0.7780995,0.9757051321231092,1.0,0.0004271273314033506
CG8501,-0.030454544,-0.87087107,0.9757045456065393,1.0,0.0004271273314033506
CG3434,-0.03078181,-0.11808388,0.9754435470411711,1.0,0.010868017654596364
CG18641,-0.030992512,-18.223846,0.9752755122757094,1.0,0.0
CG15482,-0.030992512,-18.576475,0.9752755122757094,1.0,0.0
CG31913,-0.030992512,-18.558643,0.9752755122757094,1.0,0.0
CheB98a,-0.030992512,-18.510468,0.9752755122757094,1.0,0.0
CG31391,-0.030992512,-17.938732,0.9752755122757094,1.0,0.0
lncRNA:CR44164,-0.030992512,-18.337372,0.9752755122757094,1.0,0.0
CG42383,-0.030992512,-18.482288,0.9752755122757094,1.0,0.0
CG7402,-0.030992512,-18.10802,0.9752755122757094,1.0,0.0
CG13670,-0.030992512,-18.402641,0.9752755122757094,1.0,0.0
lncRNA:CR42657,-0.030992512,-17.481562,0.9752755122757094,1.0,0.0
snoRNA:Psi28S-3091b,-0.030992512,-18.20593,0.9752755122757094,1.0,0.0
mt:tRNA:His-GTG,-0.030992512,-18.5238,0.9752755122757094,1.0,0.0
CG45011,-0.030992512,-18.452137,0.9752755122757094,1.0,0.0
inaF-A,-0.030992512,-18.192995,0.9752755122757094,1.0,0.0
Sfp24Bc,-0.030992512,-18.210497,0.9752755122757094,1.0,0.0
lncRNA:CR44826,-0.030992512,-18.460514,0.9752755122757094,1.0,0.0
CG14304,-0.030992512,-18.153433,0.9752755122757094,1.0,0.0
asRNA:CR45202,-0.030992512,-17.911995,0.9752755122757094,1.0,0.0
CG15219,-0.030992512,-18.246113,0.9752755122757094,1.0,0.0
Bace,-0.030992512,-17.970236,0.9752755122757094,1.0,0.0
Or49b,-0.030992512,-18.084503,0.9752755122757094,1.0,0.0
lncRNA:CR44395,-0.030992512,-18.141754,0.9752755122757094,1.0,0.0
CG3610,-0.030992512,-18.184526,0.9752755122757094,1.0,0.0
moon,-0.030992512,-18.332678,0.9752755122757094,1.0,0.0
fig,-0.030992512,-18.125742,0.9752755122757094,1.0,0.0
lncRNA:CR45123,-0.030992512,-17.829798,0.9752755122757094,1.0,0.0
lncRNA:CR44283,-0.030992512,-18.444454,0.9752755122757094,1.0,0.0
CG18539,-0.030992512,-18.166746,0.9752755122757094,1.0,0.0
CG44403,-0.030992512,-18.495659,0.9752755122757094,1.0,0.0
CG44094,-0.030992512,-17.962029,0.9752755122757094,1.0,0.0
CG13049,-0.030992512,-18.42754,0.9752755122757094,1.0,0.0
Xport-B,-0.030992512,-17.176693,0.9752755122757094,1.0,0.0
mah,-0.030992512,-17.743399,0.9752755122757094,1.0,0.0
CG6262,-0.030992512,-18.213434,0.9752755122757094,1.0,0.0
Cyp4e3,-0.030992512,-18.495754,0.9752755122757094,1.0,0.0
asRNA:CR45129,-0.030992512,-18.210707,0.9752755122757094,1.0,0.0
CG14891,-0.030992512,-18.21239,0.9752755122757094,1.0,0.0
CG9861,-0.030992512,-18.228653,0.9752755122757094,1.0,0.0
CG31954,-0.030992512,-17.822369,0.9752755122757094,1.0,0.0
lncRNA:CR43458,-0.030992512,-18.224459,0.9752755122757094,1.0,0.0
CG18536,-0.030992512,-17.869387,0.9752755122757094,1.0,0.0
Jhbp11,-0.030992512,-17.586973,0.9752755122757094,1.0,0.0
CG30430,-0.030992512,-18.145748,0.9752755122757094,1.0,0.0
asRNA:CR45130,-0.030992512,-17.947784,0.9752755122757094,1.0,0.0
CG31189,-0.030992512,-18.734632,0.9752755122757094,1.0,0.0
CG12826,-0.030992512,-17.520462,0.9752755122757094,1.0,0.0
HipHop,-0.031162396,-0.1243993,0.975140029546217,1.0,0.013288405865882019
lncRNA:CR46084,-0.031202476,-0.42799225,0.975108065110569,1.0,0.0019932608798823026
CG17597,-0.031212773,-0.37123677,0.975099854069331,1.0,0.0011864648094537516
betaNACtes4,-0.031342942,-0.12940836,0.9749960432758286,1.0,0.0003796687390252005
CG1299,-0.031362064,-0.69291764,0.9749807942683502,1.0,0.0003796687390252005
knon,-0.03136574,-0.8534905,0.9749778617679602,1.0,0.0003796687390252005
rasp,-0.031709556,-0.23313767,0.9747036744811302,1.0,0.000759337478050401
lncRNA:CR43146,-0.03172831,-0.33069336,0.974688718896617,1.0,0.000759337478050401
CG14752,-0.031740442,-0.35103855,0.9746790417584383,1.0,0.000759337478050401
CG9631,-0.031762876,-0.5321224,0.974661153724952,1.0,0.000759337478050401
CG3788,-0.031942688,-0.20279719,0.9745177566719515,1.0,0.0019458022875041526
Drip,-0.032059252,-0.20942955,0.9744247982859172,1.0,0.0011390062170756016
CG14153,-0.032168098,-0.43841684,0.9743379983400061,1.0,0.0011390062170756016
lncRNA:CR44661,-0.032273997,-0.43304554,0.9742535446302721,1.0,0.00033221014664705045
asRNA:CR43872,-0.032279883,-0.6326517,0.974248852765964,1.0,0.00033221014664705045
lncRNA:CR42736,-0.032281354,-0.63958263,0.9742476798000261,1.0,0.00033221014664705045
Nek2,-0.03229018,-0.9060818,0.9742406420055689,1.0,0.00033221014664705045
CG33281,-0.032291647,-0.92076135,0.974239469040021,1.0,0.00033221014664705045
Glyat,-0.03229312,-0.81548196,0.9742382960745288,1.0,0.00033221014664705045
CG5612,-0.032295328,-1.0558338,0.974236536626395,1.0,0.00033221014664705045
GC2,-0.03230121,-1.3101804,0.9742318447653177,1.0,0.00033221014664705045
CG8219,-0.032301944,-1.1663039,0.9742312582827457,1.0,0.00033221014664705045
CG42808,-0.03230562,-1.5666255,0.9742283258700949,1.0,0.00033221014664705045
l(2)37Cd,-0.032781813,-0.22850205,0.9738485813896516,1.0,0.011342603578377866
asRNA:CR45928,-0.033061646,-0.42086494,0.9736254292848568,1.0,0.0010915476246974515
CG6138,-0.033194758,-0.43998915,0.9735192788100648,1.0,0.0002847515542689004
Paris,-0.03319917,-0.17643578,0.973515760017817,1.0,0.002278012434151203
lncRNA:CR44444,-0.03320064,-0.62827814,0.9735145870871823,1.0,0.0002847515542689004
lncRNA:CR44222,-0.03320064,-0.5378295,0.9735145870871823,1.0,0.0002847515542689004
Sox15,-0.033210203,-0.96498156,0.9735069630394528,1.0,0.0002847515542689004
lectin-46Ca,-0.033210937,-0.8061288,0.973506376574343,1.0,0.0002847515542689004
a10,-0.03321167,-1.2046213,0.9735057901092478,1.0,0.0002847515542689004
snoRNA:Psi18S-1086,-0.03321241,-1.1129642,0.9735052036441666,1.0,0.0002847515542689004
Nmd3,-0.033487458,-0.100503325,0.9732858667111303,1.0,0.023444544634806132
Or67d,-0.03352386,-0.024289586,0.9732568369739627,1.0,0.0006644202932941009
ss,-0.0335827,-0.5683996,0.9732099203019388,1.0,0.0006644202932941009
CG13085,-0.03358858,-0.6149866,0.9732052286398322,1.0,0.0006644202932941009
CG8419,-0.03396402,-0.36600643,0.9729058438759511,1.0,0.0010440890323193013
CG34331,-0.03399785,-0.5283401,0.9728788671790972,1.0,0.0018508851027478526
CG11997,-0.034114044,-0.30425256,0.9727862083264033,1.0,0.00023729296189075032
btl,-0.034128018,-1.062994,0.972775065830858,1.0,0.00023729296189075032
CG13700,-0.034130223,-1.0063313,0.9727733064899419,1.0,0.00023729296189075032
lncRNA:CR46079,-0.034130223,-1.0457683,0.9727733064899419,1.0,0.00023729296189075032
lncRNA:CR43684,-0.034130223,-1.0822423,0.9727733064899419,1.0,0.00023729296189075032
asRNA:CR45137,-0.034131695,-1.1100162,0.9727721335960713,1.0,0.00023729296189075032
asRNA:CR44053,-0.034132432,-1.2462105,0.9727715471491581,1.0,0.00023729296189075032
CG32447,-0.034141257,-1.7535546,0.9727645097873482,1.0,0.00023729296189075032
CG12301,-0.034281354,-0.17921086,0.9726527919529928,1.0,0.02828532105737744
CG18213,-0.034408953,-0.39767894,0.9725510441559717,1.0,0.002230553841773053
IFT46,-0.034889925,-0.3885111,0.97216751470261,1.0,0.0009966304399411513
CG3492,-0.03504657,-1.0170672,0.9720426051189559,1.0,0.00018983436951260026
CG3588,-0.03504878,-0.97040737,0.9720408458339352,1.0,0.00018983436951260026
CG11041,-0.035049513,-1.1048087,0.9720402594056253,1.0,0.00018983436951260026
snoRNA:Psi28S-2442b,-0.035049513,-1.0420381,0.9720402594056253,1.0,0.00018983436951260026
CG7370,-0.035050247,-1.054861,0.9720396729773304,1.0,0.00018983436951260026
Or42b,-0.03505319,-1.2641443,0.9720373272643021,1.0,0.00018983436951260026
CG30334,-0.035053927,-1.5263364,0.9720367408360829,1.0,0.00018983436951260026
Apc2,-0.03505466,-1.3529702,0.9720361544078787,1.0,0.00018983436951260026
CG6465,-0.03532015,-0.34005603,0.9718244548165061,1.0,0.005884865454890608
CG31036,-0.03537163,-0.5896266,0.9717834052635662,1.0,0.0013762991789663518
CG15096,-0.035408773,-0.5661185,0.9717537909896394,1.0,0.0013762991789663518
CG34342,-0.03542495,-0.6990595,0.9717408897339662,1.0,0.0005695031085378008
CG15071,-0.03544407,-0.84427154,0.9717256428049769,1.0,0.0005695031085378008
soti,-0.035804063,-0.49554625,0.9714385919805251,1.0,0.0009491718475630013
CG14113,-0.03596586,-0.66888654,0.9713095815769069,1.0,0.0001423757771344502
pot,-0.035969537,-1.0741867,0.9713066495309912,1.0,0.0001423757771344502
CG15034,-0.03597027,-1.2696443,0.9713060631218546,1.0,0.0001423757771344502
ppk25,-0.03597027,-1.0641791,0.9713060631218546,1.0,0.0001423757771344502
lncRNA:CR43817,-0.03597248,-1.2718265,0.9713043038945379,1.0,0.0001423757771344502
CG7251,-0.035973214,-1.4294491,0.9713037174854634,1.0,0.0001423757771344502
CG42878,-0.035973214,-1.3694142,0.9713037174854634,1.0,0.0001423757771344502
mir-4978,-0.035973214,-1.4798529,0.9713037174854634,1.0,0.0001423757771344502
lncRNA:CR45953,-0.035973947,-1.5064064,0.9713031310764044,1.0,0.0001423757771344502
CG42449,-0.035974685,-1.7065983,0.9713025446673609,1.0,0.0001423757771344502
Cpr62Ba,-0.035974685,-1.5775881,0.9713025446673609,1.0,0.0001423757771344502
CG5162,-0.035978362,-2.048352,0.9712996126223761,1.0,0.0001423757771344502
Cyp4e1,-0.035980567,-1.7256433,0.9712978533955713,1.0,0.0001423757771344502
Sgs4,-0.036198623,-0.3733012,0.9711239838367198,1.0,0.0013288405865882018
CG4984,-0.03631151,-0.1520945,0.9710339709612531,1.0,0.0005220445161596507
CG4594,-0.036349017,-0.6685004,0.9710040644848851,1.0,0.0005220445161596507
Cht10,-0.036356375,-0.80769324,0.9709982004746908,1.0,0.0005220445161596507
lncRNA:acal,-0.03635711,-0.7047356,0.9709976140737575,1.0,0.0005220445161596507
mei-S332,-0.03659943,-0.09073435,0.9708043958218888,1.0,0.009729011437520764
CG13870,-0.03672556,-0.39608955,0.970703829184543,1.0,0.0009017132551848512
CG42246,-0.036891766,-1.23861,0.9705713047647729,1.0,9.491718475630013e-05
asRNA:CR45026,-0.03689397,-1.5186248,0.970569545596516,1.0,9.491718475630013e-05
asRNA:CR45999,-0.036895443,-1.7702986,0.9705683728177575,1.0,9.491718475630013e-05
snoRNA:SC35-b,-0.036895443,-1.6477739,0.9705683728177575,1.0,9.491718475630013e-05
Nox,-0.036895443,-1.7717751,0.9705683728177575,1.0,9.491718475630013e-05
CG33110,-0.03689618,-1.846632,0.9705677864284022,1.0,9.491718475630013e-05
CG43844,-0.03689618,-1.8219116,0.9705677864284022,1.0,9.491718475630013e-05
CG31068,-0.036896914,-2.1550152,0.9705672000390628,1.0,9.491718475630013e-05
grnd,-0.036897648,-2.0828283,0.9705666136497393,1.0,9.491718475630013e-05
CG13082,-0.036898386,-2.3304603,0.9705660272604317,1.0,9.491718475630013e-05
CG30002,-0.036898386,-1.8880955,0.9705660272604317,1.0,9.491718475630013e-05
fw,-0.03689912,-2.0261471,0.97056544087114,1.0,9.491718475630013e-05
CG8840,-0.03689912,-2.512498,0.97056544087114,1.0,9.491718475630013e-05
Pgm2b,-0.036899857,-2.1439984,0.9705648544818642,1.0,9.491718475630013e-05
lncRNA:CR45628,-0.036899857,-3.029729,0.9705648544818642,1.0,9.491718475630013e-05
ProtA,-0.036899857,-2.362122,0.9705648544818642,1.0,9.491718475630013e-05
CG42331,-0.03720065,-0.53634435,0.9703250226059108,1.0,0.0012813819942100518
lncRNA:CR45684,-0.03721278,-0.59949076,0.9703153472930018,1.0,0.0012813819942100518
lectin-30A,-0.037263528,-0.41634244,0.9702748869409178,1.0,0.00047458592378150065
lncRNA:CR43887,-0.0372775,-1.0546756,0.9702637456979767,1.0,0.00047458592378150065
asRNA:CR45882,-0.037278235,-0.82737416,0.97026315931693,1.0,0.00047458592378150065
CG8478,-0.03729368,-0.9349942,0.9702508453186635,1.0,0.00047458592378150065
CG44385,-0.037441134,-0.16968416,0.970133276311803,1.0,0.0016610507332352523
APC4,-0.03756579,-0.2048848,0.9700338855628257,1.0,0.013573157420150918
Or13a,-0.037619844,-0.29348117,0.9699907870640414,1.0,0.0008542546628067012
sud1,-0.037645213,-0.28013873,0.9699705571866647,1.0,0.0061221584167813585
lz,-0.037663233,-0.54856646,0.9699561910535934,1.0,0.0016610507332352523
lncRNA:CR43943,-0.037714712,-0.35402825,0.9699151450128393,1.0,0.0032746428740923544
Spn47C,-0.037734568,-0.96627015,0.96989931298984,1.0,0.0008542546628067012
CG30440,-0.037816204,-2.374424,0.9698342259088752,1.0,4.7458592378150065e-05
Ccdc114,-0.037816204,-1.774495,0.9698342259088752,1.0,4.7458592378150065e-05
snoRNA:Psi28S-2562,-0.037817672,-2.561875,0.9698330531705192,1.0,4.7458592378150065e-05
asRNA:CR31429,-0.037817672,-2.312461,0.9698330531705192,1.0,4.7458592378150065e-05
CG7882,-0.037817672,-2.554514,0.9698330531705192,1.0,4.7458592378150065e-05
CG10317,-0.037817672,-2.6730015,0.9698330531705192,1.0,4.7458592378150065e-05
asRNA:CR43903,-0.037817672,-2.421718,0.9698330531705192,1.0,4.7458592378150065e-05
CG8192,-0.03781841,-2.8443763,0.9698324668013656,1.0,4.7458592378150065e-05
CG17127,-0.03781841,-2.5859404,0.9698324668013656,1.0,4.7458592378150065e-05
CG13566,-0.037819143,-3.574339,0.9698318804322283,1.0,4.7458592378150065e-05
f,-0.03781988,-3.8485112,0.9698312940631073,1.0,4.7458592378150065e-05
CG18302,-0.03781988,-2.872357,0.9698312940631073,1.0,4.7458592378150065e-05
Or98a,-0.03781988,-3.5441432,0.9698312940631073,1.0,4.7458592378150065e-05
CG31468,-0.03781988,-3.2399616,0.9698312940631073,1.0,4.7458592378150065e-05
CG18563,-0.03810192,-0.54698765,0.9696064227106351,1.0,0.0012339234018319016
CG10185,-0.038198628,-0.85828465,0.969529316140021,1.0,0.0004271273314033506
lncRNA:CR45416,-0.038412638,-0.34032393,0.9693586858833376,1.0,0.001613592140857102
CG12182,-0.038433965,-0.22961368,0.969341681570227,1.0,0.008542546628067011
CG17928,-0.038562663,-0.5192184,0.9692390696320535,1.0,0.001613592140857102
CG14947,-0.03857002,-0.52232075,0.969233206108095,1.0,0.000806796070428551
CG15375,-0.03874064,-18.505573,0.9690971728198166,1.0,0.0
lncRNA:CR43608,-0.03874064,-18.029648,0.9690971728198166,1.0,0.0
Obp83g,-0.03874064,-18.626274,0.9690971728198166,1.0,0.0
dj,-0.03874064,-18.881104,0.9690971728198166,1.0,0.0
Tssk,-0.03874064,-18.862495,0.9690971728198166,1.0,0.0
lncRNA:CR44166,-0.03874064,-18.378006,0.9690971728198166,1.0,0.0
CG17744,-0.03874064,-18.807236,0.9690971728198166,1.0,0.0
CG5391,-0.03874064,-18.057316,0.9690971728198166,1.0,0.0
CG3513,-0.03874064,-18.744646,0.9690971728198166,1.0,0.0
CG12521,-0.03874064,-18.537601,0.9690971728198166,1.0,0.0
CG8006,-0.03874064,-18.816782,0.9690971728198166,1.0,0.0
CG5614,-0.03874064,-18.438486,0.9690971728198166,1.0,0.0
Sfp24Ba,-0.03874064,-18.485577,0.9690971728198166,1.0,0.0
Cyp4d21,-0.03874064,-18.50665,0.9690971728198166,1.0,0.0
Spn100A,-0.03874064,-17.822496,0.9690971728198166,1.0,0.0
sas,-0.038802415,-0.24147348,0.9690479196093641,1.0,0.0019932608798823026
CG10035,-0.03909328,-0.53139055,0.9688160206665084,1.0,0.0003796687390252005
Acp53C14a,-0.03909916,-0.54589236,0.9688113299438581,1.0,0.0003796687390252005
comm3,-0.039102104,-0.663575,0.9688089845829376,1.0,0.0003796687390252005
CG34375,-0.03912858,-1.1906784,0.9687878763467958,1.0,0.0003796687390252005
CG1024,-0.0393823,-0.19431727,0.9685855901948293,1.0,0.021024156423520478
lncRNA:CR43827,-0.039475333,-0.45529,0.9685114191115293,1.0,0.000759337478050401
Ser7,-0.039526813,-0.6829541,0.9684703759413554,1.0,0.000759337478050401
Leash,-0.039544098,-0.14287283,0.9684565971815169,1.0,0.03198709126287314
lncRNA:CR45128,-0.03969302,-0.2775374,0.9683378657054387,1.0,0.0027525983579327036
CG31415,-0.039887175,-0.43901622,0.968183076094681,1.0,0.0011390062170756016
Tsp42El,-0.03989747,-0.48843923,0.9681748675881351,1.0,0.0019458022875041526
nmdyn-D7,-0.040017344,-0.50638694,0.9680792973674645,1.0,0.00033221014664705045
robl62A,-0.040031318,-0.77726036,0.9680681573102006,1.0,0.00033221014664705045
asRNA:CR45713,-0.04004088,-1.1114862,0.9680605351693472,1.0,0.00033221014664705045
Hsp70Aa,-0.040041614,-1.075822,0.9680599488509408,1.0,0.00033221014664705045
lncRNA:CR45430,-0.040232826,-0.23020586,0.9679075066520493,1.0,0.001518674956100802
CG12880,-0.04027622,-0.40155637,0.9678729141622786,1.0,0.001518674956100802
Vps16B,-0.04036116,-0.18462065,0.9678051951412742,1.0,0.020169901760713777
Gld,-0.040412273,-0.5477528,0.9677644465781482,1.0,0.0007118788856722509
CG43218,-0.040804256,-0.38918132,0.9674519460149179,1.0,0.0010915476246974515
CG9083,-0.040938474,-0.44504142,0.9673449464993172,1.0,0.0002847515542689004
CG18063,-0.040950976,-0.9236768,0.9673349794510553,1.0,0.0002847515542689004
lncRNA:CR42874,-0.040952444,-0.92646456,0.9673338068574776,1.0,0.0002847515542689004
Pen,-0.040960535,-1.2661912,0.9673273575940627,1.0,0.0002847515542689004
hlk,-0.040970832,-1.4798409,0.9673191494437164,1.0,0.0002847515542689004
CG18081,-0.04114623,-0.14570999,0.9671793182722453,1.0,0.07712021261449385
Prosbeta5,-0.04117197,-0.12316058,0.9671587980593568,1.0,0.20563808077452422
amd,-0.04121095,-0.35325828,0.9671277246355284,1.0,0.002278012434151203
CG8757,-0.04124441,-0.40908134,0.967101048434134,1.0,0.004318731906411656
SPE,-0.04138451,-0.98451644,0.9669893605624629,1.0,0.0006644202932941009
asRNA:CR43480,-0.041493356,-0.22828221,0.9669025903793621,1.0,0.0018508851027478526
CG6788,-0.041558072,-0.3295763,0.96685099748323,1.0,0.006739120117697309
lncRNA:CR46258,-0.041749284,-0.5565475,0.9666985647379337,1.0,0.0010440890323193013
CG12608,-0.041847833,-0.20089725,0.9666200037209635,1.0,0.053770585164444024
snoRNA:lola-b,-0.041860335,-0.25407153,0.9666100370479235,1.0,0.00023729296189075032
CG13843,-0.04186769,-0.7289848,0.9666041743015128,1.0,0.00023729296189075032
snoRNA:Psi28S-3186,-0.04187063,-0.86097515,0.966601829203454,1.0,0.00023729296189075032
Dhc93AB,-0.04187431,-1.054258,0.9665988978312867,1.0,0.00023729296189075032
Obp57c,-0.041875042,-1.0921628,0.9665983115569075,1.0,0.00023729296189075032
cDIP,-0.04187578,-1.0884776,0.9665977252825462,1.0,0.00023729296189075032
lncRNA:CR45262,-0.04187725,-1.1330752,0.9665965527338778,1.0,0.00023729296189075032
mal,-0.041952632,-0.1828174,0.9665364597113839,1.0,0.010773100469840065
Tep1,-0.042247172,-0.57002205,0.9663016590437503,1.0,0.0006169617009159508
dsb,-0.04225526,-0.6377602,0.9662952101277194,1.0,0.0006169617009159508
Tmtc4,-0.04252259,-0.16820356,0.9660821040087413,1.0,0.008684922405201462
CG10710,-0.042564508,-0.17637417,0.9660486873125764,1.0,0.002989891319823454
bowl,-0.042670045,-0.6651079,0.9659645595784739,1.0,0.0009966304399411513
CG30076,-0.04279764,-1.1574811,0.9658628446707729,1.0,0.00018983436951260026
CG32591,-0.042800583,-1.4176883,0.9658604996650357,1.0,0.00018983436951260026
lncRNA:CR43419,-0.042801317,-1.5467244,0.9658599134136476,1.0,0.00018983436951260026
CG43742,-0.042803526,-1.5223743,0.9658581546595939,1.0,0.00018983436951260026
lncRNA:CR45013,-0.04280941,-2.089962,0.9658534646495959,1.0,0.00018983436951260026
CG17211,-0.042811614,-2.0007253,0.9658517058961512,1.0,0.00018983436951260026
loh,-0.042842504,-0.28136474,0.9658270833653722,1.0,0.002989891319823454
CG33284,-0.043181904,-0.6879349,0.965556530803366,1.0,0.0005695031085378008
link,-0.043508068,-0.312986,0.9652965344064854,1.0,0.0009491718475630013
CG11695,-0.04361029,-0.15526946,0.9652150481315016,1.0,0.038299084049167105
Tsp42Ep,-0.04368163,-0.4752156,0.9651581838238258,1.0,0.0025627639884201036
Obp57a,-0.043712884,-0.91628295,0.9651332691056537,1.0,0.0001423757771344502
Atx-1,-0.043714356,-1.1872462,0.9651320966491664,1.0,0.0001423757771344502
lncRNA:CR45761,-0.043720238,-1.4596726,0.9651274068239711,1.0,0.0001423757771344502
CG4325,-0.043720976,-1.4995009,0.9651268205959065,1.0,0.0001423757771344502
CG30284,-0.04372171,-1.5895213,0.9651262343678608,1.0,0.0001423757771344502
Nepl13,-0.04372318,-1.8633482,0.9651250619118259,1.0,0.0001423757771344502
Vajk3,-0.04372318,-1.7740417,0.9651250619118259,1.0,0.0001423757771344502
lncRNA:CR45431,-0.043723915,-1.9027594,0.9651244756838366,1.0,0.0001423757771344502
snoRNA:Psi18S-640f,-0.043725386,-1.9344046,0.9651233032279148,1.0,0.0001423757771344502
SmydA-3,-0.04376363,-0.23489058,0.9650928194004218,1.0,0.002942432727445304
flip,-0.04383129,-0.08066061,0.9650388865998654,1.0,0.017844430734184423
CG2157,-0.044087954,-0.5746907,0.9648342951496935,1.0,0.0005220445161596507
lncRNA:CR44979,-0.04409163,-0.7338326,0.9648313640568815,1.0,0.0005220445161596507
grk,-0.04411443,-0.90572417,0.964813191292056,1.0,0.0005220445161596507
lncRNA:CR44445,-0.044506412,-0.6050503,0.9645007398472882,1.0,0.0009017132551848512
CG15198,-0.04463842,-1.3049521,0.9643955158667442,1.0,9.491718475630013e-05
CG4194,-0.044639893,-1.3763064,0.9643943434581942,1.0,9.491718475630013e-05
Sb,-0.044642102,-1.5255228,0.9643925848455134,1.0,9.491718475630013e-05
Mp20,-0.044642836,-1.9614291,0.964391998641325,1.0,9.491718475630013e-05
lncRNA:CR46073,-0.04464357,-2.1370423,0.9643914124371558,1.0,9.491718475630013e-05
Tsp42Ei,-0.04464357,-2.138235,0.9643914124371558,1.0,9.491718475630013e-05
CG34431,-0.04464504,-2.0552275,0.9643902400288752,1.0,9.491718475630013e-05
ODA-Dnal1,-0.04464504,-2.3102047,0.9643902400288752,1.0,9.491718475630013e-05
CG34456,-0.04464504,-2.3834453,0.9643902400288752,1.0,9.491718475630013e-05
CG12347,-0.044646513,-2.815456,0.9643890676206716,1.0,9.491718475630013e-05
Samtor,-0.04469064,-0.16688775,0.9643538954103744,1.0,0.02149874234730198
lncRNA:CR46016,-0.044992533,-0.506298,0.964113260735744,1.0,0.00047458592378150065
CG16772,-0.04502048,-0.81024945,0.9640909853400733,1.0,0.00047458592378150065
asRNA:CR45208,-0.04538856,-0.43870524,0.9637975975533684,1.0,0.0008542546628067012
CG34338,-0.04541945,-0.62846065,0.9637729778216044,1.0,0.0008542546628067012
vrs,-0.04545328,-0.79340255,0.9637460133931133,1.0,0.0008542546628067012
CG43789,-0.045508437,-0.22602603,0.9637020497399332,1.0,0.0028475155426890037
Eglp2,-0.045563962,-1.9775599,0.9636577931071922,1.0,4.7458592378150065e-05
CG12539,-0.045563962,-2.40741,0.9636577931071922,1.0,4.7458592378150065e-05
CG11069,-0.045566905,-3.0567229,0.9636554483880497,1.0,4.7458592378150065e-05
Mayo,-0.045566905,-3.3602462,0.9636554483880497,1.0,4.7458592378150065e-05
asRNA:CR43464,-0.045566905,-3.1243973,0.9636554483880497,1.0,4.7458592378150065e-05
CG45062,-0.04556764,-3.4678068,0.9636548622083132,1.0,4.7458592378150065e-05
CG9673,-0.045568377,-3.5342324,0.9636542760285964,1.0,4.7458592378150065e-05
MFS18,-0.04591366,-0.12978002,0.9633790668266909,1.0,0.04480091120497366
CG32313,-0.045922853,-0.59554595,0.9633717396976225,1.0,0.0004271273314033506
CG13024,-0.045933884,-0.7750328,0.9633629471468234,1.0,0.0004271273314033506
COX7CL,-0.04593462,-0.77651477,0.9633623609769285,1.0,0.0004271273314033506
CG14490,-0.045938663,-0.8116451,0.9633591370428607,1.0,0.0004271273314033506
CG42789,-0.045941237,-0.8331238,0.9633570854487659,1.0,0.0004271273314033506
CG42395,-0.045943443,-1.0100654,0.9633553269397347,1.0,0.0004271273314033506
lncRNA:CR45582,-0.04594418,-0.8735308,0.9633547407700973,1.0,0.0004271273314033506
lncRNA:CR44208,-0.04595595,-1.241557,0.9633453620585924,1.0,0.0004271273314033506
CG12523,-0.046488766,-18.972498,0.9629206876125267,1.0,0.0
S-Lap8,-0.046488766,-18.925564,0.9629206876125267,1.0,0.0
Cyp6a21,-0.046488766,-18.996008,0.9629206876125267,1.0,0.0
Fbp1,-0.046488766,-18.277367,0.9629206876125267,1.0,0.0
Vha36-2,-0.046488766,-18.81995,0.9629206876125267,1.0,0.0
CG42688,-0.046488766,-18.93498,0.9629206876125267,1.0,0.0
CG43980,-0.046488766,-18.590065,0.9629206876125267,1.0,0.0
CG31948,-0.046488766,-19.201334,0.9629206876125267,1.0,0.0
Npc1b,-0.046488766,-18.609507,0.9629206876125267,1.0,0.0
pwn,-0.046488766,-18.754751,0.9629206876125267,1.0,0.0
l(3)mbn,-0.04683589,-0.4728265,0.9626440247496321,1.0,0.0003796687390252005
Tsp74F,-0.046867147,-0.9096577,0.9626191135892082,1.0,0.0003796687390252005
CG13693,-0.046875235,-1.4974585,0.9626126660006893,1.0,0.0003796687390252005
byn,-0.046881855,-1.1501452,0.9626073907028105,1.0,0.0003796687390252005
snoRNA:Psi18S-531,-0.046887737,-1.4817926,0.9626027015505147,1.0,0.0003796687390252005
Lsm11,-0.046985917,-0.23953526,0.9625244515126072,1.0,0.0047933178301931565
Atac2,-0.047169775,-0.17885515,0.9623779168326119,1.0,0.012956195719234967
lncRNA:CR45382,-0.047206547,-0.43576065,0.962348610048953,1.0,0.002372929618907503
Sgsh,-0.047260232,-0.7671818,0.9623058222361786,1.0,0.000759337478050401
Spn75F,-0.047269795,-0.72856194,0.9622982025000826,1.0,0.000759337478050401
asRNA:CR44069,-0.047770254,-0.73340696,0.9618993434467638,1.0,0.00033221014664705045
asRNA:CR44911,-0.047793053,-1.2313976,0.961881173752959,1.0,0.00033221014664705045
CG32192,-0.04779526,-1.3350003,0.9618794153965445,1.0,0.00033221014664705045
snoRNA:Psi28S-1153,-0.047821365,-0.20171182,0.9618586081930545,1.0,0.0023254710265293533
CG15362,-0.047879096,-0.14923769,0.961812597990268,1.0,0.001518674956100802
Dmel_CG14117,-0.048133187,-0.51675147,0.9616100960000104,1.0,0.001518674956100802
Dhdds,-0.048212614,-0.12729353,0.9615467963194995,1.0,0.03042095771439419
PGRP-LC,-0.048632912,-0.60857713,0.9612118395547229,1.0,0.0018983436951260026
BBS8,-0.048705723,-1.0857859,0.9611538162423082,1.0,0.0002847515542689004
Atg10,-0.048953563,-0.3719718,0.9609563040866358,1.0,0.006786578710075459
emp,-0.049087044,-0.71324545,0.9608499298376008,1.0,0.0006644202932941009
prg,-0.049335618,-0.16266392,0.9606518352989413,1.0,0.026149684400360685
lncRNA:CR45962,-0.04934334,-0.17975034,0.9606456815133584,1.0,0.02040719472260453
CG31441,-0.049387466,-0.22044891,0.9606105170693057,1.0,0.009159508328982963
asRNA:CR44093,-0.049449243,-0.37249824,0.9605612869763899,1.0,0.0026576811731764036
CG13616,-0.04950587,-0.57987714,0.9605161595233234,1.0,0.0010440890323193013
CG12592,-0.049623538,-1.144093,0.9604223885970049,1.0,0.00023729296189075032
CG43163,-0.049625743,-1.4034336,0.9604206303973618,1.0,0.00023729296189075032
serp,-0.049640454,-1.6830113,0.9604089090713279,1.0,0.00023729296189075032
CG18420,-0.049836077,-0.36599785,0.960253016249908,1.0,0.002230553841773053
lncRNA:CR44331,-0.049883515,-0.5087264,0.9602152153997474,1.0,0.0014237577713445018
Nepl21,-0.049970295,-0.6183956,0.9601460605876054,1.0,0.0014237577713445018
CG32855,-0.050003756,-0.6349459,0.9601193950409723,1.0,0.0006169617009159508
CG4582,-0.05003685,-1.0745208,0.9600930225662088,1.0,0.0006169617009159508
betaGlu,-0.05033029,-0.18059692,0.9598591885368836,1.0,0.00745099900336956
Cul6,-0.050354555,-0.41725773,0.9598398490346696,1.0,0.0009966304399411513
Jasper,-0.050396845,-0.15130691,0.9598061514736496,1.0,0.08504579754164492
lncRNA:CR44776,-0.05040383,-0.548098,0.9598005840574356,1.0,0.0009966304399411513
CG15406,-0.05054724,-1.3433007,0.9596863059476298,1.0,0.00018983436951260026
Cc2d2a,-0.050547976,-1.509496,0.9596857199081741,1.0,0.00018983436951260026
sing,-0.05055533,-1.9487089,0.9596798595148145,1.0,0.00018983436951260026
CG44014,-0.0505568,-2.037498,0.959678687436404,1.0,0.00018983436951260026
CG4570,-0.0505568,-2.0485923,0.959678687436404,1.0,0.00018983436951260026
Atg6,-0.05072705,-0.13347906,0.9595430199499674,1.0,0.04238052299368801
lncRNA:CR44544,-0.050909437,-0.6031377,0.9593976841586829,1.0,0.0005695031085378008
asRNA:CR44381,-0.05093003,-0.76619005,0.9593812753637125,1.0,0.0005695031085378008
CG31633,-0.051365774,-0.16893494,0.9590340575874216,1.0,0.006976413079588059
lncRNA:CR43765,-0.051460642,-1.1553075,0.9589584618336722,1.0,0.0001423757771344502
asRNA:CR46050,-0.05146285,-1.3278548,0.9589567037972758,1.0,0.0001423757771344502
lncRNA:CR45406,-0.051463585,-1.3552415,0.9589561177851882,1.0,0.0001423757771344502
lncRNA:CR44830,-0.05146579,-1.4866768,0.9589543597490581,1.0,0.0001423757771344502
asRNA:CR43864,-0.051468,-1.5141567,0.9589526017131276,1.0,0.0001423757771344502
ND-51L2,-0.051469468,-1.5854318,0.9589514296892848,1.0,0.0001423757771344502
lncRNA:CR44279,-0.051470205,-1.7549593,0.9589508436773967,1.0,0.0001423757771344502
CG3222,-0.05147094,-1.9463073,0.9589502576655309,1.0,0.0001423757771344502
asRNA:CR43430,-0.05147094,-1.7703415,0.9589502576655309,1.0,0.0001423757771344502
Dmel_CG12688,-0.051474616,-2.3528419,0.958947327606534,1.0,0.0001423757771344502
CG46298,-0.051476087,-2.418143,0.9589461555830905,1.0,0.0001423757771344502
Cpr65Au,-0.051476825,-2.0322192,0.9589455695714021,1.0,0.0001423757771344502
EB-SUN,-0.051476825,-2.373641,0.9589455695714021,1.0,0.0001423757771344502
CG32295,-0.051648546,-0.3033728,0.9588087364501987,1.0,0.0013288405865882018
fs(2)ltoPP43,-0.052058548,-0.16250212,0.9584820413010575,1.0,0.053438375017796975
inaF-D,-0.05223358,-0.5838709,0.9583425753580035,1.0,0.0009017132551848512
BomS1,-0.052265942,-0.64910626,0.9583167918778062,1.0,0.0009017132551848512
Cyp6a8,-0.052388757,-1.808648,0.9582189322477639,1.0,9.491718475630013e-05
CG33458,-0.05239023,-1.8618098,0.9582177602799592,1.0,9.491718475630013e-05
CG11052,-0.05239317,-2.4388638,0.9582154163446207,1.0,9.491718475630013e-05
CG32006,-0.052393906,-2.4450169,0.9582148303608425,1.0,9.491718475630013e-05
CG30350,-0.05239464,-2.6344407,0.9582142443770869,1.0,9.491718475630013e-05
Ktch,-0.05239464,-2.2430112,0.9582142443770869,1.0,9.491718475630013e-05
CG1632,-0.05239611,-2.8150418,0.9582130724096435,1.0,9.491718475630013e-05
CG9095,-0.05239611,-2.8533766,0.9582130724096435,1.0,9.491718475630013e-05
CG9815,-0.052397583,-2.738282,0.9582119004422903,1.0,9.491718475630013e-05
lncRNA:CR45539,-0.052397583,-3.137204,0.9582119004422903,1.0,9.491718475630013e-05
lncRNA:CR45558,-0.052561216,-0.34901977,0.9580815196388034,1.0,0.003701770205495705
lncRNA:CR45950,-0.052741397,-0.51534337,0.9579379555570174,1.0,0.00047458592378150065
asRNA:CR43683,-0.052754633,-0.6202001,0.9579274080455668,1.0,0.00047458592378150065
CG4975,-0.052777432,-0.9534926,0.9579092429042249,1.0,0.00047458592378150065
Dhps,-0.05278699,-0.23553783,0.9579016252708116,1.0,0.014474870675335769
Ret,-0.05284031,-0.2760105,0.9578591423857618,1.0,0.0032746428740923544
PolG1,-0.052980043,-0.29675728,0.9577478084965505,1.0,0.004081438944520906
Sptz,-0.053001,-0.19163671,0.9577311084842032,1.0,0.018176640880831475
lncRNA:CR43704,-0.053313192,-2.7318082,0.9574823683950968,1.0,4.7458592378150065e-05
CG34292,-0.053313192,-2.815739,0.9574823683950968,1.0,4.7458592378150065e-05
CG13138,-0.053313192,-2.7350736,0.9574823683950968,1.0,4.7458592378150065e-05
asRNA:CR45970,-0.05331393,-3.0006173,0.9574817824398123,1.0,4.7458592378150065e-05
nullo,-0.05331393,-2.9519923,0.9574817824398123,1.0,4.7458592378150065e-05
snoRNA:Psi28S-1135b,-0.053314663,-3.0383353,0.9574811964845508,1.0,4.7458592378150065e-05
lncRNA:CR44055,-0.0533154,-3.0423346,0.9574806105293122,1.0,4.7458592378150065e-05
CG4962,-0.05331687,-3.8232653,0.9574794386189039,1.0,4.7458592378150065e-05
BubR1,-0.053501096,-0.37594157,0.9573326575677268,1.0,0.0028475155426890037
lncRNA:CR45284,-0.053675395,-0.7493612,0.9571937882043753,1.0,0.0004271273314033506
CG15143,-0.05368385,-0.88710684,0.9571870498505618,1.0,0.0004271273314033506
CG15657,-0.053695615,-1.0423247,0.9571776747546933,1.0,0.0004271273314033506
CG31883,-0.05392066,-0.3766902,0.9569983771876562,1.0,0.001613592140857102
CG34166,-0.05398133,-0.5921756,0.9569500375293096,1.0,0.0028475155426890037
CG43245,-0.054053035,-0.53384507,0.9568929090463045,1.0,0.000806796070428551
lncRNA:CR44300,-0.054055978,-0.58932453,0.9568905653183947,1.0,0.000806796070428551
CG34028,-0.054071423,-0.6529886,0.9568782607529832,1.0,0.000806796070428551
alpha-Est3,-0.054111872,-0.84420824,0.9568460345589432,1.0,0.000806796070428551
CG3679,-0.054236893,-18.54061,0.9567464267689968,1.0,0.0
CG3330,-0.054236893,-18.697569,0.9567464267689968,1.0,0.0
CG12783,-0.054236893,-18.829245,0.9567464267689968,1.0,0.0
CG31740,-0.054236893,-19.126743,0.9567464267689968,1.0,0.0
CG14205,-0.054236893,-18.886574,0.9567464267689968,1.0,0.0
Acsf3,-0.054236893,-19.066252,0.9567464267689968,1.0,0.0
CG12861,-0.054236893,-19.230341,0.9567464267689968,1.0,0.0
t-Grip128,-0.054304555,-0.31373087,0.9566925216583602,1.0,0.0019932608798823026
CG17261,-0.0544965,-0.6549785,0.9565395962819685,1.0,0.0011864648094537516
Ctr1B,-0.054538053,-0.52565217,0.9565064919568976,1.0,0.0019932608798823026
CG30323,-0.054591004,-0.6997802,0.9564643060230502,1.0,0.0003796687390252005
CG12674,-0.05461086,-0.98072034,0.9564484863292899,1.0,0.0003796687390252005
CG34425,-0.05478295,-0.2716534,0.9563113830359562,1.0,0.001566133548478952
CG6650,-0.054793615,-0.17554647,0.9563028873615487,1.0,0.02970907882872194
PGAP1,-0.054886647,-0.19428505,0.956228770136867,1.0,0.017607137772293675
CG12883,-0.054942906,-0.15614311,0.9561839484415068,1.0,0.01456978786009207
Keap1,-0.05538968,-0.22524083,0.9558280163792754,1.0,0.02382421337383133
asRNA:CR46128,-0.055527575,-1.1490977,0.9557181625800049,1.0,0.00033221014664705045
nxf2,-0.05552831,-1.0183798,0.9557175766953285,1.0,0.00033221014664705045
jv,-0.055780195,-0.30186546,0.9555169126032342,1.0,0.003939063167386455
CG4733,-0.05588573,-0.50875413,0.9554328395801011,1.0,0.001518674956100802
odd,-0.05630713,-0.4245699,0.9550971383145344,1.0,0.0010915476246974515
CG6628,-0.05633949,-0.68167967,0.9550713605354365,1.0,0.0010915476246974515
CG43330,-0.05644723,-1.0220181,0.9549855325870907,1.0,0.0002847515542689004
asRNA:CR45612,-0.056456055,-1.3044785,0.9549785023345737,1.0,0.0002847515542689004
ninaD,-0.05645679,-1.4733123,0.9549779164803553,1.0,0.0002847515542689004
lncRNA:CR44221,-0.056467086,-1.6422441,0.9549697145238532,1.0,0.0002847515542689004
CG32373,-0.05672596,-0.38874635,0.954763495472703,1.0,0.0030848085045797544
CG3301,-0.056777805,-0.5679978,0.9547221934410662,1.0,0.002278012434151203
Cad96Ca,-0.056818992,-0.7338911,0.9546893862401659,1.0,0.0006644202932941009
asRNA:CR46135,-0.056856498,-0.9147238,0.9546595083204246,1.0,0.0006644202932941009
CG5906,-0.05686238,-0.9258888,0.9546548215936962,1.0,0.0006644202932941009
CG42588,-0.05696865,-0.17496231,0.9545701678622551,1.0,0.05258412035499027
SmydA-1,-0.056976374,-0.27176282,0.9545640165730117,1.0,0.0026576811731764036
UQCR-11L,-0.0571264,-0.4253584,0.9544445063480954,1.0,0.0018508851027478526
yellow-h,-0.057267234,-0.7184946,0.9543323199856225,1.0,0.0010440890323193013
lncRNA:CR43940,-0.05737571,-1.4831364,0.9542459107409211,1.0,0.00023729296189075032
lncRNA:CR45472,-0.057611786,-0.42283303,0.9540578626515598,1.0,0.0014237577713445018
Roc1b,-0.057645615,-0.5217854,0.9540309151595477,1.0,0.0014237577713445018
Notum,-0.057758134,-0.764597,0.9539412858361058,1.0,0.0006169617009159508
Mat1,-0.0577916,-0.16610365,0.9539146314764216,1.0,0.05277395472450287
lncRNA:CR45439,-0.05829316,-1.369749,0.9535151151794405,1.0,0.00018983436951260026
asRNA:CR46020,-0.058295365,-1.4933742,0.9535133578021051,1.0,0.00018983436951260026
asRNA:CR43865,-0.058299046,-1.759615,0.9535104288403816,1.0,0.00018983436951260026
lncRNA:CR46125,-0.05829978,-1.8105426,0.9535098430481123,1.0,0.00018983436951260026
CG13856,-0.058301985,-1.865829,0.953508085671455,1.0,0.00018983436951260026
CG2680,-0.058603514,-0.16443539,0.953267912991778,1.0,0.07503203454985526
Vajk2,-0.058704633,-1.1085919,0.9531873682252473,1.0,0.0005695031085378008
CG42764,-0.059028592,-0.4931019,0.9529293353058681,1.0,0.0017559679179915523
CG16825,-0.059092574,-0.7010868,0.9528783736547211,1.0,0.0009491718475630013
Teh3,-0.059104342,-0.20768513,0.9528690014180088,1.0,0.012386692610697166
CG11898,-0.059214287,-1.6156882,0.9527814298963898,1.0,0.0001423757771344502
Jhbp5,-0.0592187,-1.9219043,0.9527779153321642,1.0,0.0001423757771344502
CG13137,-0.05922311,-2.1214175,0.9527744007688568,1.0,0.0001423757771344502
Acsx2,-0.05922826,-2.710459,0.9527703004461591,1.0,0.0001423757771344502
spn-B,-0.05927974,-0.2849661,0.9527292972879617,1.0,0.002135636657016753
CG15653,-0.059791602,-0.14712957,0.9523216155684536,1.0,0.018034265103697024
mei-41,-0.05982874,-0.28879645,0.952292035698013,1.0,0.004935693607327606
asRNA:CR45832,-0.06013394,-1.5670002,0.9520489560874905,1.0,9.491718475630013e-05
CG31797,-0.060139827,-2.2678986,0.9520442702592367,1.0,9.491718475630013e-05
lncRNA:CR44348,-0.06014056,-2.5194619,0.9520436845308214,1.0,9.491718475630013e-05
TpnC25D,-0.0601413,-2.4339883,0.9520430988024322,1.0,9.491718475630013e-05
CG7296,-0.060142033,-2.5231438,0.9520425130740688,1.0,9.491718475630013e-05
lncRNA:CR46009,-0.06033067,-0.3971738,0.951892274605318,1.0,0.0020881780646386026
Pkg21D,-0.060397595,-0.54186565,0.9518389740387261,1.0,0.0012813819942100518
lncRNA:CR44187,-0.06041819,-0.6398846,0.9518225739077228,1.0,0.0012813819942100518
CG31642,-0.0604226,-0.59925073,0.9518190595965907,1.0,0.0020881780646386026
CG34160,-0.060539532,-1.2075608,0.9517259306932159,1.0,0.00047458592378150065
Gcst,-0.060560126,-1.4339309,0.9517095307029949,1.0,0.00047458592378150065
Targ,-0.061059482,-2.8745503,0.9513118372179941,1.0,4.7458592378150065e-05
CG7695,-0.061062425,-3.3848152,0.951309494435061,1.0,4.7458592378150065e-05
CG5883,-0.06106316,-3.1082726,0.9513089087393933,1.0,4.7458592378150065e-05
LamC,-0.061100665,-0.27360216,0.9512790382952326,1.0,0.004461107683546106
lncRNA:CR45156,-0.061442643,-1.1469839,0.9510066932905211,1.0,0.0004271273314033506
Actn,-0.061551485,-0.20736529,0.9509200126385561,1.0,0.047173840823881166
asRNA:CR45126,-0.06156987,-0.3035518,0.9509053706938387,1.0,0.005267903753974657
Mmp2,-0.061700042,-0.120518275,0.9508017061996181,1.0,0.34113236201414265
Fbxl7,-0.061775424,-0.5354928,0.9507416748815534,1.0,0.001613592140857102
MED17,-0.0618611,-0.15729767,0.950673444503397,1.0,0.012101941056428266
S-Lap7,-0.061985023,-19.30341,0.9505747600040776,1.0,0.0
lncRNA:CR9284,-0.061985023,-19.117504,0.9505747600040776,1.0,0.0
CG4318,-0.061985023,-18.825884,0.9505747600040776,1.0,0.0
lncRNA:CR45916,-0.062360458,-1.035168,0.9502757828160573,1.0,0.0003796687390252005
asRNA:CR45891,-0.062365606,-0.41281983,0.9502716832753517,1.0,0.0036068530207394047
S-Lap4,-0.06255976,-0.35326666,0.9501170729877253,1.0,0.001566133548478952
Dhfr,-0.06263367,-0.44185597,0.9500582161555241,1.0,0.002372929618907503
CG13931,-0.06269986,-0.47129846,0.9500055087758409,1.0,0.000759337478050401
CG31677,-0.06273516,-0.65843725,0.9499773982627675,1.0,0.000759337478050401
GatA,-0.06280907,-0.18062398,0.9499185420776852,1.0,0.024061506335722082
escl,-0.062884085,-0.25277627,0.9498588077214538,1.0,0.008067960704285511
Sod2,-0.0629841,-0.116362244,0.9497791623515232,1.0,0.24398462341606947
CG18764,-0.06299587,-0.23571987,0.9497697923409723,1.0,0.008874756774714061
asRNA:CR45281,-0.06306316,-0.22731626,0.9497162077266097,1.0,0.008447629443310711
GstT4,-0.06312016,-0.49383458,0.9496708220289134,1.0,0.0011390062170756016
CG43068,-0.06327019,-0.9322195,0.9495513559410781,1.0,0.00033221014664705045
Acp53C14c,-0.0632746,-1.1779704,0.9495478422497662,1.0,0.00033221014664705045
lncRNA:CR46131,-0.06328342,-1.2484189,0.9495408148700856,1.0,0.00033221014664705045
lncRNA:CR45954,-0.0632871,-1.4577918,0.949537886796377,1.0,0.00033221014664705045
Bmcp,-0.06353273,-0.16205838,0.9493422930176674,1.0,0.03844145982630155
Cyp6g1,-0.06359267,-0.5507973,0.9492945662560517,1.0,0.001518674956100802
RhoGAP92B,-0.06365702,-0.18039145,0.9492433260703148,1.0,0.040719472260452756
Cpr49Ae,-0.06396296,-0.3384286,0.9489997184620138,1.0,0.0035119358359831047
lncRNA:CR45237,-0.06402731,-0.49737918,0.9489484794869737,1.0,0.0018983436951260026
lncRNA:CR44946,-0.064192414,-1.115699,0.9488170158829258,1.0,0.0002847515542689004
FucTC,-0.06420345,-1.3967818,0.9488082321728071,1.0,0.0002847515542689004
CG42393,-0.064204186,-1.4714346,0.9488076465923537,1.0,0.0002847515542689004
fwd,-0.06421779,-0.13211328,0.9487968133589536,1.0,0.23496749086422097
sisRNA:3,-0.06459359,-0.7448797,0.948497585633492,1.0,0.0006644202932941009
gdl,-0.064602785,-0.18148388,0.9484902660637302,1.0,0.01580371126192397
fy,-0.064678535,-0.1519338,0.9484299529744347,1.0,0.010345973138436713
CG14882,-0.064769365,-0.13158809,0.9483576362132727,1.0,0.025770015661335483
RhoU,-0.06489475,-0.32355013,0.9482577987928108,1.0,0.0010440890323193013
PhLP1,-0.06491498,-0.17182635,0.9482416960591007,1.0,0.013620616012529068
Oseg2,-0.06497749,-0.6039045,0.9481919241067744,1.0,0.0010440890323193013
lncRNA:CR43314,-0.06511465,-1.0975544,0.9480827192965325,1.0,0.00023729296189075032
lncRNA:CR45120,-0.06511759,-1.3794887,0.948080377112887,1.0,0.00023729296189075032
mir-2493,-0.065119796,-1.4710035,0.9480786204754472,1.0,0.00023729296189075032
lncRNA:CR44728,-0.06512126,-1.5532821,0.948077449383961,1.0,0.00023729296189075032
lncRNA:CR43956,-0.065124206,-1.5103039,0.9480751072013249,1.0,0.00023729296189075032
feo,-0.065219074,-0.37222636,0.9479995720520046,1.0,0.002230553841773053
CG43750,-0.065265045,-0.28343537,0.94796297573296,1.0,0.0014237577713445018
Pp4-19C,-0.065323144,-0.16959506,0.9479167181427816,1.0,0.057519813962317874
CG5157,-0.065468386,-0.5531636,0.9478010749357371,1.0,0.0006169617009159508
Sec6,-0.06554708,-0.1753832,0.9477384231257162,1.0,0.019932608798823026
smp-30,-0.06595304,-0.85994077,0.947415215192019,1.0,0.0009966304399411513
CG41562,-0.06603761,-1.457729,0.9473478812932695,1.0,0.00018983436951260026
TfIIA-S-2,-0.06604791,-2.0122256,0.947339684148655,1.0,0.00018983436951260026
ft,-0.066048644,-1.8755517,0.9473390986385387,1.0,0.00018983436951260026
CG10237,-0.066317074,-0.5499855,0.9471253893483348,1.0,0.0013762991789663518
Fur2,-0.066397235,-0.15373458,0.9470615700507118,1.0,0.16605761473114708
CG9649,-0.06641158,-0.8026684,0.9470501528727249,1.0,0.0005695031085378008
lncRNA:CR46238,-0.06643806,-0.9897088,0.9470290750342416,1.0,0.0005695031085378008
Ccdc85,-0.066465266,-1.353115,0.9470074117388797,1.0,0.0005695031085378008
ND-51L1,-0.06659617,-0.31367376,0.9469031942712679,1.0,0.0017559679179915523
Gli,-0.066669345,-0.38008,0.9468449382736237,1.0,0.0025627639884201036
CG14636,-0.066863135,-0.8719473,0.9466906637138965,1.0,0.0009491718475630013
CG43094,-0.066963516,-1.8017923,0.9466107461791807,1.0,0.0001423757771344502
CG31952,-0.06696646,-2.0037544,0.9466084042814996,1.0,0.0001423757771344502
CG4793,-0.06697161,-2.5876958,0.9466043059616678,1.0,0.0001423757771344502
Obp85a,-0.0670378,-0.3402342,0.9465516134040249,1.0,0.002942432727445304
Tasp1,-0.06745883,-0.10593542,0.9462164356736654,1.0,0.012149399648806417
Ctr9,-0.06775264,-0.12947202,0.9459825487273132,1.0,0.25333396611456505
lncRNA:CR44854,-0.06775484,-0.7296444,0.9459807923973681,1.0,0.0009017132551848512
CG5002,-0.067884274,-1.9168665,0.9458777548337229,1.0,9.491718475630013e-05
GNBP-like3,-0.067887954,-2.2879655,0.9458748276434277,1.0,9.491718475630013e-05
dachs,-0.067892365,-2.924152,0.9458713150160378,1.0,9.491718475630013e-05
Vajk1,-0.06789384,-3.1713974,0.9458701441404751,1.0,9.491718475630013e-05
CG12860,-0.06789457,-3.1298754,0.9458695587027375,1.0,9.491718475630013e-05
CG4669,-0.06789457,-3.3923554,0.9458695587027375,1.0,9.491718475630013e-05
Zip88E,-0.068204924,-0.16373882,0.945622506590482,1.0,0.009349342698495562
lncRNA:CR46041,-0.06824648,-0.90755033,0.945589430104579,1.0,0.00047458592378150065
CG31199,-0.06825751,-0.93682355,0.9455806487523942,1.0,0.00047458592378150065
Task6,-0.068259716,-0.0961922,0.9455788924827507,1.0,0.3395662284656637
Kal1,-0.068272956,-1.1740022,0.9455683548704443,1.0,0.00047458592378150065
lncRNA:CR45457,-0.068286926,-1.4355628,0.9455572318455641,1.0,0.00047458592378150065
CG14589,-0.06866751,-0.7502649,0.9452542798617362,1.0,0.0008542546628067012
CG34043,-0.06880945,-3.386591,0.9451412968952746,1.0,4.7458592378150065e-05
asRNA:CR44962,-0.06881312,-4.1912737,0.9451383698900722,1.0,4.7458592378150065e-05
CG18662,-0.06881386,-4.6057997,0.9451377844891204,1.0,4.7458592378150065e-05
CG14907,-0.06905766,-0.66096646,0.9449437257083115,1.0,0.0012339234018319016
lncRNA:CR44608,-0.06917202,-0.88577765,0.9448526977521339,1.0,0.0004271273314033506
lncRNA:CR45965,-0.069195546,-0.28940827,0.9448339654002902,1.0,0.0040339803521427554
Dlish,-0.06919702,-1.3146193,0.9448327946293127,1.0,0.0004271273314033506
CG42809,-0.069235995,-0.25998706,0.9448017692418359,1.0,0.004840776422571307
CG14443,-0.0695537,-0.6699351,0.9445488861913892,1.0,0.000806796070428551
E(spl)m2-BFM,-0.06973315,-19.466745,0.9444060565658994,1.0,0.0
ocn,-0.06973315,-19.490404,0.9444060565658994,1.0,0.0
CG9920,-0.06973315,-19.600018,0.9444060565658994,1.0,0.0
CG30414,-0.0697633,-0.31911132,0.9443820566811442,1.0,0.002800056950310854
CG43788,-0.070108585,-1.1655076,0.9441072323370457,1.0,0.0003796687390252005
Glug,-0.07045424,-0.57498765,0.9438321219786138,1.0,0.001566133548478952
CG31213,-0.07045608,-0.6339482,0.9438306586435272,1.0,0.000759337478050401
CG3984,-0.070503145,-0.84246475,0.9437931973298666,1.0,0.000759337478050401
lncRNA:CR46126,-0.07102824,-1.252466,0.9433752779977647,1.0,0.00033221014664705045
CG33270,-0.071029715,-1.3398536,0.9433741073772156,1.0,0.00033221014664705045
Kpc2,-0.07112238,-0.3387228,0.9433003585292882,1.0,0.016325755778083623
Tat,-0.07171109,-0.5103144,0.9428318306008101,1.0,0.0018983436951260026
asRNA:CR44228,-0.07182251,-0.7382454,0.942743160765412,1.0,0.0010915476246974515
Nepl17,-0.07195011,-1.4207641,0.9426416156539629,1.0,0.0002847515542689004
CG34215,-0.07195746,-1.716066,0.9426357629381857,1.0,0.0002847515542689004
Dmel_CG32368,-0.072288774,-0.68342745,0.9423721013099117,1.0,0.001471216363722652
CG3281,-0.07229833,-0.14592965,0.942364492965849,1.0,0.017322386218024774
lncRNA:CR44171,-0.07259618,-0.49490008,0.9421274664229284,1.0,0.0018508851027478526
CG42810,-0.072752826,-0.7183373,0.9420028100740573,1.0,0.0010440890323193013
lncRNA:CR43408,-0.07287785,-1.7553705,0.9419033201106359,1.0,0.00023729296189075032
ao,-0.072951026,-0.36491674,0.941845089640731,1.0,0.003037349912201604
CG33978,-0.073034495,-0.30939466,0.9417786663184261,1.0,0.00711878885672251
mtg,-0.073083036,-0.4613277,0.9417400414889796,1.0,0.0014237577713445018
CG17005,-0.073244095,-0.8732264,0.9416118782642912,1.0,0.0006169617009159508
Hira,-0.07325954,-0.24692346,0.9415995887193922,1.0,0.008732380997579612
lncRNA:CR32194,-0.07326763,-0.9507986,0.9415931513442799,1.0,0.0006169617009159508
Zaf1,-0.07343715,-0.28248978,0.9414582599531856,1.0,0.00749845759574771
Sse,-0.07379162,-1.8494135,0.9411761931483684,1.0,0.00018983436951260026
asRNA:CR44368,-0.07380118,-2.110247,0.941168585639472,1.0,0.00018983436951260026
nompC,-0.07415603,-0.79781044,0.9408862338234774,1.0,0.0005695031085378008
CG14401,-0.07417441,-0.4393765,0.940871604397853,1.0,0.002989891319823454
CG15047,-0.07454397,-0.6383375,0.9405775571801323,1.0,0.0009491718475630013
asRNA:CR31912,-0.074593976,-0.85350347,0.9405377663372078,1.0,0.0009491718475630013
CG17169,-0.07460023,-0.8648213,0.9405327924922771,1.0,0.0009491718475630013
CG12147,-0.07470907,-1.919313,0.9404461894466217,1.0,0.0001423757771344502
Cyp313a1,-0.07471054,-1.8988984,0.9404450191400142,1.0,0.0001423757771344502
CG31407,-0.07471422,-2.0862453,0.940442093374058,1.0,0.0001423757771344502
CG33643,-0.07471422,-2.0898628,0.940442093374058,1.0,0.0001423757771344502
mcw,-0.075083405,-0.9390935,0.9401483505703196,1.0,0.0005220445161596507
Det,-0.07522314,-0.2354433,0.9400371751370576,1.0,0.020881780646386027
CG31636,-0.07544303,-0.55481255,0.9398622224804137,1.0,0.0009017132551848512
brn,-0.07562873,-0.13646701,0.9397144804401213,1.0,0.012576526980209767
CG11449,-0.075633876,-2.285528,0.939710384650717,1.0,9.491718475630013e-05
CG12662,-0.07563976,-2.9360993,0.9397057037504933,1.0,9.491718475630013e-05
Fpgs2,-0.07569087,-0.3360878,0.9396650385174756,1.0,0.0020881780646386026
CG5776,-0.07598651,-0.33060542,0.9394298268784141,1.0,0.004508566275924256
msd1,-0.076011516,-1.0243096,0.9394099335987656,1.0,0.00047458592378150065
mst,-0.0760733,-0.29695377,0.9393607856582289,1.0,0.0032746428740923544
CG42302,-0.076181404,-0.3230676,0.9392747773181759,1.0,0.0016610507332352523
toe,-0.07729117,-0.63872015,0.9383919165142285,1.0,0.000806796070428551
Cyp6a14,-0.07730036,-0.6784596,0.9383846035353652,1.0,0.000806796070428551
CG3124,-0.07748128,-19.86359,0.9382406851695984,1.0,0.0
snoRNA:CG31191-a,-0.07748128,-19.565222,0.9382406851695984,1.0,0.0
CG4836,-0.07748128,-19.789085,0.9382406851695984,1.0,0.0
Cyp49a1,-0.07757504,-0.32523027,0.9381660941271431,1.0,0.004413649091167956
CG34141,-0.077729486,-0.6932103,0.9380432394755912,1.0,0.0011864648094537516
Mau2,-0.077832446,-0.11088907,0.937961337193715,1.0,0.01566133548478952
janB,-0.07787657,-1.575175,0.9379262364166361,1.0,0.0003796687390252005
SH3PX1,-0.07800454,-0.20937489,0.9378244448454511,1.0,0.025864932846091784
CG42766,-0.07813397,-0.5142351,0.9377214842898608,1.0,0.001566133548478952
CG43800,-0.07823951,-0.36670327,0.9376375371073895,1.0,0.006454368563428408
CG30480,-0.07828069,-1.0637094,0.9376047774192793,1.0,0.000759337478050401
CG12470,-0.07852927,-0.4391524,0.9374070515462136,1.0,0.0019458022875041526
Crys,-0.07878556,-1.4652807,0.937203187342857,1.0,0.00033221014664705045
CG14692,-0.07878924,-1.6270398,0.9372002624918127,1.0,0.00033221014664705045
okr,-0.07883447,-0.23293057,0.9371642868932905,1.0,0.006359451378672109
tos,-0.078884475,-0.3435826,0.9371245091450675,1.0,0.003132267096957904
CG1523,-0.07893927,-0.1697994,0.9370809292922293,1.0,0.028190403872621138
asRNA:CR45136,-0.079162836,-0.9399799,0.9369031020492216,1.0,0.0007118788856722509
Rrp40,-0.079247415,-0.14468133,0.9368358326950559,1.0,0.015329125338142471
lncRNA:CR45997,-0.079837225,-0.32405758,0.9363667146310694,1.0,0.001471216363722652
CG14609,-0.08053368,-0.16886829,0.9358128094112177,1.0,0.0042238147216553555
lncRNA:CR44233,-0.08071239,-0.45357275,0.9356706824467137,1.0,0.002230553841773053
CG12659,-0.0808205,-0.26357645,0.9355847054013482,1.0,0.010820559062218215
CG15923,-0.08118307,-0.3384049,0.9352963661065955,1.0,0.0018034265103697023
CG15202,-0.0813136,-0.17667636,0.935192554339084,1.0,0.0049831521997057565
lncRNA:CR44365,-0.08154049,-1.8625351,0.9350121291857787,1.0,0.00018983436951260026
TrxT,-0.081546366,-2.1994364,0.9350074504579303,1.0,0.00018983436951260026
asRNA:CR43465,-0.081550784,-2.220323,0.9350039414135171,1.0,0.00018983436951260026
CG10366,-0.08165521,-0.15360782,0.9349208943977976,1.0,0.04318731906411656
Rif1,-0.081908934,-0.35002163,0.9347191281920502,1.0,0.004603483460680556
CG1663,-0.082136184,-0.19157875,0.934538419410492,1.0,0.008210336481419962
MED30,-0.08225716,-0.19027202,0.9344422182142699,1.0,0.02771581794883964
CG18449,-0.08245021,-1.5196579,0.9342887076503725,1.0,0.0001423757771344502
asRNA:CR44724,-0.082456835,-1.7352086,0.9342834444743298,1.0,0.0001423757771344502
lncRNA:CR43624,-0.08246934,-2.6818452,0.9342735029274198,1.0,0.0001423757771344502
Or71a,-0.08282822,-0.9320759,0.9339881264278815,1.0,0.0005220445161596507
CG9676,-0.08283999,-1.0166504,0.9339787699647658,1.0,0.0005220445161596507
Rubicon,-0.083243005,-0.23953602,0.9336583166172374,1.0,0.02054957049973898
mus101,-0.0834515,-0.20729601,0.9334925388552365,1.0,0.010203597361302264
ind,-0.08379127,-1.4481286,0.9332223886857969,1.0,0.00047458592378150065
U3-55K,-0.083894596,-0.25002024,0.9331402341514592,1.0,0.008162877889041811
fest,-0.08424503,-0.5571079,0.9328616157189291,1.0,0.002467846803663803
CG12560,-0.08437704,-0.33074653,0.9327566608538759,1.0,0.003654311613117555
CG14298,-0.08443146,-0.4363588,0.9327133928931741,1.0,0.002040719472260453
CG14780,-0.084671214,-1.0904422,0.9325227823540955,1.0,0.0004271273314033506
jbug,-0.08504187,-0.30460626,0.93222810374099,1.0,0.005647572492999858
CG16959,-0.08506173,-0.81337625,0.9322123176484869,1.0,0.000806796070428551
lncRNA:CR44082,-0.08509409,-1.1162126,0.9321865922215411,1.0,0.000806796070428551
snoRNA:Psi28S-3308,-0.0851007,-0.93411607,0.9321813302111187,1.0,0.000806796070428551
ldd,-0.085144095,-1.121654,0.9321468348828744,1.0,0.000806796070428551
CG3517,-0.085229404,-19.69276,0.9320790139312018,1.0,0.0
Mst87F,-0.085229404,-19.731268,0.9320790139312018,1.0,0.0
Myt1,-0.08541731,-0.14698756,0.9319296341784247,1.0,0.02126144938541123
peng,-0.08552431,-0.19798917,0.9318445677190684,1.0,0.02932941008969674
Aprt,-0.08583393,-0.1887223,0.9315984347921884,1.0,0.018841061174125574
GCS1,-0.08591409,-0.14948368,0.9315347102300903,1.0,0.06269280053153624
Myo28B1,-0.08599241,-0.3297468,0.931472447664403,1.0,0.0027525983579327036
CG44521,-0.086351305,-0.5811071,0.9311871560187306,1.0,0.0011390062170756016
CG10062,-0.08641602,-0.7167903,0.9311357109241147,1.0,0.0011390062170756016
Ude,-0.08688192,-0.70977026,0.9307653732070629,1.0,0.0007118788856722509
Spec2,-0.08703599,-0.18517964,0.9306429049123411,1.0,0.017939347918940723
asRNA:CR45469,-0.0877762,-0.25933385,0.9300545539297509,1.0,0.004271273314033506
Hsp60D,-0.087813705,-0.85535973,0.9300247428232638,1.0,0.0006644202932941009
CG13334,-0.08786445,-1.1772434,0.9299844103060717,1.0,0.0006644202932941009
CG10681,-0.088494346,-0.13691318,0.9294837760196337,1.0,0.025295429737553984
inaF-B,-0.08875211,-0.83461136,0.9292789126977323,1.0,0.0014237577713445018
CG43755,-0.08930332,-2.2236698,0.9288408540909454,1.0,0.00018983436951260026
GstD3,-0.08935811,-0.36522093,0.9287973124167881,1.0,0.009634094252764463
CG18870,-0.0893776,-0.14341202,0.9287818244901251,1.0,0.04342461202600731
Hibadh,-0.089444526,-0.59011555,0.9287286397398345,1.0,0.0034170186512268047
Cpr51A,-0.08956624,-0.65816075,0.9286319144442171,1.0,0.0013762991789663518
CG34251,-0.089782454,-0.29273,0.928460090840551,1.0,0.0017559679179915523
CG16978,-0.09020386,-1.880816,0.9281252197362057,1.0,0.0001423757771344502
CG14089,-0.09020753,-0.36257184,0.9281222977057153,1.0,0.002135636657016753
scaRNA:PsiU5-44,-0.09020827,-2.345074,0.9281217132997335,1.0,0.0001423757771344502
uif,-0.09021562,-2.5585814,0.9281158692420484,1.0,0.0001423757771344502
CG12699,-0.090223715,-3.1982,0.9281094407830732,1.0,0.0001423757771344502
Br140,-0.0905473,-0.17770852,0.9278523062759848,1.0,0.013952826159176118
Rh50,-0.09069549,-0.26203594,0.9277345528731883,1.0,0.01504437378387357
lncRNA:CR43650,-0.09100106,-0.94696325,0.9274917462651048,1.0,0.0009017132551848512
Syx18,-0.091009885,-0.15577821,0.9274847339000947,1.0,0.0694793792416117
Ugt36E1,-0.09109483,-0.8113321,0.9274172401749402,1.0,0.0017085093256134023
Phf7,-0.09112572,-2.3385563,0.927392697131615,1.0,9.491718475630013e-05
CG2127,-0.091132335,-2.6428788,0.9273874379170322,1.0,9.491718475630013e-05
Csk,-0.09123971,-0.115123205,0.9273021222126625,1.0,0.2852261401926819
SoYb,-0.09136878,-0.6703035,0.9271995691674487,1.0,0.0012813819942100518
CG44836,-0.091496006,-1.0300382,0.9270984781754776,1.0,0.00047458592378150065
eyg,-0.09152395,-1.3453829,0.9270762733752788,1.0,0.00047458592378150065
CG14102,-0.09163611,-0.17855339,0.9269871625775464,1.0,0.01385790897441982
CG32457,-0.0916931,-0.4565934,0.9269418771132023,1.0,0.006169617009159509
CG33340,-0.09205273,-3.3459332,0.926656145905102,1.0,4.7458592378150065e-05
CG31820,-0.09205493,-3.786793,0.9266543929820605,1.0,4.7458592378150065e-05
fu,-0.09208619,-0.14386962,0.9266295599438896,1.0,0.02040719472260453
clos,-0.09230572,-0.60654914,0.9264551463852075,1.0,0.0012339234018319016
GstD10,-0.09240279,-0.9636972,0.926378019907861,1.0,0.0004271273314033506
Nans,-0.092439935,-1.0125154,0.9263485133702911,1.0,0.0012339234018319016
Impbeta11,-0.092529655,-0.18588483,0.9262772306678753,1.0,0.019647857244554128
lncRNA:CR45808,-0.09262085,-0.44378555,0.9262047800029881,1.0,0.001613592140857102
CG14223,-0.09272234,-0.40484148,0.9261241501438313,1.0,0.0040339803521427554
CG42399,-0.09273521,-0.225814,0.9261139253970441,1.0,0.028902282758293388
CG8230,-0.09276793,-0.15861745,0.9260879253816159,1.0,0.038916045750083054
CG11456,-0.09277051,-0.18093242,0.9260858804399302,1.0,0.03967538322813345
CG34168,-0.09297753,-19.871578,0.9259214103016944,1.0,0.0
CG42367,-0.09297753,-19.93631,0.9259214103016944,1.0,0.0
Mst84Da,-0.09297753,-20.060658,0.9259214103016944,1.0,0.0
Mst84Dd,-0.09297753,-20.031986,0.9259214103016944,1.0,0.0
CG13984,-0.09316838,-0.5513515,0.925769796761732,1.0,0.0011864648094537516
CG4592,-0.09319338,-0.6314445,0.9257499323742299,1.0,0.0019932608798823026
Cdk5,-0.09320515,-0.15645836,0.9257405844431864,1.0,0.06478097859617483
Mhc,-0.09335518,-1.4650826,0.9256213992214906,1.0,0.0003796687390252005
hog,-0.09356404,-0.49004796,0.9254554774773162,1.0,0.001566133548478952
GNBP2,-0.093712226,-0.7384222,0.9253377567973118,1.0,0.000759337478050401
HP1e,-0.09379239,-1.2035917,0.9252740773091666,1.0,0.000759337478050401
CG7341,-0.094055675,-0.3330119,0.925064931535398,1.0,0.003559394428361255
CG2104,-0.09428035,-1.6730659,0.9248864606753768,1.0,0.00033221014664705045
CG8850,-0.09462673,-0.7739578,0.9246113133390628,1.0,0.0007118788856722509
mthl14,-0.09464438,-0.8747865,0.9245972933338282,1.0,0.0007118788856722509
Lsd-1,-0.094656885,-0.95119864,0.924587362510957,1.0,0.0007118788856722509
lncRNA:CR44749,-0.09475249,-0.28165707,0.9245114213129695,1.0,0.004318731906411656
LSm7,-0.094814636,-0.19849074,0.9244620599031429,1.0,0.021830952493949028
yuri,-0.094930835,-0.402366,0.9243697636096373,1.0,0.0035119358359831047
CG31467,-0.095285684,-0.38905787,0.9240879157291596,1.0,0.0030848085045797544
nis,-0.095463656,-0.6396872,0.9239465572696258,1.0,0.001471216363722652
CG3819,-0.09559272,-0.9907486,0.923844044682318,1.0,0.0006644202932941009
CG14778,-0.09560596,-1.121027,0.9238335306422839,1.0,0.0006644202932941009
lncRNA:CR32553,-0.09610054,-1.4644375,0.9234407239758335,1.0,0.00023729296189075032
CG3448,-0.09627484,-0.2085735,0.9233022969256128,1.0,0.006644202932941009
CAH2,-0.09651716,-0.37042132,0.9231098463007371,1.0,0.011437520763134165
CG11147,-0.09655062,-1.5378935,0.9230832715299461,1.0,0.0006169617009159508
asRNA:CR42547,-0.09681979,-0.24884151,0.9228695083673645,1.0,0.00787812633477291
lncRNA:CR44525,-0.09702498,-1.7153244,0.9227065615008512,1.0,0.00018983436951260026
CG33475,-0.097026445,-1.6656924,0.9227053934346572,1.0,0.00018983436951260026
lncRNA:CR45981,-0.09705439,-2.38961,0.9226832002086477,1.0,0.00018983436951260026
CG18628,-0.09737761,-0.61938673,0.9224265224074395,1.0,0.002183095249394903
CG12426,-0.097412914,-1.0669491,0.922398489825861,1.0,0.0005695031085378008
CG5062,-0.097774744,-0.77200454,0.9221111614286988,1.0,0.0009491718475630013
so,-0.09790381,-0.38866434,0.9220086717447402,1.0,0.004176356129277205
CG4438,-0.09836861,-0.4638597,0.9216396028265683,1.0,0.003749228797873855
asRNA:CR45835,-0.09840648,-0.19046262,0.9216095291239534,1.0,0.02287504152626833
ninaG,-0.098695874,-0.6992357,0.9213797463810286,1.0,0.0009017132551848512
CG1806,-0.098887816,-3.455239,0.9212273400993605,1.0,9.491718475630013e-05
CG15528,-0.09905991,-0.60609126,0.9210907024440242,1.0,0.0012813819942100518
a6,-0.09906249,-0.21365444,0.9210886587360807,1.0,0.026956480470789235
snoRNA:CG32479-a,-0.09909043,-0.5540017,0.9210664699405248,1.0,0.0020881780646386026
CG34030,-0.099263996,-1.3258685,0.9209286672182768,1.0,0.00047458592378150065
CG4364,-0.09955412,-0.14343905,0.9206983200896788,1.0,0.19021403825162544
lncRNA:CR45473,-0.09956037,-0.31222838,0.9206933570434549,1.0,0.024583550851881734
gcm,-0.099654876,-0.84873724,0.9206183278387298,1.0,0.0008542546628067012
key,-0.09966407,-0.14570397,0.920611029315659,1.0,0.0390584215272175
CG13046,-0.09980416,-3.7768931,0.9204998006519136,1.0,4.7458592378150065e-05
jb,-0.099807106,-4.393411,0.920497465158577,1.0,4.7458592378150065e-05
CG2972,-0.0998983,-0.21043405,0.9204250652053553,1.0,0.012244316833562717
defl,-0.100003466,-0.407942,0.9203415725298534,1.0,0.003654311613117555
Rad51D,-0.10040979,-0.5263939,0.9200189954511178,1.0,0.001613592140857102
lncRNA:CR44716,-0.10041421,-0.19510904,0.9200154924237609,1.0,0.010108680176545964
vilya,-0.10072566,-19.699282,0.919768241001281,1.0,0.0
CG17376,-0.10072566,-20.24906,0.919768241001281,1.0,0.0
Npc2b,-0.10078155,-0.41266245,0.9197238708460105,1.0,0.005267903753974657
PhLP3,-0.10081207,-0.1469467,0.9196996425114533,1.0,0.0704285510891747
Vajk4,-0.101038955,-0.9019732,0.9195195378326284,1.0,0.0011864648094537516
CG2875,-0.10122869,-0.29891133,0.919368918613009,1.0,0.010203597361302264
CG8569,-0.10218108,-0.23720822,0.9186129473495813,1.0,0.016420672962839923
GM130,-0.102664255,-0.18581174,0.918229444068308,1.0,0.05732997959280528
Bet5,-0.102900326,-0.13801275,0.9180420772313138,1.0,0.0815338617056618
lncRNA:CR44408,-0.10370268,-0.65778667,0.9174052975490199,1.0,0.0018508851027478526
Snrnp65,-0.10383727,-0.36231774,0.9172984918360239,1.0,0.005078069384462057
CG15373,-0.10385786,-1.7275957,0.9172821501099075,1.0,0.00023729296189075032
snoRNA:Psi18S-1377d,-0.10386301,-1.9507036,0.917278064683839,1.0,0.00023729296189075032
Ldsdh1,-0.104034364,-0.43972713,0.9171420796061053,1.0,0.002230553841773053
CG5880,-0.10453556,-0.19006,0.916744351773513,1.0,0.023444544634806132
CG14451,-0.10461572,-0.74310786,0.9166807405949068,1.0,0.0009966304399411513
CG7409,-0.10463337,-0.68897855,0.9166667345354834,1.0,0.0018034265103697023
Tdh,-0.10543131,-0.33587974,0.9160335710164464,1.0,0.004176356129277205
CG1889,-0.10568761,-1.5800489,0.9158302113439657,1.0,0.0001423757771344502
I-2,-0.105844624,-0.15264922,0.9157056307353425,1.0,0.10606995396516539
Cog8,-0.10596119,-0.16908793,0.9156131448308346,1.0,0.026197142992738835
CG13005,-0.10613585,-0.3410916,0.9154745639895417,1.0,0.00745099900336956
asRNA:CR45182,-0.10645834,-0.81117857,0.9152187067475818,1.0,0.0009017132551848512
Mlp60A,-0.10663595,-3.375783,0.9150777993818082,1.0,9.491718475630013e-05
lncRNA:CR44074,-0.10667566,-0.39128846,0.9150462925096576,1.0,0.004935693607327606
CG2540,-0.10676023,-0.14391859,0.9149791949860578,1.0,0.01589862844668027
dnd,-0.10705661,-0.31850818,0.9147440667097045,1.0,0.006549285748184709
lncRNA:CR45679,-0.107215464,-0.26195866,0.9146180456907153,1.0,0.003654311613117555
CG7914,-0.10748316,-0.2074347,0.9144056817941763,1.0,0.006454368563428408
CG14985,-0.10751993,-0.24057361,0.9143765114062335,1.0,0.008115419296663661
CG13344,-0.10835796,-0.12628035,0.9137117496062251,1.0,0.17004413649091168
ORMDL,-0.10838296,-0.1693001,0.9136919156026784,1.0,0.05139765554553652
Osi2,-0.10847085,-0.43238053,0.9136222053402848,1.0,0.002800056950310854
Prat2,-0.10848114,-0.7382949,0.9136140384910963,1.0,0.0024203882112856533
Myo10A,-0.10885364,-1.4881462,0.9133185796958173,1.0,0.0003796687390252005
CG5078,-0.10922062,-0.966728,0.9130275076222791,1.0,0.000759337478050401
CG33332,-0.10930188,-0.23403898,0.9129630533587574,1.0,0.00759337478050401
CG30495,-0.109314755,-0.2598694,0.9129528457224675,1.0,0.008447629443310711
CG9541,-0.10972696,-0.35253382,0.9126259173195034,1.0,0.004366190498789806
verm,-0.10977587,-1.6981049,0.9125871301840813,1.0,0.00033221014664705045
st,-0.11016859,-1.0896494,0.9122756741279421,1.0,0.0007118788856722509
CG1840,-0.11044364,-0.18637216,0.9120575462592828,1.0,0.05666555929951118
Su(Ste):CR42418,-0.110648826,-1.0205066,0.9118948295164999,1.0,0.0002847515542689004
Mpcp1,-0.11071722,-2.4064395,0.9118405914228372,1.0,0.0002847515542689004
CG14556,-0.11099631,-0.5553649,0.911619269268597,1.0,0.0006644202932941009
Tdrd3,-0.11111141,-0.18360731,0.9115280013904101,1.0,0.04712638223150301
Mtk,-0.1114725,-0.8955635,0.9112416669379396,1.0,0.0010440890323193013
CG4757,-0.111640185,-3.0127122,0.9111087090311183,1.0,0.00023729296189075032
Suv3,-0.11188287,-0.20284854,0.9109162743645726,1.0,0.053058706278771774
CG7135,-0.11189795,-0.3274335,0.9109043202620947,1.0,0.00792558492715106
CG42526,-0.111988775,-0.31129017,0.9108323045105506,1.0,0.0034170186512268047
c(3)G,-0.11207225,-0.2904886,0.9107661206398703,1.0,0.010393431730814863
CG30403,-0.112419,-0.1690085,0.9104911872290059,1.0,0.012671444164966067
28SrRNA-Psi:CR45851,-0.11252344,-1.9725797,0.9104083885970691,1.0,0.00018983436951260026
yellow-f2,-0.11346331,-2.7416816,0.9096632447996713,1.0,0.0001423757771344502
CG2129,-0.11386008,-0.29750192,0.9093487106492366,1.0,0.00740354041099141
TotX,-0.114375986,-2.9763343,0.9089397500589351,1.0,9.491718475630013e-05
Camp,-0.11461316,-0.18407457,0.9087517470440067,1.0,0.028902282758293388
asRNA:CR45209,-0.11471722,-0.92948776,0.9086692605119132,1.0,0.0012813819942100518
Su(var)3-9,-0.11474958,-0.33953747,0.908643611190231,1.0,0.004081438944520906
asRNA:CR45376,-0.11476098,-1.4726876,0.9086345756564127,1.0,0.00047458592378150065
e(y)2b,-0.115114726,-0.321965,0.9083541885197631,1.0,0.009444259883251862
CG15083,-0.115153335,-1.0281873,0.908323585624639,1.0,0.0008542546628067012
CG1572,-0.11526512,-0.19375382,0.9082349837242445,1.0,0.008495088035688861
CG15247,-0.11529821,-4.0814896,0.9082087531174412,1.0,4.7458592378150065e-05
CG31076,-0.11529821,-4.047118,0.9082087531174412,1.0,4.7458592378150065e-05
salto,-0.1153041,-4.622836,0.9082040899089315,1.0,4.7458592378150065e-05
asRNA:CR45007,-0.115552306,-0.820518,0.9080073636837821,1.0,0.0012339234018319016
png,-0.11622191,-20.064358,0.9074766682218023,1.0,0.0
Jhbp13,-0.1165911,-1.1338382,0.907184089359293,1.0,0.0011864648094537516
kz,-0.11660838,-0.20700285,0.9071703932466978,1.0,0.02315979308053723
lncRNA:CR45820,-0.11660912,-1.8152483,0.9071698104340081,1.0,0.0003796687390252005
Cad99C,-0.11662088,-1.9020158,0.9071604854377707,1.0,0.0003796687390252005
CG2111,-0.116827175,-0.5777876,0.9069970086772375,1.0,0.001566133548478952
Jhbp14,-0.11701839,-1.1227175,0.9068454829343658,1.0,0.000759337478050401
Ada1-2,-0.11782809,-0.70717263,0.9062038673344932,1.0,0.001518674956100802
melt,-0.11844843,-2.0020523,0.9057123530851029,1.0,0.0002847515542689004
CG5909,-0.118454315,-2.228319,0.9057076915932031,1.0,0.0002847515542689004
Taf8,-0.11868083,-0.18834989,0.9055282266267896,1.0,0.015329125338142471
CG17568,-0.11899339,-0.17509101,0.9052805962036793,1.0,0.05177732428456172
CG13766,-0.11901581,-0.23365287,0.905262825433098,1.0,0.018841061174125574
CG4041,-0.11930557,-0.26321054,0.9050332663040036,1.0,0.01461724645247022
TTLL6A,-0.11936441,-2.177294,0.9049866562819486,1.0,0.00023729296189075032
asRNA:CR45041,-0.11936882,-2.2248447,0.9049831605434879,1.0,0.00023729296189075032
tomboy40,-0.11960857,-0.41947752,0.9047932281901222,1.0,0.005078069384462057
Ns3,-0.11967403,-0.17741519,0.9047413764383982,1.0,0.02244791419486498
Drs,-0.119683586,-0.8186925,0.9047338026210134,1.0,0.0014237577713445018
CG14210,-0.1199112,-0.19654903,0.9045534900678764,1.0,0.0336481419961084
SAK,-0.120052405,-0.30246085,0.9044416346725577,1.0,0.006644202932941009
Nnk,-0.120159045,-0.18056548,0.9043571618024682,1.0,0.054245171088225526
Grd,-0.12017449,-0.28589728,0.9043449278903016,1.0,0.02221062123297423
lncRNA:CR44471,-0.120309435,-0.38988802,0.9042380277670202,1.0,0.00711878885672251
fus,-0.120522715,-0.67320424,0.9040690883325506,1.0,0.0013762991789663518
Cog2,-0.12064737,-0.21971683,0.9039703481561401,1.0,0.02396658915096578
Hpd,-0.12069554,-1.582531,0.9039321923204903,1.0,0.0005695031085378008
lncRNA:CR45527,-0.120770186,-0.2355537,0.9038730657767924,1.0,0.014047743343932419
asRNA:CR44512,-0.12119857,-2.377881,0.9035337538110434,1.0,0.0001423757771344502
loopin-1,-0.121201515,-2.5003119,0.9035314238326251,1.0,0.0001423757771344502
rho-4,-0.12121806,-0.2235799,0.9035183177195014,1.0,0.0339328935503773
tx,-0.121516645,-0.8953373,0.9032818297097757,1.0,0.0013288405865882018
CG11050,-0.121897966,-0.13073516,0.9029798248658838,1.0,0.2352047838261117
CG11342,-0.121967465,-0.2884495,0.9029247840283768,1.0,0.004508566275924256
l(2)09851,-0.12209396,-0.2427844,0.9028246050772524,1.0,0.024915760998528783
CG10347,-0.12210389,-0.23447195,0.902816742259923,1.0,0.015281666745764321
meso18E,-0.12213735,-4.376776,0.9027902417235749,1.0,9.491718475630013e-05
ear,-0.122177064,-0.17085047,0.902758790678128,1.0,0.13530444687010584
Or45a,-0.12290294,-1.0401546,0.9021839623931095,1.0,0.0008542546628067012
Tsf3,-0.12304892,-4.046211,0.9020683622806059,1.0,4.7458592378150065e-05
Ir62a,-0.12359166,-0.49433884,0.9016385926876366,1.0,0.0024203882112856533
asRNA:CR44987,-0.12365197,-0.23433581,0.9015908422878406,1.0,0.012671444164966067
CG13794,-0.123777725,-0.8893461,0.9014912663802952,1.0,0.000806796070428551
CG14797,-0.123808615,-0.77697825,0.9014668093768892,1.0,0.001613592140857102
CG8326,-0.12433372,-0.20561118,0.9010510546476029,1.0,0.013762991789663519
CG6435,-0.12436093,-1.9155511,0.901029510673488,1.0,0.0003796687390252005
Efhc1.1,-0.12438519,-2.147709,0.9010102958391633,1.0,0.0003796687390252005
CG15043,-0.1247246,-1.035028,0.900741585375238,1.0,0.000759337478050401
CG5810,-0.12476431,-1.3176877,0.9007101443735712,1.0,0.000759337478050401
dnt,-0.1251074,-0.26278856,0.9004385355447762,1.0,0.01513929096862987
cmb,-0.125146,-0.17524043,0.9004079693640009,1.0,0.026481894547007737
CG42307,-0.12553945,-0.71368754,0.9000964938555542,1.0,0.001518674956100802
CG11368,-0.12611015,-0.33259547,0.8996447361727463,1.0,0.004698400645436856
Trm7-32,-0.12616089,-0.14557722,0.8996045685691804,1.0,0.02828532105737744
CG6470,-0.12655877,-1.1565943,0.8992896401919811,1.0,0.0006644202932941009
CG5800,-0.12780641,-0.40384734,0.8983021720999149,1.0,0.00754591618812586
CG1103,-0.1278156,-0.1640737,0.8982948969080485,1.0,0.02320725167291538
CG4332,-0.12807043,-0.2441664,0.8980932319943862,1.0,0.010725641877461915
Mst77F,-0.12837969,-0.7044486,0.8978485075130543,1.0,0.002183095249394903
CG13280,-0.12845653,-1.6780596,0.8977876916393915,1.0,0.0005695031085378008
CG33178,-0.1284569,-1.7077203,0.8977874006557931,1.0,0.0005695031085378008
Ndc80,-0.12896325,-3.0500166,0.8973867292978457,1.0,0.0001423757771344502
lncRNA:CR45191,-0.12914674,-0.6769807,0.8972415396669275,1.0,0.0013288405865882018
CG15332,-0.12922727,-0.8487854,0.8971778202536372,1.0,0.0013288405865882018
CG17121,-0.12967956,-0.7481284,0.8968199564290983,1.0,0.0017085093256134023
CG6409,-0.13028078,-1.7889038,0.896344291899693,1.0,0.00047458592378150065
bun,-0.13060546,0.13162056,0.8960874194437228,1.0,0.814674196763324
Dph1,-0.13102135,-0.28867698,0.8957584175246023,1.0,0.017132551848512173
mei-W68,-0.13102944,-0.5742986,0.8957520180185059,1.0,0.0028475155426890037
CG11892,-0.13113204,-0.5452252,0.8956708612343751,1.0,0.0028475155426890037
NetA,-0.13125154,-0.29581642,0.895576325138545,1.0,0.010203597361302264
CG10959,-0.131809,-0.26691824,0.895135370223646,1.0,0.011817189502159367
CCDC53,-0.13197924,-0.17155951,0.8950007050891378,1.0,0.017939347918940723
Uhg3,-0.13247383,-0.1595763,0.8946095244123765,1.0,0.04869251577998197
CG14787,-0.13290185,-0.9633113,0.8942710065776144,1.0,0.0011390062170756016
cpa,-0.13330191,-0.17977709,0.8939546086917901,1.0,0.05130273836078022
lncRNA:CR45809,-0.13338612,-1.123375,0.8938880160639966,1.0,0.0007118788856722509
asRNA:CR44981,-0.13346556,-0.641629,0.8938252044891909,1.0,0.003132267096957904
CG6426,-0.13348357,-0.95480686,0.8938109556597711,1.0,0.001518674956100802
CG7889,-0.13357036,-0.37293118,0.893742329124696,1.0,0.004318731906411656
Msh6,-0.1337748,-0.25339714,0.89358065280624,1.0,0.01504437378387357
CG11560,-0.13412891,-0.24711338,0.8933006375620103,1.0,0.01589862844668027
lncRNA:CR45456,-0.13472572,-1.0954531,0.8928287416714431,1.0,0.0010440890323193013
CG13272,-0.13475476,-1.0540664,0.8928057729678679,1.0,0.0010440890323193013
asRNA:CR45800,-0.1348636,-2.3680234,0.892719713814958,1.0,0.00023729296189075032
CG17450,-0.13488199,-2.7467997,0.8927051769205747,1.0,0.00023729296189075032
Vdup1,-0.1352622,-1.3666111,0.8924045620332214,1.0,0.0006169617009159508
slif,-0.13594212,-0.593379,0.891867040711318,1.0,0.0013762991789663518
CG40486,-0.13626534,-0.62444234,0.8916115247266684,1.0,0.002989891319823454
CG7492,-0.13661209,-0.16041891,0.8913374171335523,1.0,0.10858525936120735
CG12256,-0.13755454,-1.285033,0.8905924799030718,1.0,0.0009017132551848512
tsl,-0.13786526,-0.66266567,0.8903469013659457,1.0,0.0020881780646386026
CG9717,-0.13799874,-1.5082706,0.8902414075427817,1.0,0.00047458592378150065
eya,-0.13835469,-0.2843837,0.889960100186084,1.0,0.008590005220445162
Mybbp1A,-0.13901438,-0.25179613,0.8894387882890996,1.0,0.018224099473209625
CG7841,-0.13905336,-0.12708019,0.8894079876304377,1.0,0.07640833372882161
Larp4B,-0.13928649,-0.049176678,0.8892237683098347,1.0,0.4181101988515021
Tnpo-SR,-0.13929017,-0.21548423,0.8892208626902114,1.0,0.017227469033268474
pasi1,-0.1396612,-0.17383806,0.8889276933275956,1.0,0.025675098476579186
CG3165,-0.14018372,-0.22444299,0.8885148413339924,1.0,0.01594608703905842
Vps50,-0.14049076,-0.19562428,0.8882722576740483,1.0,0.03042095771439419
Had1,-0.1406735,-0.5198573,0.8881278745217625,1.0,0.009064591144226662
snoRNA:Or-aca5,-0.14169796,-2.251233,0.8873185842998319,1.0,0.0002847515542689004
lncRNA:CR43825,-0.14181674,-0.3470789,0.8872247653425847,1.0,0.003464477243604955
slf,-0.14210796,-1.5527188,0.8869947267881846,1.0,0.0006644202932941009
CG9782,-0.1424231,-0.879061,0.8867458195318366,1.0,0.0010440890323193013
CG18661,-0.14279632,-0.22048941,0.8864510371753366,1.0,0.03673295050068815
Scp1,-0.14298643,-1.2628578,0.8863008929869661,1.0,0.0006169617009159508
CG18858,-0.14305703,-0.4479965,0.886245134482127,1.0,0.0018034265103697023
CG8701,-0.14336444,-0.8941753,0.8860023592269658,1.0,0.0009966304399411513
CG10222,-0.14371783,-0.2963222,0.8857232970638522,1.0,0.004176356129277205
Patr-1,-0.14397816,-0.18417493,0.885517711943931,1.0,0.049119643111385315
CG7692,-0.14404656,-0.2703948,0.8854637035713677,1.0,0.02387167196620948
lncRNA:CR44662,-0.14464998,-0.3191765,0.88498723343253,1.0,0.0057424896777561575
CG13133,-0.14485297,-1.8407563,0.8848269676241275,1.0,0.0005220445161596507
mldr,-0.14552036,-0.28572735,0.8843000399312204,1.0,0.008162877889041811
asRNA:CR44960,-0.14592668,-0.35984248,0.8839792632695097,1.0,0.0061221584167813585
Obp56e,-0.1462966,-5.137936,0.8836872424127742,1.0,4.7458592378150065e-05
lncRNA:CR46060,-0.14668787,-1.8371134,0.8833784025605014,1.0,0.0004271273314033506
rswl,-0.14705999,-0.1652321,0.8830846728306191,1.0,0.05035356651321722
CG18789,-0.14712949,-0.27211335,0.8830298179714446,1.0,0.008922215367092211
slx1,-0.14743212,-0.7113859,0.8827909591746891,1.0,0.0019932608798823026
lncRNA:CR45203,-0.14788294,-0.7932802,0.8824351576982553,1.0,0.000759337478050401
sfl,-0.14792007,-0.14784306,0.8824058472139451,1.0,0.20065492857481848
ntc,-0.14797081,-0.29671955,0.8823657994857966,1.0,0.005979782639646908
Fbp,-0.14849775,-0.38201734,0.881949959347418,1.0,0.003939063167386455
CG32100,-0.14857571,-0.1765777,0.8818884421429585,1.0,0.02956670305158749
CG7365,-0.14945197,-2.2620661,0.8811970030468802,1.0,0.0002847515542689004
CG2256,-0.14948507,-0.51654583,0.8811708908781736,1.0,0.002278012434151203
sqd,-0.1503161,0.10807863,0.8805152277322568,1.0,0.6999193203929571
CG4709,-0.15061615,-0.2810515,0.8802785128208661,1.0,0.016373214370461773
pio,-0.15182006,-0.8716777,0.8793288600349689,1.0,0.002183095249394903
CG31121,-0.15248893,-0.8721194,0.878801317839487,1.0,0.0013288405865882018
Tie,-0.15299785,-1.0814682,0.8783999693735354,1.0,0.0009017132551848512
CG12134,-0.15336116,-0.3353659,0.8781134767179043,1.0,0.00692895448720991
lncRNA:CR43893,-0.1539484,-1.37664,0.8776504246858693,1.0,0.0008542546628067012
mRRF2,-0.15416057,-0.1775085,0.877483133142037,1.0,0.011295144985999716
CG11438,-0.15444297,-1.997386,0.8772604728177927,1.0,0.0004271273314033506
CG17650,-0.15464522,-0.6734314,0.877101021520933,1.0,0.001613592140857102
Lfg,-0.15477686,-1.0629394,0.8769972359013013,1.0,0.000806796070428551
CG11029,-0.15498278,-0.54661995,0.8768348939223087,1.0,0.0019932608798823026
Aladin,-0.15499455,-0.20958333,0.876825617394216,1.0,0.02054957049973898
Cyp4d14,-0.15533137,-1.81018,0.8765600839560541,1.0,0.0003796687390252005
CG14711,-0.15535234,-0.16235432,0.8765435610459174,1.0,0.023349627450049832
CG15203,-0.15577558,-0.48552203,0.8762099257331466,1.0,0.003986521759764605
snoRNA:CD78,-0.15590318,-0.5200002,0.876109346680358,1.0,0.003986521759764605
snoRNA:Psi18S-1377b,-0.15658675,-1.0685817,0.8755705437336606,1.0,0.0007118788856722509
CG7156,-0.15706883,-0.2382463,0.8751906049343782,1.0,0.02325471026529353
lncRNA:CR44294,-0.15756634,-0.29328766,0.8747985243483205,1.0,0.005884865454890608
CG31921,-0.15757002,-0.99605757,0.8747956266016773,1.0,0.001471216363722652
PIG-H,-0.15804216,-0.16017197,0.8744235698942655,1.0,0.05111290399126762
IntS12,-0.15881915,-0.2981543,0.8738113594756195,1.0,0.00787812633477291
CG4497,-0.16063824,-0.18068299,0.8723783356736822,1.0,0.0356414028759907
Nepl11,-0.16082945,-1.0105554,0.8722277287460708,1.0,0.0017085093256134023
sff,-0.16135234,-0.15062132,0.8718159003906207,1.0,0.24066252194959897
Arl6,-0.16165681,-1.2788306,0.8715761175997944,1.0,0.0008542546628067012
lncRNA:CR45883,-0.16208188,-0.83796,0.8712413681344202,1.0,0.002040719472260453
CG4839,-0.16218705,-1.9925175,0.8711585530515087,1.0,0.0004271273314033506
Fmo-1,-0.16402636,-2.1698818,0.8697103869703086,1.0,0.00033221014664705045
Taf5,-0.16414514,-0.23674235,0.8696168878110655,1.0,0.04190593706990651
CG10979,-0.1643996,-0.2123507,0.86941657996045,1.0,0.05884865454890608
MKP-4,-0.164543,-0.20021567,0.8693036933889715,1.0,0.04100422381472166
lncRNA:CR46088,-0.16515893,-0.7947092,0.8688188903531661,1.0,0.001471216363722652
ovo,-0.16537146,-1.6969695,0.8686516085620328,1.0,0.0006644202932941009
CG3008,-0.16547737,-0.2144918,0.8685682592755235,1.0,0.0390584215272175
CG11839,-0.16561857,-0.25978062,0.8684571291657623,1.0,0.013715533197285369
CG5653,-0.16587672,-2.8426564,0.868253976153595,1.0,0.00023729296189075032
lncRNA:CR45035,-0.16620839,-1.3565654,0.8679929575611564,1.0,0.0006169617009159508
lncRNA:CR32582,-0.16646285,-0.68565536,0.8677927180165872,1.0,0.0018034265103697023
Sph242,-0.16742921,-0.75531334,0.867032348103428,1.0,0.0017559679179915523
Rat1,-0.16778368,-0.23276357,0.8667534608701118,1.0,0.029756537421100092
Nufip,-0.1678039,-0.345547,0.866737549753938,1.0,0.017322386218024774
DNAlig4,-0.16786899,-0.28432256,0.866686345255699,1.0,0.011959565279293816
Polr1F,-0.16840476,-0.26046944,0.8662648696168387,1.0,0.02145128375492383
CG8379,-0.16957042,-0.1738027,0.8653479951207164,1.0,0.018366475250344075
CG14712,-0.16968109,-0.25035915,0.865260944830047,1.0,0.016515590147596224
CG3699,-0.16999659,-1.3592526,0.8650128170965227,1.0,0.0012339234018319016
snoRNA:lola-c,-0.1709317,-0.5791814,0.8642774771482049,1.0,0.002372929618907503
Dll,-0.1710979,-0.32215786,0.864146788032873,1.0,0.024631009444259885
Tsen2,-0.17173368,-0.27652636,0.8636469075818983,1.0,0.012576526980209767
Jhbp3,-0.17175134,-1.8628395,0.8636330308224891,1.0,0.00033221014664705045
CG6418,-0.17263569,-0.1429169,0.8629378013009616,1.0,0.06800816287788904
dsx,-0.17291404,-0.4710426,0.8627189921567551,1.0,0.0076408333728821606
CG17108,-0.17298943,-0.49794576,0.8626597391801801,1.0,0.012101941056428266
CG14448,-0.17314093,-1.80728,0.862540657486426,1.0,0.0006644202932941009
asRNA:CR43426,-0.17356123,-0.29179356,0.8622103088575378,1.0,0.0034170186512268047
CG32687,-0.17384031,-0.75719804,0.8619909568051933,1.0,0.004318731906411656
CG12909,-0.17399587,-0.36085263,0.8618687138359185,1.0,0.008779839589957763
CG7509,-0.17538619,-0.4495596,0.860776188151042,1.0,0.005410279531109108
CG13667,-0.17571971,-0.33643872,0.8605141486617849,1.0,0.00740354041099141
CG11089,-0.1757973,-0.5311114,0.8604531912900515,1.0,0.008779839589957763
CG12581,-0.17673497,-1.7064118,0.8597165685199489,1.0,0.00047458592378150065
CG13022,-0.17678498,-2.0951087,0.8596772853952585,1.0,0.00047458592378150065
CG34227,-0.17728545,-4.5928955,0.8592841844456993,1.0,4.7458592378150065e-05
CG18281,-0.1775491,-0.41551852,0.8590771056072413,1.0,0.006501827155806559
prom,-0.1780878,-0.97802424,0.8586540248828841,1.0,0.001613592140857102
lncRNA:CR45010,-0.17856032,-1.7095284,0.8582829601821862,1.0,0.0003796687390252005
gl,-0.17874196,-0.6252305,0.8581403179546185,1.0,0.0036068530207394047
CG32075,-0.17889383,-0.2275287,0.8580210679866984,1.0,0.01461724645247022
CG14830,-0.17898723,-1.0156142,0.8579477294214901,1.0,0.001566133548478952
Npc2g,-0.17940973,-1.0767661,0.8576159887971829,1.0,0.002372929618907503
alpha-Est7,-0.1794476,-0.86837167,0.8575862517439189,1.0,0.0019458022875041526
ACXC,-0.1795263,-1.4497731,0.8575244686095753,1.0,0.0011390062170756016
daed,-0.17986165,-0.21861334,0.8572611783133334,1.0,0.024868302406150632
CG9799,-0.18010876,-0.29677933,0.8570671850973687,1.0,0.010868017654596364
mir-2279,-0.1806368,-0.841139,0.8566526690216603,1.0,0.001471216363722652
Flacc,-0.18242978,-0.15116507,0.8552454574983406,1.0,0.17422049262018888
nonA,-0.18294641,-0.07638663,0.8548400603138515,1.0,0.38246879597551137
CG17777,-0.18364654,-0.49173018,0.8542907433712652,1.0,0.0017085093256134023
Pph13,-0.18419224,-0.6426946,0.8538626482448747,1.0,0.0033221014664705046
CG31103,-0.18491958,-1.3263718,0.8532921139747002,1.0,0.0008542546628067012
CG11374,-0.1851233,-0.37107822,0.8531323319712312,1.0,0.0040339803521427554
CG18273,-0.1854958,-0.28131485,0.8528401829921757,1.0,0.009301884106117413
CG42391,-0.18554543,-0.5279473,0.8528012505450693,1.0,0.004461107683546106
CG6937,-0.18619923,-0.23788995,0.8522885292945237,1.0,0.02197332827108348
Buffy,-0.1862143,-0.8329452,0.8522767068739705,1.0,0.0019932608798823026
nmdyn-D6,-0.1862871,-0.38356,0.8522196137004722,1.0,0.006027241232025058
CG4455,-0.18631175,-0.44218937,0.8522002944686119,1.0,0.003986521759764605
Snx1,-0.18733032,-0.16510074,0.8514016517406895,1.0,0.05571638745194817
SrpRalpha,-0.18812753,-0.18170229,0.8507766831138592,1.0,0.07550662047363675
Mlc2,-0.18850996,-1.3076495,0.8504769159054903,1.0,0.0006644202932941009
Ctu2,-0.18967009,-0.24252735,0.8495676583517001,1.0,0.011912106686915665
lncRNA:CR46322,-0.1903158,-0.81520057,0.8490616732192232,1.0,0.002183095249394903
CG14770,-0.19043237,-1.7589589,0.848970337419983,1.0,0.0005695031085378008
CG33233,-0.19133952,-1.8864657,0.8482596010661376,1.0,0.0005220445161596507
Tep4,-0.19212459,-0.8119691,0.8476446126087569,1.0,0.0020881780646386026
beta-PheRS,-0.19230293,-0.28267255,0.8475049208861656,1.0,0.018793602581747424
CG13116,-0.1936039,-1.5330458,0.846486036586122,1.0,0.000806796070428551
Obp19c,-0.19361457,-1.5985457,0.8464776861334509,1.0,0.000806796070428551
CG32554,-0.19384256,-0.33635464,0.8462991633402257,1.0,0.008495088035688861
CG13123,-0.1943934,-0.28039145,0.845867861812229,1.0,0.012623985572587917
CG31115,-0.1944629,-1.3347049,0.8458134485425453,1.0,0.000759337478050401
Dro,-0.1945916,-1.9423001,0.845712685170354,1.0,0.000759337478050401
Orco,-0.19459969,-0.55715173,0.8457063515569514,1.0,0.003986521759764605
wls,-0.19475596,-0.21119012,0.8455839996189621,1.0,0.03796687390252005
CG32801,-0.1953807,-1.4485966,0.8450949169819814,1.0,0.0007118788856722509
CG6429,-0.19572562,-0.9586837,0.8448249251754976,1.0,0.0010915476246974515
CG14259,-0.19587786,-1.2299728,0.8447057661439816,1.0,0.0010915476246974515
Cyp4p1,-0.19635662,-1.6964035,0.8443310427957154,1.0,0.0006644202932941009
CG32537,-0.19722775,-0.28758442,0.8436493209113223,1.0,0.012861278534478668
CG9444,-0.19728106,-1.7850541,0.8436075983808768,1.0,0.0006169617009159508
Nup43,-0.19728474,-0.3525563,0.8436047209811598,1.0,0.013051112903991267
CG13606,-0.1977304,-1.3976077,0.8432559956043935,1.0,0.0009966304399411513
mRpS31,-0.1979356,-0.14714096,0.843095454148568,1.0,0.09140524892031703
CG7728,-0.19830845,-0.22589041,0.8428037342184492,1.0,0.01480708082198282
CG14785,-0.19915164,-0.37844238,0.842144135513064,1.0,0.004508566275924256
lncRNA:CR43199,-0.19920164,-0.36196184,0.8421050175643293,1.0,0.013288405865882019
RNaseX25,-0.199505,-0.16104902,0.8418677295394679,1.0,0.09947320962460253
Gem2,-0.20052394,-0.3022301,0.8410708346420761,1.0,0.014000284751554268
Obp56d,-0.20053607,-5.36418,0.8410613453538458,1.0,4.7458592378150065e-05
CG15739,-0.20084275,-0.80998456,0.840821532830161,1.0,0.002040719472260453
Cdc5,-0.20164473,-0.18478666,0.8401944670756815,1.0,0.04584500023729296
asRNA:CR45889,-0.20174329,-0.9416245,0.8401174205914135,1.0,0.0019932608798823026
lncRNA:CR45669,-0.20220697,-0.3391851,0.8397549202053285,1.0,0.0076408333728821606
s-cup,-0.20333622,-0.352235,0.838872240414609,1.0,0.010535807507949314
CG17111,-0.20337483,-0.9736561,0.8388420644479293,1.0,0.0023254710265293533
CG2694,-0.20366165,-0.47022057,0.8386179075449172,1.0,0.003891604575008305
lncRNA:CR44612,-0.20414887,-2.0092976,0.8382371582124828,1.0,0.0006644202932941009
Ccs,-0.20429559,-0.25743288,0.8381225097907355,1.0,0.021024156423520478
CG9072,-0.20506817,-2.1409855,0.8375188664493128,1.0,0.0006169617009159508
CG14230,-0.20571424,-0.2969876,0.8370141319805158,1.0,0.019837691614066726
CG13775,-0.206143,-0.49321896,0.8366792114605688,1.0,0.005410279531109108
l(1)G0020,-0.20692402,-0.448318,0.8360691922186445,1.0,0.006596744340562859
mira,-0.20705126,-0.7059735,0.8359698292971023,1.0,0.0025153053960419534
CG1136,-0.20812352,-1.3165407,0.8351325280029079,1.0,0.0008542546628067012
CG4025,-0.20915201,-0.19387567,0.8343295719517352,1.0,0.034787148213183995
Axs,-0.20922776,-0.42806435,0.8342704407843252,1.0,0.00730862322623511
Cpr62Bb,-0.20961791,-1.4623388,0.8339659014184052,1.0,0.0011864648094537516
CG6041,-0.20968631,-0.28044608,0.8339125163088636,1.0,0.01513929096862987
heix,-0.2102136,-0.19539419,0.8335009600583645,1.0,0.035404109914099945
Npc2h,-0.21097331,-1.8136628,0.8329081008113006,1.0,0.0007118788856722509
CG17982,-0.21196687,-0.28645167,0.8321328784790654,1.0,0.034502396658915094
Oga,-0.21236143,-0.21007447,0.8318250726646694,1.0,0.014427412082957619
Pdpr,-0.21392569,-0.23424387,0.8306050045130027,1.0,0.019030895543638175
Torsin,-0.2141077,-0.17993662,0.8304630625339781,1.0,0.06036732950500688
HSPBAP1,-0.21548444,-0.25981683,0.8293896444851128,1.0,0.013905367566797968
Ugalt,-0.21644932,-0.26090547,0.8286375240566894,1.0,0.016468131555218073
RabX5,-0.2173664,-2.4057825,0.8279228112656624,1.0,0.0003796687390252005
CG18171,-0.21751128,-0.4148141,0.8278099145622145,1.0,0.004366190498789806
Mf,-0.21780361,-0.8653831,0.8275821262102049,1.0,0.002372929618907503
CG14132,-0.21828054,-2.7162507,0.8272105328310626,1.0,0.00033221014664705045
Dnaaf5,-0.21853426,-0.27928644,0.8270128620576183,1.0,0.011247686393621566
Pgant35A,-0.21900862,-0.26767188,0.8266433330638402,1.0,0.020217360353091927
Mgat1,-0.2198415,-0.20183621,0.825994601821034,1.0,0.054150253903469225
DCX-EMAP,-0.2199702,-0.6388964,0.8258943669590411,1.0,0.006834037302453609
Elp2,-0.22066297,-0.381002,0.8253548658035479,1.0,0.008305253666176262
CG7239,-0.221854,-0.21417631,0.8244275405294774,1.0,0.034075269327511745
CG3309,-0.22242543,-0.2793628,0.8239827174271748,1.0,0.017464761995159225
Cpr49Af,-0.22329728,-2.2444935,0.8233041419918475,1.0,0.00047458592378150065
GstE9,-0.22334877,-1.0299578,0.8232640783985142,1.0,0.0020881780646386026
CG6891,-0.22457105,-0.6258876,0.8223129897579492,1.0,0.0019932608798823026
boss,-0.22669056,-0.88581824,0.8206643689581361,1.0,0.0018983436951260026
Caf1-105,-0.22809744,-0.3278016,0.8195704922861577,1.0,0.011627355132646766
Pbgs,-0.22872439,-0.24868505,0.8190831353466346,1.0,0.019980067391201176
CG34398,-0.22872697,-0.6379398,0.8190811346116212,1.0,0.0034170186512268047
TTLL12,-0.22873874,-0.22862326,0.819071988409418,1.0,0.03004128897536899
mxt,-0.23096193,-0.1717708,0.8173443708923663,1.0,0.12809074082862704
CG4872,-0.23098584,-1.9904177,0.8173258022365189,1.0,0.00047458592378150065
CHOp24,-0.23101342,-0.116746925,0.8173043769917738,1.0,0.15704048217929856
peb,-0.2316595,-0.8123296,0.8168024940131042,1.0,0.002040719472260453
CG17683,-0.23308696,-0.16828597,0.8156938763018242,1.0,0.17744767690190308
GCC88,-0.23335981,-0.17791465,0.8154820185950872,1.0,0.06554031607422524
ninaB,-0.23488179,-0.41510043,0.8143004887985829,1.0,0.01456978786009207
GV1,-0.2350285,-1.1385326,0.8141866114880723,1.0,0.001471216363722652
IntS14,-0.23511933,-0.2693562,0.8141161179778236,1.0,0.017132551848512173
CG43322,-0.23543666,-0.35686854,0.8138698306119774,1.0,0.009586635660386313
Arl2,-0.23708661,-0.21357188,0.8125896046071914,1.0,0.050733235252242416
Reg-2,-0.23729804,-1.385577,0.8124255823506976,1.0,0.0009491718475630013
Ino80,-0.23746939,-0.22041461,0.8122926590458048,1.0,0.032556594371410945
Rh5,-0.2378952,-0.8277466,0.811962370913651,1.0,0.005457738123487257
CG33998,-0.2382063,-1.0767843,0.8117210934762379,1.0,0.0017085093256134023
Dus2,-0.23929106,-0.40676495,0.810879899631559,1.0,0.004840776422571307
Rrp45,-0.2399272,-0.45369574,0.8103866908419959,1.0,0.00773575055763846
tadr,-0.23999487,-0.212623,0.8103342383787595,1.0,0.04978406340467942
thoc5,-0.24153155,-0.312739,0.8091431700982469,1.0,0.019552940059797828
CG34116,-0.24159847,-0.2690066,0.8090913078024043,1.0,0.018508851027478526
Vha36-3,-0.24231514,-1.3659742,0.8085359779201946,1.0,0.0010915476246974515
CG14182,-0.24319583,-0.18366079,0.8078537010420055,1.0,0.053153623463528074
Rbf,-0.24385661,-0.17187956,0.8073418756430484,1.0,0.050543400882729815
Nup107,-0.24468765,-0.24571028,0.806698294691576,1.0,0.024298799297612833
hpRNA:CR46342,-0.24476855,-0.28882596,0.8066356522007665,1.0,0.024203882112856533
sotv,-0.24593493,-0.14682133,0.8057325994398151,1.0,0.08808314745384652
CG6398,-0.24610482,-1.7133071,0.8056010918997948,1.0,0.0009017132551848512
CG33108,-0.24678288,-0.280577,0.8050762551358721,1.0,0.024536092259503584
CG2772,-0.24689026,-1.0618081,0.8049931545423943,1.0,0.0016610507332352523
asRNA:CR44370,-0.24699984,-1.1800513,0.804908348673755,1.0,0.0016610507332352523
PIG-Q,-0.24744403,-0.36063716,0.8045645953850923,1.0,0.011912106686915665
Ir47a,-0.24771982,-0.28965268,0.8043511914058179,1.0,0.007213706041478809
CG5897,-0.24821551,-1.333104,0.8039676699797529,1.0,0.0011864648094537516
Wdr81,-0.24863875,-0.23746943,0.8036402346490511,1.0,0.03027858193725974
CG16739,-0.25017947,-0.70363533,0.8024485590561026,1.0,0.0035119358359831047
Arfip,-0.25083107,-0.19254243,0.8019447235396336,1.0,0.05168240709980542
Ak2,-0.2515117,-0.08418468,0.8014185137614678,1.0,0.3589767927483271
RhoGEF64C,-0.2519081,-1.4916271,0.8011120970442982,1.0,0.0009966304399411513
TM9SF3,-0.25228095,-0.24828191,0.8008238999675045,1.0,0.04712638223150301
esc,-0.25230855,-0.3686138,0.8008025846918901,1.0,0.004556024868302406
frtz,-0.25241223,-0.5700734,0.8007224405829747,1.0,0.004603483460680556
CG32281,-0.25710502,-0.34486836,0.7970977013272937,1.0,0.012623985572587917
Coq5,-0.25739074,-0.37143716,0.796877153560611,1.0,0.01480708082198282
CG7326,-0.25930616,-0.19600251,0.7953990232523337,1.0,0.049641687627544964
snoRNA:Psi28S-3342,-0.25949112,-0.71137375,0.7952563283888027,1.0,0.004271273314033506
grsm,-0.2597695,-0.26515007,0.7950415897851816,1.0,0.022637748564377582
osy,-0.25985515,-0.8118754,0.7949754976722185,1.0,0.0038441459826301554
TBPH,-0.26000813,-0.14910223,0.7948574999622564,1.0,0.14403682786768546
bys,-0.26003352,-0.27757868,0.7948379286804055,1.0,0.032841345925679846
CG1503,-0.26096934,-1.225974,0.7941161506980209,1.0,0.0013288405865882018
CG9304,-0.26121977,-0.23114105,0.7939230446883517,1.0,0.03654311613117555
dgrn,-0.26271415,-0.23255828,0.7927709100024012,1.0,0.025959850030848084
lft,-0.2629263,-1.4438235,0.7926073684313142,1.0,0.0012339234018319016
CG33521,-0.2631124,-0.40792426,0.7924639582010172,1.0,0.00726116463385696
CG12992,-0.26337457,-0.4518533,0.7922618920664322,1.0,0.006454368563428408
CG5664,-0.26412138,-0.25505382,0.7916863776777112,1.0,0.012908737126856817
fbl,-0.26507783,-0.20224215,0.7909495110258714,1.0,0.05149257273029282
CG14742,-0.26624238,-1.022195,0.7900525480924737,1.0,0.002278012434151203
IRSp53,-0.266691,-0.448521,0.7897070918200724,1.0,0.010583266100327464
snoRNA:Dek-a,-0.26693663,-0.9569332,0.7895179578583411,1.0,0.002230553841773053
MsR2,-0.26771435,-0.2973047,0.7889192098633678,1.0,0.01452232926771392
lncRNA:CR44458,-0.26791218,-0.34561935,0.7887669241001255,1.0,0.012054482464050116
l(3)04053,-0.26849464,-0.23320392,0.7883186054664834,1.0,0.047885719709553416
ix,-0.26851487,-0.22845042,0.7883030401058232,1.0,0.02994637179061269
CG18507,-0.26883292,-1.3823491,0.7880582505560139,1.0,0.0013288405865882018
Pex11ab,-0.26997837,-0.18811896,0.7871768987537129,1.0,0.04494328698210811
CG14005,-0.27014163,-0.18690535,0.7870512964558185,1.0,0.034882065397940296
G6pd,-0.2701486,-1.6183122,0.7870459217062866,1.0,0.0008542546628067012
pths,-0.27029938,-0.1973602,0.7869299427407521,1.0,0.039817759005267905
chrb,-0.27107194,0.1070355,0.7863356954767479,1.0,0.7411133785771914
Bbd,-0.27222106,-0.52177066,0.7854520501320723,1.0,0.008162877889041811
Tsp42Eg,-0.27335805,-1.1006873,0.7845780080877621,1.0,0.0018983436951260026
p,-0.2745807,-0.17125346,0.7836384050566453,1.0,0.0719472260452755
CG15725,-0.27511388,-0.44684228,0.7832287520405635,1.0,0.00749845759574771
flap,-0.2752389,-1.6756328,0.7831327041637574,1.0,0.0009966304399411513
lncRNA:CR43900,-0.27549225,-0.86763173,0.7829380761028886,1.0,0.0034170186512268047
CG11882,-0.27558455,-0.20470801,0.7828671772380982,1.0,0.024868302406150632
CG11980,-0.2756283,-0.19238289,0.7828335644621998,1.0,0.05267903753974657
CG5348,-0.27648765,-0.739798,0.7821735369695874,1.0,0.004176356129277205
Rbp1-like,-0.2775327,0.16836601,0.7813710961278792,1.0,0.809928337525509
grh,-0.2779824,-1.8947855,0.78102585272476,1.0,0.0008542546628067012
CG6472,-0.27891386,-2.006,0.7803109438232927,1.0,0.000806796070428551
CG42299,-0.2789326,-21.40551,0.7802965515895186,1.0,0.0
CG42553,-0.28005782,-0.33020207,0.7794331555024769,1.0,0.010915476246974514
lncRNA:CR46271,-0.28033248,-0.8314038,0.7792224265524802,1.0,0.0023254710265293533
dgt4,-0.2807024,-2.119221,0.7789386592587049,1.0,0.0007118788856722509
CG31313,-0.2826991,-1.0981618,0.7774075024846266,1.0,0.002230553841773053
sxe2,-0.28345695,-2.4466617,0.7768265655756523,1.0,0.0005695031085378008
cbc,-0.28355256,-0.22349818,0.7767532878749936,1.0,0.02951924445920934
pelo,-0.28479287,-0.15298703,0.7758028308988651,1.0,0.048407764225713065
mTerf3,-0.28521904,-0.21769509,0.775476320817705,1.0,0.0391533387119738
Coq2,-0.2857699,-0.31643444,0.7750543674548913,1.0,0.019600398652175978
adp,-0.28747314,-0.21874233,0.7737500565367246,1.0,0.040624555075696456
CG5828,-0.289746,-0.26828602,0.7720105624459657,1.0,0.026814104693654785
CG10352,-0.2914967,-0.6505894,0.770671473597658,1.0,0.005457738123487257
CG44195,-0.2916357,-0.645312,0.7705651857495314,1.0,0.004176356129277205
Fcp3C,-0.29587433,-0.87506336,0.767326046567471,1.0,0.0023254710265293533
CG9114,-0.29712346,-2.2739239,0.7663722462898273,1.0,0.0006644202932941009
CG14803,-0.29775667,-0.7077302,0.7658888829825273,1.0,0.004271273314033506
CG11403,-0.298163,-0.65780824,0.7655787588131411,1.0,0.005078069384462057
CG32625,-0.29847115,-3.0467756,0.7653435946710543,1.0,0.00018983436951260026
FIG4,-0.30045533,-0.30878702,0.7638298585292388,1.0,0.012623985572587917
CG7745,-0.30112642,-0.15755539,0.7633180964329015,1.0,0.032034549855251296
beta4GalNAcTA,-0.30268297,-0.171226,0.7621314872207533,1.0,0.047173840823881166
Tehao,-0.303022,-0.31012246,0.7618731030277315,1.0,0.01551895970765507
Prosalpha7,-0.30324447,-0.15706857,0.7617035703378211,1.0,0.11826681220634996
M6,-0.30394864,-0.2034289,0.7611670257644608,1.0,0.03080062645341939
28SrRNA-Psi:CR40596,-0.3042656,-0.13829911,0.7609255481232187,1.0,0.17982060652081058
Hn,-0.3043421,-1.5549071,0.7608672832232644,1.0,0.0010915476246974515
CG30050,-0.30488262,-2.1243172,0.7604555459280978,1.0,0.0006644202932941009
Kmn1,-0.30620456,-0.8766744,0.7594488962476457,1.0,0.0038441459826301554
Papst2,-0.30679402,-0.1950967,0.759000165327564,1.0,0.03521427554458735
slo,-0.30693042,0.10577396,0.7588963221307723,1.0,0.7254995016847801
CG3176,-0.30695066,-0.34636095,0.7588809279568055,1.0,0.01456978786009207
Mlc-c,-0.30746657,-0.15684015,0.7584882689009154,1.0,0.1092971382468796
galectin,-0.3092974,-0.13738711,0.7570952943802551,1.0,0.21047885719709553
CG2121,-0.309521,-1.659424,0.756925248201307,1.0,0.0012339234018319016
Slu7,-0.3111334,-0.21597502,0.7556991950015424,1.0,0.04427886668881401
Trmt2a,-0.31187436,-0.51550454,0.7551360037312693,1.0,0.0076408333728821606
CG13325,-0.31287712,-0.38364393,0.7543740161711906,1.0,0.008305253666176262
mRpS18B,-0.31344524,-0.17820571,0.7539424130773865,1.0,0.048217929856200464
CG31800,-0.31442338,-0.1440908,0.753199509560769,1.0,0.06653694651416639
CG6421,-0.31592658,-1.4067389,0.7520582296936063,1.0,0.0017085093256134023
AlkB,-0.31599388,-0.41036105,0.7520071527646868,1.0,0.010298514546058565
CG3630,-0.31706944,-1.1171213,0.7511909067829295,1.0,0.002040719472260453
Hmr,-0.3175383,-0.36488265,0.7508351943021411,1.0,0.016610507332352524
Obp19d,-0.3190165,-1.857783,0.7497140007826835,1.0,0.0011390062170756016
Taf9,-0.3193923,-0.24212731,0.7494290452253511,1.0,0.019505481467419677
CG34377,-0.31960925,-0.78584415,0.7492645561183213,1.0,0.004366190498789806
CG15449,-0.3197556,-0.5654151,0.7491536021112815,1.0,0.006359451378672109
CG7990,-0.31976774,-0.12734568,0.7491444026402501,1.0,0.2857007261164634
asRNA:CR45683,-0.32085764,-0.43377364,0.7483182686145691,1.0,0.00707133026434436
Pgls,-0.32099995,-0.5824388,0.7482104242377383,1.0,0.00759337478050401
snu,-0.32197145,-0.6941232,0.7474743160453975,1.0,0.0042238147216553555
FRG1,-0.32210493,-0.20795703,0.7473731957631895,1.0,0.04408903231930141
CG11635,-0.32386667,-0.3433899,0.7460389831478329,1.0,0.022637748564377582
obst-A,-0.32412592,-1.0454447,0.7458427166942324,1.0,0.0016610507332352523
Polr2G,-0.3264903,-0.20153664,0.744053417849547,1.0,0.035688861468368846
lncRNA:CR46268,-0.32704592,-0.25853106,0.7436331465571386,1.0,0.02040719472260453
BomT3,-0.32749417,-0.7878251,0.7432941481301676,1.0,0.005647572492999858
Sce,-0.33161002,-0.17954057,0.740183758966307,1.0,0.03673295050068815
sofe,-0.33397993,-1.9887534,0.7383946989171108,1.0,0.000759337478050401
CG5968,-0.33412665,-1.5354247,0.7382839874078003,1.0,0.001566133548478952
Ada1-1,-0.33503306,-1.5638385,0.7376001382236603,1.0,0.001518674956100802
msd5,-0.33695182,-0.41936454,0.7361532274554772,1.0,0.009539177068008163
CG1486,-0.33737358,-0.19646797,0.7358352984967012,1.0,0.05187224146931802
CG1622,-0.33828294,-0.20822297,0.7351499787868064,1.0,0.0690997105025865
CG6656,-0.33915076,-0.8707772,0.7344961702778237,1.0,0.0033221014664705046
CG33230,-0.33925995,-0.38310412,0.7344139037602373,1.0,0.012291775425940867
HIP,-0.34025759,-0.23841378,0.7336625666329349,1.0,0.03013620616012529
CalpC,-0.342255,-3.113355,0.7321589977972336,1.0,0.00033221014664705045
CG12698,-0.34314707,-3.073932,0.7314878165281536,1.0,0.0002847515542689004
CG11710,-0.3455788,-0.18583286,0.7296592973127036,1.0,0.05714014522329268
ppk8,-0.34851646,-0.8684959,0.7274523584088556,1.0,0.003227184281714204
mRpL22,-0.35456243,-0.14999907,0.7229174272609059,1.0,0.14764368088842486
asRNA:CR45714,-0.35719195,-2.045457,0.7209481042086088,1.0,0.000759337478050401
Xxylt,-0.35818443,-0.1572512,0.7202053030831614,1.0,0.11988040434720706
CG9150,-0.35945377,-1.6857946,0.7192556510761152,1.0,0.0010440890323193013
CG10973,-0.3609636,-0.24760456,0.7181266465746207,1.0,0.028048028095486687
prel,-0.36313128,-0.14200594,0.7165068065852556,1.0,0.17198993877841584
Cpn,-0.36348137,-0.77569497,0.7162453334683827,1.0,0.004508566275924256
CG46281,-0.364333,-0.4490905,0.7156093676705668,1.0,0.009776470029898914
CG17572,-0.36522397,-1.6371899,0.7149442312175045,1.0,0.001566133548478952
Prosalpha4,-0.3653229,-0.16090609,0.7148704015070242,1.0,0.09268663091452707
Lsp2,-0.36641574,-3.2771509,0.7140548844176661,1.0,0.0002847515542689004
rtv,-0.3676965,-2.2666442,0.7130995644703513,1.0,0.0006169617009159508
CG8142,-0.36999175,-0.54310143,0.7113886300767747,1.0,0.005315362346352807
CG6769,-0.37047198,-0.1903302,0.7110308384858761,1.0,0.07664562669071236
sls,-0.37194946,-2.3280828,0.7099304671823762,1.0,0.000806796070428551
CG13585,-0.37336186,-0.099333964,0.7088791343312111,1.0,0.3246167718665464
Nopp140,-0.37612304,-0.279431,0.7068254236150987,1.0,0.02164111812443643
CG4586,-0.3772512,-2.2575555,0.7059869385975464,1.0,0.0005220445161596507
CG34149,-0.37748948,-0.30075395,0.7058098856726407,1.0,0.01604100422381472
CG10494,-0.37811056,-0.28488812,0.7053484753728745,1.0,0.03208200844762944
lncRNA:CR45994,-0.38097322,-0.8684848,0.7032231292214584,1.0,0.003132267096957904
asRNA:CR44029,-0.3812343,-0.38330936,0.7030294105182192,1.0,0.025675098476579186
Nup35,-0.38176894,-0.24120925,0.702632756624689,1.0,0.02249537278724313
lncRNA:CR43958,-0.38334128,-0.4857795,0.7014667253793792,1.0,0.010013762991789663
Taf11,-0.38346228,-0.2796953,0.7013770387700211,1.0,0.049024725926629015
CG5510,-0.38772923,-0.21380849,0.6982164151201293,1.0,0.032746428740923546
CG8187,-0.39103317,-0.17125876,0.6957727244567133,1.0,0.10640216411181244
CG17712,-0.39147148,-0.21415053,0.6954487674405316,1.0,0.04427886668881401
Dolk,-0.39182484,-0.27870423,0.6951876311516108,1.0,0.02472592662901618
CG7133,-0.3938028,-0.20300761,0.6937266427636082,1.0,0.04394665654216696
CG3226,-0.3965952,-0.20796418,0.6916659767279292,1.0,0.06421147548763703
Mettl2,-0.397206,-0.17629218,0.6912155604404349,1.0,0.04855014000284751
frj,-0.39782596,-0.16955234,0.69075847659816,1.0,0.10592757818803095
CG9427,-0.39822826,-1.3869642,0.6904619474924352,1.0,0.002278012434151203
bw,-0.39890152,-1.7252936,0.6899657605616016,1.0,0.0014237577713445018
chp,-0.40088794,-1.0732467,0.6885026372456825,1.0,0.0025153053960419534
alien,-0.40134832,-0.1754454,0.6881637010554529,1.0,0.08234065777609036
E(var)3-9,-0.40275997,-0.3126512,0.6871248137205874,1.0,0.03241421859427649
CG15211,-0.40607235,-1.1020113,0.6846894437985285,1.0,0.0030848085045797544
Gnptab,-0.40697473,-0.25487888,0.684026555767095,1.0,0.024108964928100232
Best2,-0.4078642,-1.1270928,0.6833733603407914,1.0,0.0034170186512268047
garz,-0.4103257,-0.17053823,0.6815670356273863,1.0,0.05704522803853638
Lsp1beta,-0.4120238,-3.4671128,0.680321965996288,1.0,0.00033221014664705045
mRpL46,-0.41298172,-0.21006724,0.6796200099113784,1.0,0.03967538322813345
dpy,-0.41408595,-1.6730992,0.6788111513291488,1.0,0.0018508851027478526
CG15084,-0.4149692,-0.33670598,0.6781644383340131,1.0,0.014000284751554268
CG11248,-0.41731966,-0.2215221,0.676444615792936,1.0,0.06383180674861183
laza,-0.42020512,-0.4804014,0.6743356193200858,1.0,0.013146030088747568
Sodh1,-0.42078868,-2.1786056,0.673909399987976,1.0,0.0010915476246974515
Ctps,-0.42108652,-0.19202566,0.6736918992593028,1.0,0.07237435337667884
CG15385,-0.42111853,-0.2449886,0.6736685396918787,1.0,0.045987376014427414
vimar,-0.4218183,-0.24785376,0.6731576614777046,1.0,0.042475440178444304
wol,-0.42312074,-0.21121326,0.6722071799684662,1.0,0.04323477765649471
Lipt1,-0.42388815,-0.3609775,0.6716473869694052,1.0,0.013525698827772768
Atg12,-0.42445406,-0.19219138,0.6712346998408653,1.0,0.10811067343742585
Gnmt,-0.42520863,-5.2753263,0.670684604537414,1.0,4.7458592378150065e-05
CG32196,-0.43182784,-0.3744594,0.6658665314631824,1.0,0.017037634663755873
CG7860,-0.43188927,-0.70368004,0.6658218970528975,1.0,0.0032746428740923544
t,-0.43625367,-1.4398375,0.662652686618567,1.0,0.0018983436951260026
Crg-1,-0.4366611,-2.7248297,0.6623571400186228,1.0,0.0006644202932941009
mRpL35,-0.43809557,-0.13881607,0.6613170106002457,1.0,0.08860519197000617
SF1,-0.44031435,-0.21557528,0.6597094439063396,1.0,0.08699159982914907
Rnf146,-0.4406372,-0.252754,0.6594756595068811,1.0,0.05187224146931802
U2af38,-0.4447457,-0.17933239,0.6565035442233411,1.0,0.07906601490199801
Mlp84B,-0.44505715,-0.34604165,0.656278455591677,1.0,0.02372929618907503
Ekar,-0.44515017,-0.5188844,0.6562112273756097,1.0,0.011817189502159367
Smurf,-0.44521967,-0.20097084,0.6561610073234108,1.0,0.12457880499264391
spg,-0.44611287,-0.20020494,0.65551572503353,1.0,0.09002894974135067
Patsas,-0.44874313,-0.22657822,0.6536169709922213,1.0,0.0388685871577049
CG11378,-0.44913217,-1.1476947,0.6533363162353414,1.0,0.0028475155426890037
Mvd,-0.44990143,-0.639919,0.6527815175503139,1.0,0.005600113900621708
CG15394,-0.45022392,-0.6315927,0.652548994125119,1.0,0.0068814958948317595
uex,-0.45118144,-0.05201798,0.6518587814956524,1.0,0.43865976935124107
Elp6,-0.45604852,-0.21788023,0.6483550851227773,1.0,0.07863888757059466
Dnz1,-0.45626327,-0.17375866,0.648200673166918,1.0,0.06686915666081344
lncRNA:CR43493,-0.45640704,-1.0019983,0.6480972996445024,1.0,0.004508566275924256
CG3634,-0.4587641,-0.42432132,0.6464035767572077,1.0,0.016563048739974374
Ddx1,-0.45973414,-0.38551357,0.6457070657371506,1.0,0.01499691519149542
ave,-0.46069607,-0.20433955,0.6450166700455402,1.0,0.0811541929666366
Prx6a,-0.46123552,-0.36607164,0.6446296439098681,1.0,0.019220729913150776
Atat,-0.4626446,-0.15697908,0.6436191343934046,1.0,0.20165155901475962
Neos,-0.46350065,-0.23460934,0.6430055555023269,1.0,0.039200797304351956
CG44314,-0.47105607,-0.8281449,0.6376006836594288,1.0,0.004935693607327606
CG9691,-0.47280753,-0.46016735,0.6363505130876794,1.0,0.011912106686915665
loqs,-0.47312742,-0.15667057,0.6361222711301773,1.0,0.1491148972521475
CG8500,-0.47470197,-0.08759463,0.634999404703483,1.0,0.3708888994352427
CG3500,-0.47515354,-0.26099527,0.6346775416670272,1.0,0.05272649613212472
CG16989,-0.47545984,-0.32579944,0.6344592487967065,1.0,0.025864932846091784
Gcna,-0.4765913,-0.78089136,0.6336531773762952,1.0,0.005457738123487257
Sec20,-0.4800673,-0.30806792,0.6311795281303959,1.0,0.019647857244554128
bs,-0.4802214,-0.25268465,0.6310699800209307,1.0,0.03322101466470505
CG4646,-0.48310024,-0.20773557,0.6290245702553614,1.0,0.06686915666081344
CG17187,-0.4861504,-0.3196287,0.6268605148568689,1.0,0.020312277537848228
stops,-0.48690864,-0.57830334,0.6263230634570753,1.0,0.009966304399411513
Vps37B,-0.48781288,-0.21939723,0.6256823950943563,1.0,0.040482179298562
PIP82,-0.48799342,-0.97918665,0.625554503680211,1.0,0.004081438944520906
Hr4,-0.49165475,-0.82969844,0.6229634262972872,1.0,0.005078069384462057
CG8173,-0.49214897,-0.4182445,0.6226140379729215,1.0,0.019458022875041527
Culd,-0.49262956,-0.87840027,0.6222743497182772,1.0,0.005505196715865407
Nup93-1,-0.49287006,-0.53877217,0.6221044058240168,1.0,0.011722272317403066
Trmt10A,-0.49293295,-0.40909505,0.622059974274024,1.0,0.01580371126192397
CG6083,-0.4934621,-0.22590217,0.6216861282559571,1.0,0.03198709126287314
Larp7,-0.49354777,-0.4138947,0.6216256050361151,1.0,0.01490199800673912
Mfap1,-0.49377796,-0.24535353,0.621463010262661,1.0,0.056807935076645624
Fnta,-0.49431738,-0.23417453,0.6210820498712575,1.0,0.05367566797968772
Prp39,-0.49593055,-0.15302606,0.6199434106799389,1.0,0.23819467514593518
Hcf,-0.4978096,-0.1461927,0.6186182661239499,1.0,0.24004556024868304
CaMKII,-0.5001096,0.13956696,0.6169978826664018,1.0,0.8720041763561293
CG8010,-0.50452554,-0.3765526,0.6138921288090855,1.0,0.025912391438469934
CG7675,-0.5061222,-2.3151286,0.6127709046458549,1.0,0.0010915476246974515
CG5004,-0.50645715,-0.31949612,0.6125357741920923,1.0,0.028997199943049688
car,-0.5096912,-0.19199523,0.6102678259461787,1.0,0.1128090740828627
mRpL51,-0.5102049,-0.17518519,0.6099079278092401,1.0,0.04807555407906602
CIAPIN1,-0.51040125,-0.2757813,0.609770382495716,1.0,0.03341084903421764
kst,-0.5150069,-0.8058044,0.606548211176374,1.0,0.005932324047268758
CarT,-0.5182009,-1.6883322,0.6043181374801936,1.0,0.0016610507332352523
pr,-0.52241486,-0.35705447,0.601381502904591,1.0,0.049024725926629015
Dlip2,-0.52292377,-0.28544965,0.6010272880361793,1.0,0.03013620616012529
Psf3,-0.52379894,-0.43659368,0.6004183817529821,1.0,0.015376583930520622
CG1316,-0.5251338,-0.15309381,0.5994902092680896,1.0,0.18945470077357507
CG12643,-0.52540255,-0.73646605,0.5993033749309052,1.0,0.004461107683546106
CG14823,-0.5286594,-1.7366872,0.597041737345338,1.0,0.0019458022875041526
hpo,-0.53158057,-0.3291283,0.595016543819266,1.0,0.03279388733330169
CG13926,-0.5325756,-0.31338724,0.5943274100264871,1.0,0.026007308623226234
Bin1,-0.5326642,-0.21983752,0.5942660525427224,1.0,0.049736604812301265
mus81,-0.53494954,-0.90604204,0.5926847437271757,1.0,0.004840776422571307
xmas,-0.5359685,-0.7151859,0.5919803288321109,1.0,0.005979782639646908
Gas41,-0.5403329,-0.24873386,0.5889674727333043,1.0,0.033837976365621
Prx2,-0.54153496,-0.08747297,0.5881389064862843,1.0,0.3350102035973613
CG11523,-0.5430216,-0.20039487,0.587114906781784,1.0,0.08722889279103982
CanB2,-0.54333454,-0.1475652,0.5868994731063197,1.0,0.23781500640690997
Kdm4A,-0.54460794,-0.34013468,0.58602318027256,1.0,0.03170233970860424
CG14015,-0.5453463,-0.16334738,0.5855153452633752,1.0,0.13297897584357649
CG9636,-0.5501873,-0.19237569,0.58219091252027,1.0,0.08879502633951877
CG34229,-0.5510849,-0.22117531,0.5815754800775128,1.0,0.03720753642446965
Pop1,-0.55113125,-2.9252455,0.5815437208266525,1.0,0.000759337478050401
por,-0.55134815,-0.366422,0.5813950176643498,1.0,0.017085093256134023
CG6005,-0.55139375,-0.21579137,0.581363767058058,1.0,0.06084191542878838
TotC,-0.55152833,-3.8706167,0.581271531947432,1.0,0.00033221014664705045
Fsn,-0.5522189,-0.18900952,0.5807983676994397,1.0,0.10497840634046794
Nf-YA,-0.55432373,-0.32405204,0.5793573129064102,1.0,0.02159365953205828
boi,-0.55458736,-1.9395913,0.5791769217569842,1.0,0.0013762991789663518
jef,-0.5547565,-0.08959241,0.579061203526593,1.0,0.3776754781453182
Lac,-0.5549672,-0.33817333,0.5789170740482776,1.0,0.02216316264059608
asRNA:CR45520,-0.5606995,-0.26570436,0.5750023778047996,1.0,0.030705709268663093
kis,-0.5620402,0.07783091,0.5740886067834647,1.0,0.6645152104788572
Arp8,-0.56214577,-0.33488944,0.5740167072243272,1.0,0.019885150206444876
CG2202,-0.5647455,-0.40379238,0.5722468710581996,1.0,0.020976697831142328
vers,-0.56522614,-0.22431484,0.5719199733153302,1.0,0.05125527976840207
Gtpbp1,-0.5743072,-0.23470862,0.565759928035944,1.0,0.06672678088367899
Ras64B,-0.57695144,-0.26414835,0.5639722498543045,1.0,0.04404157372692326
bou,-0.5789893,-0.92844063,0.562596371084897,1.0,0.005410279531109108
asRNA:CR44841,-0.5802697,-1.4345107,0.561732745718788,1.0,0.002467846803663803
Deaf1,-0.58163726,-0.15237793,0.5608110466726774,1.0,0.2408523563191116
CG9986,-0.5819432,-0.3130234,0.5606049480722255,1.0,0.02857007261164634
Atg14,-0.5869316,-0.18550071,0.5572496365123207,1.0,0.06629965355227564
pins,-0.59222853,-0.25758862,0.5536975525690401,1.0,0.045892458829671114
shop,-0.5986257,-0.3569734,0.5494225182235013,1.0,0.02130890797778938
ND-13B,-0.5986904,-0.038082786,0.5493793523399075,1.0,0.45270751269517345
CG31249,-0.6016494,-0.2924528,0.5474075276675023,1.0,0.028000569503108537
dmpd,-0.60381013,-0.23285723,0.5459698964959833,1.0,0.06492335437330929
CG6683,-0.60753983,-0.50390553,0.5434927072614917,1.0,0.01423757771344502
CG1416,-0.6112773,-0.19309823,0.5410160135682485,1.0,0.12851786816003039
sona,-0.6115866,-0.67934346,0.540811337342361,1.0,0.009491718475630012
CG15912,-0.61221826,-0.31576124,0.5403933437951762,1.0,0.02985145460585639
Mcm3,-0.6137564,-1.4473466,0.5393762858769291,1.0,0.0027525983579327036
CG2681,-0.6220543,-1.4067801,0.533906162124719,1.0,0.002705139765554554
Tom20,-0.6268125,-0.11026024,0.5307821242540958,1.0,0.3232404726875801
Trf,-0.6291181,-0.47391158,0.5292717338173987,1.0,0.01385790897441982
CG17549,-0.6348817,-1.5470684,0.5255055858805056,1.0,0.002894974135067154
CG18731,-0.6380911,-0.2177675,0.5234143803265399,1.0,0.06454368563428409
Svip,-0.63826096,-0.22603814,0.5233038054674666,1.0,0.05818423425561198
Tsp,-0.6389696,-1.4711494,0.5228427275216059,1.0,0.0030848085045797544
PGAP5,-0.63996166,-0.21910402,0.5221975212526111,1.0,0.04385173935741066
CG3071,-0.64125603,-0.325845,0.5213563556351091,1.0,0.02771581794883964
Upf2,-0.65837646,-0.3587524,0.510296246336045,1.0,0.02372929618907503
CG15914,-0.65981096,-1.6371572,0.5093751652322892,1.0,0.0019458022875041526
Seipin,-0.6627229,-1.4440032,0.5075080586200502,1.0,0.0026102225807982534
Exo84,-0.6660735,-0.328284,0.5053641262879331,1.0,0.028902282758293388
ninaA,-0.66954875,-1.6565357,0.5031454813696206,1.0,0.002705139765554554
SmydA-8,-0.6712171,-1.001346,0.502082240691255,1.0,0.005030610792083907
Nnp-1,-0.6740213,-0.23676756,0.5002977783114321,1.0,0.075269327511746
MED20,-0.6748031,-0.43762052,0.49980090064823446,1.0,0.016373214370461773
CG17364,-0.6769604,-0.18616731,0.49843105585131775,1.0,0.16411181244364292
CG11164,-0.67816657,-1.8202755,0.4976661026056495,1.0,0.0018034265103697023
lncRNA:CR44092,-0.6786924,-0.40415978,0.49733279738808767,1.0,0.02140382516254568
CG8578,-0.67971206,-0.29582572,0.49668680392328546,1.0,0.04299748469460396
CG1142,-0.6808829,-0.21302363,0.49594561659930736,1.0,0.05714014522329268
Hinfp,-0.68168813,-0.39009178,0.4954361603252505,1.0,0.02391913055858763
Alms1a,-0.6835738,-0.5372073,0.4942443358500086,1.0,0.013430781643016467
Dok,-0.6836926,-1.6746087,0.49416931715512813,1.0,0.0023254710265293533
CG14502,-0.68390954,-0.69578624,0.4940323018288292,1.0,0.008874756774714061
l(1)G0004,-0.6858735,-0.3099708,0.49279289014485184,1.0,0.04370936358027621
lncRNA:CR45474,-0.6878367,-2.736899,0.4915556100396491,1.0,0.0009017132551848512
Roc2,-0.68822134,-0.18312444,0.4913134015569298,1.0,0.17436286839732335
Efr,-0.68927926,-0.2898568,0.4906475431574109,1.0,0.0379194153101419
Rsf1,-0.6925865,-0.038444392,0.48856908673094435,1.0,0.4618195624317783
CG7791,-0.70140064,-0.33776397,0.48305302826846075,1.0,0.032461677186654644
Tim23,-0.71046555,-0.17114782,0.4774154886012424,1.0,0.17683071520098714
Sk2,-0.71131533,-0.25685164,0.4768888496699458,1.0,0.04304494328698211
Nadk1b,-0.71514696,-0.22828417,0.4745182579383559,1.0,0.03967538322813345
DCTN5-p25,-0.71867627,-0.20857504,0.47234041357744994,1.0,0.055051967158654076
Csgalnact,-0.719672,-0.2921668,0.4717269492748384,1.0,0.03530919272934365
NC2beta,-0.721269,-0.22968923,0.4707440134037868,1.0,0.07560153765839306
Nxt1,-0.7217423,-0.26719958,0.4704529485249376,1.0,0.04546533149826776
Qtzl,-0.72194123,-0.23137015,0.4703306269153853,1.0,0.048407764225713065
tub,-0.72345585,-0.21511216,0.46939988570723756,1.0,0.06459114422666223
mRpL10,-0.72548926,-0.24020816,0.4681519138986975,1.0,0.08347966399316596
Rai1,-0.7276334,-0.35958877,0.46683800721042135,1.0,0.028902282758293388
CG14082,-0.73762095,-0.28042492,0.46074482130289807,1.0,0.07636087513644345
toc,-0.7400596,-0.13038981,0.45926380875970285,1.0,0.3090028949741351
GstE14,-0.7428635,-1.771891,0.4575643467300998,1.0,0.0025153053960419534
CG13108,-0.74826044,-0.15294132,0.4543030920701715,1.0,0.17018651226804613
ap,-0.7485778,-0.29452038,0.45411174071194405,1.0,0.08291016088462816
xit,-0.74932057,-0.45085743,0.45366402764466307,1.0,0.018224099473209625
tacc,-0.7507491,-0.057237584,0.4528036561299509,1.0,0.444022590289972
CG2656,-0.7527425,-0.34088916,0.45160466373292674,1.0,0.03312609747994875
CG40485,-0.7548087,-0.8812616,0.45036377604947964,1.0,0.010868017654596364
CG11158,-0.7565763,-0.45396468,0.4493037433611783,1.0,0.023349627450049832
fsd,-0.7573349,-0.64725375,0.44884924795727743,1.0,0.010298514546058565
Stlk,-0.7601317,-0.16064577,0.44717584151483203,1.0,0.22224858810687675
Spx,-0.7619295,-0.31433168,0.4461020819384083,1.0,0.025247971145175834
CG1354,-0.7630043,-0.18950965,0.44546081229148293,1.0,0.1137582459304257
CG2938,-0.7676162,-0.43505397,0.442715225208425,1.0,0.025912391438469934
lncRNA:CR45979,-0.7709341,-0.40775946,0.44074598707104273,1.0,0.024061506335722082
Dredd,-0.7729518,-1.306205,0.43955092774591964,1.0,0.004176356129277205
lncRNA:cherub,-0.77330476,-0.64157194,0.4393420327295432,1.0,0.011627355132646766
Nle,-0.77569747,-0.42528617,0.4379276197190225,1.0,0.02240045560248683
Ahcy,-0.77834064,-0.3824606,0.4363682281422194,1.0,0.02994637179061269
Imzf,-0.78244764,-0.55474323,0.4339515438031606,1.0,0.017274927625646624
phr,-0.7887635,-0.6372515,0.43025023477544777,1.0,0.010678183285083765
CG32576,-0.79351515,-0.28240213,0.42747775428361856,1.0,0.048834891557116414
Syngr,-0.80388653,-0.16402736,0.4214625018424585,1.0,0.22960466992549
CG13055,-0.811389,-0.67619634,0.41714229223537647,1.0,0.011200227801243415
4E-T,-0.818415,-0.16719888,0.4131202748317163,1.0,0.18105452992264248
CG5934,-0.8195089,-0.20234703,0.4124961114567778,1.0,0.10502586493284609
CG8195,-0.8254707,-0.1854689,0.40910441455941515,1.0,0.08039485548858621
CG40191,-0.8304352,-0.19187234,0.40629276153606964,1.0,0.18784110863271794
CG14613,-0.8313574,-0.30154532,0.4057717309623424,1.0,0.033078638887570594
Rh4,-0.8359693,-1.5901201,0.40317215690394437,1.0,0.003749228797873855
Cyp4ae1,-0.8503095,-0.5958924,0.39515304210310853,1.0,0.01499691519149542
28SrRNA-Psi:CR45855,-0.85443854,-1.1871258,0.3928620362199017,1.0,0.003891604575008305
rdo,-0.8599311,-0.2776707,0.38982700933616443,1.0,0.07579137202790565
PIG-L,-0.86113834,-0.25483593,0.3891618576733763,1.0,0.045370414313511465
CG9902,-0.86840844,-0.43256953,0.385170779761167,1.0,0.02928195149731859
mrj,-0.8720584,-0.20838022,0.38317653274725905,1.0,0.12832803379051777
CG14275,-0.87604403,-1.6185635,0.3810060925198998,1.0,0.003701770205495705
EndoB,-0.87978226,-0.16071226,0.3789772911987047,1.0,0.18698685396991124
nod,-0.8825,-1.199324,0.3775064708245971,1.0,0.0053628209387309575
CG11436,-0.88379216,-0.35451418,0.37680841510150176,1.0,0.024583550851881734
hui,-0.88614076,-1.4121977,0.37554167849766795,1.0,0.004366190498789806
DnaJ-H,-0.9008247,-0.13934363,0.3676815125983638,0.9875870332881129,0.27839210289022825
CG7582,-0.9019378,-0.235252,0.3670899039277027,0.9868243688978894,0.08642209672061127
Swim,-0.9031789,-1.4925605,0.36643098071307567,0.9857486700312689,0.004318731906411656
28SrRNA-Psi:CR41609,-0.9070733,-1.6275241,0.3643680244316113,0.9819724275576909,0.002800056950310854
Drat,-0.90780765,-0.052068014,0.36397985597955407,0.981896690959051,0.44511413791466947
CG11417,-0.9084438,-0.36960626,0.36364379497374233,0.9817256341881979,0.031939632670494995
lncRNA:CR43241,-0.9102276,-0.44587106,0.36270249994713033,0.9802618119413685,0.025105595368041383
Pfdn4,-0.9102695,-0.17811553,0.36268039758621506,0.9802618119413685,0.16135921408571022
CG12895,-0.92131054,-0.26214662,0.3568883297383938,0.9713466464288666,0.06634711214465379
fh,-0.9244052,-0.4267289,0.3552753818933798,0.969214778401613,0.02980399601347824
CG10417,-0.927597,-0.19406153,0.3536166645126162,0.9653019053417069,0.16638982487779413
Dlip1,-0.93171245,-0.96525633,0.3514851508103942,0.9610256848873698,0.006359451378672109
Ppt1,-0.9496257,-0.98699033,0.342302476446549,0.9439649062006754,0.00711878885672251
eIF3k,-0.9582152,-0.21516037,0.33795427556130087,0.9357847943699901,0.14669450904086184
Arp10,-0.9775265,-0.3094504,0.3283085855707033,0.9192912159270443,0.049831521997057565
RpS20,-0.9777305,0.099824496,0.32820761273158894,0.9192377278458956,0.7050923069621755
eIF2Bepsilon,-0.97924626,-0.34573847,0.32745831517965307,0.9179828435429602,0.03436002088178065
CG6044,-0.9852823,-0.04810624,0.3244854204838892,0.9120635040922674,0.4656637084144084
CG32756,-0.98649174,-0.40936407,0.32389187465491265,0.9113384257083864,0.034882065397940296
GstD9,-0.98718745,-0.375446,0.3235507575763068,0.9107991187292388,0.04897726733425087
Sptr,-0.9897313,-0.31230837,0.3223054744282562,0.9085525966248879,0.045275497128755164
CG10321,-0.98980486,-0.28184167,0.3222695197523453,0.9085525966248879,0.06449622704190594
Stt3A,-0.990448,-0.25717086,0.321955207629278,0.9081953311254962,0.0769778368373594
PlexA,-0.9916379,-0.049964372,0.32137419504496734,0.9073356467766482,0.46077547339945896
cac,-0.9978221,0.088962644,0.31836561563247867,0.900779593533956,0.701770205495705
eIF4E1,-0.9987918,-0.049149733,0.31789556003690134,0.8998673899883397,0.458260168003417
Nca,-1.0115383,-0.09291567,0.3117588696870873,0.8874425181260877,0.32983721702814295
Rh6,-1.0140094,-0.9801341,0.31057830253240437,0.8847017830258184,0.008305253666176262
CG2691,-1.0148342,-0.5651127,0.31018491075158827,0.884374127797603,0.018176640880831475
CG13077,-1.0195787,-2.0796304,0.30792829190445603,0.8798260548578094,0.0026576811731764036
CG12241,-1.0204268,-0.44149318,0.30752614030909686,0.8788830302995503,0.025153053960419534
Tango4,-1.0222325,-0.35227334,0.3066708525540668,0.8766442358774672,0.03445493806653695
Sec61beta,-1.0223833,-0.1568587,0.3065995193008001,0.8766442358774672,0.23131317925110342
eIF3f1,-1.0349199,-0.07648545,0.30070635765431775,0.8642560229777125,0.4075743913435528
CG40498,-1.0525565,-0.0050613377,0.29254428180198,0.847015019290067,0.5305396041953395
igl,-1.0579782,0.05038261,0.29006540893893673,0.8418112546563571,0.6689763181624033
Ranbp16,-1.0691416,-0.2104942,0.28500586634694336,0.8294977327848359,0.13141284229509753
mt:srRNA,-1.0729618,-0.2598839,0.28328825605903685,0.8254952924182302,0.2073940486925158
Obp99b,-1.0751842,-6.3269706,0.2822922362943454,0.823566315986543,9.491718475630013e-05
Rab32,-1.0767794,-0.859536,0.2815788219129598,0.8218784148220946,0.017417303402781074
MED18,-1.0775973,-0.36203486,0.2812135443497221,0.8215992071137974,0.032461677186654644
Kif3C,-1.0836458,-0.30649868,0.2785218907515401,0.8149071834782818,0.07227943619192255
Nf-YB,-1.0841628,-0.2961152,0.2782926341217312,0.8144319129195154,0.0391533387119738
Hrb98DE,-1.085103,-0.1329059,0.27787602938048095,0.8135781902521597,0.33762042617815957
Rh3,-1.0867525,-1.108649,0.2771461645715957,0.8118564287342418,0.008257795073798112
CG13117,-1.088375,-1.313206,0.27642961451281245,0.81054847680417,0.00692895448720991
ND-39,-1.1000135,-0.02024897,0.27132623719102544,0.7998706135391965,0.5052441744577856
CG11807,-1.1015458,-0.32539624,0.2706591932436372,0.798611693644806,0.05676047648426748
Hsp70Bc,-1.1059834,-0.5117777,0.2687337203880772,0.7939105329983571,0.02230553841773053
CG7785,-1.1069236,-0.28258756,0.268326956653243,0.7930740239200725,0.0786863461629728
CG11771,-1.119041,-0.35567638,0.2631226775833657,0.7814230312105482,0.04926201888851977
Rbm13,-1.1241769,-0.58949125,0.26093802536630506,0.7774562677071358,0.020169901760713777
ttm50,-1.1262338,-0.28468952,0.2600665665433529,0.7754284196665676,0.06492335437330929
CG5447,-1.1389053,-0.22424552,0.2547426648948312,0.7638519907510695,0.08561530065018272
Ost48,-1.1527787,-0.33067158,0.24900118649647374,0.7512563025261184,0.055668928859570026
gw,-1.1555036,0.03135458,0.24788426996813784,0.7484422508401367,0.5976935124104219
Pomp,-1.1595087,-0.16622655,0.24624888088739028,0.7444441516165882,0.2404252289877082
galla-2,-1.161201,-0.39691567,0.2455601870445302,0.7432662328993739,0.03445493806653695
Tsp42Ea,-1.1630793,-0.9120584,0.24479735288589333,0.7416939931210922,0.01499691519149542
gus,-1.1690241,-0.1167223,0.2423939235716468,0.7355089704791643,0.35608181861325994
nSyb,-1.1731414,0.04103484,0.2407391057356989,0.7323353632745985,0.9102083432205401
Cht11,-1.1777816,-0.83461267,0.2388836853851123,0.7284846737951297,0.010630724692705614
CG2767,-1.1888704,-1.0609095,0.23449066096927518,0.718503435534061,0.012718902757344218
Mis12,-1.1951367,-0.52151304,0.2320336418790372,0.712766648403121,0.021830952493949028
mRpL14,-1.2038527,-0.21339329,0.2286465506412224,0.7039587789254509,0.1092022210621233
CG14641,-1.2043383,-0.25330782,0.22845882462744027,0.7035585177826856,0.08428646006359451
eca,-1.2085038,-0.25440294,0.22685351907014573,0.6993215842048573,0.08888994352427507
bcn92,-1.209425,-0.20181355,0.22649962106429888,0.6984072555407891,0.1392435100374923
Lipt2,-1.209814,-0.41048124,0.22635026873371245,0.6982191041703,0.040339803521427554
CG10802,-1.2159244,-0.38015792,0.22401374702556198,0.6931971471171807,0.04399411513454511
RPA3,-1.2173169,-0.3881399,0.22348367716578454,0.6917324888201493,0.0368753262778226
Prosap,-1.2194827,0.02655245,0.22266103235306833,0.6898869657731443,0.6050021356366571
CG7772,-1.2198527,-0.37496907,0.2225207433051415,0.6896275972912204,0.042570357363200605
CG2004,-1.2317787,-0.5771868,0.21803174520575386,0.6794275448057832,0.018034265103697024
CG9164,-1.2319883,-0.28182095,0.21795343875241247,0.6794275448057832,0.10469365478619905
eIF3e,-1.2333794,-0.22698939,0.21743424346632967,0.6788693631175954,0.13259930710455128
CG15317,-1.2393415,-0.79703206,0.21521903963173394,0.6740892641521251,0.011912106686915665
PCNA2,-1.2585653,-0.5166178,0.2081873766913076,0.6553708508497801,0.02164111812443643
RpL34a,-1.2589537,-0.12608904,0.20804707880252182,0.6553698625506171,0.33543733092876465
nrv1,-1.2831192,-1.3743122,0.19945033699485593,0.6329488881583322,0.00735608181861326
CG13071,-1.2893589,-1.9184922,0.1972733409088061,0.6274960209648847,0.0040339803521427554
p120ctn,-1.2919804,-0.027521323,0.19636395041536348,0.6250442560997829,0.5032983721702814
Mob4,-1.2944834,-0.20594698,0.19549850456565065,0.622662992461645,0.18404442124246595
ND-24,-1.2958877,-0.14205216,0.19501418093425282,0.6214451899104857,0.2908262540933036
slmo,-1.3191979,-0.5552063,0.1871029621678727,0.6016631807971313,0.024820843813772482
Rich,-1.3209155,-0.393154,0.18652954361766827,0.6004406353279923,0.04332969484125101
TotA,-1.3322124,-2.2499952,0.1827903900699377,0.590989937549727,0.002942432727445304
Xpac,-1.335405,-0.35315275,0.18174384783109476,0.5879859031253504,0.05196715865407432
lncRNA:CR45332,-1.3384088,-0.2596788,0.18076320895988385,0.5858342871608679,0.1308907977789379
Atg18a,-1.3556992,-0.290268,0.1751949109926909,0.5722000991666425,0.06207583883062028
CG4313,-1.3584331,-0.66062135,0.17432629418385437,0.5698211852526148,0.018746143989369274
l(3)80Fj,-1.3605107,-0.024281478,0.17366836899180305,0.5682802012459295,0.5238479426700204
CCT2,-1.3611987,-0.3260816,0.17345090619713888,0.5677210246071229,0.07503203454985526
awd,-1.3839338,-0.061120044,0.16637872806463727,0.5489957542988261,0.4517108822552323
Pa1,-1.3871115,-0.27038255,0.16540773888121452,0.5468328434647822,0.07892363912486355
CG1529,-1.3913885,-1.4042122,0.16410765470535682,0.5440054944801724,0.0049831521997057565
inaC,-1.3949932,-1.2549177,0.16301789109631093,0.540981506826282,0.00792558492715106
lncRNA:CR42861,-1.4027166,-0.35117632,0.16070133906241058,0.5353344142748626,0.050116273551326466
Nhe3,-1.4034448,-0.2230821,0.16048425241462783,0.5349036239217662,0.1802951924445921
Nlg3,-1.4090841,0.016436491,0.1588103181505256,0.530630199544067,0.6138768924113711
MED21,-1.4170756,-0.22394842,0.156460825545844,0.5243610125318374,0.13169759384936644
asRNA:CR44961,-1.4209778,-3.1585045,0.1553232151881388,0.5211431328161615,0.0010440890323193013
PIG-K,-1.4396926,-0.2928438,0.14995437069740195,0.5067587536002945,0.08305253666176261
CG2061,-1.4458375,-0.3970867,0.14822277127872222,0.5019970433777008,0.04171610270039391
Pi3K21B,-1.4510392,-0.28513345,0.14676893114176343,0.4980418991333392,0.1169854302121399
CG3706,-1.452951,-5.431627,0.1462373589507626,0.4969297932118331,0.00018983436951260026
CG17493,-1.4774438,-0.14506456,0.13955671857337543,0.4780935476927693,0.30700963409425275
Cyp1,-1.4809315,0.08546216,0.13862481290451176,0.47551753567445004,0.6950785439703858
Dmel_CG14798,-1.4861715,-0.40838507,0.1372337642343576,0.47225927505719506,0.041336433961368706
pum,-1.5003183,0.11708756,0.13353198703695796,0.4614747349003347,0.8538275354752978
rdhB,-1.5015836,-1.1841338,0.13320469498878362,0.4606048304165344,0.011722272317403066
CG8245,-1.5056754,-0.17298068,0.13215050080958413,0.4577386912100088,0.22694698875231362
28SrRNA-Psi:CR45848,-1.5247389,-0.47393852,0.12732422420069078,0.44430431399433723,0.03151250533909164
homer,-1.5274009,-0.30122903,0.1266613691879113,0.4423711831035676,0.09847657918466138
trp,-1.5519264,-1.2229961,0.12067985028462161,0.42555604260933716,0.009586635660386313
MICU3,-1.5565342,-0.23029315,0.11958112225986173,0.4228530023862648,0.15727777514118932
RNaseMRP:RNA,-1.5611432,-0.09910962,0.11848998616655763,0.42009146055386015,0.20597029092117128
CG33229,-1.5763346,-0.11969938,0.11494872579860785,0.40965479602794896,0.38455697404015
tut,-1.5866567,-0.92561114,0.11259042421560855,0.40328083478226645,0.013952826159176118
Abl,-1.5962467,-0.01384947,0.11043372788487674,0.39648798503350885,0.5494755825542215
CG12123,-1.596753,-0.30911478,0.110320769575753,0.3963159034361489,0.0777371743154098
CG31638,-1.6168718,-0.300082,0.10590594936455013,0.3845360788812933,0.10322243842247639
inaD,-1.6188453,-1.1799557,0.10548053928282589,0.3834483427731478,0.010678183285083765
EMC8-9,-1.6316701,-0.202903,0.10274898816098971,0.3747478805189418,0.16577286317687817
CG3704,-1.6420687,-0.5626927,0.10057574978449939,0.3680329673140988,0.03113283660006644
lncRNA:CR44366,-1.6581792,-0.8157281,0.09728131689980997,0.3578038538599227,0.01680034170186512
CG5412,-1.6768458,-0.30533653,0.09357263489899903,0.34653111133469305,0.06383180674861183
CG2124,-1.6891544,-0.84788907,0.09118985399406113,0.3393933222392706,0.015281666745764321
Gbeta76C,-1.7292217,-1.4310107,0.08376942252425999,0.31446427198897603,0.00740354041099141
Maf1,-1.739703,-0.14297779,0.08191117114664308,0.30882006344151947,0.33088130606046223
Tsp39D,-1.749043,-0.24345125,0.08028358158383046,0.30390576892090354,0.16041004223814723
Tob,-1.7528933,0.10897348,0.07962031071952116,0.3017698903483344,0.7486592947653172
CG4842,-1.7674277,-1.5893867,0.07715662918783243,0.2935275134739356,0.00711878885672251
Abcd3,-1.7696917,-0.41416267,0.07677851135990081,0.29218022946170186,0.057709648331830475
Glut1,-1.7760491,-0.11765035,0.0757248179925375,0.288815203367557,0.3992691376773765
Rph,-1.7796719,-0.41510043,0.07512967652328839,0.2868908606335721,0.04968914621992312
Pcf11,-1.8146915,-0.15295908,0.06957131681029917,0.26827104732702833,0.33116605761473117
B52,-1.8195859,-0.023396472,0.06882209222131892,0.26588668211906696,0.5443500545773813
Cisd,-1.8326483,-0.119095966,0.06685489972608295,0.2593553064166853,0.34995966019647856
XRCC1,-1.8432642,-0.7319877,0.06529044891863695,0.2544198471449059,0.02050211190736083
Hsc70-5,-1.855832,-0.24534506,0.06347751539129928,0.24838761961622693,0.17858668311897868
CG6867,-1.856681,-0.52208036,0.06335655199111552,0.24807356640530265,0.04461107683546106
CG8939,-1.8589193,-0.9063599,0.063038580209045,0.24706664121159147,0.01594608703905842
CG15651,-1.8706828,-0.24248756,0.06138905158436679,0.24137779024575703,0.13136538370271938
CG3732,-1.8986789,-0.26928243,0.057606712476297665,0.22886838930038858,0.12946704000759338
Mlf,-1.907974,-0.078161955,0.05639458099838906,0.22456502704650907,0.4338664515210479
Top3beta,-1.9086907,-0.4698817,0.05630201074525162,0.22426967613525228,0.056001139006217074
lncRNA:CR43148,-1.9178714,-0.44780412,0.05512732065569354,0.220407330950046,0.05737743818518343
Pu,-1.9329944,-0.6001912,0.05323688578067578,0.21380705132805833,0.04432632528119216
DopEcR,-1.9332356,0.06097375,0.05320717659937682,0.2137581659755452,0.6819799724740164
Apt1,-1.9387069,-0.07593763,0.05253704147519008,0.2114143276794625,0.4523753025485264
CG7739,-1.9391482,-0.30470788,0.052483303543203436,0.2112678292232849,0.10782592188315694
lncRNA:CR45533,-1.9930221,-0.9180399,0.04625902837641413,0.18857902905689358,0.017749513549428123
Tcs4,-1.9964613,-0.7314762,0.045883730953130926,0.18741205636576336,0.021736035309192728
mRpL16,-1.9969338,-0.27306804,0.04583237013502911,0.18727816278104922,0.12709411038868587
Ktl,-1.9992144,-0.16256122,0.04558515972770011,0.18633048689501563,0.3343457833040672
Serinc,-2.007593,-0.16781645,0.04468657976655184,0.18314886374394768,0.2829481277585307
dj-1beta,-2.0164409,-0.22354452,0.04375390601042323,0.1801135968797868,0.17635612927720565
CG9265,-2.016843,-0.34293124,0.04371189482520964,0.18000144798124335,0.08514071472640121
lwr,-2.022701,-0.21306333,0.04310397127782434,0.17791883030999014,0.20506857766598643
Arl8,-2.0270622,-0.20604506,0.04265604958475258,0.1764883192086046,0.20924493379526363
Teh2,-2.032426,-0.15228258,0.04211053951632986,0.17482471599609833,0.3354847895211428
brv3,-2.0359213,-6.960069,0.041758266736932795,0.1737765494218074,9.491718475630013e-05
Act5C,-2.0448487,0.09711709,0.040869785736744935,0.1704282649145344,0.7285843101893598
28SrRNA-Psi:CR45860,-2.0487306,-0.9162626,0.040488467308529744,0.16895375831005446,0.012529068387831617
Non1,-2.0513966,-0.24905382,0.04022834820623409,0.16798332863507615,0.1908309999525414
rtp,-2.0525346,-1.5200722,0.04011773668766822,0.16757885280534202,0.008495088035688861
eIF5,-2.0537498,-0.3603179,0.03999990495593204,0.16714392921078355,0.08034739689620805
Nna1,-2.0759993,-0.43038806,0.03789402148408775,0.15949248199915247,0.07156755730625029
RNaseP:RNA,-2.0777678,-1.0730946,0.03773073728188617,0.1589699124538232,0.013335864458260169
Stacl,-2.0781865,0.02414206,0.037692193482105146,0.15886242958277305,0.6572540458450002
CG17734,-2.0919716,-0.17292374,0.0364410487267567,0.15455112836828025,0.2626358502206825
CG12194,-2.1034565,-0.26183763,0.035425880984169184,0.15066506047314662,0.14920981443690381
Gasz,-2.116916,-0.2768557,0.03426697621036288,0.14650304210035536,0.1151820037017702
CG4294,-2.1367009,-0.24531671,0.0326223240503018,0.14001179853842557,0.20207868634616297
CG14757,-2.1391823,-0.24395274,0.03242090906238772,0.13929448733219735,0.16904750605097052
CG3527,-2.1514993,-0.58090067,0.03143681374737455,0.13547268980105115,0.0367804090930663
ninaC,-2.1561847,-1.1389501,0.03106924631740988,0.13433949746821888,0.01566133548478952
CG12025,-2.161333,-0.11181213,0.030669619838711863,0.13294167717427413,0.3986047173840824
msl-2,-2.1668708,-0.6751584,0.030244702042581416,0.131333335659788,0.03094300223055384
Cpr49Ag,-2.1751106,-1.9008555,0.029621827203247707,0.12890412416293692,0.006549285748184709
RpS19a,-2.1930788,-0.14042807,0.028301711850615734,0.12400056281349936,0.3771059750367804
Yeti,-2.1965592,0.071135916,0.0280519506595042,0.12317191159535185,0.7000616961700916
CG2889,-2.2314916,-0.48470342,0.025648578700499986,0.11355994398125475,0.052346827393099524
Cables1,-2.2398076,-0.47325662,0.025103419533298466,0.11147015690031876,0.058611361587015326
su(w[a]),-2.247666,-0.2250761,0.02459749608863378,0.10938302802785742,0.23416069479379242
CG31360,-2.2485547,-0.3162966,0.024540837444082697,0.1092432203746834,0.11105310616487114
His3.3A,-2.2557604,-0.12791482,0.024085633868396062,0.10780330075739704,0.3784348156233686
ND-51,-2.272111,-0.10163772,0.02307980897523997,0.10384636087087486,0.42095771439419105
Pdp1,-2.2766485,0.11225891,0.022807219911412158,0.10277160942706202,0.8657871007545916
CG32017,-2.2842767,-0.027120763,0.022355267066919645,0.10092161121432724,0.5876797494186322
CG6870,-2.3155184,-1.3643656,0.020584585437120363,0.09351677670259416,0.014427412082957619
retinin,-2.323249,-2.0314534,0.02016577322402841,0.09188807844025507,0.005505196715865407
amrt,-2.3296664,-0.64431566,0.01982378499034381,0.09049891956827742,0.031180295192444592
Cyp4d2,-2.374407,-2.064879,0.017577156978628015,0.08161827291904643,0.005220445161596507
Hrb27C,-2.380771,0.08556753,0.017276456732619495,0.08034442240133499,0.8299558635090883
28SrRNA-Psi:CR40741,-2.3979082,-1.1552702,0.01648899774182539,0.07700551474142134,0.011484979355512315
CG6999,-2.411038,-0.63764095,0.01590719856261391,0.07460369128882004,0.04219068862417541
mthl1,-2.4198935,-0.8934058,0.015525052742811098,0.07309187635462513,0.021024156423520478
AGO1,-2.4255595,0.051795945,0.015284804265565074,0.07198859319666642,0.6772341132362014
trx,-2.4524183,-0.08480462,0.01418996018733463,0.06719558070063007,0.473114707417778
CG9813,-2.453596,-0.13716742,0.014143574845737953,0.0670280069186236,0.38868587157704904
CG41378,-2.4576223,-1.384171,0.013986022010239183,0.06635874748260234,0.011817189502159367
ATPsynbeta,-2.4859483,0.10837659,0.012920669631664456,0.061906463105486656,0.7896160599876607
CG8289,-2.4930413,-0.3272285,0.01266541258086234,0.06075202292777228,0.12956195719234967
ATPsynE,-2.5118208,0.05732271,0.012011004578742763,0.05784359336637516,0.6729153813297898
Sdc,-2.550059,0.056582894,0.010770463167398422,0.052261614469514085,0.703668549190831
PMCA,-2.5709488,0.043373004,0.010142034205240872,0.04941652970648937,0.6415927103602107
Alat,-2.5725071,-0.24445727,0.010096488457454594,0.049246137578196895,0.20022780124341513
CG4293,-2.6118522,-0.7156242,0.00900531598988073,0.04431400750934849,0.03198709126287314
Vha16-1,-2.6278975,0.102795705,0.008591439446356899,0.04251768388617306,0.8988182810497841
IscU,-2.656331,0.06992394,0.007899601166105401,0.03944622638822562,0.7346115514213848
asRNA:CR45479,-2.6582918,-2.377398,0.007853787023703263,0.03923352870160618,0.004081438944520906
CG14464,-2.6734893,-0.25647178,0.007506664246114305,0.03766930032766046,0.2215367092212045
SdhD,-2.693468,-0.12645087,0.007071290526621916,0.03567177493705207,0.4038251625456789
CG14817,-2.7038655,-0.27040768,0.006853799483748921,0.03472192930482776,0.18300033221014664
Snx3,-2.7212636,-0.28773496,0.006503285606127091,0.033111340122424025,0.16586778036163446
CG6707,-2.7349339,-0.296466,0.00623928023547871,0.03191380058340327,0.15381329789758436
onecut,-2.7419705,-0.09896463,0.006107182507850123,0.03126436269978377,0.45346685017322386
Npc2a,-2.7512534,-0.37563547,0.005936768577169992,0.030455922637678885,0.12557543543258506
ytr,-2.7566662,-0.30495197,0.0058393920526676885,0.029981613197121504,0.16463385695980257
ATPsynD,-2.7608747,0.029248102,0.0057646780164668805,0.029647957950512577,0.6454368563428409
CG42268,-2.7693326,-0.16293415,0.0056171267245654225,0.02897467526268639,0.3593564614873523
CG7166,-2.7709806,-0.2651353,0.00558877454905615,0.02884063208232236,0.19790233021688577
l(3)80Fg,-2.8821008,0.010102553,0.003950332151439546,0.0207545683594382,0.6251245788049926
ATP6AP2,-2.896959,-0.12165712,0.003767987934795344,0.019873649907927497,0.4098998623700821
Cow,-2.920035,-0.029349905,0.003499923342256846,0.018564214803641732,0.5685539366902378
para,-2.9289765,0.049875878,0.0034008013123129977,0.01806203363650681,0.8625124578804992
pigs,-2.970261,-0.2305147,0.0029754683789919574,0.015927968410862085,0.291585591571354
CG32706,-3.0535486,-0.7780014,0.0022615216656105062,0.012361294879877336,0.034692231028427695
trpl,-3.0569193,-1.3022155,0.002236244426581837,0.012234103822085285,0.019268188505528926
Rm62,-3.0636132,0.03930966,0.00218681432558279,0.01199598551508939,0.6670305158748991
COX7A,-3.0706465,0.07634765,0.0021359585896662315,0.011759349254490379,0.7327132077262588
ATPsynF,-3.0741034,0.10765151,0.0021113623448936886,0.011634446483684073,0.8331355891984243
VAChT,-3.0862508,-0.06763671,0.0020269771783237526,0.011189685156969303,0.5178207014379953
CanA-14F,-3.1064756,0.0111350985,0.001893319412444105,0.01050895733983661,0.6232262351098666
lncRNA:CR43459,-3.1570888,-0.36062378,0.0015935289403127485,0.008992372339570412,0.15305396041953395
Syt4,-3.2180731,-0.04397924,0.0012905491550940112,0.007402589953619248,0.5464382326420198
pkm,-3.2938328,-1.3536074,0.0009883128569099068,0.005733719853819541,0.020976697831142328
ND-ACP,-3.3064716,-0.117489144,0.0009447896418669695,0.005502169586582175,0.4389919794978881
CG9132,-3.3388548,-0.3125223,0.000841245541361605,0.004929779761373367,0.18043756822172655
ukar,-3.355763,-0.11989548,0.0007914636746665078,0.004655960777273197,0.4523753025485264
stx,-3.3936572,-0.20056182,0.0006896597824078705,0.004094624007681214,0.3448341322196384
Nplp3,-3.4001882,-1.900531,0.0006733950429021798,0.004005862458728487,0.009254425513739263
CG9328,-3.406819,-0.096363425,0.0006572466299838153,0.0039174470282996214,0.49195576859190354
ringer,-3.4519267,-0.17899741,0.0005565987716185854,0.0033503123097575,0.33401357315742014
sn,-3.5781877,-0.4513414,0.000345984985264659,0.0021308933960967813,0.11940581842342556
Ank,-3.6130486,-0.18742357,0.00030261801207338715,0.0018877231060197112,0.36747188078401594
tyn,-3.6146386,-0.6929791,0.0003007669361917764,0.0018790610893088479,0.0405770964833183
ND-49,-3.659944,-0.18102612,0.0002522703629886212,0.0015940505207197014,0.35071899767452897
asRNA:CR45009,-3.6967864,-0.45307648,0.00021834581641281853,0.0013883240251725847,0.08623226235109867
eIF3i,-3.7086818,-0.2566532,0.00020834111072518094,0.001330261811749204,0.274832708461867
Hasp,-3.755454,0.057329644,0.00017302754093884525,0.0011164810463227023,0.8135351905462483
HIP-R,-3.7856982,-0.575339,0.00015327760404469594,0.000993776976436595,0.07436761425656115
CG17715,-3.821538,-0.2485081,0.00013262200407746392,0.0008672369140022573,0.2886906174362868
RhoGDI,-3.8678615,-0.17976585,0.00010979394473712604,0.0007237849607359812,0.38009586635660386
nmo,-3.874943,0.059885714,0.00010664963232814483,0.0007053458320389351,0.747330454178729
RFeSP,-3.887092,0.023683667,0.00010145230732346334,0.0006742650894033231,0.678705329599924
ND-B14.7,-3.9193194,-0.22697353,8.879940638393669e-05,0.0005943854829290523,0.3035451568506478
chinmo,-3.9477282,0.04340349,7.889628602166496e-05,0.0005301360696351016,0.7412082957619477
se,-3.9655752,-1.9289072,7.321912954167953e-05,0.0004938948367368743,0.012054482464050116
Spn,-3.9861593,-0.014723339,6.715144385260152e-05,0.00045599384352053475,0.6124531346400266
lncRNA:CR45054,-4.0356917,-0.23685263,5.4441685861339676e-05,0.00037343258804944815,0.33287456694034456
lola,-4.0915074,0.06645052,4.2857811812062255e-05,0.0002964777912470073,0.8273456409282901
EMC10,-4.1135345,-0.30972135,3.8964701454410156e-05,0.00027154988337781897,0.20877034787148213
CG8229,-4.135663,-0.45003602,3.539311361398888e-05,0.0002483630753257976,0.12035499027098856
Cpr72Ec,-4.2141666,-2.3356378,2.507021627825238e-05,0.00017901632467230127,0.00749845759574771
CG13928,-4.216172,0.035155915,2.4848411327776073e-05,0.00017753650977389365,0.6604337715343362
Nipped-B,-4.3062468,-0.06370791,1.6604769723155516e-05,0.00012054528776387289,0.5668928859570025
glo,-4.31856,-0.26765972,1.5705035854056174e-05,0.00011414948242402546,0.28195149731858954
CG6330,-4.344274,-0.41766122,1.3973689041889508e-05,0.0001022974749138686,0.14114185373261828
RNASEK,-4.3923264,0.0029629571,1.1214412140918107e-05,8.28941598457555e-05,0.657206587252622
mub,-4.424198,-0.01013097,9.680111754660285e-06,7.21215661231994e-05,0.8025247971145176
VhaPPA1-1,-4.5313983,-0.21986942,5.859456337040652e-06,4.4665987049523774e-05,0.3309287646528404
scrape,-4.5560875,-0.0129331825,5.211526694745548e-06,3.998893560199273e-05,0.6554031607422524
eIF1,-4.5574327,-0.19607832,5.178273185109033e-06,3.977187892457089e-05,0.3834654264154525
CG5708,-4.5735226,-0.46170998,4.795919572002041e-06,3.7092299278637615e-05,0.11390062170756016
stol,-4.579118,0.04447463,4.669413139681144e-06,3.618275699909311e-05,0.7192349674908642
Arc1,-4.6047006,-0.6592989,4.130600404359429e-06,3.210962265863335e-05,0.08124911015139291
eIF3m,-4.623843,-0.12167549,3.7669446076403184e-06,2.9432876809312715e-05,0.4957049973897774
ND-B14.5A,-4.6251836,-0.18619867,3.7426666653679887e-06,2.9280721427580497e-05,0.40055051967158656
CtsB,-4.6320276,-0.31965506,3.6210195589462016e-06,2.842022369864472e-05,0.21199753215319633
CG32544,-4.6596885,-0.36942038,3.166881765502488e-06,2.4968384113654477e-05,0.1839020454653315
Rnf11,-4.705813,-0.35813478,2.5285632091849027e-06,2.0099662679969535e-05,0.1913055858763229
ND-23,-4.808464,-0.29226342,1.520944591547437e-06,1.2350961776396875e-05,0.26965972189264864
Muc14A,-4.88059,-2.8608167,1.0576903276551493e-06,8.728630605137856e-06,0.006549285748184709
orb2,-4.9723415,-0.025365984,6.61489635166581e-07,5.606602551341921e-06,0.6227516491860852
eIF4EHP,-5.0415816,-0.040163547,4.6169943957276806e-07,3.968726705890318e-06,0.6027241232025058
emc,-5.142664,-0.15144485,2.708696145385161e-07,2.3599926601929756e-06,0.4705519434293579
CG13917,-5.2466702,0.028416315,1.548727885867533e-07,1.3729050327883171e-06,0.7045228038536377
Idh3b,-5.2836094,-0.2927382,1.2666317646494616e-07,1.1318896319143906e-06,0.2910160884628162
RpL24-like,-5.284246,-0.10788648,1.2622361300681595e-07,1.1287891554952894e-06,0.5273598785060035
aus,-5.310282,-0.06446406,1.0945553241475624e-07,9.83163953281845e-07,0.5880594181576575
eIF3l,-5.3735228,-0.2732171,7.72130599665422e-08,6.981824836292157e-07,0.32058279151440366
18SrRNA-Psi:CR41602,-5.394019,-1.1639515,6.889885375633115e-08,6.258140990251451e-07,0.027763276541217786
Fife,-5.4538198,-0.15812238,4.929921184706506e-08,4.524910340390633e-07,0.4790944900574249
Fundc1,-5.4574785,-0.2697951,4.829439194276052e-08,4.436023687945049e-07,0.3144131745052442
RhoGAP102A,-5.472424,-0.689319,4.439207297345577e-08,4.0899091267834653e-07,0.08926961226330027
ND-B22,-5.4889927,-0.09083368,4.042323647462309e-08,3.7355483653463293e-07,0.5620046509420531
vig,-5.496204,-0.061722975,3.880536973871955e-08,3.588760635396454e-07,0.5757676427317165
ssx,-5.5283704,-0.3212917,3.232194254647118e-08,3.005127061014014e-07,0.2761140904560771
Tdg,-5.6471424,-0.12843397,1.631368654174056e-08,1.534317324516016e-07,0.5138816382706088
Sap47,-5.6807323,-0.0043103327,1.3411927338170495e-08,1.273193008761372e-07,0.9273883536614304
COX5A,-5.7493076,0.028523302,8.960971740009907e-09,8.573413229119368e-08,0.7464761995159224
miple1,-5.8347397,0.111090705,5.387454990192028e-09,5.2241598150716486e-08,0.8724313036875326
Oda,-5.8732624,0.03126604,4.2730115045959495e-09,4.1666989783616026e-08,0.7581035546485692
7B2,-5.9707627,0.040737327,2.3614726772785887e-09,2.3554820346439212e-08,0.7810735133595937
Adar,-6.2368965,-0.37370124,4.4633730237810926e-10,4.645948231158645e-09,0.25760523942859853
RpS5a,-6.2546186,-0.31462455,3.9848796485063364e-10,4.158535790722922e-09,0.31090123866926106
fwe,-6.3019886,-0.20242126,2.938507143348914e-10,3.101079096993932e-09,0.43666650847135874
CG16779,-6.4010353,-0.058047496,1.543268738749598e-10,1.6529791438153647e-09,0.6307721512979925
Unr,-6.4076324,0.045241702,1.4779699582907873e-10,1.5858253364090148e-09,0.8449527787005837
CG42392,-6.5012503,-0.10182182,7.965521330084543e-11,8.699976657025134e-10,0.5779981965734896
norpA,-6.5950656,-0.11394264,4.2506843682627754e-11,4.710144705886815e-10,0.574343884960372
Rim,-6.860598,0.017281322,6.857283946598115e-12,7.917380314963005e-11,0.76218499359309
LTV1,-7.096678,-0.3884793,1.2779143004664485e-12,1.533119823659994e-11,0.26197142992738837
CG42540,-7.243396,-0.040242326,4.375871452251583e-13,5.365945385462228e-12,0.7053770585164444
ATPsynO,-7.3551083,-0.07336999,1.907725872194265e-13,2.3800686444397024e-12,0.6244601585116986
RpL11,-7.4021387,-0.27031982,1.3400855425075454e-13,1.690921602238558e-12,0.3960419533956623
Arr1,-7.4876447,-1.3213844,7.012064948871393e-14,8.987387977055038e-13,0.046604337715343364
blw,-7.5066357,-0.0047045853,6.066633302114192e-14,7.824994002060306e-13,0.7202315979308054
Syt7,-7.5672464,-0.036545042,3.81218451774193e-14,4.943267775186849e-13,0.6985904798063689
HmgZ,-7.6128297,-0.13907708,2.6815950846692973e-14,3.518402851133915e-13,0.5614351478335152
mRpS25,-7.710552,-0.54771644,1.2527433820531933e-14,1.6633648239484065e-13,0.14792843244269374
CycG,-7.7492704,-0.027185436,9.2422167290428e-15,1.2325315066772722e-13,0.7122585544112762
ATPsynCF6,-7.7984776,-0.022251148,6.2658344238267385e-15,8.45783563588307e-14,0.7025770015661336
RpS12,-7.8937125,0.021963153,2.9332762652865763e-15,4.026318062790324e-14,0.7815006406909971
Hsp60A,-7.972007,-0.20916136,1.5611831142937866e-15,2.157512582780835e-14,0.4751079682976603
ps,-7.9745636,0.008095587,1.5291991813786145e-15,2.115710422454476e-14,0.9201746476199516
sesB,-8.320191,0.0004146299,8.782157945380074e-17,1.2623316414650672e-15,0.868112571781121
Ggamma30A,-8.417146,-0.026123378,3.8576722241330606e-17,5.597757945233081e-16,0.9132931517251198
Rop,-8.439804,-0.33847198,3.178689176313476e-17,4.629037320201309e-16,0.3423662854159746
aqz,-8.63284,0.02040055,5.984698042797285e-18,8.950611588178663e-17,0.9685349532532865
RpS13,-8.678504,-0.22239926,4.010088451839499e-18,6.012173202887043e-17,0.48725736794646674
eIF1A,-8.690536,-0.15141961,3.607361440095901e-18,5.4284109374480175e-17,0.5631436571591286
14-3-3epsilon,-8.727091,0.050462473,2.613080489267541e-18,3.9566258489046036e-17,0.9108727635138342
CG17684,-8.762691,-0.55222595,1.906446418151222e-18,2.893857458386706e-17,0.20411940581842342
UQCR-C2,-8.780378,-0.12596725,1.6292520476830614e-18,2.4761787043901292e-17,0.6052868871909259
COX5B,-8.861918,-0.15289643,7.864941370735512e-19,1.211956641819155e-17,0.5671301789188933
nwk,-8.975497,-0.2068427,2.820758702320991e-19,4.3910891216590745e-18,0.5148308101181719
dysc,-9.302567,-0.009497512,1.370955033898589e-20,2.228076121091987e-19,0.8199421005172987
Srrm234,-9.384225,-0.003093536,6.338094445767431e-21,1.0397716446764362e-19,0.8239760808694414
Fas1,-9.843525,-0.06379622,7.310333443884542e-23,1.287653964559374e-21,0.7180010440890323
unc-13,-10.08131,-0.031454653,6.682891051456554e-24,1.2067816152030213e-22,0.9190830999952542
cpo,-10.206961,-0.07580318,1.8455584338817454e-24,3.392988197674901e-23,0.7751886479047031
RpS23,-10.399076,-0.23607376,2.50347476959059e-25,4.716360736714019e-24,0.5217123060130037
Aplip1,-10.465987,-0.33680746,1.2377957368229448e-25,2.3537429385545825e-24,0.40586588201793933
OtopLa,-10.468872,-0.10963254,1.2006531789870664e-25,2.2902600310912914e-24,0.6705424517108822
pAbp,-10.595875,-0.041767035,3.114167635140789e-26,6.006105902647323e-25,0.808646955531299
Syt1,-10.67605,-0.042516537,1.317594313246977e-26,2.573743122462725e-25,0.8639362156518438
eEF1alpha2,-10.708065,-0.071139865,9.329086163618088e-27,1.837031199488544e-25,0.7019125812728394
RpL10Ab,-10.837037,-0.09234173,2.2979198671997116e-27,4.576690402172759e-26,0.6900479331783019
levy,-10.953417,-0.033253685,6.398769000857087e-28,1.2849191985411374e-26,0.7927957856769968
RpS15,-11.121046,0.012376473,9.910270173298397e-29,2.0200047348216416e-27,0.8965402686156329
His4r,-11.195912,0.0073267356,4.2698309447190857e-29,8.791379963712996e-28,0.9213611124294053
RpL5,-11.30235,-0.16572809,1.2775242697309503e-29,2.6801623620913174e-28,0.6159650704760097
CG42541,-11.308906,-0.24406546,1.1855912914398814e-29,2.491581422648399e-28,0.6065208105927579
Tet,-11.353414,-0.15040945,7.132255948642276e-30,1.504066916228386e-28,0.6691186939395377
RpL4,-11.371849,-0.10694437,5.7751189777276155e-30,1.2199813729553189e-28,0.6993023586920412
VhaAC45RP,-11.505526,-0.2234599,1.2373292370529076e-30,2.6459308895505074e-29,0.552797684020692
alphaSnap,-11.681801,-0.10677286,1.579134620137967e-31,3.431028856481583e-30,0.6779459921218737
CaMKI,-11.960349,-0.32962772,5.732041948347215e-33,1.2914576581960113e-31,0.45849746096530775
RpS27A,-12.0409565,-0.050140105,2.1643190646511753e-33,4.9218069177300703e-32,0.7693037824498126
RpLP2,-12.123942,-0.13369256,7.887224028903675e-34,1.8037030710751765e-32,0.6693559869014285
Hsp83,-12.165956,-0.14605261,4.718881857039924e-34,1.0811738901402187e-32,0.6566845427364625
RpS17,-12.175469,-0.25572312,4.199722707531181e-34,9.640380429773554e-33,0.5376109344596839
Cadps,-12.450177,-0.18967633,1.3953460970640265e-35,3.341428993538982e-34,0.6239381139955389
RpLP1,-12.567747,-0.048762612,3.176458545069949e-36,7.728114412346827e-35,0.8224574059133406
ATPsynB,-13.129961,-0.11516562,2.217712248756834e-39,5.825796250020916e-38,0.7165772863176878
RpL37A,-13.153668,-0.19451553,1.6211409784279725e-39,4.277075191787566e-38,0.6329552465473874
28SrRNA-Psi:CR45859,-13.203751,-1.3841858,8.347278521707162e-40,2.216666185208902e-38,0.061838545868729534
Atox1,-13.421434,-0.4908978,4.528601177515529e-41,1.2185236148507014e-39,0.354847895211428
Pdh,-13.433519,-1.8452258,3.846859984957818e-41,1.0373755831117444e-39,0.04655687912296521
RpS28b,-13.504644,-0.08408984,1.4682122290707373e-41,4.030639382915139e-40,0.78809738503156
Argk1,-13.658186,-0.071715675,1.8042247057795757e-42,4.986778897675113e-41,0.8345593469697689
Nacalpha,-13.81693,-0.19418018,2.0148267433323148e-43,5.671760548378195e-42,0.6341417113568412
lncRNA:Hsromega,-13.930685,-0.12524949,4.123833573310215e-44,1.1827154688253696e-42,0.9523041146599592
RpS29,-14.146771,-0.035259698,1.955292498785072e-45,5.729101025887318e-44,0.8492715106069954
Fer1HCH,-14.254559,-0.16118361,4.1994651477650136e-46,1.2484702606367743e-44,0.6838783161691424
COX4,-14.341021,-0.08040208,1.2125824803252405e-46,3.667535447316217e-45,0.8255896730102985
bic,-14.420322,-0.35578433,3.8553484063799976e-47,1.1777654567760849e-45,0.4851691898818281
cpx,-14.474208,-0.119097665,1.763446994659783e-47,5.400667190429169e-46,0.9435717336623796
Arr2,-14.584193,-1.1166246,3.540845141258157e-48,1.109495152359786e-46,0.14398936927530728
RpS16,-15.156508,-0.17356072,6.862144488125722e-52,2.260612950426066e-50,0.6820748896587727
Tctp,-15.1739,-0.36572668,5.265328441442169e-52,1.7439969666505054e-50,0.5119358359831048
RpL17,-15.424965,-0.14712837,1.1121479366823803e-53,3.744743425475562e-52,0.7359878506003512
Cam,-15.549812,-0.09395368,1.595715869503617e-54,5.494401337112877e-53,0.9800199326087988
VhaM9.7-a,-15.655791,-0.2474959,3.0331716385741608e-55,1.0623945144419668e-53,0.6140192681885055
lncRNA:mimi,-15.726887,-0.061630737,9.895902443525039e-56,3.496265358960194e-54,0.9710977172417066
Bacc,-15.762483,-0.06200379,5.63741264485293e-56,1.9975122886079174e-54,0.9630772151297993
Pur-alpha,-16.314571,-0.28471372,7.774939983995155e-60,2.88050891990629e-58,0.5914764368088843
RpL27,-16.60091,-0.24852236,6.864289687580118e-62,2.6310951887394355e-60,0.6398367424422191
RpS11,-16.96358,-0.10870335,1.527513847736013e-64,6.006085900017504e-63,0.8093588344169712
snRNA:7SKa,-17.141478,-0.14374717,7.277685926532047e-66,2.927647318762347e-64,0.9132931517251198
scrt,-17.208359,-0.14598446,2.2985369771482008e-66,9.370189703832581e-65,0.8577665986426842
Nckx30C,-17.209106,-0.19800414,2.2690441746910944e-66,9.280999813862332e-65,0.7902330216885767
jim,-17.761509,-0.19101205,1.4040874970591216e-70,6.0905418155351e-69,0.9391106259788334
RpL23A,-17.940096,-0.23584457,5.735516843279121e-72,2.5702284853944563e-70,0.668881400977647
RpL18A,-18.01833,-0.15738863,1.3990507464893083e-72,6.339416189203784e-71,0.7469033268473257
pan,-18.149702,-0.18162943,1.290980707169426e-73,5.91570069161208e-72,0.7931279958236439
RpL34b,-18.30635,-0.20167199,7.364190355473173e-75,3.4130082221620726e-73,0.7578188030943003
Rack1,-18.609795,-0.24396597,2.676385716900128e-77,1.2793123726782613e-75,0.6697831142328319
RpS14a,-18.638845,-0.3934819,1.5556432522779795e-77,7.465250237014287e-76,0.5409330359261544
Fer2LCH,-18.825663,-0.20044582,4.653429201404194e-79,2.268825941436629e-77,0.7304351952921077
lncRNA:CR42862,-19.898785,-0.13938308,4.1691933938410016e-88,2.219139662774147e-86,0.8283422713682312
RpS2,-20.28653,-0.13871816,1.6911997509256413e-91,9.285600794609297e-90,0.8650752218689194
RpL3,-20.61063,-0.29198778,2.2034637053441814e-94,1.2434268103907511e-92,0.6584879692468322
RpL35A,-21.16294,-0.35183263,2.097360932351818e-99,1.2231929380113067e-97,0.6165345735845474
RpL13A,-21.369596,-0.27831128,2.5633806042520577e-101,1.5167498148169093e-99,0.6980684352902093
RpS3A,-21.45678,-0.28002533,3.947230689381733e-102,2.3584703369055856e-100,0.7202315979308054
RpL7A,-21.716436,-0.2464424,1.4348522402823595e-104,8.83303735192004e-103,0.7418252574628637
RpS7,-22.520596,-0.19124867,2.6083455826771627e-112,1.655891891002705e-110,0.799819657348963
Cyt-c-p,-22.662455,-0.2865329,1.0515264470085478e-113,6.74581887504589e-112,0.7038583835603436
RpLP0,-22.783197,-0.30422014,6.72970701860499e-115,4.3865453930361614e-113,0.6803189217407811
Mpcp2,-22.812912,-0.37878525,3.4136682396771585e-115,2.2370538802916607e-113,0.6302026481894547
RpS24,-23.086205,-0.55858624,6.370755398223777e-118,4.243340849669378e-116,0.4956100802050211
RpL6,-23.198534,-0.20932616,4.7110463563554727e-119,3.1551068152536736e-117,0.785582079635518
RpL32,-23.47699,-0.28606534,7.009410539189585e-122,4.799871070909093e-120,0.7272554696027715
RpL12,-23.683651,-0.3069612,5.314982046856511e-124,3.701960923950515e-122,0.7058041858478478
RpS6,-24.078962,-0.30426562,4.153019838262894e-128,3.0866560249138057e-126,0.7131128090740828
RpL7,-24.417261,-0.20581219,1.1214129431046857e-131,8.875910625651307e-130,0.8253049214560296
RpS4,-24.541536,-0.18681362,5.325407993212714e-133,4.242575034592796e-131,0.847230791134735
RpL19,-24.578615,-0.22287996,2.1390447341209475e-133,1.715316859486857e-131,0.8085520383465427
RpL18,-24.863813,-0.36226717,1.833333168858491e-136,1.5305820544668596e-134,0.6835461060224953
RpL10,-25.532005,-0.3489346,8.700399923677062e-144,7.6294370265971e-142,0.7006786578710076
RpL40,-25.691753,-0.29260585,1.445260047694787e-145,1.2765416464747651e-143,0.7423473019790233
RpL28,-26.207123,-0.2560881,2.204388065589053e-151,2.035551979656437e-149,0.818138674006929
RpL24,-26.523344,-0.3004638,5.215198524448075e-155,4.927756187170355e-153,0.7547814531820987
RpS10b,-28.880993,-0.29378247,2.0689628494021203e-183,2.3791120916379662e-181,0.7962602629206018
RpS25,-29.745413,-0.23857345,1.988036481470961e-194,2.5241850700676612e-192,0.8752313606378435
ATPsynC,-29.822943,-0.22583163,1.969795394015491e-195,2.554237878473917e-193,0.8985335294955151
RpL9,-29.983236,-0.42374918,1.623375778816653e-197,2.1507964530430633e-195,0.6913767737648902
CG10077,-30.075983,-0.27374735,9.988785214670224e-199,1.352814477573504e-196,0.8295761947700632
Ggamma1,-30.171295,-0.24103479,5.638885987901001e-200,7.722739472643292e-198,0.8805941815765744
RpL26,-31.78471,-0.38885188,1.0530178198776973e-221,1.624713190694842e-219,0.773575055763846
RpL13,-31.892624,-0.4839651,3.3789685749455786e-223,5.491499728001554e-221,0.676806985904798
RpL27A,-32.082523,-0.36554345,7.729602263074145e-226,1.3085572497862604e-223,0.8244032082008448
RpS30,-32.26851,-0.47357237,1.9352582868576176e-228,3.3223751068320426e-226,0.7344217170518722
RpS3,-32.515255,-0.40792146,6.49117148871777e-232,1.1635424893526604e-229,0.7438659769351241
ninaE,-32.89928,-1.7964885,2.250463516827437e-237,4.1561969403953984e-235,0.15191495420245835
RpS15Aa,-33.00469,-0.52226436,6.956872216663897e-239,1.3045740838294806e-236,0.6568743771059751
RpL8,-33.175,-0.48842594,2.4699513633872393e-241,4.704099557551103e-239,0.6974040149969152
RpL35,-33.316376,-0.54228103,2.2366117718557766e-243,4.327311251928581e-241,0.6569218356983532
RpL14,-33.563534,-0.2804489,5.714591606136002e-247,1.1234702755998666e-244,0.870010915476247
RpL37-1,-34.334267,-0.2971653,2.418736969460285e-258,5.172278056272178e-256,0.8708177115466755
RpS26,-34.790554,-0.37730286,3.379665763122047e-265,7.489953815762659e-263,0.8279626026292061
RpS18,-35.44966,-0.3340262,2.935677193044513e-275,6.88134025115761e-273,0.8612785344786673
RpL36,-35.699444,-0.41347244,4.032445710615009e-279,9.830296153337269e-277,0.8049451853258033
RpL31,-36.72686,-0.40046644,2.7223768403856406e-295,7.21370680596969e-293,0.8014807080821983
RpL21,-36.7449,-0.41197705,1.402384535528882e-295,3.798592245235899e-293,0.8197997247401642
sta,-36.8299,-0.4708683,6.136442966431327e-297,1.699934166314351e-294,0.7607612358217455
RpS9,-37.366646,-0.6236367,1.3606989306819616e-305,4.0452583575810805e-303,0.6530302311233449
RpL23,-39.428207,-0.45184287,0.0,0.0,0.8103554648569123
RpL15,-42.726902,-0.61808693,0.0,0.0,0.7472355369939727
mt:lrRNA,-43.582718,-0.5201773,0.0,0.0,0.9433344407004888
eIF4A,-43.882103,-0.52088064,0.0,0.0,0.7873380475535096
RpS8,-49.86528,-0.5694187,0.0,0.0,0.8180437568221727
lncRNA:roX2,-146.66383,-9.620161,0.0,0.0,0.00754591618812586
lncRNA:roX1,-179.3016,-9.538869,0.0,0.0,0.0370651606473352
