names,scores,logfoldchanges,pvals,pvals_adj,pct_nz_group
lncRNA:noe,71.62285,0.51127964,0.0,0.0,1.0
lncRNA:CR34335,70.37698,0.9119618,0.0,0.0,0.9971050258649329
RpL39,52.13313,1.0440131,0.0,0.0,0.7866736272602155
RpL41,50.377254,0.71339184,0.0,0.0,0.9037539746571117
Hex-A,46.32272,0.9508547,0.0,0.0,0.7962602629206018
UQCR-6.4,43.948925,1.0268208,0.0,0.0,0.6911394808029994
stai,42.63846,0.7603267,0.0,0.0,0.8334677993450714
nrv3,40.83762,0.37597895,0.0,0.0,0.9837217028142945
Liprin-gamma,35.426525,0.7976282,6.669132811414989e-275,9.032228870926368e-272,0.6986379383987471
unc-119,35.020454,0.88698405,1.0987916646576517e-268,1.3393171600512117e-265,0.6001139006217076
Cp110,34.801533,1.0027732,2.305729721607982e-265,2.554958143334518e-262,0.5097052821413317
CG42613,34.224316,0.755781,1.0516536193076958e-256,1.068217163811792e-253,0.7258791704238052
RpL29,33.984203,0.5667382,3.813176393545456e-253,3.575292850840428e-250,0.8272032651511556
capu,33.43065,0.97522134,4.918579976434853e-245,4.282326523768887e-242,0.4906269280053154
Cbp53E,32.852524,0.8427521,1.0483525595458177e-236,8.518912898869314e-234,0.7201841393384272
bel,32.306355,0.726367,5.695693980830376e-229,4.339050870771341e-226,0.7024346257889991
Dhit,32.261383,0.6455942,2.4360699588313105e-228,1.7466621604820498e-225,0.7922737411608372
sif,32.177204,0.6389938,3.6786074911913807e-227,2.491030372785097e-224,0.7801243415120308
CG17124,32.146862,0.858458,9.771080227523773e-227,6.268405099646698e-224,0.556309619856675
cype,31.69308,0.6071572,1.9350992100270196e-220,1.12318687004854e-217,0.8723838450951544
numb,31.62831,0.9194306,1.507315860950792e-219,8.351215013240548e-217,0.4967490864220967
Mnn1,31.581654,0.61254305,6.595304960257382e-219,3.495224876546836e-216,0.7977789378767026
futsch,31.230005,0.5424369,4.171906965930501e-214,2.1188072503219533e-211,0.8916045750083053
Dsp1,30.917822,0.60287493,6.881770338356832e-210,3.355275946169257e-207,0.7990603198709126
flw,29.881033,0.71454614,3.4711950783974704e-196,1.6273229542533373e-193,0.6794172084855963
TP53INP,29.387236,0.64926845,7.995389189789806e-190,3.6094740309017755e-187,0.7429168050875611
14-3-3zeta,29.24226,0.3143164,5.632359524960466e-188,2.4518867946336827e-185,0.9568126809358835
Neb-cGP,28.939156,0.6355519,3.8424337113391144e-184,1.561180816917082e-181,0.7834464429785013
Toll-6,28.435871,0.8798112,7.286977310271173e-178,2.7756552010904794e-175,0.4597788429595178
Tom6,28.365042,0.87641984,5.4605992843748395e-177,2.0169468084013613e-174,0.43875468653599736
Top1,27.78482,0.7549307,6.6178302817441656e-170,2.3724921560052836e-167,0.5143087656020122
lqf,27.256105,0.7178577,1.4068332960102934e-163,4.763303068074852e-161,0.5387499406767595
CG16711,26.664694,0.6956802,1.208975726639864e-156,3.982758143787379e-154,0.5516586778036163
emb,26.171064,0.9249179,5.675423771295339e-151,1.7737882140594588e-148,0.3590717099330834
Ih,26.013548,0.4299298,3.4798288161562187e-149,1.0603908360032036e-146,0.8780788761805325
MESK2,25.76849,0.52179337,2.0005892872836165e-146,5.947605566512196e-144,0.7775615775236107
egh,25.552948,0.60704505,5.0916841977319156e-144,1.477679492527484e-141,0.6601964785724456
pcs,25.466715,0.7613777,4.6099066014900305e-143,1.306747710827023e-140,0.4429785012576527
Rdh,25.294659,0.59990513,3.6571374131641733e-141,1.0131101802058662e-138,0.658772720801101
ox,24.861668,0.68715215,1.934013973802034e-136,5.124716592754998e-134,0.5006406909971051
Vap33,24.615166,0.5264061,8.691962088625994e-134,2.2072151228804633e-131,0.7608086944141237
Rbp6,24.57806,0.43266964,2.1683804748698297e-133,5.393957062895583e-131,0.9096862987043804
Usp7,24.521479,0.69057375,8.717890191242946e-133,2.1252472708212056e-130,0.4720231597930805
snRNA:7SKa,24.51011,0.8226082,1.1525127382700234e-132,2.7545054444653563e-130,0.9132931517251198
fne,24.2167,0.3997059,1.4839094956953875e-129,3.4127118571756746e-127,0.8980114849793556
Imp,24.180332,1.0616887,3.58307708871421e-129,7.940750297152272e-127,0.3098571496369418
Lk6,24.041351,0.44497323,1.0281223439082987e-127,2.2378184374818309e-125,0.8389729960609368
Fas2,23.994602,0.8138837,3.1660178629978706e-127,6.653550298634662e-125,0.4080964358597124
CG15431,23.916092,0.74486583,2.0832607099938038e-126,4.232144132352413e-124,0.42613070096340944
Yp3,23.720179,2.104718,2.232719523143529e-124,4.4614128307535203e-122,0.17336623795738218
Drep2,23.667948,0.61609095,7.713602707602341e-124,1.516469409725241e-121,0.543638175691709
Dmtn,23.541746,0.8495621,1.5251659014441993e-122,2.9508328845560865e-120,0.34037302453609225
Cip4,23.53223,0.67949957,1.908832764566119e-122,3.635431651140066e-120,0.4534193915808457
Polr2A,23.385952,0.82839626,5.939849217136708e-121,1.0969821531466567e-118,0.3469697688766551
CG5758,22.948183,0.717297,1.5363464111918622e-116,2.753900942061413e-114,0.4105642826633762
ari-1,22.78998,0.63923043,5.764300160489228e-115,1.0182761544377276e-112,0.47563001281381995
Pat1,22.781845,0.8681526,6.940638579424846e-115,1.2085634806372778e-112,0.3180674861183617
mbl,22.394106,0.6241853,4.49245204285585e-111,7.605346937551382e-109,0.6134023064875895
gro,22.28749,0.63748753,4.886190532525106e-110,8.158599506979249e-108,0.4498599971524845
shi,22.203491,0.378705,3.1777983863815965e-109,5.23434926102774e-107,0.8699159982914907
CG7646,22.19281,0.49309063,4.030043441334379e-109,6.549626600856632e-107,0.7286792273741161
Pacs,22.073399,0.55092156,5.694604063389403e-108,9.014484276448497e-106,0.6043851739357411
cdi,22.055273,0.5995518,8.501745400640555e-108,1.328561213953945e-105,0.49337952636324806
RhoGAP93B,21.990082,0.57281333,3.5834327836257883e-107,5.5289192657740164e-105,0.5489060794456836
CG17931,21.59098,0.95898885,2.1832995691155129e-103,3.3265298059936234e-101,0.27203265151155614
Marf,21.503597,0.6418456,1.4407472765073586e-102,2.1680578460923695e-100,0.42461202600730863
Dp,21.243975,0.78232574,3.747967471566393e-100,5.571216525722288e-98,0.32490152342081535
Ubr1,21.019974,0.7318109,4.306795716355824e-98,6.324763010441101e-96,0.34132219638365524
CG31221,20.923712,0.5483796,3.257460617215111e-97,4.726808031337499e-95,0.824165915238954
CG42524,20.864046,0.9183594,1.136392608169717e-96,1.6295870001153742e-94,0.27507000142375776
PAN3,20.755014,0.51837707,1.1044722790539923e-95,1.5653968150452455e-93,0.6136395994494803
hrg,20.736448,0.60973257,1.6248678680983666e-95,2.2764959131322976e-93,0.4241374400835271
Eip63E,20.620346,0.5116767,1.8026770632102956e-94,2.4969125822125332e-92,0.6070428551089174
tow,20.607431,0.5556627,2.3539736451238712e-94,3.223885928136502e-92,0.5049119643111385
Tom7,20.516106,0.5662429,1.5461113151882829e-93,2.0939500912033313e-91,0.489867590527265
NdufA3,20.392824,0.5147274,1.9363551163522284e-92,2.593651924529375e-90,0.6003037349912201
CG4612,20.315193,0.49742708,9.437832279782819e-92,1.2504101919377477e-89,0.6207583883062029
COX8,20.22306,0.4744699,6.135558289451894e-91,8.041539783884854e-89,0.7846803663803331
sbb,20.078802,0.4057292,1.1308687330055312e-89,1.4663998921919596e-87,0.8356034360020882
Tmtc1,20.013733,0.6488932,4.1813597836649045e-89,5.364904674009634e-87,0.38484172559441887
Frq2,19.908493,0.6130574,3.43493271246869e-88,4.3612911283625895e-86,0.42356793697498935
CG34250,19.867157,0.8031548,7.831375238409842e-88,9.840889977420368e-86,0.29172796734848844
glec,19.864082,0.52904046,8.325967485663546e-88,1.0355634457423772e-85,0.5396516539319444
sty,19.758606,0.56549704,6.764620333428154e-87,8.328682549914723e-85,0.46509420530587064
Pitslre,19.728992,0.4611844,1.2156931654971321e-86,1.4818083994244545e-84,0.7591001850885103
Ctdnep1,19.63707,0.55982745,7.457804309876108e-86,9.000314528027712e-84,0.44084286460063593
dally,19.520216,0.6238298,7.39262805465809e-85,8.66430224598341e-83,0.3989843861231076
BtbVII,19.461018,0.70885,2.3506657642960427e-84,2.728787142952806e-82,0.3185895306345214
EndoA,19.316254,0.47433436,3.921019089489776e-83,4.508802045451969e-81,0.61544302595985
CG33303,19.074835,0.76777524,4.0871014443891548e-81,4.612748102375871e-79,0.29125338142470697
Tmep,18.895391,0.5544329,1.2446144265870153e-79,1.3917986463916632e-77,0.41611693797161975
MtnA,18.874556,0.52860975,1.846678042769285e-79,2.0462871512104376e-77,0.4498599971524845
ssp3,18.87205,0.72450155,1.9364300024072055e-79,2.126409486427156e-77,0.2959517820701438
CG3744,18.863665,0.7989495,2.2693006892869717e-79,2.46968804479633e-77,0.2733140335057662
da,18.84933,0.5664941,2.975784067395043e-79,3.209896636944972e-77,0.40216411181244366
Wdr62,18.76644,0.47511396,1.420951389303596e-78,1.51929618282645e-76,0.5930425703573632
rin,18.743391,0.46262592,2.192023953654797e-78,2.323354780095506e-76,0.6150633572208248
Psi,18.74076,0.55997556,2.3031327311990075e-78,2.420076281084888e-76,0.40529637890940157
beta-Spec,18.702606,0.49081397,4.71431254288426e-78,4.869725049594597e-76,0.5266005410279531
alpha-Cat,18.362345,0.5493719,2.6300504248601654e-75,2.693923078035341e-73,0.39665891509657825
dpr9,18.278532,0.48504037,1.2268239293436389e-74,1.2461464062308012e-72,0.5587300080679607
CASK,18.23614,0.4094224,2.6663532524865776e-74,2.685965272277595e-72,0.7314318257320488
CtBP,18.215307,0.43964538,3.902176895677742e-74,3.898658539460328e-72,0.6495182952873618
CG13954,18.196527,0.58493745,5.498567427211153e-74,5.405003094377157e-72,0.37373641497793175
Cdc14,18.174976,0.51490945,8.146477530710235e-74,7.880747192208497e-72,0.4328698210811067
nkd,18.169617,0.5597275,8.982214285182757e-74,8.620803930873434e-72,0.39309952066821696
CG13364,18.160292,0.6084024,1.0645618373650618e-73,1.013745643409589e-71,0.3477291063547055
luna,18.016003,0.5494375,1.459140674945638e-72,1.3681127451471062e-70,0.41958141521522474
sdt,17.796316,0.43479368,7.54739731850425e-71,6.96933529660972e-69,0.7176213753500071
RSG7,17.752031,0.46814474,1.6622967654122444e-70,1.5234387423766802e-68,0.5295429737553984
milt,17.718046,0.51730484,3.043039183143669e-70,2.7680301942789686e-68,0.41232025058136773
sun,17.6723,0.45227137,6.854444067728694e-70,6.188801388262596e-68,0.6089411988040435
heca,17.634064,0.46032143,1.3491427813196976e-69,1.209169217757779e-67,0.6682169806843529
nAChRalpha6,17.62486,0.4117472,1.5875744299410493e-69,1.4124777172665291e-67,0.7875278819230221
SPR,17.602915,0.6562447,2.3396606082760055e-69,2.0665306633533502e-67,0.31949124388970623
tipE,17.597069,0.559789,2.5940645241821226e-69,2.274751977356539e-67,0.38170945849746096
Galphao,17.569735,0.4195362,4.201377707676825e-69,3.657899491348059e-67,0.6934174932371506
mrva,17.555681,0.5486929,5.38172272613577e-69,4.652327539636093e-67,0.37886194295477194
CG14478,17.496208,0.4993088,1.5313251914229902e-68,1.3053674821331508e-66,0.42783921028902283
CG32982,17.496202,0.6879576,1.531442693781611e-68,1.3053674821331508e-66,0.303924825589673
hrm,17.41075,0.565112,6.838272475012012e-68,5.788312722077877e-66,0.35987850600351196
fax,17.339853,0.41941002,2.3533513372843446e-67,1.978275824148888e-65,0.7097432490152342
AMPdeam,17.28855,0.7134797,5.7378211511068644e-67,4.79029465827682e-65,0.2803853637701106
elff,17.17357,0.5064499,4.188480294251122e-66,3.4730194766412875e-64,0.4653789568601395
Obp44a,17.140327,0.60453975,7.423053262136617e-66,6.11348623055292e-64,0.3213895875848322
Prp4k,17.11417,0.82355136,1.1636193736781918e-65,9.519031238767436e-64,0.22931991837122112
GluRIA,17.071558,0.53097767,2.4166224543563395e-65,1.9637474064099613e-63,0.40093018841061173
Sin3A,16.904022,0.45472983,4.202357538783916e-64,3.369903686857707e-62,0.4742537136348536
Tsp66E,16.832712,0.46325877,1.405164405062358e-63,1.1121785021626675e-61,0.4820369227848702
CG42594,16.731058,0.559483,7.784186429373743e-63,6.1213837669442935e-61,0.3738787907550662
CG12991,16.69727,0.5943437,1.3720303279699042e-62,1.0720306197195616e-60,0.3005078069384462
beat-Ic,16.685266,0.4904036,1.677539089113923e-62,1.3023900609687648e-60,0.4523278439561483
CG44774,16.653519,0.46693346,2.8532507346851082e-62,2.201156531966885e-60,0.45152104788571973
ND-B12,16.602882,0.41904753,6.642236006360935e-62,5.091963187517826e-60,0.6192397133501021
swm,16.589504,0.55558044,8.300279738600857e-62,6.323256858362865e-60,0.33714584025437805
Ald1,16.558167,0.4127457,1.3978900608177884e-61,1.0583156491495666e-59,0.7842532390489299
CG32486,16.475737,0.4025375,5.481724989712788e-61,4.099186865006698e-59,0.6518437663138912
Ptp36E,16.394897,0.6212458,2.0799113556487525e-60,1.5458560679269905e-58,0.29808741872716055
betaTub56D,16.123257,0.43127567,1.7513314036951523e-58,1.2782621844095937e-56,0.5327226994447345
ND-MWFE,16.10829,0.41956058,2.231073397030698e-58,1.6187234307385225e-56,0.5439229272459779
COX7B,16.070147,0.3957752,4.1311242697822105e-58,2.962016101433845e-56,0.8295761947700632
apolpp,16.038494,0.8321109,6.88033737913748e-58,4.9043527669185225e-56,0.1970006169617009
SKIP,15.967304,0.47030398,2.1591954710808332e-57,1.5301414881979231e-55,0.4228560580893171
trn,15.96217,0.7043133,2.3443836728717297e-57,1.651774138071301e-55,0.2656257415405059
Actbeta,15.892995,0.5402864,7.085936826346051e-57,4.963820918180001e-55,0.3279863319253951
lncRNA:alphagamma-element:CR32865,15.765085,1.2067837,5.409935480776906e-56,3.768097347153697e-54,0.1614541312704665
Rgk1,15.698358,0.64462906,1.5520865089846737e-55,1.0749080942053515e-53,0.27635138341796783
Chc,15.650711,0.5122175,3.285279052409562e-55,2.2623879304983134e-53,0.3429832471168905
Eip78C,15.626537,0.66108036,4.8019522360949935e-55,3.288258191334937e-53,0.2630629775520858
lbk,15.593108,0.6596941,8.109041639515288e-55,5.521849639332505e-53,0.24336766171515353
RpS21,15.54005,0.3728117,1.858410354983412e-54,1.2515007633642436e-52,0.7919889896065683
cindr,15.441846,0.39074922,8.561425255951141e-54,5.7338028815817836e-52,0.6657016752883109
wry,15.386201,0.4096206,2.025813516010522e-53,1.349324641893566e-51,0.5668454273646244
wdb,15.310473,0.361304,6.508825428942266e-53,4.3117431061618086e-51,0.7414930473162166
msi,15.2747345,0.3956291,1.1268587808009811e-52,7.424476583342248e-51,0.7014854539414361
Smr,15.126805,0.37653476,1.0780274213618423e-51,7.02677873742219e-50,0.6738645531773527
lncRNA:CR43651,15.070328,0.6564863,2.5385003295634397e-51,1.6458393892047217e-49,0.23392340183190166
CG10804,14.989203,0.42841834,8.638332881093067e-51,5.571039126330338e-49,0.47382658630345026
osa,14.925204,0.39864007,2.2594325675078355e-50,1.4418965217462306e-48,0.47221299416259316
mir-9381,14.869827,0.70547456,5.174674906222553e-50,3.285110022497224e-48,0.22424184898675906
cyri,14.8224535,0.61318606,1.048821208494833e-49,6.623876533856746e-48,0.2587917042380523
Con,14.790596,0.3967697,1.6845541618018975e-49,1.0529759322155552e-47,0.618907503203455
AP-1gamma,14.77149,0.4663703,2.237124579970906e-49,1.3912403829217027e-47,0.3532343030705709
UBL3,14.7675,0.43742478,2.373563659503087e-49,1.468597332268179e-47,0.38299084049167104
tna,14.732288,0.38424113,3.999282421881863e-49,2.461982496985759e-47,0.6325281192159841
MtnF,14.728563,0.5800464,4.225926738730759e-49,2.588433217004483e-47,0.2959517820701438
Syn,14.70436,0.37234542,6.043920224324521e-49,3.6834671807145796e-47,0.645816525081866
fend,14.685343,0.39484236,8.002833489345696e-49,4.82903650503142e-47,0.5073798111148023
Rac1,14.47573,0.4838652,1.7248373353305582e-47,1.0356671074061168e-45,0.3248540648284372
sesB,14.417298,0.30606362,4.0280137607608733e-47,2.4067382220546222e-45,0.868112571781121
CG13751,14.398866,0.6869964,5.259968229969376e-47,3.1275001343949623e-45,0.22433676617151535
Mic10b,14.382149,0.37940788,6.698188267805789e-47,3.96331149496528e-45,0.5322481135209529
CG18467,14.37312,0.8922052,7.631397505966592e-47,4.493676531411922e-45,0.1864648094537516
CG6329,14.328088,0.2659163,1.4608762824680068e-46,8.519914357417482e-45,0.8873807602866499
Hsc70-4,14.327628,0.38392222,1.470578595185445e-46,8.535658331769234e-45,0.49167101703763466
CG46339,14.181931,0.6467832,1.1854015067746946e-45,6.815499512300354e-44,0.23658108300507807
mRpS5,14.081771,0.36539307,4.916232928449828e-45,2.800185194620325e-43,0.5979782639646908
crc,14.028121,0.6090472,1.0489367287900095e-44,5.946739435916942e-43,0.23264201983769162
tara,14.006507,0.5157904,1.4223085023859558e-44,7.989178956489592e-43,0.287171942480186
Pkc53E,14.004647,0.3688916,1.4600265187627503e-44,8.16342350330237e-43,0.624270324142186
CG4080,13.9306,0.4870779,4.1287363256698545e-44,2.2875075942540843e-42,0.2970907882872194
CG12084,13.885207,0.6163902,7.787470152221457e-44,4.2950893070329114e-42,0.2384319681078259
dsd,13.875478,0.5287388,8.919647582355321e-44,4.8973686658256313e-42,0.2650562384319681
fok,13.867345,0.40242806,9.990685561153775e-44,5.4608280854216754e-42,0.3786246499928812
UQCR-Q,13.794958,0.366992,2.733115071466608e-43,1.4872294467011824e-41,0.7539746571116701
CG43759,13.7668915,0.61431855,4.031913457804782e-43,2.1745572184594022e-41,0.24398462341606947
mspo,13.763525,0.44631866,4.2241623316656445e-43,2.2682076943027552e-41,0.3392814769113948
CG42238,13.725981,0.4194269,7.096259411325621e-43,3.7936976300284207e-41,0.34853590242513405
Met,13.719403,0.44854337,7.770184613851544e-43,4.1358419326740816e-41,0.32661003274642875
Asap,13.698095,0.62299097,1.0422276755670914e-42,5.523353538037947e-41,0.222011295144986
ninaE,13.63471,0.86338353,2.4897593920829167e-42,1.3137522610432326e-40,0.15191495420245835
CG44242,13.623663,0.36298996,2.89665432972771e-42,1.521867225217718e-40,0.529732808124911
CG42674,13.484865,0.46117526,1.9201725468744988e-41,1.00450571561602e-39,0.3242845617198994
dpr10,13.482019,0.4589093,1.9956874319893488e-41,1.0395484661759903e-39,0.3171657728631769
Arr2,13.451095,0.9467818,3.0334736604669793e-41,1.573404699890724e-39,0.14398936927530728
ReepA,13.440648,0.46912304,3.4936476483030894e-41,1.8044097959816253e-39,0.3117080347396896
GluRIB,13.407633,0.35961297,5.45526432892329e-41,2.805663160558902e-39,0.49822030278581936
FBXO11,13.346126,0.48676193,1.2477184600539442e-40,6.390100970419129e-39,0.280527739547245
Ucp4A,13.332224,0.5859687,1.5034803200575357e-40,7.667749632293432e-39,0.23928622277063263
Paf-AHalpha,13.329434,0.7533163,1.5607604102518438e-40,7.926711933566551e-39,0.18451900716624745
tth,13.317129,0.5522094,1.8404914899332257e-40,9.308610278338625e-39,0.23857434388496038
Yp1,13.297822,1.555959,2.3830914544879035e-40,1.2003099892046718e-38,0.1073038773669973
inaE,13.23579,0.33948746,5.452009244643761e-40,2.734754760615753e-38,0.5509467989179441
alpha-Spec,13.207166,0.35130766,7.977168051198613e-40,3.9849877613139303e-38,0.4831759290019458
CG9705,13.194529,0.79456705,9.434379468446356e-40,4.693700054730311e-38,0.17683071520098714
qm,13.176458,0.5725229,1.1988820821907885e-39,5.940314512123383e-38,0.23325898153860755
Bsg,13.157838,0.32355806,1.534136545351438e-39,7.570684352748453e-38,0.8173318779365004
Rok,13.157328,0.72955436,1.5445219792596663e-39,7.591200969837126e-38,0.18988182810497842
pyd,13.101542,0.4663485,3.2263342870598887e-39,1.5730315449989193e-37,0.2960466992549001
CG31650,13.098394,0.46730614,3.362970535545244e-39,1.63311744453231e-37,0.29372122822837077
E2f1,13.090367,0.45802352,3.737972677864251e-39,1.808021784543149e-37,0.2985145460585639
Unc-115a,13.023807,0.61193705,8.959118092929282e-39,4.316311874889921e-37,0.215367092212045
clu,13.014895,0.59120303,1.0068031854960487e-38,4.812519226671113e-37,0.2217265435907171
Pdk1,13.00535,0.46099147,1.1407504339418428e-38,5.431487124733251e-37,0.29495515163020264
Rgk3,12.972083,0.6542947,1.761766095979033e-38,8.323320520886989e-37,0.21493996488064163
Fim,12.945515,0.33568585,2.4908846082346385e-38,1.1722545362846336e-36,0.5991172701817664
Atg13,12.925513,0.80364734,3.231320479304849e-38,1.5148678970094926e-36,0.16904750605097052
Rip11,12.8870535,0.606012,5.323953975753458e-38,2.4863477015501495e-36,0.2110958188980115
AstC-R2,12.886531,0.6876385,5.360115001187299e-38,2.493680982804274e-36,0.20971951971904512
wge,12.81755,0.4620162,1.3076791270081138e-37,6.060570676464601e-36,0.28574818470884156
CG6700,12.808836,0.32489616,1.4631331525465514e-37,6.755352271359817e-36,0.5772863176878174
CG2924,12.78611,0.35830528,1.9604332877940906e-37,9.017253337706479e-36,0.4097100280005695
CG45049,12.759738,0.32348984,2.7512333634400543e-37,1.2607061453748428e-35,0.5678895163969436
aPKC,12.74927,0.35905915,3.1467668459770322e-37,1.4365521005847958e-35,0.40871339756062836
jeb,12.490849,0.34608826,8.375505724696346e-36,3.7532735028795504e-34,0.5646623321152294
CG6966,12.396969,0.38068488,2.713983742092845e-35,1.1985778200133945e-33,0.3500071187888567
Pits,12.392127,0.29423168,2.882939633779685e-35,1.268597516106158e-33,0.7832566086089886
alt,12.388861,0.3679259,3.0027847399199905e-35,1.3165806904634807e-33,0.35750557638460445
CG13739,12.386797,0.36174825,3.08106014129642e-35,1.34605885527821e-33,0.4126524607280148
Ptp10D,12.376808,0.45625073,3.4894533716627567e-35,1.5190338266856194e-33,0.2734089506905225
Golgin97,12.368886,0.7136812,3.85125826490307e-35,1.6705689320606237e-33,0.17469507854397037
Stat92E,12.338325,0.44083655,5.631584094978291e-35,2.434162359350723e-33,0.29049404394665657
Gprk2,12.325792,0.32253382,6.579384020992071e-35,2.833784870384182e-33,0.5486213278914147
RASSF8,12.319625,0.35910052,7.102386298882382e-35,3.0482741759534284e-33,0.37976365620995683
Ubi-p5E,12.314296,0.3279943,7.587447944726319e-35,3.245031684149793e-33,0.4678468036638033
dpr17,12.23003,0.55021137,2.1485978664140526e-34,9.157083704098212e-33,0.22329267713919604
mbt,12.188637,0.3594955,3.573494134903231e-34,1.5019765520805338e-32,0.361159887997722
porin,12.114921,0.33090895,8.804896060975855e-34,3.6880714119324635e-32,0.7383133216268806
Mapmodulin,12.096108,0.31628346,1.1073741250613405e-33,4.622528496702973e-32,0.4597313843671397
CG17776,12.062418,0.61906946,1.668123943941342e-33,6.93950947191161e-32,0.20250581367756632
Dyb,12.061781,0.38019347,1.681078412871763e-33,6.969613868875482e-32,0.34122727919889895
Socs36E,12.042989,0.3497104,2.111630821136974e-33,8.724972230114772e-32,0.3740686251245788
tou,12.00535,0.3138669,3.330511714174924e-33,1.3714732190566941e-31,0.4754876370366855
dpr13,11.958517,0.33662271,5.8599234449503406e-33,2.4049362582659835e-31,0.4444971762137535
mt:srRNA,11.956172,0.549684,6.027698605602373e-33,2.4654905471036015e-31,0.2073940486925158
Kap-alpha3,11.933763,0.42271572,7.892428652985297e-33,3.2174184900079526e-31,0.2893075791372028
RabX1,11.928638,0.87408745,8.393501935112317e-33,3.410279836236134e-31,0.1435147833515258
CG43102,11.928335,0.47895157,8.424166230561285e-33,3.4113675144289536e-31,0.24626263585022068
Atx2,11.878866,0.3212992,1.524203030114586e-32,6.131521694411448e-31,0.4293104266527455
Rgl,11.878493,0.4927041,1.5310288251991185e-32,6.138720509984229e-31,0.23468273930995207
CG3961,11.868094,0.6582437,1.7337188155817365e-32,6.928622505942881e-31,0.19923117080347397
bsd,11.830021,0.6526314,2.7307465087915645e-32,1.0877473593353066e-30,0.181529115846424
schlank,11.810482,0.38892245,3.4457986679874713e-32,1.368105536289879e-30,0.3065825067628494
Corin,11.750712,0.32654554,7.002564643134793e-32,2.7622738004909386e-30,0.4446870105832661
Gdi,11.728963,0.350785,9.056116196433887e-32,3.560806461881699e-30,0.3665701675288311
eIF2beta,11.698845,0.41834083,1.2919962454021819e-31,5.063711329648616e-30,0.27635138341796783
ATPsynbeta,11.649648,0.32752356,2.3041021507349305e-31,9.001506767726944e-30,0.7896160599876607
Pep,11.640799,0.31096256,2.5561189488420535e-31,9.954164174899615e-30,0.4664230458924588
eys,11.560335,0.31288263,6.545246715564995e-31,2.532698800508626e-29,0.45052441744577854
Ac3,11.556162,0.2995619,6.871218630541779e-31,2.650420376192207e-29,0.49499311850410516
CG1607,11.426055,0.56829953,3.098706322163102e-30,1.1840166570798135e-28,0.20620758388306204
Dscam4,11.413393,0.3315298,3.584683109785852e-30,1.3654282007868671e-28,0.3594513786721086
Eph,11.382888,0.3003057,5.088642801323763e-30,1.926256742401719e-28,0.45541265246072804
Aps,11.312976,0.29682544,1.131846281323454e-29,4.258047630571475e-28,0.4806131650135257
DIP-kappa,11.2105465,0.5899146,3.619503461277987e-29,1.3533168002919443e-27,0.20592283232879313
Ppcs,11.19837,0.43682876,4.153065419727602e-29,1.5480646605828667e-27,0.2572730292819515
trv,11.1664915,0.30621856,5.948425655957017e-29,2.2105292780628075e-27,0.6683118978691092
RhoGAP71E,11.148124,0.28651443,7.313182375064648e-29,2.709434041631094e-27,0.4781453182098619
5-HT1A,11.127116,0.35072696,9.258256851913242e-29,3.419663417211228e-27,0.3306440130985715
CkIalpha,11.055213,0.29746717,2.0684568821047627e-28,7.617045599992433e-27,0.6282093873095724
fs(1)h,11.03878,0.2681859,2.483829572015705e-28,9.119095979909467e-27,0.8141996108395425
Patronin,10.975415,0.4355474,5.017470642298573e-28,1.8256104375814122e-26,0.24635755303497697
CG9917,10.945566,0.5929394,6.978042336386266e-28,2.5314094654229822e-26,0.1858003891604575
Cad87A,10.916284,0.6648254,9.63588734375733e-28,3.4852175321382226e-26,0.169189881828105
Gapdh1,10.895631,0.2806633,1.2092527993502829e-27,4.3479594015576985e-26,0.4858336101751222
Rala,10.885283,0.47929898,1.3547654955486618e-27,4.8568343015419527e-26,0.22196383655260785
mtgo,10.877765,0.28067142,1.4712584378109136e-27,5.25899387052118e-26,0.5061933463053486
Eip93F,10.876644,0.3079678,1.4894530105817635e-27,5.308462791222548e-26,0.47843006976413077
E(Pc),10.859262,0.3031596,1.8019836188956466e-27,6.40360884277523e-26,0.3613022637748564
5-HT2A,10.853732,0.48981276,1.914459575353053e-27,6.783531326737897e-26,0.21921123819467514
Hsp70Ab,10.849689,0.87189656,2.001066636466811e-27,7.06985542953448e-26,0.12680935883441696
Pyk,10.8446,0.2879541,2.1156002627236786e-27,7.45290508738119e-26,0.602771581794884
CG44422,10.799909,0.29967704,3.44546327331068e-27,1.2033453248820596e-25,0.42228655498077927
Pgant2,10.787538,0.5349545,3.9420960852533165e-27,1.3728631195186477e-25,0.20734659010013762
Calx,10.765179,0.32017618,5.026401258598068e-27,1.7454930182635856e-25,0.3473494376156803
side-VIII,10.763029,0.36242428,5.145087175656783e-27,1.7816326018204696e-25,0.28712448388780787
Gad1,10.7021675,0.39660653,9.942500718013089e-27,3.4331201487779475e-25,0.2947178586683119
CG42258,10.697217,0.3079212,1.0488133996904034e-26,3.6112956296119567e-25,0.3678990081154193
Hsc70-3,10.6743355,0.35548386,1.3421409833302032e-26,4.60826942135545e-25,0.29827725309667313
CG33181,10.641364,0.28598818,1.913086486186901e-26,6.550171679812399e-25,0.5082815243699872
AP-2alpha,10.617262,0.29167935,2.4772088431893252e-26,8.457898764603552e-25,0.3978928384984101
Lar,10.588137,0.2674955,3.38256515970068e-26,1.1516784003237873e-24,0.7136823121826207
blw,10.579502,0.28854293,3.7092388564081827e-26,1.2593847470963606e-24,0.7202315979308054
Pp2B-14D,10.574755,0.28418517,3.901980447315433e-26,1.3211455464535505e-24,0.41763561292772056
ND-B18,10.550864,0.29069358,5.033203825435181e-26,1.6994382667099562e-24,0.4146457216078971
RpS27,10.520401,0.28112707,6.957662565500584e-26,2.336279587076766e-24,0.8908452375302549
Df31,10.493377,0.2817428,9.265704151865001e-26,3.102738129315453e-24,0.4722604527549713
Sh3beta,10.462009,0.4407669,1.2908917838817227e-25,4.310871220201183e-24,0.2303640074035404
ed,10.454624,0.34135306,1.3955143322928779e-25,4.634856729241931e-24,0.30397228418205113
wts,10.446009,0.39255565,1.528218976461739e-25,5.061810082633733e-24,0.22623510986664136
Mob2,10.42608,0.27874252,1.8850624493046163e-25,6.226836367093216e-24,0.514546058563903
CG43736,10.422572,0.26658568,1.955914217000675e-25,6.443415781357089e-24,0.5075696454843149
CG31635,10.402397,0.2887036,2.4177336606316462e-25,7.943330347557718e-24,0.39072659104930946
app,10.395443,0.33190876,2.6007640643413897e-25,8.521697091466989e-24,0.29865692183569836
jvl,10.372896,0.29039615,3.293871739115554e-25,1.0706400700821196e-23,0.35038678752788194
ens,10.351685,0.28012726,4.1118566420688306e-25,1.3329633141004515e-23,0.3886384129846709
Rab8,10.344432,0.49816877,4.435370752282183e-25,1.4340247771768577e-23,0.20193631056902853
Moe,10.339402,0.3620468,4.674426502852179e-25,1.5073170540546352e-23,0.2748801670542452
CG4629,10.312211,0.45041776,6.205692159659087e-25,1.99580954443495e-23,0.22016041004223816
brp,10.24291,0.24123695,1.273474768077925e-24,4.084837881079429e-23,0.7785582079635518
CG1677,10.235927,0.25961915,1.3687805528698967e-24,4.3675565861076355e-23,0.4647145365668454
cmpy,10.2344675,0.3023157,1.389577484248253e-24,4.422339413969179e-23,0.3552750225428314
Cipc,10.194847,0.29219234,2.0907263504026174e-24,6.636422782567058e-23,0.38835366143040195
Act5C,10.186846,0.31336606,2.270100512591552e-24,7.187079259215175e-23,0.7285843101893598
PIG-T,10.178346,0.66660243,2.477380491341739e-24,7.802788322729835e-23,0.14764368088842486
Su(Tpl),10.161677,0.27939567,2.9397546777390526e-24,9.235224166742606e-23,0.37729580940629304
Pkn,10.148538,0.5329047,3.36365304660591e-24,1.0539734443465151e-22,0.17759005267903755
nSyb,10.138239,0.15529287,3.737753400400449e-24,1.1681916973713095e-22,0.9102083432205401
Mi-2,10.135194,0.39483696,3.85606801110897e-24,1.202087288680492e-22,0.24441175074747282
IA-2,10.129017,0.183458,4.107591960545519e-24,1.2772305716094217e-22,0.9432869821081107
Lis-1,10.111294,0.26592332,4.9229785579005e-24,1.526874952728987e-22,0.558824925252717
SoxN,10.085878,0.30466172,6.379213131076006e-24,1.9735083465656204e-22,0.40605571638745197
Cmtr1,10.082642,0.87065595,6.592943922555684e-24,2.0344656575197783e-22,0.12007023871671967
CG2269,10.079823,0.28357807,6.784837039237436e-24,2.088393400789523e-22,0.7531678610412416
alphaTub84B,10.056772,0.2868465,8.576396674351174e-24,2.633191412183034e-22,0.728014807080822
Cpsf6,10.037325,0.40389627,1.0446838105227964e-23,3.199409790568433e-22,0.22732665749133882
sau,10.000139,0.36623293,1.521826280986374e-23,4.649007653870404e-22,0.2646765696929429
CG11768,9.981129,0.56493694,1.843569641181813e-23,5.603808068918982e-22,0.17350861373451665
Sec63,9.958033,0.44076002,2.3262030997075367e-23,7.0183390055285055e-22,0.21123819467514593
RapGAP1,9.884728,0.2666388,4.848940022248187e-23,1.45935135632551e-21,0.5760998528783636
CG9674,9.871633,0.2608335,5.52576156468168e-23,1.658953391918842e-21,0.4682739309952067
amon,9.819089,0.25271097,9.318175951014567e-23,2.7906448812510212e-21,0.47458592378150066
jigr1,9.811207,0.3286324,1.0075630249310614e-22,3.0100945369815462e-21,0.2809548668786484
MYPT-75D,9.793403,0.2853691,1.201821635477008e-22,3.581663548858007e-21,0.32414218594276495
Snap24,9.781212,0.5070201,1.3557709351898563e-22,4.0306077875680876e-21,0.1804850268141047
haf,9.776253,0.483379,1.4238499333009582e-22,4.2124531157780044e-21,0.19628873807602867
Sag1,9.770405,0.5905181,1.508484390895958e-22,4.441284116094403e-21,0.15779981965734896
Nup153,9.752431,0.27807975,1.8010286965309655e-22,5.2898165739797445e-21,0.33648141996108394
LPCAT,9.742895,0.5376367,1.9783605991620786e-22,5.782790729780953e-21,0.1703288880451806
bin3,9.741465,0.28232384,2.0064074212695653e-22,5.8507416406351034e-21,0.33306440130985715
Pal2,9.723137,0.26659867,2.4026342075761897e-22,6.989429201944195e-21,0.42418489867590525
rdgB,9.696744,0.24503164,3.112733096833412e-22,9.033596123167252e-21,0.5174884912913483
retm,9.687989,0.39376566,3.3913846302992876e-22,9.818904336987653e-21,0.22205875373736414
GEFmeso,9.668967,0.67987514,4.084793275172265e-22,1.1798470433903965e-20,0.1420910255801813
beat-IIIc,9.667244,0.28642878,4.154153250970154e-22,1.197044302034875e-20,0.3563665701675288
Tomosyn,9.6620455,0.2512652,4.37047271509236e-22,1.2564078284023766e-20,0.7126856817426795
Pi3K68D,9.661635,0.62072843,4.388024109276787e-22,1.2584853145405824e-20,0.14536566845427365
fkh,9.65803,0.6222142,4.545208199705956e-22,1.300505698267979e-20,0.16866783731194532
AGO2,9.648561,0.41384715,4.9850425549878275e-22,1.423013669853551e-20,0.2228655498077927
TyrR,9.643816,0.70999706,5.221023992102258e-22,1.4868939588722997e-20,0.13758245930425703
5-HT1B,9.637993,0.5164368,5.525798917675836e-22,1.570022447728456e-20,0.17497983009823928
Dbp80,9.619752,0.2760374,6.598989976151757e-22,1.8705834609142737e-20,0.3389967253571259
lncRNA:let7C,9.611024,0.8818603,7.183105173835223e-22,2.031435474799943e-20,0.1098666413554174
kmr,9.602476,0.26519302,7.804627593400669e-22,2.2020973549990912e-20,0.3870248208438138
Gbeta13F,9.584225,0.21490148,9.315465782671193e-22,2.6223143747108352e-20,0.8382136585828864
Sirt1,9.552634,0.25431803,1.2643940264106827e-21,3.5510826700276065e-20,0.4104693654786199
Sirup,9.541369,0.41660047,1.409588468454283e-21,3.949764101606725e-20,0.23572682834227138
PIP5K59B,9.522324,0.26676837,1.693490601930785e-21,4.7235599420902383e-20,0.3833705092306962
Akap200,9.507794,0.515566,1.947485460492796e-21,5.419611935604267e-20,0.1756442503915334
Desat1,9.490977,0.27492267,2.2887859661418304e-21,6.340457304841538e-20,0.34886811257178113
CARPB,9.464917,0.56753165,2.9379430194876037e-21,8.120314617808254e-20,0.16814579279578568
ckn,9.437101,0.33572295,3.83233440588625e-21,1.0544542680213882e-19,0.2760666318636989
DIP-delta,9.393211,0.3510774,5.8198031542251e-21,1.5976932578119312e-19,0.24588296711119548
Vha68-1,9.366987,0.24657026,7.463257269942076e-21,2.0442616373780662e-19,0.5377058516444402
Su(var)3-3,9.365987,0.85180324,7.534265529680958e-21,2.0590843619121345e-19,0.11314128422950975
Rga,9.305493,0.31607142,1.3337158995666767e-20,3.6368373825096696e-19,0.27464287409235444
Mnt,9.293998,0.24318938,1.486001935437174e-20,4.043053033715115e-19,0.45792795785677
Pgant9,9.29205,0.2729137,1.513441210187414e-20,4.1085378420878373e-19,0.3243794789046557
AnxB10,9.279284,0.3908076,1.7062143740984863e-20,4.6215660013081e-19,0.23145555502823786
Ptpmeg2,9.271831,0.2410189,1.8297775431945838e-20,4.945267954323455e-19,0.4550329837217028
CG42337,9.245137,0.25421903,2.3493819991669143e-20,6.335534776072018e-19,0.382041668644108
mamo,9.244613,0.27933562,2.3609426731627254e-20,6.352655682821293e-19,0.6536471928242609
tws,9.211194,0.28395623,3.225183054637634e-20,8.658977148233066e-19,0.2969958711024631
Caper,9.210881,0.24361064,3.234594693061923e-20,8.665159277743248e-19,0.6016800341701866
LpR1,9.2090435,0.3020665,3.2904435059399376e-20,8.79544208199603e-19,0.2891177447676902
Saft,9.200842,0.34817615,3.5515454964157805e-20,9.472601325122966e-19,0.24061506335722083
tral,9.174243,0.23670965,4.5475849947223186e-20,1.2102732205386538e-18,0.45536519386834984
Sema2b,9.172537,0.29910102,4.6201705724212355e-20,1.2269119631207503e-18,0.27711072089601824
Rbfox1,9.15234,0.2020573,5.571345905707889e-20,1.476285548797249e-18,0.8879028048028096
Sod1,9.148044,0.25272903,5.797404475655516e-20,1.5328538645068349e-18,0.6123582174552703
CG33170,9.14272,0.26355916,6.090098769941002e-20,1.606757876770798e-18,0.36785154952304117
ab,9.113974,0.25844467,7.941851870331702e-20,2.081789945106949e-18,0.3316881021308908
mGluR,9.104832,0.2683673,8.639991885267678e-20,2.2599326414061743e-18,0.33747805040102513
CG46301,9.102395,0.3445388,8.836111889293926e-20,2.3062819661371235e-18,0.2448388780788762
AhcyL1,9.097534,0.49703744,9.240597497298473e-20,2.406701771251519e-18,0.17142043566987802
COX7C,9.082179,0.27441087,1.0642231626566295e-19,2.7658456566357476e-18,0.7263537563475867
eEF1alpha1,9.03899,0.22377826,1.581255200750662e-19,4.083457551260554e-18,0.42053058706278773
dco,9.000129,0.30834472,2.254525556693147e-19,5.809812264383249e-18,0.2561814816572541
CG10132,8.997211,0.33745185,2.3152349918480375e-19,5.953670741695301e-18,0.23833705092306962
ND-39,8.959591,0.23799014,3.2588574716266753e-19,8.36257130982264e-18,0.5052441744577856
vvl,8.934471,0.38035485,4.0912871466782074e-19,1.0476617443458125e-17,0.21152294622941484
RhoGAP19D,8.933296,0.23228586,4.1350099470062325e-19,1.0566380763953662e-17,0.5770490247259267
bi,8.910171,0.31511492,5.095422995525877e-19,1.2993328638590986e-17,0.27117839684874945
cic,8.902434,0.2442383,5.463482537273702e-19,1.3902795124598987e-17,0.6118361729391106
mRpL33,8.889645,0.44881102,6.130443505201486e-19,1.5567494976021023e-17,0.19097337572967585
CG7945,8.879356,0.27536386,6.724845498373842e-19,1.7041401617396833e-17,0.30961985667505104
smog,8.878415,0.22738767,6.78194591088701e-19,1.7150443715311566e-17,0.41796782307436764
CG2865,8.873176,0.24186812,7.108939701039968e-19,1.7940137891506455e-17,0.3457358454748232
eIF4G1,8.86817,0.21725264,7.435801822077022e-19,1.8726237274648106e-17,0.4295002610222581
CG32052,8.846731,0.290004,9.011985520204367e-19,2.2648884846550727e-17,0.2750225428313796
hiw,8.844819,0.25474796,9.167689268922381e-19,2.299279104915533e-17,0.32575577808362205
Pp2A-29B,8.815917,0.40243125,1.187094218494063e-18,2.9650597191033064e-17,0.20653979402970907
CG43901,8.80672,0.24378082,1.2886178979607623e-18,3.212057987370906e-17,0.37933652887855346
zfh2,8.752427,0.36870578,2.088127275359356e-18,5.1837440650417906e-17,0.20720421432300318
CG5445,8.737528,0.47500756,2.382668087542512e-18,5.902914902247089e-17,0.16866783731194532
kek3,8.726775,0.32569247,2.620369760055567e-18,6.478638337792557e-17,0.23895401262398558
CG17075,8.706357,0.37767255,3.1379652367306364e-18,7.727001670810046e-17,0.20981443690380144
Kdm2,8.69986,0.44278958,3.3229627174621204e-18,8.166046887731005e-17,0.17578662616866783
hth,8.67539,0.22515652,4.121349102742379e-18,1.0101651251251323e-16,0.5712116178634141
CG8671,8.675229,0.22154455,4.127182150400492e-18,1.0101651251251323e-16,0.49271510606995395
Gdap2,8.6720295,0.22600344,4.244873105225275e-18,1.0368889434787752e-16,0.5646148735228513
SLO2,8.655686,0.21693063,4.899560869261746e-18,1.1944149487086285e-16,0.4024963219590907
CG30419,8.594362,0.45805886,8.372835472800593e-18,2.0370557201190905e-16,0.1752645816525082
unc-104,8.550487,0.24615179,1.225704005183396e-17,2.970200023693919e-16,0.7491813392814769
UQCR-C1,8.549163,0.23801596,1.2398459899546775e-17,2.998508486420151e-16,0.5837406862512458
kuz,8.538989,0.21824317,1.354006610563535e-17,3.2681161536948375e-16,0.3794789046556879
eEF2,8.518758,0.21968625,1.6127355212123426e-17,3.877245220524111e-16,0.4978406340467942
C3G,8.484483,0.28013095,2.166808845774792e-17,5.199061618336405e-16,0.27915144036827866
SP2353,8.482857,0.23538436,2.1973109012942587e-17,5.261890486419591e-16,0.36737696359925964
Mkp3,8.455381,0.23021491,2.781763114121467e-17,6.648413842750307e-16,0.6011105310616487
Ciz1,8.440899,0.21319187,3.149073100463303e-17,7.511556168600234e-16,0.42290351668169524
Hsp27,8.419785,0.5450975,3.7717787628736785e-17,8.979338152474076e-16,0.13805704522803855
Eno,8.410643,0.26228905,4.077698723186503e-17,9.688707551056586e-16,0.74192017464762
sgg,8.401177,0.24725457,4.4202440006183776e-17,1.048217006294502e-15,0.7174315409804946
Rab3,8.375504,0.2225924,5.49883035957727e-17,1.3014610340366475e-15,0.5042475440178444
RFeSP,8.372359,0.25740787,5.647595378459386e-17,1.3340802338767724e-15,0.678705329599924
CG7065,8.361918,0.47015753,6.170641842647744e-17,1.4548153466157322e-15,0.1541455080442314
CG14989,8.347196,0.31255525,6.990287713853357e-17,1.6448767749837562e-15,0.5971714678942622
Dscam1,8.34479,0.2684304,7.134040289214491e-17,1.675468537287773e-15,0.2574628636514641
ct,8.304141,0.24683505,1.0054381300367002e-16,2.3567856475033343e-15,0.562953822789616
Spt5,8.290984,0.34981212,1.1231557749233383e-16,2.6276671287026047e-15,0.21380095866356605
yps,8.285597,0.27821955,1.1751792299402107e-16,2.7441110409465954e-15,0.2853685159698163
Snap25,8.256518,0.19879957,1.4998257479777406e-16,3.4954829908414302e-15,0.8881875563570785
CNBP,8.222406,0.20984803,1.994607146177103e-16,4.6397455161741805e-15,0.49413886384129846
Hasp,8.221762,0.23931995,2.0053522460262276e-16,4.655854957488321e-15,0.8135351905462483
Mdh2,8.217552,0.21581848,2.076981453532218e-16,4.8129899119969976e-15,0.48474206255042473
Rad23,8.214653,0.25105166,2.1277822936524924e-16,4.9213545308027e-15,0.3100944425988325
mRpL34,8.210321,0.54697275,2.2059671990239402e-16,5.092525414564926e-15,0.1406672678088368
qkr54B,8.20899,0.4257529,2.2305679302172337e-16,5.139582703481637e-15,0.1723221489250629
CG14442,8.197278,0.2113142,2.458911723104221e-16,5.6550330175315755e-15,0.39324189644535146
Calr,8.167594,0.27190244,3.146002659051484e-16,7.208012483304237e-15,0.2894499549143372
ben,8.161828,0.2147243,3.2999195346946056e-16,7.54647639932318e-15,0.4850742726970718
CG1578,8.161204,0.26066956,3.3170011532834425e-16,7.571334654938555e-15,0.2699444734469176
ref(2)P,8.155423,0.32744855,3.479592403265426e-16,7.927617159514444e-15,0.2236248872858431
dome,8.138692,0.67230415,3.9957023166717623e-16,9.086495436177633e-15,0.12158891367282046
Yp2,8.134377,1.5310414,4.1406362230181754e-16,9.398550264873099e-15,0.06535048170471264
CG42342,8.105699,0.19709472,5.244338702360462e-16,1.1881643948526333e-14,0.4701722746903327
Vha55,8.10269,0.22350779,5.375720246647399e-16,1.2156707622705966e-14,0.5691234397987756
endos,8.09352,0.24829684,5.796479945195489e-16,1.3083943342960707e-14,0.2893075791372028
Dek,8.073121,0.20491943,6.85233934514619e-16,1.5438662528278542e-14,0.42679512125670355
ChAT,8.071805,0.23093832,6.926650788784685e-16,1.5577296395663568e-14,0.3814247069431921
sqz,8.069722,0.8065239,7.045855392229913e-16,1.5816193623552562e-14,0.09672061126666984
Atg18b,8.031284,0.6048996,9.645773360664645e-16,2.161256093623922e-14,0.1256228940249632
Rcd1,8.028412,0.46547288,9.874231421680582e-16,2.2083854458507266e-14,0.14650467467134926
CG9686,8.023517,0.39570922,1.027603917688072e-15,2.294041053608042e-14,0.15718285795643303
CG9171,8.0062475,0.3441461,1.1826151054969784e-15,2.6352642634191352e-14,0.20668216980684354
CG4502,7.9976816,0.23014864,1.267838907392758e-15,2.8200161390894758e-14,0.31574201509183236
Set8,7.986722,0.5150666,1.3857392961811118e-15,3.076644131357299e-14,0.14270798728109724
Pde11,7.9802837,0.3669279,1.4599742941753226e-15,3.2335668206973955e-14,0.18774619144796165
MED6,7.980136,0.62872356,1.4617239463485641e-15,3.2335668206973955e-14,0.11912106686915666
Scp2,7.971967,0.29646936,1.5616799965252955e-15,3.448427079283845e-14,0.24256086564472498
Polr2K,7.956517,0.4537257,1.7694951782686226e-15,3.9002489562235516e-14,0.17175264581652508
ND-B17.2,7.9541187,0.21231645,1.8041129411817344e-15,3.969374122755264e-14,0.49608466612880264
Tm1,7.945165,0.19696932,1.939325729703092e-15,4.2591786160992777e-14,0.4584500023729296
Ehbp1,7.9280252,0.2772469,2.2265842279311653e-15,4.872501823025669e-14,0.2515779981965735
arm,7.91302,0.20718282,2.5121831514365295e-15,5.477817608740583e-14,0.4321104836030563
fabp,7.9006505,0.23806955,2.7745111404328917e-15,6.039020766202949e-14,0.23553699397275876
NFAT,7.883873,0.1994977,3.173872452901159e-15,6.883688848471926e-14,0.4408903231930141
AcCoAS,7.879772,0.2860508,3.2797855033268887e-15,7.088174734051675e-14,0.26405960799202693
eff,7.859789,0.22345212,3.847812644756249e-15,8.287944845012347e-14,0.6205210953443121
hppy,7.8597655,0.23053661,3.848532924995479e-15,8.287944845012347e-14,0.29561957192349675
ATPsyngamma,7.8588176,0.21875489,3.8777607450979655e-15,8.336159739329647e-14,0.5886289212661953
CG3726,7.851354,0.23101899,4.1156975647166655e-15,8.832084087382295e-14,0.30411465995918563
igl,7.8287044,0.23759358,4.929239422206897e-15,1.0503933447076901e-13,0.6689763181624033
Dap160,7.8157105,0.20887566,5.465378750491653e-15,1.1626091027878317e-13,0.36709221204499076
CG2852,7.795211,0.20767812,6.430103190966735e-15,1.3654447350991905e-13,0.5413601632575578
Hipk,7.790308,0.20745237,6.684614870767496e-15,1.4170220984310436e-13,0.559441886953633
FoxK,7.784097,0.29718333,7.0212889468668965e-15,1.4832320792610155e-13,0.21655355702149875
hang,7.780439,0.22192913,7.227331850157905e-15,1.5241167460480054e-13,0.31996582981348776
CG34117,7.7795367,0.3301745,7.279073830854776e-15,1.5323770453245054e-13,0.21484504769588533
puc,7.761506,0.30835333,8.392670972314691e-15,1.7637632151990306e-13,0.20383465426415454
Rab5,7.7432475,0.19024076,9.690913234680502e-15,2.033090213726689e-13,0.43391391011342606
CG6770,7.7198596,0.25109395,1.164580749169682e-14,2.439016280348669e-13,0.7982535238004841
Pdcd4,7.7092943,0.24398775,1.2651528887413667e-14,2.6451026691026616e-13,0.6602439371648237
tau,7.704909,0.19972348,1.309368102512136e-14,2.732857500260347e-13,0.3912486355654691
Paip2,7.698428,0.23348582,1.377502098110067e-14,2.870149243395488e-13,0.28560580893170706
Tsp42Ej,7.6770353,0.21913102,1.628125557700133e-14,3.3865567274414546e-13,0.5908594751079683
CG43689,7.673492,0.6407275,1.6737574864381022e-14,3.4755417380228327e-13,0.11712780598927436
CG42795,7.6571345,0.19387501,1.9012771562391667e-14,3.9386332167715394e-13,0.4186322433676617
CG33774,7.657002,0.84514636,1.9032364957571882e-14,3.9386332167715394e-13,0.09268663091452707
CG3558,7.6512814,0.37499598,1.989867166389233e-14,4.1109306595115864e-13,0.16771866546438233
CG31345,7.623786,0.45736268,2.4634155304888288e-14,5.063502850105958e-13,0.16596269754639079
Ptp99A,7.6215143,0.24883878,2.5071636883361528e-14,5.144750538237267e-13,0.754259408665939
Tmem214,7.5949917,0.24503806,3.0781276511489e-14,6.305764359639318e-13,0.28992454083811875
CG10011,7.5939612,0.196733,3.1027083840103287e-14,6.34545511622515e-13,0.4121778748042333
Pka-C3,7.557079,0.43855238,4.122225621052767e-14,8.416383265496177e-13,0.16444402259028998
didum,7.5471697,0.42985186,4.4481867908343155e-14,9.066713845063456e-13,0.15480992833752552
mtt,7.5462136,0.40387154,4.480948381368294e-14,9.118243709599022e-13,0.1675762896872479
Axn,7.536684,0.3744229,4.8207196199968575e-14,9.793291908023616e-13,0.16733899672535713
l(3)psg2,7.5364137,0.33115938,4.8307296699047904e-14,9.797298493588932e-13,0.18803094300223056
Ca-Ma2d,7.51796,0.25539193,5.5637401033102665e-14,1.126518739522406e-12,0.264391818138674
Pp1alpha-96A,7.5077,0.19441885,6.01751994924461e-14,1.216377291232878e-12,0.48388780788761804
hzg,7.493718,0.3629573,6.694938741787164e-14,1.3510696742325121e-12,0.17360353091927294
Plc21C,7.4931316,0.19482179,6.724938662089952e-14,1.3548806173919741e-12,0.4885862085330549
yrt,7.485927,0.2512262,7.104391154742094e-14,1.428967389193917e-12,0.2681410469365479
Hsp67Ba,7.4631724,0.5380211,8.446377935876034e-14,1.6960939153277263e-12,0.1381045038204167
kairos,7.4523425,0.25508457,9.16972382878795e-14,1.8383184827154e-12,0.27260215462009396
Lim1,7.4301667,0.3373653,1.084610283853929e-13,2.1637176350074534e-12,0.21114327749038964
Klp10A,7.4174957,0.30971286,1.1935554796996008e-13,2.3771646637350382e-12,0.20074984575957477
CG8860,7.401359,0.28781593,1.3479752129429023e-13,2.6803376624079993e-12,0.22960466992549
NAT1,7.395154,0.18266949,1.412445179996538e-13,2.803956726217883e-12,0.4847895211428029
cPges,7.3771725,0.19755411,1.6168659276112948e-13,3.2045493970169223e-12,0.38308575767642733
CG1695,7.3704906,0.18496573,1.7000118471651173e-13,3.3638708449830542e-12,0.4312087703478715
Cyt-c1,7.3607984,0.204293,1.8281365606475602e-13,3.6115326641382675e-12,0.5233733567462389
robo2,7.360133,0.48951513,1.837270264188904e-13,3.623703438543455e-12,0.1447487067533577
Hsp23,7.3592515,0.3900061,1.8494412345827786e-13,3.641815704092001e-12,0.15604385173935742
CG1440,7.3486314,0.71878713,2.0024664775955904e-13,3.9367844992601054e-12,0.10122917754259408
aop,7.3476768,0.18802011,2.016814344325291e-13,3.958607092267467e-12,0.29182288453324473
mAChR-A,7.3453074,0.18526162,2.0528711471992492e-13,4.022901352606374e-12,0.4766266432537611
PRAS40,7.339076,0.77546906,2.1507337479666532e-13,4.20791230400731e-12,0.09676806985904798
bnb,7.3170705,0.44946107,2.5344272162105665e-13,4.950662393972852e-12,0.12386692610697167
corto,7.305065,0.1837548,2.7713211928008864e-13,5.404741443048001e-12,0.49024725926629015
S6kII,7.2954884,0.37505597,2.97578135450773e-13,5.79421708148478e-12,0.16453893977504627
Pfk,7.294701,0.21269332,2.99323210284942e-13,5.818900494678083e-12,0.31123344881590814
CG32700,7.2815185,0.1843947,3.3008298516881924e-13,6.406658449399264e-12,0.3988894689383513
chic,7.2780538,0.19135915,3.3867027630147556e-13,6.562880759679945e-12,0.442124246594846
cact,7.2688446,0.30970553,3.6257507196910784e-13,7.014964368621358e-12,0.1944378529732808
wcy,7.2663965,0.20895974,3.6920325732857137e-13,7.1318835238953355e-12,0.2844668027146315
CG32448,7.2479005,0.39840743,4.2328128455383467e-13,8.163568951624511e-12,0.16188125860186986
nolo,7.2423873,0.19376186,4.408540509020678e-13,8.489052174479155e-12,0.3138436713967064
CG42271,7.2277155,0.39588335,4.911866366798652e-13,9.443334249985609e-12,0.14659959185610555
Rlip,7.22095,0.22450322,5.162554837177605e-13,9.90966628509572e-12,0.28774144558872383
stau,7.2197337,0.2113276,5.208943589953565e-13,9.982989531123273e-12,0.28636514640975747
Sf3b5,7.193214,0.41087666,6.328368787085415e-13,1.2109338641410379e-11,0.15998291490674388
sol,7.176346,0.3020266,7.159931927719267e-13,1.3657654188884217e-11,0.200512552797684
CG12594,7.164552,0.30543387,7.80411045323611e-13,1.4863172236639836e-11,0.19980067391201176
CG12099,7.159474,0.45138735,8.098734885888823e-13,1.5400230814992022e-11,0.1388638412984671
akirin,7.1312766,0.19395734,9.94423701443044e-13,1.8880109808238728e-11,0.3218167149162356
eEF1alpha2,7.1232996,0.22957405,1.0537342376122193e-12,1.9975064731345786e-11,0.7019125812728394
l(2)k09913,7.1187077,0.2161059,1.0894364212970587e-12,2.0587814789441626e-11,0.3243794789046557
Men,7.117574,0.3207217,1.0984294857140669e-12,2.0725630033078578e-11,0.18736652270893644
gol,7.105741,0.25122878,1.196787954505598e-12,2.2477116144019624e-11,0.2388116368468511
TBC1D16,7.1037498,0.24636602,1.2141647746997422e-12,2.276839144433101e-11,0.24963219590906935
Drak,7.0882688,0.21376772,1.3580007556426973e-12,2.5426530277310042e-11,0.2668596649423378
CG6340,7.074142,0.20134588,1.5037638894416446e-12,2.8112543019024858e-11,0.3118978691092022
drn,7.055689,0.18709947,1.7174758035867675e-12,3.205867162315331e-11,0.5556926581557591
SCAP,7.038768,0.23102285,1.939474538210718e-12,3.609199258969533e-11,0.24146931802002752
CG8745,7.037457,0.35166776,1.9577983876445683e-12,3.637744595579214e-11,0.13748754211950073
Nulp1,7.027789,0.3745001,2.098319994181086e-12,3.8869942870932e-11,0.16321009918845808
htk,7.0032387,0.45228064,2.501125741558387e-12,4.626133788141909e-11,0.13193488681125717
Ubc6,6.972558,0.22442763,3.112287211176266e-12,5.7391329526516654e-11,0.2669545821270941
Ipp,6.962025,0.20198709,3.3541598212966335e-12,6.175808770662336e-11,0.33809501210194104
Ran,6.95201,0.19112632,3.601180493341666e-12,6.600720155389709e-11,0.34530871814341985
VGlut1,6.950369,0.2129391,3.6433274643401595e-12,6.667945715141471e-11,0.40700488823501496
Fili,6.9490285,0.37859523,3.678097296593336e-12,6.721488448002424e-11,0.15590147596222295
sina,6.937939,0.18696955,3.9786117619324684e-12,7.259775264400428e-11,0.3457358454748232
UQCR-11,6.928726,0.22432025,4.246462780222104e-12,7.725393257929437e-11,0.6769968202743106
nocte,6.9186697,0.20155379,4.55904846230894e-12,8.28170517244168e-11,0.6250296616202363
side-VI,6.9156194,0.18155538,4.658228664012049e-12,8.449278152625426e-11,0.5410754117032889
Spred,6.893578,0.18921843,5.4406161530594936e-12,9.853740013319787e-11,0.544255137392625
Gbs-76A,6.889225,0.34574607,5.609721440230817e-12,1.0144939856820984e-10,0.17132551848512173
Jupiter,6.88411,0.1956061,5.81499216480893e-12,1.0500583629163859e-10,0.5835033932893551
AP-1-2beta,6.8730636,0.3244837,6.283747722349553e-12,1.1330266418301582e-10,0.19111575150681032
Dcp-1,6.8640757,0.7797317,6.69232198415353e-12,1.20491451499036e-10,0.08860519197000617
plx,6.8605494,0.27605554,6.85961836726511e-12,1.2332136914246966e-10,0.2166959327986332
CG8668,6.8488636,0.2358061,7.44390454137641e-12,1.3362850140624015e-10,0.24099473209624603
alphaTub84D,6.8359265,0.21141823,8.147660317007918e-12,1.4604681118236694e-10,0.307389302833278
CG42813,6.829701,0.3134125,8.509170437970549e-12,1.5230290523997507e-10,0.19590906933700347
ND-75,6.8217115,0.20725414,8.996213518067742e-12,1.6078423250986467e-10,0.30197902330216886
CG12851,6.786593,0.26085117,1.1481257338793393e-11,2.0489757789539192e-10,0.21218736652270895
CG15201,6.783863,0.20457874,1.1700442310846156e-11,2.0850393468845582e-10,0.21256703526173415
CG13551,6.765768,0.20659575,1.3260388028401905e-11,2.35270552661122e-10,0.29286697356556407
CHES-1-like,6.750593,0.16855451,1.472418867327312e-11,2.608621158990204e-10,0.3635802762090076
l(1)G0469,6.7446632,0.37600428,1.533822541141814e-11,2.7134634185743937e-10,0.143894452090551
CG31760,6.7405987,0.21816339,1.5773518382338333e-11,2.7861178702087035e-10,0.22898770822457407
Cnx99A,6.7404046,0.21212009,1.579462998042673e-11,2.7861178702087035e-10,0.2703716007783209
Smg5,6.720575,0.20833683,1.8100877202746366e-11,3.183717059513354e-10,0.26652745479569073
Nop17l,6.7198887,0.43002483,1.8186335183781684e-11,3.194138898488688e-10,0.12737886194295478
SiaT,6.7110367,0.4200099,1.932468091855357e-11,3.389187564262582e-10,0.1389587584832234
BNIP3,6.7053385,0.26405624,2.0094034250623445e-11,3.5190543603570283e-10,0.21190261496844004
HDAC4,6.697005,0.17794608,2.1273497771580062e-11,3.720267781029977e-10,0.5396991125243226
Phm,6.6934023,0.2852731,2.1804075724785655e-11,3.807591389819661e-10,0.20468890892696123
5-HT7,6.6848536,0.41069335,2.3115573177554073e-11,4.03084007812885e-10,0.1490199800673912
ND-15,6.6779323,0.17595182,2.4233716973397296e-11,4.2197825169819946e-10,0.49347444354800435
SNF4Agamma,6.6554832,0.21950534,2.823709841297956e-11,4.90287738683487e-10,0.24578804992643918
CG15312,6.6229033,0.19655666,3.522113031071995e-11,6.106832963831656e-10,0.27516491860851405
Hsp68,6.615724,0.8628562,3.69737433933711e-11,6.401604520196029e-10,0.07859142897821651
mAcon1,6.6005435,0.21939309,4.096525328543225e-11,7.082630812711116e-10,0.2841820511603626
CG5151,6.589653,0.1833381,4.408550862066197e-11,7.611306863700407e-10,0.3253286507522187
Dys,6.5826797,0.23827392,4.6204356634203996e-11,7.954589025625883e-10,0.22699444734469176
Kdm5,6.5799475,0.17853183,4.706149792079265e-11,8.090727759612717e-10,0.3052536661762612
Arp2,6.5680885,0.4021864,5.096516084925131e-11,8.749497825232735e-10,0.14242323572682833
mts,6.5641174,0.18520552,5.234201267137828e-11,8.973231961342192e-10,0.5592995111764985
Mhcl,6.547824,0.21046813,5.838155018922664e-11,9.994560607534881e-10,0.24075743913435527
unk,6.5075064,0.1736155,7.640848861864343e-11,1.3044020557039844e-09,0.2901618338000095
CG17841,6.5045595,0.16256773,7.792144269540576e-11,1.3283698811388822e-09,0.37800768829196524
Helz,6.486144,0.15896921,8.806109916048234e-11,1.4970386857281998e-09,0.46575862559916476
m-cup,6.4685664,0.79997635,9.893703085269795e-11,1.6795870042667623e-09,0.08215082340657776
su(sable),6.4677734,0.48098066,9.945760503315918e-11,1.6860761442964913e-09,0.11665322006549286
DIP-theta,6.4595966,0.24002114,1.0498252768584683e-10,1.7772667082816487e-09,0.19049878980589435
syd,6.4067574,0.21147434,1.4864712900171768e-10,2.506030228771697e-09,0.23022163162640596
osi,6.4007726,0.16239332,1.545926628283001e-10,2.60266570057203e-09,0.4543685634284087
Cmpk,6.3979754,0.17041092,1.5745067598248405e-10,2.647125916621377e-09,0.3752076313416544
CG42671,6.388744,0.22895809,1.6725382325811551e-10,2.8080672888335673e-09,0.21104836030563334
metro,6.3875904,0.256836,1.6852005884388413e-10,2.8254346592133474e-09,0.23230980969104456
Msp300,6.383435,0.2094025,1.7315932444749796e-10,2.899229403421089e-09,0.8206065208105927
chrb,6.382146,0.20407659,1.74623271035097e-10,2.9197298362781855e-09,0.7411133785771914
CG34370,6.373173,0.22237015,1.851563730819848e-10,3.091604152734675e-09,0.23909638840112002
Ip259,6.355698,0.17136872,2.0748220001815956e-10,3.4596450561167535e-09,0.5468653599734232
mlt,6.343443,0.14225483,2.2468624758287348e-10,3.7413943603656345e-09,0.3030705709268663
CG10555,6.335355,0.4155462,2.3679571334767807e-10,3.937657503403613e-09,0.12956195719234967
Nrt,6.3115244,0.2337603,2.7630017713300357e-10,4.5883145218994285e-09,0.2158416781358265
Pdhb,6.303989,0.2035869,2.9008092248355505e-10,4.810607298166058e-09,0.29637890940154715
Cs1,6.2949443,0.16100802,3.075107352542573e-10,5.085818659449311e-09,0.42076788002467846
CG32813,6.2927504,0.3903884,3.118895155442938e-10,5.15124838071734e-09,0.13587394997864363
Nmda1,6.2882633,0.22069845,3.210366487045369e-10,5.295149811988634e-09,0.24593042570357362
Dhc64C,6.2868366,0.21349746,3.240003318289978e-10,5.3368108711671e-09,0.23615395567367473
tud,6.2700953,0.21969372,3.6082750405517687e-10,5.9273941333268875e-09,0.23686583455934698
Idh3a,6.264542,0.15728523,3.739227302826459e-10,6.1274531789243675e-09,0.4336291585591571
HUWE1,6.264505,0.20127372,3.7401141727128796e-10,6.1274531789243675e-09,0.24716434910540552
shakB,6.234264,0.16376233,4.539071641697437e-10,7.4164536515616706e-09,0.5408381187413981
CG9932,6.232305,0.16260959,4.596208543072054e-10,7.49975715281195e-09,0.399743723601158
RhoGAPp190,6.2233706,0.17951764,4.865859618368178e-10,7.929139423568145e-09,0.6279720943476816
mask,6.1857224,0.14743242,6.181879602214931e-10,1.0046790729519705e-08,0.43258506952683784
CG13293,6.18325,0.23606543,6.279514244318828e-10,1.0186273793170802e-08,0.21166532200654928
RpL38,6.183127,0.21842657,6.284418649983135e-10,1.0186273793170802e-08,0.8552512932466423
bab2,6.179634,0.40645748,6.425031993915227e-10,1.0400360554293852e-08,0.12989416733899672
stv,6.176031,0.16752869,6.573308717426618e-10,1.062626789876831e-08,0.32670494993118504
myd,6.174695,0.4887004,6.62913312514215e-10,1.0702318365875186e-08,0.1127141568981064
NK7.1,6.1734095,0.19332358,6.683285274067921e-10,1.0775471455769032e-08,0.2359641213041621
olf413,6.1707525,0.1428813,6.796576485553912e-10,1.0943655321323202e-08,0.3531393858858146
Ufd4,6.1696234,0.19175677,6.845281148320206e-10,1.1007537192199867e-08,0.23439798775568316
CG13995,6.163401,0.17744656,7.119885471473687e-10,1.142457674714282e-08,0.29229747045702625
CG5065,6.1633234,0.15664902,7.123372161644551e-10,1.142457674714282e-08,0.45066679322291303
Pcb,6.15603,0.5841796,7.459096790514921e-10,1.1931618212544144e-08,0.09510701912581272
Lim3,6.136825,0.45024037,8.418696106022758e-10,1.3448949781954311e-08,0.12120924493379526
Su(dx),6.1277857,0.37224358,8.911050835455615e-10,1.4216858459864984e-08,0.13501969531583694
Toll-7,6.122786,0.44338652,9.195310622192311e-10,1.4651194924693083e-08,0.11916852546153481
Mbs,6.1191506,0.16169703,9.407537207952412e-10,1.4969774285604692e-08,0.329220255327227
Pgi,6.10646,0.21143752,1.01865114830249e-09,1.6188186240754956e-08,0.2468321389587585
RpS15,6.0923777,0.22155708,1.1124583451408054e-09,1.765593068869958e-08,0.8965402686156329
Nedd4,6.090137,0.21678808,1.1281424561123349e-09,1.7881571388235695e-08,0.22936737696359927
Vha13,6.0895286,0.24615027,1.1324349926650224e-09,1.7926298864407737e-08,0.800104408903232
Rbcn-3B,6.079273,0.18988353,1.207284298031896e-09,1.908636615915795e-08,0.24146931802002752
shep,6.048528,0.14658271,1.4617493434153657e-09,2.3079355889753747e-08,0.9605144511413791
Pvf3,6.038335,0.17140807,1.5571270679427492e-09,2.4521733631982135e-08,0.5778558207963552
Khc-73,6.028425,0.1469628,1.655651245510818e-09,2.6039655524556595e-08,0.47131128090740826
Nt5b,6.0250745,0.4090807,1.6903157488814474e-09,2.6550591060716446e-08,0.12476863936215651
ND-MLRQ,6.0247717,0.1955929,1.6934833753608812e-09,2.656611179185815e-08,0.655260784965118
Naa30A,6.0178037,0.39810136,1.7679952559499118e-09,2.7699349839040458e-08,0.13392814769113948
CG12071,6.015953,0.17242528,1.7883152584328756e-09,2.798173900518398e-08,0.2975653742110009
Nrg,6.0156813,0.14792493,1.7913188740172166e-09,2.79928022505075e-08,0.30140952019363104
FASN1,5.998445,0.22839276,1.9921589948553626e-09,3.1051695637202066e-08,0.19761757866261687
CG42724,5.963203,0.14981723,2.4734114571573276e-09,3.850371935030736e-08,0.3223862180247734
CG31522,5.9583955,0.28603306,2.547263870402353e-09,3.960280525042638e-08,0.16985430212139907
CG34126,5.9540305,0.2385889,2.616178692147333e-09,4.062242303004311e-08,0.18518342745954156
Nf1,5.937596,0.18094778,2.892315738855806e-09,4.485297269836312e-08,0.25656115039627925
sNPF,5.9334927,0.17392619,2.965573706296532e-09,4.59305945438989e-08,0.23672345878221251
beat-IIa,5.9111705,0.14416823,3.3968474541890547e-09,5.254336753694212e-08,0.4017369844810403
Hecw,5.909148,0.35881236,3.438816530564219e-09,5.312513902540844e-08,0.13516207109297138
salr,5.907596,0.56763875,3.471356595120779e-09,5.355995637712301e-08,0.10227326657491338
Diap1,5.906809,0.14602779,3.487978523962653e-09,5.374838208417292e-08,0.380143324948982
Atxn7,5.9040933,0.47511268,3.5459172329074186e-09,5.4572203474631976e-08,0.10792083906791325
gcl,5.8893113,0.41162091,3.878080919654756e-09,5.960898906642095e-08,0.1202126144938541
ubl,5.8890414,0.551792,3.884417298032806e-09,5.963118695934745e-08,0.10113426035783779
chb,5.8839273,0.20222571,4.0064329142875874e-09,6.14269318141527e-08,0.23492003227184283
CG34355,5.872037,0.13939829,4.304731735580078e-09,6.583484959220273e-08,0.311518200370177
P5CDh1,5.860477,0.16153118,4.6153927129472565e-09,7.049752102520565e-08,0.3466850173223862
ctp,5.8569365,0.11621444,4.7148383254568375e-09,7.183645543624175e-08,0.8947368421052632
Tl,5.850561,0.17548853,4.89917866034195e-09,7.4551920962432e-08,0.22177400218309526
COX5A,5.8480425,0.21633154,4.973921137907345e-09,7.559491864083869e-08,0.7464761995159224
Pka-R1,5.844822,0.13682814,5.0711074100394264e-09,7.697600027518129e-08,0.4041099140999478
Cyp1,5.8348117,0.20068349,5.385140114610074e-09,8.164113539425646e-08,0.6950785439703858
Mgat2,5.8316054,0.20365055,5.489662428932393e-09,8.312235446739992e-08,0.24559821555692657
Ubc2,5.8213434,0.34000555,5.8376438497034315e-09,8.828168844173091e-08,0.13891129989084525
Mpped,5.796425,0.51949686,6.774357874802584e-09,1.023205057446948e-07,0.09695790422856058
lncRNA:CR43334,5.7874546,0.48525903,7.146108420734424e-09,1.0780187566872759e-07,0.10953443120877035
Mef2,5.772956,0.14484994,7.789280973722424e-09,1.1728341100065685e-07,0.38579089744198186
CG14535,5.7728567,0.33661675,7.793876684759376e-09,1.1728341100065685e-07,0.13976555455365194
atos,5.7659574,0.13565347,8.119552608025671e-09,1.2203357181162133e-07,0.41858478477528355
Gycalpha99B,5.754954,0.14060104,8.666553590779859e-09,1.299343440565999e-07,0.36918039010962933
chn,5.750298,0.17049558,8.908634961436894e-09,1.3339969477267115e-07,0.5911442266622372
CG44247,5.7419176,0.16270195,9.361032728356869e-09,1.400019974551434e-07,0.2894024963219591
Acly,5.719908,0.206952,1.0658165137589158e-08,1.5901147473938098e-07,0.23069621755018746
Sidpn,5.701469,0.6851218,1.187794866613779e-08,1.7699305170116567e-07,0.08034739689620805
flfl,5.699982,0.19374104,1.1981997641882014e-08,1.7832548138815616e-07,0.22509610364956575
g,5.695855,0.1968526,1.2275500495921748e-08,1.8247082383511e-07,0.19477006311992787
CG5973,5.6898994,0.7370019,1.2711414252361297e-08,1.8854036298770996e-07,0.07659816809833421
NKAIN,5.6898546,0.26656127,1.2714757435056001e-08,1.8854036298770996e-07,0.16496606710644962
Fie,5.6811194,0.14548224,1.3381589061153438e-08,1.981873500199262e-07,0.47392150348820655
D1,5.6757064,0.13943069,1.3811758375982098e-08,2.0428903705327185e-07,0.42689003844145984
Ogdh1,5.675516,0.1365399,1.3827094558122018e-08,2.0428903705327185e-07,0.4138863841298467
stmA,5.6743736,0.14635147,1.3919685820320716e-08,2.0540805140906687e-07,0.3405154003132267
na,5.6641407,0.20692457,1.4776320786575167e-08,2.17785458364649e-07,0.19633619666840682
Sap-r,5.662789,0.24566126,1.4893252632331864e-08,2.192437878447984e-07,0.18148165725404586
CkIIbeta,5.6524277,0.13672896,1.5819754113873425e-08,2.3259906809133494e-07,0.4192017464761995
cnc,5.6522226,0.27026534,1.5838643573370087e-08,2.3259906809133494e-07,0.1587015329125338
drongo,5.641475,0.14215352,1.6859915162071998e-08,2.472990444169622e-07,0.28627022922500117
poe,5.640719,0.24038088,1.6934178018293753e-08,2.48044876782273e-07,0.17436286839732335
Mgat4a,5.640543,0.26320535,1.6951462987909868e-08,2.48044876782273e-07,0.17089839115371838
Mtmr6,5.636756,0.1538715,1.732834046646803e-08,2.532555658822288e-07,0.31616914242323574
CG1648,5.6339235,0.17663495,1.761549321971226e-08,2.5714400820966794e-07,0.24260832423710313
Sap47,5.6280394,0.12291441,1.822697004125426e-08,2.657518395129763e-07,0.9273883536614304
oys,5.6163344,0.38029858,1.9505100331492462e-08,2.8404739299947624e-07,0.1171752645816525
Rh2,5.613902,0.9006112,1.978143098281411e-08,2.877277592476386e-07,0.05965545061933463
eIF3j,5.5997157,0.2642143,2.1470389075301313e-08,3.11922017209592e-07,0.17858668311897868
CG34384,5.5922523,0.14321499,2.2414307835931492e-08,3.2447505725910803e-07,0.35480043661904986
CG32425,5.59026,0.14781396,2.2672992265636568e-08,3.2783048959174867e-07,0.31887428218879027
tei,5.5883446,0.15083341,2.2924448777618595e-08,3.310735854862477e-07,0.5400787812633477
Ras85D,5.5829444,0.14691103,2.3648040021208253e-08,3.411194790751567e-07,0.3601157989654027
Sfxn2,5.577446,0.22148514,2.4407542658391463e-08,3.516590277342004e-07,0.20639741825257463
Trf2,5.5764647,0.13918073,2.4545596740905235e-08,3.532305533351758e-07,0.4956100802050211
Klp98A,5.5750737,0.1676039,2.4742518463608476e-08,3.556445254161836e-07,0.2597408760856153
Cul3,5.5566144,0.29826787,2.750574699657456e-08,3.9489699663280013e-07,0.14887760429025676
CtsL1,5.548519,0.20213267,2.880993536606036e-08,4.1313447314930557e-07,0.24308291016088462
dati,5.527805,0.15743734,3.242627202575431e-08,4.6444633339826e-07,0.2937686868207489
CG6766,5.5215554,0.49166828,3.360119758593976e-08,4.801465385404685e-07,0.10198851502064449
Rilpl,5.5206065,0.16070668,3.3783107540266085e-08,4.821806765905191e-07,0.2505813677566323
Rap1,5.5036664,0.14535922,3.7197321925056506e-08,5.302902420403669e-07,0.5118409187983485
Amun,5.4593716,0.1654751,4.778230276094697e-08,6.796015033292679e-07,0.2516729153813298
tok,5.452861,0.2717136,4.956591526893403e-08,7.041479501317447e-07,0.1512979925015424
klg,5.450901,0.13070568,5.0115237494719766e-08,7.11122968362211e-07,0.509183237625172
NP15.6,5.4404984,0.15304105,5.313166446724824e-08,7.530486723154521e-07,0.35446822647240284
Hsp26,5.4328623,0.18828027,5.5457202799098985e-08,7.841854349399275e-07,0.14906743865976935
CG45002,5.4286027,0.1209711,5.679697254732885e-08,8.021996504975566e-07,0.35503772958094065
Rpt2,5.424992,0.36007446,5.7957148520228434e-08,8.176385223530837e-07,0.12106686915666082
Tina-1,5.4217777,0.1576823,5.900918498073282e-08,8.315178678961299e-07,0.28745669403445495
hbt,5.41578,0.116344094,6.102208596495936e-08,8.588893831719279e-07,0.3546580608419154
orb,5.408716,0.3231691,6.347819839823567e-08,8.924287892457838e-07,0.1440842864600636
hbn,5.406475,0.6346057,6.427715698824649e-08,9.026201227301113e-07,0.08504579754164492
28SrRNA-Psi:CR40596,5.4053435,0.14672272,6.468422500020292e-08,9.072911605609591e-07,0.17982060652081058
Gdh,5.4046736,0.13782036,6.492646791009652e-08,9.096422038576625e-07,0.3827060889374021
wde,5.389493,0.13958667,7.065674234542975e-08,9.876548537252789e-07,0.31540980494518533
CG32369,5.3778586,0.119573854,7.537700156068039e-08,1.0524287193850323e-06,0.34208153386170564
CG6356,5.3771687,0.62541115,7.566628274171457e-08,1.055258947756017e-06,0.07170993308338475
Xrp1,5.370751,0.14791636,7.840950240649875e-08,1.092266771237501e-06,0.2836125480518248
msps,5.3699603,0.1474948,7.875394051587106e-08,1.0958125353287127e-06,0.25912391438469934
Snx27,5.369132,0.17987809,7.911640172228281e-08,1.0996007076315907e-06,0.221062123297423
Clc,5.36892,0.15051976,7.920971226921671e-08,1.099643716229479e-06,0.2981348773195387
mEFTs,5.3630333,0.21613233,8.183584338476143e-08,1.1348089818166746e-06,0.20146172464524703
CNMaR,5.3602223,0.4111471,8.311960492868094e-08,1.1513009823587407e-06,0.1111005647572493
Adcy1,5.356651,0.12694165,8.47786767165688e-08,1.1729481163430842e-06,0.3262303640074035
Nmdar1,5.3267307,0.25133204,9.999611913124074e-08,1.381919156565412e-06,0.16463385695980257
hts,5.316486,0.11884943,1.0579048171988119e-07,1.4603399566066045e-06,0.3328271083479664
Alk,5.3133893,0.17977755,1.0760480739830228e-07,1.4837047481650528e-06,0.6908072706563523
Cep97,5.309332,0.3269719,1.1002778314539354e-07,1.5153996031177423e-06,0.12652460728014808
Opa1,5.3084054,0.12555782,1.105883204088097e-07,1.5199670983661058e-06,0.3980352142755446
DIP-zeta,5.308372,0.5634485,1.1060881255646367e-07,1.5199670983661058e-06,0.08661193109012387
CG7546,5.3038898,0.2926964,1.133608444635829e-07,1.5560307805930316e-06,0.1393384272222486
unc-13-4A,5.2873554,0.1322854,1.2409739059279695e-07,1.6976690167627408e-06,0.2983721702814294
Nplp1,5.283955,0.22564407,1.264243755462048e-07,1.7275635801935991e-06,0.17573916757628968
zip,5.2785645,0.13559936,1.301999780516207e-07,1.777164090113331e-06,0.2823311660576147
wit,5.276484,0.2877108,1.3168603641431913e-07,1.7954374696354988e-06,0.13791466945090408
CG4829,5.2741284,0.680518,1.3338833964379027e-07,1.8166150524225247e-06,0.06743865976935125
GCS2alpha,5.2605567,0.16294138,1.4361975094748029e-07,1.9515954785940217e-06,0.24488633667125434
Nplp2,5.254598,1.1741414,1.4834812725776415e-07,2.013602809738182e-06,0.04650942053058706
CG43078,5.2297363,0.24407704,1.6975190431443482e-07,2.301563917339984e-06,0.16990176071377722
Rox8,5.226392,0.14527985,1.728497452345574e-07,2.3409617162933556e-06,0.2541407621849936
ND-B16.6,5.226107,0.14064373,1.7311617750167515e-07,2.341967910730209e-06,0.514546058563903
Teh1,5.221981,0.14759836,1.7701922168852191e-07,2.392114515699993e-06,0.2683308813060605
CG3556,5.218458,0.1268159,1.804188457107608e-07,2.4353547180160173e-06,0.42010345973138435
Cbl,5.2173576,0.16393061,1.8149360038319435e-07,2.447152096317208e-06,0.22894024963219592
CG12384,5.2160006,0.1406178,1.8282761783605764e-07,2.4624152859709464e-06,0.33833230506383183
Mekk1,5.213283,0.65579957,1.8552732784797904e-07,2.4960183213454926e-06,0.0756489962507712
Trf4-1,5.206822,0.15755111,1.9210219251491518e-07,2.5803718464233725e-06,0.24521854681790137
Rbp,5.2067075,0.16849679,1.922206609691051e-07,2.5803718464233725e-06,0.636324806606236
Cchl,5.198063,0.14532617,2.0137577148280283e-07,2.7002962360878806e-06,0.30027051397655546
sni,5.194939,0.5557756,2.047867467665802e-07,2.743017204766864e-06,0.08670684827488016
Nin,5.193077,0.25296772,2.0684654680433115e-07,2.764531314690781e-06,0.1466470504484837
CG2076,5.188466,0.44723666,2.120333520162258e-07,2.8307497565452096e-06,0.1095818898011485
Edc3,5.1871204,0.15842804,2.1357051346033388e-07,2.848152066266969e-06,0.2543305965545062
Msr-110,5.1799197,0.15639709,2.2198132144008635e-07,2.9570823246264616e-06,0.14346732475914764
Cals,5.1794467,0.1641038,2.2254474689278833e-07,2.958122050028568e-06,0.6302501067818328
CG7518,5.17365,0.2048013,2.2956497075550477e-07,3.0481126672536465e-06,0.17706800816287788
Nep3,5.171813,0.20690101,2.3183352371179217e-07,3.07488446194019e-06,0.19695315836932276
hig,5.1690784,0.14356937,2.352510029315169e-07,3.116820081230717e-06,0.5641402875990698
CG42324,5.1652865,0.19847707,2.4007072604157046e-07,3.177089246926283e-06,0.1803901096293484
CG14234,5.1650915,0.2647413,2.4032129671556593e-07,3.177089246926283e-06,0.14868776992074415
Spar,5.164579,0.13032024,2.409808233798081e-07,3.182356723918181e-06,0.3283660006644203
tsr,5.162664,0.13558437,2.434600917163512e-07,3.2116180280634255e-06,0.26818850552892604
Pdha1,5.157907,0.1302003,2.497254801785528e-07,3.2871532158708213e-06,0.36049546770442786
comt,5.1567526,0.13172673,2.512693545641451e-07,3.3039074032172217e-06,0.4066726780883679
lark,5.153604,0.1597641,2.5552707680835975e-07,3.3524703172741976e-06,0.255849271510607
Prps,5.1475654,0.11928454,2.6388905807880195e-07,3.4549341878866993e-06,0.3562716529827725
tmod,5.1440706,0.23312862,2.6884827077144553e-07,3.5160853781471557e-06,0.17958331355891985
Pak3,5.1307693,0.2609972,2.8856052580575124e-07,3.7658075471587814e-06,0.14707417777988704
CrebB,5.129943,0.23179403,2.898298653553284e-07,3.7783275174503717e-06,0.15281666745764322
CG3107,5.1251745,0.271707,2.9726192621649283e-07,3.8710743789025976e-06,0.14603008874756776
Baldspot,5.1246233,0.1282478,2.98133421838683e-07,3.878279913331598e-06,0.29467040007593376
SCaMC,5.119493,0.17645511,3.0635840967334164e-07,3.976786640583985e-06,0.2195434483413222
CG5273,5.1022944,0.3485007,3.355599921306605e-07,4.351213557532575e-06,0.1173650989511651
NdufV3,5.0986595,0.12596618,3.4206708404366873e-07,4.4308774573945565e-06,0.4353376678847705
sxc,5.09387,0.1234893,3.508269667730613e-07,4.5395221847100265e-06,0.3003179725689336
svr,5.084559,0.12987825,3.684813371719895e-07,4.762904579840276e-06,0.4845996867732903
Tao,5.075823,0.14617258,3.858229759245517e-07,4.9817756923139416e-06,0.26045275497128756
GlyRS,5.074843,0.60408217,3.878158478750639e-07,5.002208856877412e-06,0.07579137202790565
Hsp60A,5.0733438,0.13355011,3.908854460846237e-07,5.031174879727869e-06,0.4751079682976603
Gs1l,5.073343,0.16418114,3.9088707942425897e-07,5.031174879727869e-06,0.2605002135636657
Arl6IP1,5.0694737,0.12749495,3.9891755397036607e-07,5.129120322093662e-06,0.37867210858525935
Cys,5.063057,0.7743935,4.125866971395317e-07,5.288138014125922e-06,0.0672962839922168
pasha,5.059332,0.50776714,4.207274979914135e-07,5.386814572497205e-06,0.08034739689620805
PhKgamma,5.0575547,0.11629592,4.246668803723063e-07,5.431547329336875e-06,0.3705566892885957
VhaSFD,5.05211,0.13181555,4.369551676194057e-07,5.5828580064076895e-06,0.32556594371410946
meng,5.051829,0.34672275,4.3759944638232733e-07,5.585235237648365e-06,0.11997532153196336
anchor,5.0465894,0.43041563,4.4976656613858906e-07,5.734523718267011e-06,0.09714773859807319
Arr1,5.0442996,1.1565495,4.5518561854409413e-07,5.797552251237161e-06,0.046604337715343364
Gs1,5.032429,0.14508714,4.843037071806397e-07,6.161981092719017e-06,0.28489393004603486
XNP,5.031686,0.15122138,4.861851207284322e-07,6.179468651260542e-06,0.24896777561577524
CG11317,5.0176377,0.22182144,5.231067841045977e-07,6.641821449428064e-06,0.16871529590432346
Cdc37,5.0167866,0.24160142,5.254287578752929e-07,6.664361217213262e-06,0.1587015329125338
Acsl,5.014575,0.18899232,5.315078825636678e-07,6.7344590234600284e-06,0.20492620188885197
BicD,5.0136933,0.122639865,5.339507500165352e-07,6.758385972950724e-06,0.4712638223150301
dac,5.0071445,0.4332883,5.524340329866227e-07,6.985081356923178e-06,0.10046984006454368
Adk3,5.0033536,0.19702607,5.634146815761421e-07,7.116540470188184e-06,0.20008542546628066
pdm3,4.9966736,0.09425284,5.832772530765196e-07,7.352188663650153e-06,0.24512362963314507
Orp8,4.9931164,0.11365615,5.941273761379851e-07,7.473496994577812e-06,0.4501922072991315
msk,4.9926014,0.42174882,5.957143819629676e-07,7.4857346409758875e-06,0.10146647050448483
SppL,4.9894238,0.1959326,6.055965729006535e-07,7.602076855907381e-06,0.17056618100707133
Lnk,4.96898,0.25311002,6.73060147616673e-07,8.440257344958464e-06,0.14432157942195434
ClpX,4.9543586,0.33193576,7.256920518373668e-07,9.081581539882611e-06,0.12756869631246737
CG11367,4.9501085,0.5515648,7.417205886535561e-07,9.27264846676738e-06,0.0801101039343173
Not3,4.9365196,0.11832657,7.95291062626687e-07,9.932174961431032e-06,0.3004128897536899
jdp,4.9272146,0.1611602,8.341015671841698e-07,1.0406206757838122e-05,0.6928005315362347
lgs,4.9236674,0.114068106,8.493714455635351e-07,1.0585877862959029e-05,0.37383133216268805
sno,4.9179606,0.12173494,8.745038525868496e-07,1.0876864754266438e-05,0.4940914052489203
sbm,4.916582,0.1583891,8.806817266632261e-07,1.0942537784197823e-05,0.2304589245882967
CG31808,4.909336,0.10750606,9.138533853059132e-07,1.1343135349789996e-05,0.3941436097005363
Reph,4.897931,0.15035671,9.68509567258556e-07,1.2009321582212145e-05,0.5966019647857245
crq,4.8961067,0.28229216,9.775399054644694e-07,1.2108977548482134e-05,0.13027383607802193
Pcd,4.8950896,0.14650284,9.826084939666458e-07,1.2159406023309082e-05,0.2593137487542119
Eps-15,4.894808,0.19943143,9.840192619936327e-07,1.2164513980162665e-05,0.18793602581747426
nuf,4.8940773,0.18878767,9.876804258634617e-07,1.2197402949189195e-05,0.1635423093351051
Cka,4.8906417,0.1169949,1.0050772480866654e-06,1.239968277017041e-05,0.3036400740354041
Rab6,4.8779445,0.26285335,1.0719716259347637e-06,1.3211589634498316e-05,0.14028759906981159
EcR,4.8761606,0.10194467,1.0817063466289286e-06,1.3318099655616172e-05,0.4066726780883679
Pex19,4.8713484,0.17334963,1.1083917238507156e-06,1.3632882666010467e-05,0.24474396089411987
ND-PDSW,4.860436,0.13212006,1.1712746837582544e-06,1.4377308278277303e-05,0.5017796972141806
larp,4.858676,0.111691654,1.1817332386188534e-06,1.4491093003546485e-05,0.41858478477528355
eEF1beta,4.841059,0.1153566,1.2914885426157345e-06,1.5821059141651445e-05,0.3355797067058991
Non2,4.839581,0.21788605,1.3011318328312934e-06,1.5923188665040797e-05,0.1901665796592473
sano,4.832718,0.36221153,1.3468150018447005e-06,1.646572523318461e-05,0.1126192397133501
14-3-3epsilon,4.8304515,0.19132623,1.3622367247891925e-06,1.6637578595646763e-05,0.9108727635138342
CG12391,4.819679,0.26149684,1.4378954110375583e-06,1.754405121635315e-05,0.13952826159176118
SmB,4.8185067,0.2557512,1.4463653687254649e-06,1.7629747479394692e-05,0.16112192112381946
Clic,4.800161,0.3812004,1.5853820121998147e-06,1.9266422080462153e-05,0.1097717241706611
disco-r,4.7983775,0.5801886,1.599561605785957e-06,1.941937889733569e-05,0.0783066774239476
LRP1,4.797975,0.21454068,1.6027789468800736e-06,1.943907719753355e-05,0.15295904323477766
Psc,4.7975235,0.27164337,1.6063943418970868e-06,1.9463559277717284e-05,0.14061980921645864
CG2258,4.7840743,0.108640775,1.7177697213571053e-06,2.0792348692772353e-05,0.3409899862370082
lig,4.7763042,0.21017905,1.7854614746315752e-06,2.1581825056518045e-05,0.16316264059607993
lovit,4.7761836,0.7647523,1.7865338815347206e-06,2.1581825056518045e-05,0.06311992786293959
lva,4.7684007,0.26402754,1.8569427545623592e-06,2.2410173500357026e-05,0.13615870153291254
Pi4KIIIalpha,4.7660646,0.14367439,1.8785894750985685e-06,2.2633656173513262e-05,0.21522471643491053
shot,4.7660017,0.09976073,1.8791746695869573e-06,2.2633656173513262e-05,0.4331071140429975
roh,4.76128,0.18716422,1.9236881877491256e-06,2.3146925291682225e-05,0.7211807697783684
mirr,4.752626,0.43232432,2.0079183639700277e-06,2.413660447576989e-05,0.08741872716055242
oaf,4.751991,0.15613541,2.0142364894544885e-06,2.4188698098483507e-05,0.20041763561292772
Dred,4.7516503,0.22009268,2.0176287674089804e-06,2.4205587643649666e-05,0.16767120687200418
Vha36-1,4.747636,0.14500226,2.0580792335138845e-06,2.466659565122983e-05,0.5709743249015234
svp,4.7452846,0.5857223,2.0821326585477813e-06,2.493036834483193e-05,0.0720421432300318
Mp,4.744693,0.101648755,2.0882280407694496e-06,2.4978814120646535e-05,0.41568981064021643
Pde9,4.7392006,0.15504469,2.145629651653274e-06,2.5615161433890067e-05,0.6288263490104884
rb,4.733315,0.455802,2.208824216311505e-06,2.6343794885147682e-05,0.0807745242276114
Pde6,4.7299886,0.13328665,2.2453232357042452e-06,2.6752927585531816e-05,0.5619097337572968
Trp1,4.720948,0.10685657,2.347478930887528e-06,2.791553237911032e-05,0.38384509515447773
Atpalpha,4.7181416,0.06900805,2.380087314519299e-06,2.82757156692746e-05,0.9871861800578995
scyl,4.715293,0.1260471,2.4136343560134002e-06,2.864633803841026e-05,0.5840728963978928
CG31637,4.7114706,0.18029332,2.4593550788919003e-06,2.9132243981159743e-05,0.1756442503915334
Usp47,4.7065015,0.24049692,2.520039135517871e-06,2.9822094196919738e-05,0.13948080299938304
lncRNA:CR45758,4.705835,0.14604951,2.52829132969735e-06,2.9890730376024248e-05,0.216316264059608
CG7220,4.7013135,0.12583555,2.5849300129382055e-06,3.053072861211607e-05,0.27763276541217785
tun,4.7010474,0.13173194,2.588303203184766e-06,3.054097555045413e-05,0.2650562384319681
Ocrl,4.696469,0.30036694,2.6469773262538104e-06,3.1203101189272435e-05,0.12410421906886242
Grp170,4.6906114,0.17947477,2.7238963711577298e-06,3.2078814365257554e-05,0.18195624317782735
spab,4.689017,0.23656717,2.74520790968643e-06,3.2298589972169786e-05,0.1675762896872479
CG1688,4.685254,0.1252168,2.7961302923445747e-06,3.2865990485427216e-05,0.23677091737459066
Sams,4.684198,0.11978291,2.810586630779583e-06,3.3004085204790304e-05,0.3015993545631437
CG4768,4.6834297,0.18101072,2.8211448517338276e-06,3.309618344348761e-05,0.2054007878126335
Shal,4.6672454,0.104566984,3.0526472573854013e-06,3.5674705100930636e-05,0.3348203692278487
smal,4.6591725,0.101913296,3.17482700782924e-06,3.706701762301782e-05,0.28422950975274075
Pcl,4.651755,0.30308688,3.2912255008651032e-06,3.8389232181861e-05,0.12120924493379526
nord,4.6452107,0.5627923,3.3972940311743525e-06,3.958854392541509e-05,0.0747947415879645
SdhC,4.643774,0.12373937,3.421014167666012e-06,3.982687840466191e-05,0.4886811257178112
Wdr20,4.6403522,0.42930427,3.4781573957378594e-06,4.0453492840313706e-05,0.08765602012244317
Usp2,4.6396937,0.1009769,3.4892578741940693e-06,4.0543912515301725e-05,0.3091452707512695
rsh,4.6372705,0.11709241,3.530402508649159e-06,4.0982929693261525e-05,0.519291917801718
Fmr1,4.632861,0.16193868,3.606466113598064e-06,4.182608511764681e-05,0.20706183854586874
Mic26-27,4.631965,0.12630132,3.6221151853514115e-06,4.1967644481224674e-05,0.5021119073608277
mge,4.6250153,0.13427123,3.745706657159638e-06,4.335842207418692e-05,0.27412082957619477
fz2,4.623221,0.08455714,3.7782658317289834e-06,4.36938161508013e-05,0.3095723980826729
CG18265,4.619968,0.23021524,3.837990911351765e-06,4.433108705498775e-05,0.12775853068197998
Mitofilin,4.613011,0.20823361,3.968773990173712e-06,4.572342737828674e-05,0.17137297707749988
Uev1A,4.6107216,0.19009,4.012736899556042e-06,4.618626068809122e-05,0.20383465426415454
CG13594,4.6061964,0.21848875,4.101009374883842e-06,4.7157738934395425e-05,0.15343362915855915
cathD,4.5986786,0.14834431,4.251790863279865e-06,4.881254061545768e-05,0.23510986664135541
Ssadh,4.598623,0.15005732,4.252926255936997e-06,4.881254061545768e-05,0.24308291016088462
CG7766,4.5955896,0.18929788,4.3152711214655545e-06,4.9481504891386304e-05,0.16041004223814723
Eip74EF,4.594308,0.21545325,4.341882890592165e-06,4.9739859542695394e-05,0.1437995349057947
Lmpt,4.5912786,0.43589315,4.405392401027066e-06,5.042002626865626e-05,0.08870010915476247
mRpS9,4.5878096,0.23539096,4.4792094637755175e-06,5.121677687988723e-05,0.15106069953965165
CG8910,4.572076,0.18183146,4.829156240583679e-06,5.5166434317220677e-05,0.18594276493759196
Mdh1,4.5706162,0.14162059,4.86291680426859e-06,5.5500087010514835e-05,0.25466280670115327
CG42240,4.55684,0.25088444,5.192893927023724e-06,5.915531222102072e-05,0.14489108253049215
Flo1,4.550323,0.13880411,5.356357216222598e-06,6.090358032512802e-05,0.2157467609510702
IscU,4.5357723,0.17952628,5.739306668967934e-06,6.513632121792378e-05,0.7346115514213848
Spt6,4.5324574,0.17568247,5.830146639022539e-06,6.610572779818208e-05,0.1756442503915334
msl-1,4.502011,0.27998742,6.731357926487214e-06,7.611180126711749e-05,0.11143277490389634
Pkc98E,4.4912586,0.14354546,7.080354756609041e-06,7.998372949796812e-05,0.5802287504152627
CG8369,4.4865255,0.030785933,7.239402803104493e-06,8.162912189365465e-05,0.25304921456029617
EloA,4.4860606,0.31818518,7.2552101841671544e-06,8.173175317450411e-05,0.10540553367187129
CG17698,4.4759097,0.09630822,7.608665264851842e-06,8.555536984619844e-05,0.328603293626311
CG13743,4.4711957,0.14195111,7.77834395177983e-06,8.73827045421607e-05,0.19714299273883537
Cf2,4.4688888,0.14186735,7.862693579115184e-06,8.824896135896406e-05,0.20364481989464192
Rop,4.465464,0.11414744,7.98953212207885e-06,8.959007087030275e-05,0.3423662854159746
Atg1,4.45655,0.10755452,8.328920456646454e-06,9.33099369908673e-05,0.4541787290588961
Nap1,4.4534497,0.11734929,8.450143641690546e-06,9.45810843421176e-05,0.2637273978453799
ITP,4.434321,0.7807013,9.2362901080752e-06,0.0001032576033205404,0.05400787812633477
CG14657,4.4341817,0.36670265,9.242271328469076e-06,0.0001032576033205404,0.10113426035783779
CG15097,4.431499,0.428122,9.358017223053197e-06,0.00010438041360693508,0.08191353044468701
Pdfr,4.419115,0.27262634,9.910578456469395e-06,0.00011031967196886343,0.1166057614731147
Mid1,4.415134,0.14167522,1.0094735018475748e-05,0.00011226708498193512,0.5949883726448674
snama,4.410344,0.22202444,1.0320651860635734e-05,0.00011467495490363626,0.14042997484694603
CG31145,4.4051127,0.12825342,1.0572886057151959e-05,0.00011737059030111587,0.20041763561292772
Pka-R2,4.4021688,0.09662119,1.0717407348883234e-05,0.00011881476627395728,0.4832233875943239
noc,4.4019585,0.19257885,1.0727799350172151e-05,0.00011881476627395728,0.15817948839637416
PVRAP,4.4018693,0.1569873,1.0732222304342191e-05,0.00011881476627395728,0.1893123249964406
side-III,4.399572,0.11797354,1.0846461654562105e-05,0.00011997052732074183,0.5576859190356414
CG41099,4.3984504,0.13517924,1.090264851618399e-05,0.0001204826679635237,0.2110958188980115
Mgtor,4.3954854,0.26794037,1.1052561216019529e-05,0.00012202868538230258,0.11750747472829956
CG42232,4.3930583,0.18950543,1.1176714147346324e-05,0.00012310530117005966,0.1537658393052062
Ubi-p63E,4.3929873,0.11883358,1.1180373155735174e-05,0.00012310530117005966,0.2806226567320013
e(r),4.387647,0.14492612,1.1458353986240886e-05,0.00012605223532336657,0.2247638935029187
CG12848,4.3854365,0.2001636,1.1575351575538163e-05,0.0001271098741930042,0.1683356271652983
Proc,4.3697042,0.3044122,1.2441484349748548e-05,0.00013649797726290284,0.11617863414171135
CG7139,4.3616276,0.41397297,1.2909858469301906e-05,0.00014150923100928142,0.08533054909591381
ChT,4.3495417,0.15291603,1.3642244307074524e-05,0.0001492686856902436,0.1864648094537516
CG2063,4.346616,0.34147373,1.3825398734298536e-05,0.00015113702706041692,0.10113426035783779
shrb,4.337194,0.1143231,1.4431312070960536e-05,0.0001576194111406254,0.24735418347491814
RpL30,4.333833,0.096779436,1.4653505623554136e-05,0.00015990293647761986,0.4595415499976271
CG32204,4.327501,0.12626861,1.5081065482211804e-05,0.0001644213838664398,0.19201746476199516
eIF3b,4.32233,0.1787633,1.5438992944360042e-05,0.0001680231116060755,0.16078971097717243
Atf6,4.314235,0.090034686,1.601563089330184e-05,0.00017414319800040687,0.3334915286412605
Polr1G,4.3091946,0.17376891,1.6385031768077047e-05,0.0001780010269350188,0.20260073086232264
ND-30,4.3071604,0.10288916,1.6536360772448037e-05,0.00017948504136720315,0.3612073465901001
Gtpx,4.303248,0.21670789,1.6831241516976708e-05,0.00018252313420856681,0.15609131033173557
ND-SGDH,4.3017654,0.11796565,1.6944255777777467e-05,0.00018355035721851596,0.49617958331355894
Evi5,4.301611,0.11238774,1.6956083536635405e-05,0.00018355035721851596,0.49950168478002943
oc,4.2978687,0.4194378,1.7244824931704323e-05,0.0001863750719945461,0.08210336481419961
CG2926,4.297833,0.09217626,1.7247606957900402e-05,0.0001863750719945461,0.2761140904560771
CG43658,4.2896075,0.09210566,1.7898928998125162e-05,0.00019320318584290888,0.22623510986664136
mRpS21,4.289455,0.1669285,1.7911198621912136e-05,0.00019320318584290888,0.1887428218879028
spidey,4.286674,0.09928846,1.813683177088346e-05,0.00019546405168461404,0.3280812491101514
Ac78C,4.285671,0.40646094,1.8218830037179306e-05,0.0001960011644511726,0.08604242798158607
Cpr,4.282343,0.43246257,1.849355945259471e-05,0.00019878130173516486,0.08143894452090551
Akt,4.2721815,0.21770403,1.935700726399039e-05,0.00020787890884650122,0.11874139813013146
Vha26,4.271742,0.1464963,1.9395206221720022e-05,0.00020810578225048006,0.6052394285985477
CG3719,4.26706,0.1475618,1.9806613303250257e-05,0.00021233316583405223,0.2166959327986332
Octbeta1R,4.263543,0.058719486,2.012105571497303e-05,0.0002155145413970178,0.26206634711214466
mnd,4.2517166,0.533852,2.1213796447203268e-05,0.00022690952967355864,0.05965545061933463
Cngl,4.2516284,0.19238494,2.122215635637516e-05,0.00022690952967355864,0.8098334203407527
Cul1,4.2486205,0.13884094,2.150910588909736e-05,0.00022977606632971755,0.19348868112571782
CG2246,4.2450886,0.16567792,2.185072995036262e-05,0.00023322114480295092,0.1833325423567937
bif,4.244027,0.11659741,2.195436023740332e-05,0.000234122219539553,0.23961843291727966
ND-B14.5A,4.2421594,0.09356479,2.2137957310616604e-05,0.00023587374270900855,0.40055051967158656
HtrA2,4.2381663,0.7066877,2.2535292831261847e-05,0.0002398975408910486,0.05737743818518343
CG33144,4.232611,0.15862902,2.3099378179884713e-05,0.0002456878888609204,0.17740021830952493
Nanp,4.232105,0.11625044,2.3151449845256893e-05,0.00024602704635033677,0.23567936974989323
CG6051,4.231764,0.15296154,2.318658144256744e-05,0.0002461857501772252,0.17735275971714679
Egfrap,4.2211676,0.94415534,2.4304038624497192e-05,0.0002578258718833736,0.04684163067723411
CG17168,4.2164125,0.23403178,2.482194428117474e-05,0.00026301991296997075,0.12320250581367756
Galphas,4.2162776,0.09538492,2.4836813506311947e-05,0.00026301991296997075,0.4141711356841156
Rpn1,4.213444,0.31585088,2.515058882400244e-05,0.0002661115687289633,0.10407669308528308
CG1902,4.2112517,0.23298378,2.5395963495951625e-05,0.00026847476066969156,0.13758245930425703
SRPK,4.209803,0.086631365,2.555932625937817e-05,0.00026996761505681155,0.32717953585496656
pds5,4.2036104,0.26891565,2.6269114606094545e-05,0.00027722444842743414,0.1184091879834844
Mnr,4.200844,0.12126608,2.659222778014822e-05,0.00028039157821126875,0.2119500735608182
CG14995,4.197198,0.1595193,2.7023776754263217e-05,0.0002844497537631384,0.16814579279578568
Nlg2,4.1924596,0.11807169,2.7594646436483638e-05,0.0002902080633427947,0.5620521095344312
Dg,4.1842537,0.12196148,2.861044874996839e-05,0.0003006316894942799,0.21266195244649044
CG14024,4.1828003,0.17866065,2.879401604462048e-05,0.00030229996689739794,0.17293911062597883
woc,4.17378,0.18681414,2.995870355160385e-05,0.00031425700308993057,0.14726401214939966
Tsp86D,4.1727805,0.35212734,3.009046923837371e-05,0.0003153677812094043,0.08888994352427507
l(3)neo43,4.163826,0.18572032,3.1295843166675976e-05,0.00032771909996444457,0.17104076693085282
ome,4.1595707,0.2951502,3.188460522957515e-05,0.0003335978138569026,0.09430022305538417
klar,4.1582723,0.08797114,3.206637685305922e-05,0.00033492465078143857,0.43419866166769494
CG32767,4.1462417,0.15865806,3.379772303597435e-05,0.0003522336779136666,0.6946039580466044
Pdk,4.1461563,0.22188091,3.381027181548855e-05,0.0003522336779136666,0.11935835983104741
alpha-Catr,4.1444836,0.20383598,3.4058044431003776e-05,0.00035451195864176347,0.14199610839542498
B4,4.143495,0.07828879,3.420522201175952e-05,0.00035574014599090167,0.33543733092876465
mRpS14,4.136557,0.17998414,3.525555787343473e-05,0.00036635123181525656,0.17089839115371838
Tlk,4.1359863,0.12378726,3.5343297653632384e-05,0.0003669501321125427,0.5636657016752883
ScsbetaA,4.133867,0.09259224,3.567102474596716e-05,0.00037003754947114364,0.37126856817426795
Gapdh2,4.132817,0.12844366,3.5834418915168975e-05,0.00037141643890900903,0.5704522803853638
CG31191,4.128158,0.3015275,3.656810077497148e-05,0.0003786988787987488,0.10611741255754355
CG43795,4.123558,0.09331051,3.7306434329577944e-05,0.0003860170866241304,0.2249537278724313
CG2519,4.118546,0.15509832,3.812708397077239e-05,0.0003941738986596647,0.17868160030373498
lncRNA:CR45919,4.1178536,0.23238598,3.824176286829073e-05,0.00039502444711999636,0.14299273883536615
bru3,4.1006346,0.16755146,4.120188030435035e-05,0.0004238806434334194,0.6644202932941009
Eaat2,4.1005936,0.12723412,4.120916912532628e-05,0.0004238806434334194,0.20345498552512933
ND-ASHI,4.091892,0.090612054,4.278680544138905e-05,0.00043936678308769257,0.31820986189549616
rdgA,4.0901423,0.07829326,4.31108768186056e-05,0.00044232195079291556,0.45688386882445065
CG5937,4.083011,0.21266192,4.445591349438445e-05,0.000455355571078195,0.12994162593137487
Vha100-1,4.0784373,0.08451717,4.5339398079867695e-05,0.0004636257744928753,0.35437330928764654
CG14982,4.072791,0.16714014,4.6453124548366125e-05,0.0004738396626938854,0.17023397086042427
acj6,4.072782,0.14291456,4.645486889155739e-05,0.0004738396626938854,0.1634473921503488
d4,4.0664062,0.088913076,4.774372659293409e-05,0.00048657883230875717,0.2642969009539177
kud,4.059808,0.33531153,4.911314174935667e-05,0.0005001170298938251,0.09695790422856058
Sox21b,4.0595803,0.2815125,4.916097455709376e-05,0.0005001862428016827,0.09681552845142613
Idh3g,4.045344,0.096988805,5.224637736433555e-05,0.000531135190737186,0.35703099046082293
fmt,4.045059,0.081263736,5.230987374718745e-05,0.0005313375425870566,0.2566086089886574
Zip102B,4.044671,0.14346413,5.239663413776101e-05,0.0005317756648669184,0.17692563238574344
ThrRS,4.044307,0.20973624,5.2478101397418404e-05,0.0005321593826398776,0.14261307009634094
disco,4.0438743,0.42478177,5.2575111118941967e-05,0.0005326999413373097,0.07607612358217455
Eip75B,4.035902,0.1764427,5.439295465398587e-05,0.0005506609005626527,0.8380238242133738
Ccn,4.0352488,0.10814309,5.45445303307986e-05,0.0005517371619934475,0.21114327749038964
CG31705,4.0310864,0.51750666,5.551956899209045e-05,0.0005606694502440683,0.05922832328793128
msn,4.02983,0.08989561,5.581718211136491e-05,0.0005629965182796307,0.22205875373736414
Arf1,4.029724,0.09200036,5.584238170482185e-05,0.0005629965182796307,0.42589340800151865
CG10433,4.0237656,0.34963065,5.727494693545557e-05,0.0005769622547076596,0.09268663091452707
Sesn,4.0211115,0.37117857,5.792412223408229e-05,0.000583019922304896,0.08309999525414076
CG42346,4.018766,0.10686969,5.850375578540992e-05,0.00058836821721812,0.21351620710929714
dpr14,4.018307,0.08419637,5.8617710597415936e-05,0.0005890282559537533,0.3920554316358977
CG33169,4.010189,0.6819966,6.067015909764582e-05,0.0006091503865248805,0.05747235536993973
CG10527,4.0085564,0.3450246,6.109111712024715e-05,0.0006128721206408992,0.08741872716055242
Rheb,4.0082617,0.1851109,6.116732466130682e-05,0.0006131320068229185,0.18195624317782735
Su(z)2,4.0078764,0.12662677,6.126711649223485e-05,0.0006136276770122026,0.18565801338332305
PTP-ER,4.005397,0.17748404,6.191344058037848e-05,0.0006195918942809797,0.15205732997959281
Ip6k,4.0049996,0.10635317,6.201761638119774e-05,0.0006201252879987031,0.5302073940486925
pnut,4.0006394,0.112694524,6.317158576683449e-05,0.0006311462777966767,0.23790992359166627
GlcAT-P,3.9959369,0.059683416,6.443887828529833e-05,0.0006422285260993469,0.302026481894547
eIF3g1,3.9936504,0.08445068,6.506378118018381e-05,0.0006479268209193304,0.24023539461819562
nebu,3.9929562,0.106274985,6.525464322234433e-05,0.0006492970173364531,0.24426937497033838
Drl-2,3.9894977,0.16124809,6.621337869565126e-05,0.0006582992438183468,0.15362346352807177
CG7378,3.9823737,0.09840695,6.823041403605921e-05,0.000677799932099043,0.302026481894547
eEF1gamma,3.9807599,0.11564348,6.869534093286356e-05,0.0006818627936731872,0.20060746998244033
wech,3.9749866,0.063862644,7.038325209982454e-05,0.0006980483806710832,0.2879312799582364
faf,3.9627182,0.09756443,7.410122409941852e-05,0.0007337285300957045,0.22965212851786815
Unc-76,3.9620006,0.084397264,7.432437648359707e-05,0.0007353407670118219,0.4133168810213089
ND-19,3.961621,0.093885265,7.444263462220887e-05,0.000735913441532931,0.3986047173840824
bchs,3.9529595,0.08387661,7.719051535482907e-05,0.000762459636677481,0.28271083479663994
CG42748,3.9475374,0.075659096,7.895916616223069e-05,0.0007786676993134546,0.3500071187888567
mahe,3.9448562,0.094264865,7.984786062754838e-05,0.0007867951278813154,0.48488443832755923
bol,3.9412217,0.18338205,8.1067648682295e-05,0.0007975250765040305,0.7536899055574011
upSET,3.9388664,0.10513806,8.186750650532215e-05,0.0008047443845107836,0.5365668454273647
CG12237,3.9381645,0.17759645,8.21072695932345e-05,0.0008064508534020429,0.1561387689241137
CG13365,3.9338684,0.11357237,8.358956689869262e-05,0.000820348817172435,0.26073750652555644
prd1,3.927867,0.1113146,8.57025890713517e-05,0.0008397338088349726,0.22680461297517915
CG8924,3.920762,0.3758546,8.826940378678238e-05,0.0008641893676763777,0.08039485548858621
ZAP3,3.9204834,0.088101275,8.837150834483943e-05,0.0008644946350042118,0.21978074130321296
CG32278,3.9138803,0.09295488,9.082464088600184e-05,0.0008877799099915609,0.3494850742726971
Polr2F,3.910964,0.13961948,9.192850275602342e-05,0.0008971309208111846,0.19747520288548243
RpL34a,3.9026887,0.082629405,9.513004219584388e-05,0.0009276320674601129,0.33543733092876465
MEP-1,3.9002495,0.67186284,9.609362468954954e-05,0.0009362791297689203,0.05282141331688102
Cdc27,3.8958793,0.22849931,9.784309225819423e-05,0.0009525634596925954,0.1159413411798206
eIF3d1,3.8907244,0.20575128,9.994540889850481e-05,0.000972254261024641,0.15333871197380286
Ube4B,3.8841388,0.33352503,0.00010269323078160676,0.0009981880303006417,0.09520193631056903
CG7029,3.8727896,0.06708761,0.00010759666452701454,0.001045016529019745,0.3447392150348821
Fak,3.8604698,0.10701467,0.00011316924326361322,0.0010982642564810363,0.22386218024773386
scrape,3.8589025,0.13913062,0.0001138973840521423,0.001103932203781826,0.6554031607422524
Uba1,3.858823,0.13712348,0.00011393442549491649,0.001103932203781826,0.19059370699065065
Dld,3.8557627,0.09570232,0.00011536937889557668,0.0011169478628738556,0.3188268235964121
eIF3m,3.8551702,0.10177653,0.00011564916422340048,0.0011187679862849432,0.4957049973897774
CG4789,3.8495817,0.22248732,0.00011831974494866976,0.001143694981109703,0.14251815291158465
Nlp,3.8464332,0.17875549,0.00011984983407707298,0.0011575670582927436,0.1566133548478952
Hsp67Bc,3.8407881,0.28865552,0.00012263991803463487,0.00118357716621074,0.1017037634663756
wds,3.8395138,0.48767143,0.0001232782402751724,0.001188796258476326,0.06881495894831759
Map205,3.8371155,0.14916363,0.00012448794997311642,0.0011995127448397756,0.16178634141711357
CG3168,3.8342006,0.62012684,0.00012597330931818352,0.001212866245876255,0.06046224668976318
lost,3.8301892,0.0716717,0.0001280447036570093,0.001231836537391702,0.30800626453419394
CG30428,3.826181,0.12918949,0.0001301466985004493,0.0012500851915066798,0.21835698353186844
MAPk-Ak2,3.822707,0.30386013,0.00013199467495316158,0.00126683708110558,0.10108680176545963
tyf,3.8185787,0.06534672,0.00013422274555515196,0.0012872077463192346,0.33581699966778983
CG11699,3.8177319,0.12287053,0.0001346841720418352,0.0012906174316178688,0.21674339139101134
psq,3.8067846,0.118155845,0.00014078528893389318,0.0013480219063748814,0.6071852308860519
Tim17b,3.8064396,0.08037648,0.00014098169312177591,0.0013488429022459393,0.40662521949598973
hoe1,3.8022695,0.3835063,0.00014337670347519427,0.0013706812852228572,0.06568269185135969
eIF4H1,3.798317,0.06006211,0.0001456819690159572,0.001390538387106893,0.2864126050021356
Ttd14,3.7894065,0.095279574,0.00015100756194677577,0.0014379931035697264,0.27464287409235444
br,3.7885303,0.08462252,0.00015154106927289403,0.0014419469893577716,0.18518342745954156
18w,3.7810118,0.44239503,0.0001561923179939374,0.0014850453697567107,0.0702387167196621
btsz,3.7713232,0.18003836,0.00016238411361697134,0.001542712362336137,0.14517583408476104
PlexB,3.7674134,0.071429625,0.00016494774390224696,0.0015658473912963304,0.3619666840681505
CG12994,3.7607467,0.2881481,0.00016940687997941102,0.0016059957898811662,0.10668691566608135
CG3356,3.7536302,0.4935438,0.00017429189927196291,0.0016506946077901755,0.05979782639646908
Rnp4F,3.7532277,0.2905673,0.00017457215087385506,0.001652065176243338,0.09169000047458592
speck,3.7504745,0.10738632,0.0001765002074953224,0.001669015538526365,0.17986806511318873
salm,3.749137,0.51146567,0.00017744417378867216,0.0016766411118683139,0.0662521949598975
bon,3.7449064,0.15208419,0.00018046110187418853,0.0017038267782683843,0.15599639314697927
MagR,3.7427502,0.09009269,0.00018201724543443965,0.001717189012848595,0.4236153955673675
drk,3.734611,0.14074151,0.00018800548766796245,0.0017723115925636459,0.17028142945280242
tinc,3.7317622,0.12673114,0.00019014496168028394,0.0017910950061213145,0.17787480423330643
nvy,3.727902,0.18705674,0.000193080477749986,0.0018173420411541153,0.13169759384936644
Spf30,3.7274232,0.07666034,0.00019344757684197636,0.001819392372011458,0.2941483555597741
Rpt1,3.721995,0.18451352,0.0001976548564539303,0.0018575289478156949,0.1618338000094917
CG43367,3.721411,0.15164351,0.00019811273862920347,0.0018603976665264724,0.1471216363722652
SdhB,3.702094,0.08703136,0.00021382725060130263,0.002004877198137906,0.4323477765649471
drl,3.7005844,0.21967903,0.00021510348458255083,0.002015293138798395,0.11812443642921551
GAPcenA,3.696705,0.20003785,0.0002184158063551243,0.002044754426776198,0.13359593754449242
CG15922,3.6844277,0.29123354,0.00022921708114228393,0.002144226402182117,0.08893740211665321
Sara,3.6805415,0.24100994,0.0002327390820266278,0.0021755035819191458,0.11276161549048455
Optix,3.6774454,0.35714334,0.00023558136652125514,0.002198699292900137,0.07783209150016611
Dlic,3.6767707,0.07217605,0.00023620513245450485,0.0022028342459739555,0.35090883204404155
CG8613,3.6685977,0.2091552,0.00024388458909659766,0.00227271349885201,0.14346732475914764
Klc,3.6670887,0.20483203,0.00024532770771957955,0.0022844151485056953,0.1404774334393242
CG13924,3.663439,0.14490072,0.0002488514401982575,0.0023154581714324887,0.1515827440558113
REPTOR,3.6617112,0.066474415,0.00025053619482702554,0.0023293559715839925,0.3631531488776043
UbcE2H,3.6537633,0.07199653,0.0002584244466461263,0.0024008655336658796,0.2721275686963125
pygo,3.6522803,0.29874226,0.0002599219388626556,0.0024129386997691618,0.09586635660386313
CG15760,3.6480103,0.06855412,0.00026427901046070627,0.0024515196792279674,0.25675098476579183
Acf,3.6426349,0.17473187,0.0002698615559740023,0.0025014011450700483,0.1453182098618955
dao,3.641061,0.10879955,0.00027151663315184006,0.002514829970735394,0.181529115846424
CdGAPr,3.6386292,0.26002374,0.0002740932044152079,0.002536766946558063,0.09695790422856058
eIF3a,3.6375847,0.15261817,0.0002752066321684272,0.0025451393319430647,0.16083716956955058
Pgk,3.6352794,0.087509625,0.0002776794156032076,0.0025641169672632556,0.43419866166769494
L2HGDH,3.618403,0.24725842,0.0002964264755743863,0.002733087980919966,0.10303260405296379
NaPi-III,3.616684,0.08665836,0.00029840127134911305,0.0027492162482799236,0.45659911727018176
ACC,3.610829,0.20764562,0.0003052196351502187,0.0028099109764698,0.11684305443500546
Rbp9,3.5988855,0.11386508,0.0003195837440456125,0.0029377121087269765,0.5571638745194818
Frq1,3.5904725,0.14233011,0.0003300791711826449,0.003031902801465907,0.7376014427412083
CG16974,3.58823,0.14203668,0.00033293062261944634,0.003055791686075626,0.15950832898296236
ERp60,3.5850885,0.18879545,0.00033696385777037076,0.003090483417880398,0.1317450524417446
Kdm4B,3.5829906,0.08032449,0.0003396826820306239,0.0031130768505799058,0.2728394475819847
CG18135,3.579597,0.099173136,0.00034412450361103803,0.0031514151574116773,0.21251957666935598
CG9328,3.568973,0.08717137,0.00035838317738837985,0.0032795289408310523,0.49195576859190354
ALiX,3.5682178,0.2770762,0.00035941783904104574,0.003286529662469097,0.10526315789473684
CG4686,3.5650294,0.16204019,0.00036381538356071246,0.0033217570863082577,0.18613259930710455
CG7920,3.5558238,0.075050935,0.0003767964982093923,0.003437703979546619,0.3188268235964121
CG11883,3.551047,0.26616514,0.0003837016082014728,0.0034980844445532924,0.09738503155996393
Dh31,3.5491345,0.19834965,0.0003864995399500077,0.0035209588134907654,0.09823928622277063
Trpm,3.5464163,0.15870084,0.00039050863935645864,0.0035495225988932694,0.1390536756679797
CG6180,3.5458624,0.19587587,0.0003913304509046848,0.0035543419270321927,0.12804328223624886
CG31224,3.5452104,0.089749314,0.00039229994846043295,0.00356049446893836,0.224858810687675
Mrgn1,3.543585,0.26406914,0.00039472608391741563,0.003579848390527812,0.10383940012339234
PDZ-GEF,3.541575,0.118918814,0.0003977458137979366,0.003604552954931635,0.1755493332067771
ND-B15,3.535341,0.08379073,0.00040724911383102733,0.0036824624988771454,0.45004983152199707
slim,3.5342498,0.1571414,0.00040893431862276436,0.003694888226384424,0.13098571496369418
sr,3.534059,0.06855872,0.00040922955989982545,0.003694888226384424,0.2515779981965735
Sec23,3.530295,0.1635098,0.0004150965409271296,0.0037423163737875607,0.13326372739784537
ogre,3.526153,0.23060606,0.0004216433089576881,0.0037985294108538506,0.08072706563523326
CG2021,3.5210845,0.29694408,0.0004297853675968055,0.003868605245184564,0.09230696217550187
bur,3.5209174,0.2780805,0.0004300566172142985,0.003868605245184564,0.09548668786483792
simj,3.5162468,0.07015589,0.0004376938827215922,0.003931503858875082,0.27293436476674104
Fur1,3.5142217,0.061150506,0.0004410445268441202,0.003958683164729736,0.24403208200844764
CG15160,3.5093143,0.31079748,0.0004492636198989759,0.004029488052206488,0.08243557496084666
PPP4R2r,3.5017345,0.11879599,0.0004622400316558065,0.00413674283836463,0.17730530112476864
hyd,3.4999318,0.16436057,0.0004653770139406262,0.004161761132004617,0.13312135162071093
norpA,3.496571,0.11390084,0.0004712787620065552,0.00421144928892808,0.574343884960372
Ae2,3.493802,0.07178771,0.00047619379101485624,0.004252253566798596,0.3823738787907551
dpr3,3.4910746,0.11325895,0.0004810821757086655,0.004292760351180765,0.14992169332257604
CYLD,3.4904566,0.30132473,0.0004821960949350698,0.004299552451472981,0.08571021783493901
Lpin,3.4817834,0.09343491,0.0004980863423562466,0.004437993002178574,0.24426937497033838
ncm,3.4779303,0.15013465,0.0005053012476332605,0.004498989705918051,0.12785344786673628
Gpo1,3.4771745,0.16305123,0.0005067279297825077,0.00450511067550619,0.14925727302928196
CG4049,3.4750302,0.29960877,0.0005107959119343387,0.004537967471259223,0.07939822504864506
Bruce,3.473113,0.07997139,0.0005144584228000853,0.004567176777501995,0.23003179725689335
Tret1,3.4724054,1.2135361,0.0005158167819749813,0.0045758999926399134,0.034170186512268046
CG17321,3.4722102,0.071134895,0.0005161918524800952,0.0045758999926399134,0.2612595510417161
AdipoR,3.4660845,0.09440178,0.0005280973142859092,0.004674639189419715,0.23553699397275876
dlp,3.4647596,0.4091161,0.0005307056944023635,0.00469431909221365,0.06639457073703194
rgn,3.462357,0.043651413,0.0005354664782833586,0.00473299557925733,0.2619239713350102
Col4a1,3.4617136,0.61749375,0.0005367480606120687,0.004740885587536599,0.04987898058943572
spi,3.4614663,0.101811655,0.0005372411883440164,0.0047418051011768395,0.17858668311897868
sdk,3.4589787,0.2658393,0.0005422277351780322,0.004782354460264135,0.08400170850932562
CG5282,3.4580035,0.14054275,0.0005441942641991018,0.004796228406596423,0.18575293056807934
Brd7-9,3.4512331,0.1414802,0.0005580312494369776,0.0049146263723896825,0.14584025437805515
Fs(2)Ket,3.4490519,0.051167574,0.0005625586015764489,0.0049509218733684735,0.33287456694034456
cora,3.4487128,0.090287805,0.00056326522326574,0.004953564073871648,0.20606520810592757
Gclc,3.446584,0.24150972,0.0005677218708470909,0.004989157810926598,0.10179868065113189
Nep1,3.441745,0.4152035,0.0005779747183805866,0.005071946610756638,0.06397418252574628
Start1,3.4385679,0.54385024,0.000584799861748265,0.0051281478524097856,0.053960419533956624
Aef1,3.4327843,0.14396596,0.0005974172588133351,0.005231263626203837,0.14621992311708035
pxb,3.4304888,0.29792565,0.0006024945588123293,0.00526815364229805,0.08950690522519102
ND-B14.7,3.4282906,0.074375816,0.0006073950002594355,0.0053071954538797565,0.3035451568506478
dock,3.4203348,0.16055441,0.0006254411463887556,0.005460961413561993,0.15011152769208866
Sdb,3.418378,0.32388058,0.000629955466231268,0.005496440356401521,0.07076076123582174
CG17233,3.4162571,0.19003129,0.0006348826455642659,0.005535468216582859,0.11390062170756016
Tom40,3.4153328,0.11266191,0.0006370412317943435,0.0055503184948829535,0.21764510464619619
Sytbeta,3.4135287,0.13778195,0.0006412741454326489,0.005583207541913255,0.14299273883536615
Arf6,3.4075034,0.08651847,0.0006556009081238781,0.005703668809578379,0.23107588628921266
CG11122,3.407318,0.061774842,0.000656045916074238,0.005703668809578379,0.402591239143847
HSPC300,3.4040008,0.4621749,0.0006640656017494244,0.005769276991962747,0.06297755208580513
fry,3.399205,0.16521844,0.0006758202282627568,0.005867217067161498,0.12192112381946751
CG34417,3.3956373,1.1439345,0.0006846902575972008,0.005939992562172441,0.03303118029519245
CG9391,3.3947587,0.25198945,0.0006868912124968432,0.005954848498665733,0.1071140429974847
Roc1a,3.39014,0.08567348,0.0006985689399130436,0.00604748352883529,0.24474396089411987
Got2,3.388125,0.22861505,0.0007037218451442418,0.006087768325381947,0.09306629965355227
Su(H),3.3861623,0.34894192,0.0007087745526986485,0.006127129803435338,0.07749988135351905
CG8360,3.383791,0.16670956,0.0007149238876418928,0.006175908764328159,0.1503488206539794
Ubc4,3.3723764,0.16123144,0.0007452253346200463,0.006433110200909167,0.1388638412984671
CG31140,3.3700433,0.14333148,0.0007515637587656032,0.006483234717334704,0.6912343979877557
Pi3K92E,3.3681493,0.24569765,0.000756745984732437,0.006523321646325088,0.09225950358312372
ND-42,3.3679507,0.085458115,0.000757291569682914,0.0065234112670424305,0.269137677376489
EloC,3.367701,0.0782233,0.0007579773418486083,0.006524707499853592,0.33040672013668076
l(3)L1231,3.3646376,0.07777311,0.0007664426405192058,0.006592921203449965,0.484504769588534
Cph,3.3623326,0.04107936,0.0007728694279219392,0.006643515837052551,0.28033790517773244
COX4,3.3572652,0.18641679,0.0007871758054030992,0.0067578263417832915,0.8255896730102985
Rpt5,3.3572297,0.34251347,0.0007872765120462937,0.0067578263417832915,0.07749988135351905
zfh1,3.3569434,0.4079895,0.000788092789965566,0.006760072496052275,0.06297755208580513
mRpS10,3.3565896,0.12403003,0.0007891014840390141,0.006763964830486317,0.16800341701865124
CG18598,3.355097,0.45266145,0.000793371613371767,0.0067939626973680355,0.06577760903611599
Vps24,3.354977,0.060266368,0.0007937158816188434,0.0067939626973680355,0.291917801718001
mRpS7,3.353451,0.19274259,0.0007981054386982313,0.006826741889328239,0.13307389302833278
Tsf1,3.3514633,0.2996631,0.0008038570834284458,0.006871117804985502,0.06924208627972095
Oamb,3.344283,0.1119708,0.0008249548575322464,0.007046513495767731,0.15718285795643303
Atf3,3.3413143,0.3858254,0.0008338278461138506,0.007112335630707995,0.06739120117697309
Drep3,3.3342943,0.20998959,0.0008551611206191966,0.00728410824544192,0.1071140429974847
CG13887,3.3241498,0.115855895,0.0008868856494163711,0.0075443692040507064,0.20634995966019648
CG30197,3.3207219,0.28059638,0.0008978497545885261,0.007631722914002472,0.08048977267334251
Vps13,3.3194387,0.29317594,0.0009019862027517549,0.00766153994797292,0.08319491243889707
Pdh,3.3182676,0.5534027,0.0009057768093248749,0.007688379894749931,0.04655687912296521
Xpc,3.3168342,0.13957359,0.000910436439903284,0.007722553768949985,0.1452232926771392
Shaw,3.3147032,0.060380667,0.0009174043021464092,0.007776245506858541,0.24213373831332163
Atet,3.3093202,0.05704433,0.0009352278939617621,0.007921815705003417,0.2744530397228418
Tango10,3.305469,0.17180875,0.0009481754182691451,0.008025909842557369,0.11988040434720706
Eaat1,3.3015985,0.2555255,0.0009613555439913382,0.008131827012984332,0.08627972094347681
CG12054,3.2979033,0.0757532,0.000974097055248986,0.008233134057358087,0.47506050970528213
Syx5,3.2977343,0.27124047,0.0009746831113928722,0.008233134057358087,0.09491718475630012
vsg,3.293692,0.08833796,0.0009888076495035304,0.008340883349341544,0.19771249584737316
Ypel,3.289841,0.14704566,0.0010024403464757446,0.008450031385333923,0.13582649138626549
Ssdp,3.2812634,0.13287407,0.0010334324711533237,0.008699540310650242,0.6514640975748659
pns,3.2741647,0.22622748,0.0010597485048363467,0.008914613199068482,0.10915476246974515
sra,3.2738333,0.0790549,0.0010609921844688627,0.008918919818269633,0.267239333681363
CG15537,3.2724035,0.33735153,0.0010663730970590357,0.008957974969023147,0.07408286270229225
cib,3.2699041,0.12176974,0.0010758391474179254,0.009025053935221674,0.13240947273503867
alpha-Man-IIb,3.269633,0.15436932,0.0010768703353839836,0.009026788226260905,0.15077594798538274
Iswi,3.2694607,0.27574742,0.0010775270218401523,0.009026788226260905,0.09615110815813203
Vmat,3.2640526,0.2667075,0.0010983077145796329,0.009194555448496665,0.09040861848037587
Agps,3.256833,0.18379146,0.0011266261904249318,0.00942515211742587,0.12510084950880357
FucTA,3.2509875,0.21087341,0.0011500488879901188,0.009607913567999697,0.105310616487115
gprs,3.2502193,0.07385569,0.0011531600386704215,0.009627306651612171,0.21845190071662474
Scgbeta,3.2497776,0.075971216,0.001154953318077769,0.009635678298459908,0.2966162023634379
SPARC,3.2454054,0.45631555,0.0011728352403013087,0.00977817287553533,0.05685539366902378
Dip-B,3.2426932,0.63913476,0.0011840563638616183,0.009864978140197721,0.046367044753452616
LpR2,3.2381184,0.085982986,0.0012032084957207074,0.01001769696334679,0.15836932276588678
Polr2L,3.2377028,0.11613228,0.0012049627987276447,0.010021505205710829,0.174884912913483
X11L,3.2376206,0.10882213,0.0012053102495341763,0.010021505205710829,0.17056618100707133
Argk1,3.235263,0.18053108,0.0012153065637573086,0.010097731224020337,0.8345593469697689
Ric,3.2338774,0.13578583,0.0012212183655329156,0.010139635124090414,0.6226092734089507
CG5087,3.2335246,0.36683255,0.0012227281034290548,0.010139635124090414,0.06525556451995634
Rab27,3.2334971,0.12688635,0.0012228454862919771,0.010139635124090414,0.14147406387926534
Dif,3.2325606,0.41247582,0.0012268614724751908,0.010166019366417471,0.057614731147074175
Tango11,3.2319613,0.22491205,0.0012294372718498255,0.010180442191968427,0.13032129467040007
cactin,3.2293055,0.46501318,0.0012409126591732653,0.010268489071733151,0.05676047648426748
Apc,3.2264323,0.098739475,0.0012534386298162774,0.010365104110468525,0.1992786293958521
CG15236,3.2158284,0.035298366,0.0013006860681518183,0.010733920700151821,0.32338284846471455
CG9003,3.2157009,0.054169256,0.0013012643150776871,0.010733920700151821,0.28982962365336246
TER94,3.2156353,0.16132763,0.001301561637117433,0.010733920700151821,0.1389587584832234
Ube3a,3.2125971,0.46018815,0.0013154065065642368,0.01084076396789147,0.05666555929951118
Snx17,3.2111428,0.16439757,0.001322082649873842,0.010888422580616392,0.1433249489820132
Socs16D,3.208197,0.1275555,0.0013356986249133795,0.010993133382220919,0.1504437378387357
TppII,3.2034786,0.2598151,0.001357781271403888,0.011167338675534407,0.08794077167671206
TM9SF2,3.1979442,0.08568233,0.0013841109108019228,0.011376215705842642,0.20217360353091926
Piezo,3.1970544,0.19799373,0.0013883875164256373,0.011403676170965021,0.10678183285083764
witty,3.1943648,0.2718042,0.001401388944271301,0.011502713698129892,0.08537800768829197
CG42361,3.186708,0.08930216,0.0014390203026204136,0.011795708452347156,0.2593612073465901
Myo81F,3.185056,0.155387,0.001447260329817966,0.011855279677520961,0.1139480802999383
CG1598,3.1804657,0.13828813,0.001470385637774206,0.012028543985791808,0.16401689525888663
SP1029,3.1786451,0.39636236,0.001479650814203195,0.012096219835226522,0.06017749513549428
CG7332,3.1755579,0.07329609,0.0014954868592596598,0.012217486144447717,0.2489203170233971
Ssb-c31a,3.1681945,0.120493375,0.001533888063117014,0.012522814200491146,0.19401072564187746
Synj,3.1658401,0.09654561,0.00154635791755847,0.012616169114538278,0.19263442646291112
eIF3c,3.1622293,0.105177835,0.00156566192173749,0.01276511917328312,0.16050495942290352
crp,3.16054,0.03433838,0.0015747695232849067,0.01283079259312816,0.33586445826016803
Uch,3.1588376,0.2613789,0.0015839971526273007,0.012897355573396238,0.09714773859807319
sn,3.152104,0.19320613,0.0016209862310133391,0.013189720407090514,0.11940581842342556
CG43902,3.1507766,0.022627406,0.0016283702241341005,0.013240963750480688,0.34867827820226854
hb,3.1497917,0.8633247,0.0016338685171389336,0.013276815570270974,0.03663803331593185
lolal,3.1468658,0.07676172,0.0016503068211035524,0.013398143547323205,0.4840301836647525
Tom5,3.1467433,0.062259983,0.0016509977527343878,0.013398143547323205,0.2717004413649091
Ripalpha,3.1329324,0.35287166,0.0017306925775266038,0.014035536811358466,0.072421811969057
TrissinR,3.13025,0.19978672,0.0017465754912243433,0.014154925972429204,0.09871387214655214
Psa,3.1291063,0.31550777,0.001753388159784736,0.01420069653130641,0.07892363912486355
CG13907,3.1223512,0.11014623,0.001794128216326178,0.01452100187835311,0.13511461250059323
CG8861,3.1207938,0.045371056,0.0018036431344256889,0.014588325259133856,0.3712211095818898
kibra,3.1129925,0.33826798,0.0018520069208711187,0.014969570529508001,0.06957429642636799
phol,3.111862,0.29855585,0.0018591140083285592,0.015017058083178799,0.09135779032793888
Slmap,3.1003375,0.086773776,0.0019330017130001936,0.015593221627901627,0.17422049262018888
CG6154,3.097299,0.066082306,0.0019529267873978466,0.01574353479602669,0.207773717431541
Rbcn-3A,3.0945091,0.13147838,0.0019713890355454594,0.015881864477371846,0.15927103602107162
dtn,3.0916765,0.065551355,0.0019902964250698273,0.016023595194964418,0.4603958046604338
Karybeta3,3.084122,0.14400248,0.00204153820665496,0.016414451979496904,0.12695173461155143
Kul,3.0796137,0.12727089,0.0020726927568269268,0.016653956501623872,0.135351905462484
QIL1,3.0724077,0.06438472,0.0021233945665249552,0.017050103011444454,0.32941008969673957
cta,3.0707057,0.10217365,0.0021355351646623745,0.017125025080309,0.15229462294148355
CG6765,3.0672011,0.10636722,0.002160734206282715,0.017315706272439193,0.15319633619666842
Tsr1,3.0642118,0.757997,0.0021824423533820143,0.01747817992468684,0.0390584215272175
CG10508,3.0558918,0.05296645,0.0022439224881131547,0.0179587466891735,0.24270324142185942
Prestin,3.0512497,0.46010146,0.0022789087159808623,0.01822678368706741,0.05006881495894832
Bckdhb,3.049327,0.21287225,0.002293548029506573,0.018331840610921718,0.10659199848132504
CG3618,3.048722,0.16198759,0.002298170277235045,0.018356748040116617,0.12215841678135826
sip3,3.0476446,0.30159014,0.002306424606408944,0.018410615276698506,0.0759337478050401
jp,3.0464613,0.04881967,0.002315523176103253,0.018471146592619468,0.25807982535238005
Vps26,3.0354154,0.17114596,0.0024020463141194363,0.019148817869719954,0.10697166722035024
CG34353,3.035186,0.03194147,0.0024038733456048433,0.019150857653318587,0.2744530397228418
Btk,3.032512,0.101684585,0.002425274389458796,0.019308732549388155,0.15490484552228181
Crag,3.0296814,0.12612905,0.0024481183964481725,0.019476139793249334,0.12927720563808076
Rab2,3.0295112,0.07620944,0.002449497276482995,0.019476139793249334,0.46561624982203026
dlg1,3.0267088,0.14040181,0.0024723191451474454,0.019644783611605092,0.7056143514783352
Agpat1,3.025494,0.17663895,0.0024822726041266816,0.019711023304039166,0.09430022305538417
Atg17,3.0209033,0.040197156,0.002520217352244636,0.019999302933925697,0.35294955151630203
CG1998,3.0154858,0.10070301,0.002565679708366251,0.020346824961142637,0.16975938493664278
Tango5,3.0117865,0.118557155,0.0025971522562995317,0.020569648376890834,0.16449148118266813
HDAC6,3.0094864,0.13570979,0.002616898307085572,0.0207125801721208,0.11541929666366095
S6KL,3.0086243,0.19018738,0.002624333243587342,0.020757948024715193,0.1097717241706611
CG2059,3.0045238,0.2619003,0.0026599700637137333,0.021012556776802783,0.08433391865597266
PsGEF,3.0035534,0.04654361,0.00266846801154678,0.021066034062657838,0.3014569787860092
CG17378,3.0025237,0.09951523,0.002677511589743489,0.021121138092565283,0.1876038156708272
CG14683,3.0023644,0.4111737,0.0026789137329646345,0.021121138092565283,0.0692895448720991
OtopLc,3.0019622,0.04487312,0.00268245529302288,0.02113538950656489,0.332067770869916
mgl,2.998975,0.01054135,0.002708895743594418,0.021316158953306883,0.21778748042333065
Not1,2.9977887,0.0728331,0.002719461139074719,0.0213854914994721,0.4971287551611219
CG32333,2.9949052,0.10045541,0.0027453009022067065,0.021574772854285974,0.1489250628826349
HDAC1,2.9944577,0.37796143,0.002749330810278753,0.021592521421706003,0.0710929713824688
lncRNA:CR43264,2.9922662,0.7146503,0.0027691469341221057,0.02173414808758168,0.042048312847040956
Usp1,2.9901528,0.18375787,0.0027883786786989787,0.02187100882539373,0.12007023871671967
CG8635,2.98805,0.18957214,0.002807637417981629,0.021993761238931927,0.11760239191305585
Frl,2.9840875,0.040078707,0.0028442544587507514,0.022266292612532372,0.34231882682359643
heph,2.9824395,0.107323095,0.0028596116874716193,0.022372148176246193,0.6686441080157562
Ype,2.9779649,0.09169711,0.0029016924802690715,0.02267849521782372,0.1885529875183902
CG1703,2.9778807,0.1293708,0.002902490158323489,0.02267849521782372,0.11484979355512316
ADD1,2.9749649,0.17901579,0.0029302202244809723,0.022880496038564107,0.1094869726163922
Adss,2.9747262,0.11219053,0.002932502373169326,0.022883656483073573,0.1699492193061554
Nak,2.97346,0.13534446,0.002944627533252639,0.02296357325835983,0.13952826159176118
ND-13B,2.9712255,0.06876625,0.00296613901698505,0.02311653994759001,0.45270751269517345
CD98hc,2.966811,0.091594346,0.003009059885582437,0.023436058112053883,0.18394950405770966
CG12025,2.9653587,0.064393364,0.003023300872591873,0.02353193763475245,0.3986047173840824
jing,2.9630759,0.12083493,0.0030458156128733813,0.02367972476388582,0.13013146030088749
CG4393,2.962161,0.16645148,0.0030548800198297557,0.023732270593820836,0.10877509373071995
Cyt-b5,2.9612327,0.063932166,0.0030641034496172396,0.023786292501547335,0.23420815338617057
rn,2.9610686,0.23222479,0.003065736772494123,0.023786292501547335,0.08608988657396421
nsl1,2.9606097,0.042647574,0.0030703087559010964,0.023806611593943042,0.26719187508898484
HERC2,2.9584208,0.123116516,0.0030921974191333176,0.023945866799120717,0.1392435100374923
CG7888,2.9574673,0.28353053,0.0031017753962513813,0.024004787495179737,0.05310616487114992
dve,2.955974,0.5949313,0.0031168335506872335,0.0241060178612479,0.04437378387357031
par-1,2.9529626,0.05063672,0.0031474011776445473,0.024326996166334425,0.4122727919889896
Lsd-2,2.952017,0.82229185,0.003157053639486057,0.024386138663938874,0.033790517773242844
CG30022,2.9503517,0.55516595,0.003174123701293865,0.024502465988011982,0.04565516586778036
Rpn10,2.9470966,0.13887614,0.003207728971755891,0.024730555620956707,0.15965070476009682
CG1265,2.9467807,0.22394262,0.003211007824829246,0.024740186078915094,0.1067343742584595
Wnt4,2.935957,0.23671898,0.003325204134231713,0.02557295090865893,0.06919462768734279
Dscam3,2.935896,0.039029203,0.003325860193681322,0.02557295090865893,0.21522471643491053
TSG101,2.9357443,0.2299268,0.003327483808444751,0.02557295090865893,0.08983911537183807
CG15628,2.9321845,0.09562991,0.0033658665509611724,0.025851636666456037,0.5544587347539272
Fas3,2.9297075,0.01781352,0.0033928107472905155,0.0260257836367049,0.24716434910540552
Surf6,2.9284673,0.44060954,0.0034063759502165757,0.026113406576848956,0.056190973375729675
CCT6,2.9239824,0.280736,0.003455842864733308,0.026459339622006462,0.08309999525414076
CG6495,2.9225621,0.096936844,0.00347164359904292,0.02656363077761089,0.16211855156376062
Glyp,2.9164908,0.11149322,0.0035399319243093683,0.02705218195950275,0.17697309097812158
CG15099,2.9125628,0.21129446,0.0035847593172106903,0.02737758854478766,0.08196098903706515
CG33947,2.9106054,0.19125827,0.003607292702322915,0.027532430024179093,0.10099188458070334
Tnpo,2.9081316,0.036485717,0.003635952445474028,0.02771646301305999,0.294433107114043
CG10470,2.9063876,0.13643807,0.003656283591134687,0.02785402543271294,0.13008400170850934
CG8677,2.9061697,0.04787965,0.0036588293354623126,0.02785600922545292,0.40140477433439326
lncRNA:CR45223,2.903608,0.24833035,0.003688895567863536,0.028067383318781922,0.062218214607754736
CanB2,2.9000309,0.071197666,0.0037312597530712805,0.02837114563628909,0.23781500640690997
eIF5B,2.899845,0.042743772,0.0037334742473219876,0.02837114563628909,0.31844715485738695
wap,2.899151,0.14560343,0.0037417465610913654,0.028398598277174756,0.12063974182525747
Haspin,2.893881,0.047544207,0.003805121211591476,0.02886161944498351,0.25181529115846424
CG12239,2.893531,0.3318328,0.003809365887702868,0.02887584627189693,0.05267903753974657
CG7379,2.8909838,0.22092773,0.003840379165597294,0.0290928412986112,0.09795453466850174
Trxr1,2.8902903,0.11235354,0.003848861571037799,0.029138989869179958,0.16368468511223958
ksh,2.888177,0.18206614,0.0038748173356638765,0.029317286470767843,0.10122917754259408
Sms,2.8863642,0.09294485,0.0038972098599482606,0.02946841872388917,0.16619999050828152
CrebA,2.8847995,0.5496294,0.003916628999390894,0.0295785569229093,0.04081438944520906
Fer1,2.881634,0.32101884,0.003956190116752436,0.029858824354857854,0.05903848891841868
Ref1,2.880321,0.062532075,0.003972704793360964,0.029947362898534412,0.24460158511698543
SNRPG,2.8803108,0.113763146,0.003972834999337939,0.029947362898534412,0.15798965402686158
Inos,2.8758447,0.14379524,0.004029478202386213,0.030355568485096136,0.12434151203075317
Sem1,2.855419,0.09792537,0.004298010561828058,0.03231860008520802,0.145792795785677
Bx,2.8502614,0.006730048,0.0043683298213818824,0.03282710985994067,0.2562289402496322
Pcmt,2.8481772,0.13680314,0.004397043735829971,0.03302252994210199,0.13663328745669404
CG7668,2.8453188,0.24685764,0.004436700220901255,0.03328611587704328,0.0763134165440653
PAPLA1,2.844646,0.15332018,0.004446081073647869,0.03332920184913523,0.11489725214750131
Gabat,2.834785,0.063290715,0.004585652324321655,0.03435434307385166,0.3514308765602012
CG11030,2.8321853,0.046264477,0.004623104184956074,0.03461364675087813,0.2532865075221869
Ctl2,2.8276725,0.42637256,0.004688773642986058,0.03506224658549513,0.05111290399126762
ATPsynO,2.8247097,0.12427165,0.0047323482381723785,0.03536639648993447,0.6244601585116986
Ufc1,2.822892,0.1510717,0.004759260831761118,0.03554572933721585,0.1260025627639884
brm,2.8213382,0.15423723,0.004782376302400163,0.03569650015306527,0.1079682976602914
nmd,2.82071,0.14797756,0.004791751804775179,0.03574459164529049,0.13601632575577807
kek5,2.820212,0.067563005,0.004799194042723074,0.03577821173501624,0.1675288310948697
CG5504,2.8176749,0.13087432,0.004837274693752981,0.03604006188395788,0.1417113568411561
Tango9,2.8167586,0.13832878,0.0048510970891513195,0.03612096665831731,0.12766361349722366
dom,2.8125248,0.09184342,0.0049154233100010365,0.036577591407571816,0.15656589625551706
Ack-like,2.8077323,0.10850221,0.004989168836747956,0.03710370893906091,0.13653837027193774
Spp,2.796914,0.18032812,0.005159325368671665,0.038345742023621295,0.10782592188315694
Hmt4-20,2.7950504,0.04848299,0.00518916406552388,0.03854401023441229,0.2298894214797589
CG10226,2.7938485,0.9927169,0.0052084859379187215,0.038663967781541596,0.02932941008969674
hid,2.7906039,0.29241037,0.005260981400934227,0.03902988575531789,0.056997769446158225
mRpL2,2.7902327,0.14273357,0.005267016756443476,0.03905089248436102,0.13065350481704713
Eb1,2.7884052,0.04899651,0.005296826059588541,0.039248032121777944,0.3772008922215367
axed,2.7875113,0.1145327,0.005311458792657525,0.03933254630844628,0.12837549238289592
ND-24,2.7870655,0.061154753,0.005318772535319369,0.03936279200546921,0.2908262540933036
Spase12,2.7814162,0.16363788,0.00541223026319688,0.04000586699703261,0.13516207109297138
pros,2.7798243,0.08681215,0.005438832632095916,0.0401781399712831,0.8655023492003228
caup,2.7781866,0.5662835,0.005466321792696974,0.040356751260559307,0.04465853542783921
CG6878,2.7674863,0.065326355,0.00564903976596768,0.041680475609794224,0.24184898675905273
Usp10,2.760569,0.11094256,0.005770076215395416,0.04253611641598383,0.11855156376061886
Ms,2.7604609,0.4710087,0.005771985934206026,0.04253611641598383,0.04888235014949457
Nt5c,2.754821,0.052306462,0.005872422446810819,0.04322400797353688,0.23548953538038062
Rac2,2.752616,0.43613327,0.00591211909376328,0.04347805376312077,0.04233306440130986
Rim2,2.7495606,0.10076338,0.005967524694937656,0.04384458017275171,0.1836172939110626
CG14669,2.7482812,0.0342655,0.005990858866761711,0.043989505257203916,0.24578804992643918
Coq7,2.7461326,0.077514894,0.006030238682812622,0.04425200439783447,0.23658108300507807
Pcif1,2.7432153,0.2519908,0.006084077273932234,0.04462022737181708,0.07674054387546865
CG13408,2.742869,0.2539361,0.006090501171138169,0.04464048032170965,0.077167671206872
CG13921,2.7416584,0.16826743,0.006112988580706295,0.044778376087878026,0.11219211238194675
Top2,2.7404153,0.20330186,0.006136159163254741,0.0449211075320793,0.09093066299653552
COX7A,2.7381153,0.15762995,0.006179242308303937,0.04520935443932574,0.7327132077262588
Dop1R1,2.737048,0.00948989,0.006199328002566092,0.04532909959404805,0.2530966731526743
CG8188,2.731474,0.03693679,0.006305171384310193,0.04604777351908745,0.30311802951924444
Nup358,2.7294867,0.16869718,0.006343301646510519,0.04629850525108785,0.09463243320203123
mod,2.727727,0.12000666,0.006377236138114062,0.04649050914322506,0.14308765602012244
mab-21,2.7212205,0.3925645,0.006504135843396395,0.047358967619569085,0.056380807745242276
z,2.720591,0.17597114,0.006516532415463933,0.04742090364900888,0.10246310094442598
PH4alphaEFB,2.71403,0.1453666,0.0066470124258927715,0.048341548006686746,0.09814436903801434
Ankrd11,2.7122936,0.18633926,0.006681939805007366,0.04856658573836302,0.10009017132551848
Pdi,2.710973,0.06937101,0.00670860933583559,0.04873137019934447,0.181529115846424
CG31678,2.7081778,0.16224569,0.006765378257677711,0.049114470269704356,0.11712780598927436
RIC-3,2.7070582,0.05097491,0.006788234080739685,0.049251062625080964,0.19325138816382706
DIP-gamma,2.7036388,0.08500826,0.0068584813885595695,0.04973113006850244,0.16705424517108822
trol,2.7017674,0.1448465,0.006897199415088453,0.049982142491387126,0.08618480375872052
mys,2.6996899,0.16027838,0.0069404146505377485,0.05023557848895761,0.1096768069859048
Hou,2.6924648,0.094714016,0.007092600870840062,0.05121546920300326,0.18784110863271794
CG17272,2.6914623,0.10875623,0.007113955013631129,0.05133925261169321,0.14612500593232405
CG42458,2.691063,0.1096872,0.007122477185576603,0.051370339890528534,0.10322243842247639
CG43324,2.6892936,0.041882753,0.007160339466770142,0.05161287862830352,0.39115371838071283
Oct-TyrR,2.6879568,0.118885204,0.0071890685227474225,0.05178933582965031,0.1321247211807698
twr,2.6860304,0.09660678,0.007230653155322492,0.05202740927404123,0.1723221489250629
Afg3l2,2.6843488,0.21603502,0.007267121630050811,0.05225896492548043,0.08860519197000617
grn,2.6745243,0.66808707,0.007483536955130907,0.05378350940217607,0.039200797304351956
RpS10b,2.6739328,0.1717022,0.007496744847214579,0.05381619183990077,0.7962602629206018
CG9119,2.6737278,0.51748526,0.0075013298823522374,0.05381619183990077,0.050116273551326466
SERCA,2.6729634,0.07633666,0.007518448197930188,0.05390727357915945,0.13791466945090408
elm,2.6718829,0.06001069,0.007542699560248034,0.05404936210456395,0.2992264249442362
Mical,2.668466,0.0672,0.0076198492624334375,0.05453807554891437,0.1783019315647098
usp,2.6673267,0.12284958,0.007645731626811511,0.05469121056291403,0.13796212804328223
Dlst,2.6655347,0.056122493,0.007686596893025333,0.05495127831617934,0.23999810165630486
Hers,2.6652594,0.04890806,0.007692894908110346,0.05496406567113541,0.41635423093351054
TfIIFalpha,2.6624901,0.14484487,0.007756487064116366,0.05538595244552689,0.11783968487494662
CngA,2.6617959,0.547892,0.007772502107262344,0.055467815096850524,0.039438090266242704
VGAT,2.6587768,0.085980855,0.00784249018507714,0.05590749080095553,0.15495230411465996
CanA-14F,2.6587427,0.11136344,0.007843285689526126,0.05590749080095553,0.6232262351098666
mop,2.6567414,0.2266569,0.007889995192154577,0.05620756948987267,0.0791609320867543
Sec61gamma,2.6563349,0.054569006,0.007899514031765774,0.05624250965723891,0.271985192919178
Rab14,2.6544576,0.049346954,0.007943603594032669,0.056523400004474145,0.42019837691614065
Myb,2.6495445,0.15033191,0.00806003357890321,0.05731840682220024,0.11527692088652651
mRpL37,2.6490426,0.381082,0.008072013622605522,0.05737013063903132,0.054245171088225526
CG32069,2.647354,0.24556386,0.008112443679623651,0.05762387879424982,0.08533054909591381
Ctl1,2.6440241,0.63985765,0.008192684085005026,0.05812609214908397,0.04090930662996536
CG14721,2.6390777,0.1773888,0.008313192667269714,0.05891250315194799,0.11024631009444259
GstO2,2.636017,0.2904516,0.00838855330553582,0.05941201408551779,0.07702529542973756
mRpS22,2.635082,0.22032171,0.008411697907778872,0.05954133902318042,0.09434768164776233
puf,2.634364,0.089018166,0.008429510694205087,0.0596327950386917,0.14413174505244175
alph,2.6315415,0.026813801,0.008499847074868257,0.0600954965171515,0.25551706136395996
trbd,2.6299312,0.27352065,0.00854021174198801,0.06034587879599527,0.05804185847847753
CG5098,2.627192,0.16033782,0.008609271391422885,0.06079861471034389,0.10046984006454368
wtrw,2.622865,0.37430713,0.008719383727294309,0.06154057223624223,0.041953395662284655
CG4452,2.6209216,0.19124065,0.00876924086825598,0.061856641749520914,0.10013762991789664
ena,2.6160398,0.062445275,0.008895621087876837,0.06271181344137118,0.1781120971951972
Prx2,2.6147447,0.05226556,0.008929419487216312,0.06291369602871655,0.3350102035973613
CG13124,2.6114407,0.27722156,0.009016162302535824,0.06345150248591752,0.056807935076645624
CG1161,2.610335,0.07878016,0.009045355427114547,0.06362021771557946,0.20331260974799487
CCAP-R,2.6090539,0.80224836,0.009079292265052347,0.06382208386316209,0.032651511556167245
PI31,2.6074965,0.07234071,0.009120697936511506,0.06407618855800504,0.22519102083432205
Chchd3,2.6054902,0.06386048,0.00917429091392534,0.0644155713996751,0.24858810687675004
CG34155,2.6036267,0.09233805,0.009224314192718042,0.06469227025031082,0.12676190024203882
NetB,2.601931,0.016071264,0.009270046878671973,0.0649756189787997,0.29894167338996724
CG6686,2.5969243,0.113005176,0.009406262878385722,0.06587544784078751,0.12680935883441696
Aldh,2.5968158,0.28080466,0.009409234120174834,0.06587544784078751,0.06269280053153624
NfI,2.5959094,0.027541392,0.009434092509631009,0.06601156923070745,0.29951117649850506
Lamp1,2.594173,0.03873206,0.009481880538964439,0.0662828868683345,0.3506715390821508
lncRNA:CR45358,2.5941052,0.5424282,0.009483743924716988,0.0662828868683345,0.04119405818423426
AsnRS,2.5932596,0.26910278,0.009507096776301661,0.06638617448900255,0.08001518674956101
mRpL40,2.593176,0.14429164,0.009509415100319834,0.06638617448900255,0.11945327701580372
CG44245,2.5868585,0.2873445,0.009685536983846388,0.06757699501780402,0.06530302311233449
Usp15-31,2.5836475,0.16430867,0.009776164557494044,0.06817029164261723,0.10141901191210669
Su(var)205,2.5806453,0.060870625,0.009861586453815243,0.06872663080935047,0.2717004413649091
Ide,2.5802877,0.1658192,0.00987180666021107,0.06875854364646442,0.10374448293863604
CG4911,2.5788653,0.028380001,0.00991254245909893,0.06899495987929273,0.21361112429405343
ND-B17,2.5787075,0.047793973,0.009917070285381973,0.06899495987929273,0.3917706800816288
Pp2C1,2.5766284,0.030365167,0.009976914169416918,0.06937170953281394,0.2571781120971952
Ubqn,2.571599,0.10897926,0.010123006286252898,0.0703473908911839,0.1349722367234588
Gpat4,2.5710535,0.14347966,0.010138969224575514,0.07041817428965866,0.11105310616487114
CG42788,2.5696852,0.025095027,0.010179097258823893,0.07065661531196152,0.215367092212045
mew,2.5689802,0.31693268,0.010199828306692511,0.07076022039287137,0.05267903753974657
CG13784,2.5669603,0.028064648,0.010259436780400075,0.0711332621821937,0.3644345308718143
SsRbeta,2.5646956,0.21703854,0.010326637652817024,0.07155849138725794,0.09543922927245978
Khc,2.5644896,0.09782551,0.010332765129748431,0.07156026941278615,0.15457263537563476
dths,2.5640986,0.09862945,0.010344413882185231,0.07160026167515944,0.6238906554031607
Dyrk2,2.5626915,0.025635842,0.010386429576180162,0.07185027815213393,0.2859854776707323
CG3907,2.558709,0.046462703,0.010506169779240494,0.07263738141756232,0.21285178681600303
Rpn2,2.5541809,0.23279461,0.010643792648862465,0.07354715906858536,0.08086944141236771
MICAL-like,2.5537963,0.14595419,0.010655558232732693,0.07358674181233926,0.10578520241089649
CG13532,2.5530071,0.26041037,0.010679733338097032,0.07371193072370595,0.0797304351952921
CG1907,2.5518157,0.21718247,0.010716319663925675,0.0739225921808659,0.08656447249774572
Taf1,2.5511432,0.22641534,0.010737017275558229,0.07402347487091587,0.0758388306202838
Gp93,2.550372,0.23069705,0.010760804578397338,0.07414553250767957,0.07887618053248541
Cyt-c-p,2.5494027,0.16285412,0.010790761378636056,0.0743099381040649,0.7038583835603436
Letm1,2.5437348,0.14182143,0.010967434406391913,0.07548394013524057,0.10459873760144274
Jwa,2.5371468,0.06695846,0.011176009163538314,0.07683269920720164,0.2034075269327512
CG13631,2.5359287,0.002695712,0.011214954799640825,0.0770569808640485,0.08291016088462816
CG7059,2.52964,0.36356127,0.011417960126003612,0.07836346620262276,0.050543400882729815
Xbp1,2.5265431,0.030962078,0.011519123341404095,0.07901327766368854,0.2263774856437758
Naa60,2.5255656,0.2048358,0.011551222086791268,0.07918888977272147,0.08006264534193916
CG4133,2.5248423,0.07557647,0.011575020998169584,0.07930743729437272,0.15808457121161787
CG11537,2.522966,0.026189964,0.011636970405051067,0.07964235388386719,0.2791039817759005
kuk,2.5200832,0.10156511,0.011732711029417121,0.08016256431477875,0.12595510417161027
Tango1,2.5166147,0.06304365,0.011848831586372262,0.08086529014909938,0.1397180959612738
CG32647,2.5151424,0.022106778,0.011898431643644814,0.08115835663368026,0.3749703383797637
Srp14,2.5142198,0.092667796,0.011929610789435136,0.08132551784811234,0.14451141379146695
pic,2.5114267,0.39865506,0.012024422635035807,0.0818802723455036,0.05263157894736842
bma,2.5110009,0.012470302,0.012038943106702426,0.08193337662065656,0.20990935408855774
Jhbp2,2.5091267,0.13144833,0.012103007102069217,0.08227749780653747,0.16733899672535713
SmD2,2.5085063,0.09786716,0.012124278796452394,0.08233341844584953,0.17047126382231503
TfIIA-S,2.508493,0.054974783,0.012124742481770442,0.08233341844584953,0.23947605714014522
cno,2.506729,0.072422184,0.012185415827685543,0.0826993505142868,0.15851169854302122
c11.1,2.5055883,0.24408388,0.012224786755110914,0.08292038161271394,0.0696692136111243
Idh,2.5050848,0.19072671,0.012242203411951544,0.0829923344762388,0.08779839589957762
Spase22-23,2.5043201,0.16538884,0.012268693479142688,0.08312568361160101,0.11399553889231645
foxo,2.501825,0.88399184,0.01235549781278059,0.08362085665740289,0.026529353139385887
lncRNA:CR44831,2.4980867,0.85849744,0.01248656344056565,0.08446099987627897,0.027478524986948888
PolrMT,2.4932632,0.21387173,0.012657497868178524,0.08556974016374268,0.07398794551753594
CG3860,2.4928498,0.10687915,0.012672239652796562,0.08562191193344638,0.1451283754923829
LIMK1,2.489666,0.041889735,0.012786318539613423,0.08630455597670904,0.18926486640406245
CG42322,2.489635,0.030617174,0.012787433595367667,0.08630455597670904,0.31199278629395855
CG3164,2.4851375,0.49598306,0.012950146032709116,0.08735436081499248,0.03863129419581415
osp,2.4841022,0.1665471,0.012987854927071012,0.08756026753654235,0.08604242798158607
Paip1,2.482213,0.08349355,0.013056922280822407,0.08797723918239043,0.17255944188695363
CG43066,2.48129,0.04276644,0.013090774831835716,0.08815660465483179,0.4327749038963504
lncRNA:CR44922,2.4774518,0.031111548,0.01323242830360565,0.08906132997937563,0.25656115039627925
Oatp74D,2.472811,0.7743158,0.01340549971061839,0.0900769768317131,0.030610792083906792
bc10,2.4717643,0.08792443,0.01344481177074483,0.09029135574303511,0.1538607564899625
rhea,2.4692047,0.05551158,0.013541372200176111,0.09086727357048445,0.16975938493664278
Adk2,2.4658415,0.17841503,0.0136691766750559,0.09164664163490449,0.09776470029898914
CG11191,2.4638581,0.07904363,0.013745046974797746,0.0921046605694391,0.12927720563808076
ltl,2.4626243,0.59377825,0.013792434830132086,0.09237142205740659,0.03013620616012529
Shawl,2.4615004,0.024278743,0.013835720649478921,0.0925185673038439,0.19334630534858335
Upf1,2.4614627,0.18965408,0.01383717681474341,0.0925185673038439,0.07873380475535095
Cen,2.4600763,0.1695409,0.013890750233911944,0.09282585230326353,0.11000901713255185
CG34354,2.4566321,0.028878147,0.014024624810007167,0.09361782683963711,0.3165488111622609
CG8206,2.4552753,0.14243247,0.014077670914377442,0.09392048756176609,0.108158132029804
pzg,2.450825,0.17119464,0.014252924116252926,0.09503768711871276,0.08727635138341797
dsh,2.4490077,0.37497994,0.014325038666544158,0.09541415098716215,0.047695885340040815
CG11267,2.44858,0.04612961,0.014342053498530866,0.09547530862566507,0.4032556594371411
CG5191,2.4474833,0.20718186,0.014385779023918186,0.09571411600575261,0.08181861325993071
Ubc10,2.4419966,0.073629305,0.014606287482403932,0.09712822592636199,0.16102700393906316
vkg,2.440152,0.61840427,0.014681090271455099,0.09757241511383108,0.033553224811352096
sca,2.43945,0.071030736,0.014709636751363353,0.09765564398821781,0.14603008874756776
Fkbp12,2.438652,0.08590019,0.014742154466880734,0.09781824757583521,0.5691234397987756
Srp9,2.43741,0.07918126,0.014792886999949535,0.09810146879346293,0.17944093778178538
CG17646,2.4357512,0.18740097,0.01486090572038349,0.09849895585957279,0.09558160504959423
awd,2.4332457,0.053945344,0.01496414856238513,0.09912935153636541,0.4517108822552323
gammaCOP,2.4317784,0.2690399,0.01502489705223465,0.0994777132915199,0.07123534715960325
scny,2.43075,0.104994796,0.015067609636566613,0.09970634845825757,0.11276161549048455
Sumo,2.4296591,0.06716593,0.01511303020408166,0.09995264522927368,0.5196715865407432
myo,2.429115,0.1436162,0.015135727607219126,0.10004847277895548,0.07797446727730055
Lrp4,2.4277194,0.048306167,0.015194092328362366,0.10036536293399347,0.45788049926439184
Pak,2.427575,0.039149005,0.015200136186410036,0.10036536293399347,0.18603768212234825
Rpn6,2.4254837,0.13657108,0.01528800195089723,0.10089088022711766,0.1125243225285938
Rme-8,2.4211133,0.32308227,0.015473058295215447,0.1020568763854876,0.055289260120544824
Dh44,2.418013,0.34639186,0.015605513118069481,0.10281924291683724,0.056380807745242276
CG9776,2.4110203,0.04836252,0.01590796541217403,0.10475537029118814,0.15205732997959281
Vamp7,2.4033196,0.20130219,0.01624698146521774,0.10687234596845063,0.09904608229319918
Myc,2.402708,0.022085924,0.016274176270986297,0.10699349221523839,0.1820986189549618
Prp6,2.4012372,0.29801494,0.01633973838105128,0.10736661516260597,0.05965545061933463
Nna1,2.398227,0.21392518,0.016474651188332343,0.1081947862794089,0.07156755730625029
Pdf,2.3968997,0.73040915,0.016534447668971993,0.10852901595966592,0.027003939063167386
robo3,2.3936408,0.0792747,0.016682080627621606,0.10938024785910691,0.14963694176830716
Tbc1d8-9,2.3930545,0.089839496,0.016708755774370046,0.10949624953429919,0.11969056997769446
mRpL16,2.3923862,0.13769923,0.016739220180776268,0.10963694507441266,0.12709411038868587
HmgZ,2.3906205,0.08629449,0.016819926511065016,0.11004728086063954,0.5614351478335152
RabGGTb,2.3897586,0.18786725,0.01685944995420458,0.11023288931282937,0.09823928622277063
AMPKalpha,2.3896077,0.10072087,0.01686638268671973,0.11023288931282937,0.12220587537373641
DAAM,2.3863413,0.08075452,0.01701694397222589,0.11111133439073032,0.13634853590242513
alphaCOP,2.3862965,0.29271755,0.017019022176346994,0.11111133439073032,0.05979782639646908
Tudor-SN,2.3791537,0.1884799,0.017352433625391437,0.11322741619908791,0.08139148592852737
CG13018,2.378088,0.23206836,0.017402671790758426,0.11332419086117286,0.0725167291538133
Stam,2.3780503,0.21725444,0.017404453629675576,0.11332419086117286,0.0734659010013763
CG7991,2.3759038,0.19325732,0.017506019307674543,0.1139246499419354,0.07541170328888046
Nol9,2.375062,0.39972904,0.017546008755295377,0.11412395982833262,0.047790802524797116
CG1909,2.3722563,0.035061695,0.017679822460783225,0.1149329898530596,0.3645769066489488
Gucy2d,2.3709576,0.06779555,0.017742065671026007,0.11527109983935986,0.15153528546343314
CG42663,2.3703682,0.13000457,0.01777037457674972,0.1153371116698628,0.08912723648616581
CG14411,2.3694296,0.11185895,0.017815544392108636,0.11556874432964989,0.1143277490389635
comm,2.3669038,0.12566823,0.01793759360620203,0.11629857897127477,0.09192729343647667
cnn,2.3665729,0.005626045,0.017953643207274786,0.11634075335112833,0.19904133643396138
CG34133,2.3640041,0.29256076,0.018078614697983362,0.11708832866828862,0.054767215604385175
Dad,2.3592937,0.08711084,0.018309754597606066,0.11841232812421218,0.13084333918655972
CG46385,2.3592446,0.04561089,0.018312186275669863,0.11841232812421218,0.4500023729296189
CG10631,2.3577826,0.08876015,0.018384461337859544,0.1187685561896237,0.1480708082198282
Sec5,2.357736,0.50868493,0.01838676392893756,0.1187685561896237,0.04138389255374685
Bili,2.355257,0.049836066,0.018509895509606265,0.11950059129586375,0.19880404347207062
X11Lbeta,2.354314,0.04857648,0.01855692516349598,0.11974079450389227,0.47059940202173606
blp,2.3495207,0.15849447,0.01879759772996235,0.12122958662990006,0.10255801812918229
GckIII,2.349109,0.19051822,0.01881839574821725,0.12129953769170812,0.08523563191115752
qkr58E-2,2.3457308,0.070872955,0.018989817438289452,0.12233979109688697,0.1452232926771392
CG14687,2.3446698,0.4455791,0.01904393870568382,0.12262364970078186,0.046604337715343364
sog,2.343096,0.71358246,0.019124456774422323,0.1230770874463747,0.030515874899150492
pod1,2.3365376,0.101696625,0.019463243283543066,0.12512524914720802,0.11807697783683736
Snoo,2.334736,0.005136287,0.0195572076408506,0.12566304899015707,0.2657681173176404
detr,2.333776,0.06266987,0.01960745049627775,0.12591950163283958,0.15125053390916426
Zcchc7,2.329281,0.0889499,0.01984417506311,0.12737264341455912,0.13122300792558492
CG5823,2.328689,0.07897411,0.01987554409202252,0.12750684575666446,0.1409520193631057
CARPA,2.3261633,0.10910172,0.020009843930373524,0.12823343200174703,0.08438137724835082
Fum1,2.322636,0.045027386,0.020198715492602125,0.12937579776107583,0.21033648141996109
GlyT,2.321819,0.0671446,0.020242686169115502,0.12958933913621265,0.1406672678088368
l(2)SH0834,2.3212304,0.06919925,0.020274411323564577,0.12972430426400453,0.17189502159365952
CG7115,2.32079,0.0567562,0.020298174638953007,0.12980821126663075,0.1589862844668027
MTA1-like,2.3174524,0.10648938,0.020479099839089927,0.13089656420485954,0.10981918276303924
CG3224,2.3167033,0.16094509,0.020519897865253354,0.1310885928090006,0.09121541455080442
gus,2.314913,0.027118858,0.02061768914036596,0.13164432317020466,0.35608181861325994
CG9346,2.3118012,0.14101368,0.020788646156756067,0.13266639162549723,0.09691044563618242
CG18766,2.3109257,0.10380744,0.02083696156771184,0.13290514105119813,0.1135684115609131
CG16854,2.3058658,0.23210132,0.021118139340612015,0.13455776289739668,0.07256418774619144
CG11151,2.304715,0.059342906,0.021182550046956853,0.13489765022066721,0.19097337572967585
ClC-c,2.3033185,0.06597431,0.021260935612130497,0.13532613272911678,0.13468748516918988
CtsF,2.300176,0.06578665,0.021438261200378422,0.13638359382641577,0.17108822552323097
Kr-h2,2.2984889,0.1429039,0.0215339793954342,0.13692106147675925,0.09392055431635897
CG1552,2.298095,-0.03290392,0.021556378410307303,0.13694059971891878,0.12766361349722366
SelG,2.29804,0.11593357,0.02155952177049841,0.13694059971891878,0.1061648711499217
Phb1,2.2975764,0.17609781,0.02158590553063371,0.13703677214213245,0.09415784727824973
CG12576,2.292352,0.06299745,0.02188534094946763,0.1387931429932679,0.17023397086042427
Ddx56,2.2914534,0.19905908,0.021937199976017615,0.13904967785110697,0.08262540933035926
MRP,2.2910037,0.097329244,0.02196320403405483,0.1391421486336249,0.09876133073893029
CG6503,2.2891133,1.6412202,0.022072774160064604,0.13976365934391036,0.017796972141806273
kay,2.2885592,0.07860247,0.02210497274138105,0.1398948664302667,0.14527075126951736
ND-20,2.2862525,0.057468273,0.02223949619139391,0.14067318063149992,0.46974514735892936
CG3760,2.2806623,0.22271913,0.02256843741469756,0.14260584948042954,0.08362203977030042
KdelR,2.2803075,0.064796284,0.022589461241914896,0.14266473734595891,0.19287171942480186
kn,2.2788951,0.26788184,0.022673301544094922,0.14312007898548576,0.05111290399126762
HDAC11,2.2749112,0.20153776,0.022911254125478692,0.14447246587452653,0.07636087513644345
Oda,2.273355,0.1316492,0.023004791496562402,0.14498728208459105,0.7581035546485692
e(y)3,2.2721796,0.01076795,0.023075665851673713,0.14535880675248108,0.2391913055858763
CG6184,2.2668986,0.07672875,0.023396417860929615,0.1472271230288441,0.13758245930425703
Sou,2.2647574,0.4270608,0.02352756466455661,0.14797599881129025,0.04446870105832661
CG3191,2.2635088,0.18755461,0.02360433673844349,0.1483822901005094,0.08590005220445161
Nrx-1,2.2631516,0.11521039,0.023626342989228378,0.14844406943077562,0.6870580418584785
Manf,2.2628894,0.10861365,0.023642510187417802,0.14846911729749387,0.13525698827772767
wrd,2.2602284,0.022299899,0.02380707721375777,0.14942557371704093,0.286839732333539
Kaz,2.2596402,0.22358264,0.02384358484112883,0.14957769203732338,0.078116843054435
Hsp110,2.257937,0.02236966,0.02394958302479027,0.15016536393475752,0.20046509420530587
GramD1B,2.2539318,0.015522521,0.024200461198659134,0.15158243656241324,0.19999050828152437
CG6282,2.2509174,0.06821896,0.02439076018780547,0.15248965469513842,0.12623985572587917
mRpL48,2.2508814,0.09868218,0.02439305112444079,0.15248965469513842,0.16249822030278582
Coa8,2.2508452,0.057416614,0.024395342247560906,0.15248965469513842,0.21503488206539795
Cap-G,2.2486222,0.42994493,0.024536541954648994,0.15329364935172557,0.03692278487020075
wkd,2.2463984,0.07601453,0.024678500106692206,0.15410155625024144,0.13525698827772767
MED1,2.243279,0.21529569,0.024878836037278734,0.15521316795921045,0.0738455697404015
gek,2.24323,0.14884502,0.024881986232857266,0.15521316795921045,0.08457121161786342
mgr,2.2419107,0.11800085,0.024967146496467297,0.1556647307649309,0.13539936405486214
Fis1,2.2396193,0.09112729,0.025115648185705348,0.1565105499670565,0.5835033932893551
Nubpl,2.2388463,0.036223948,0.02516591328225074,0.15668955041315147,0.2727445303972284
snRNA:U12,2.238591,0.5225954,0.02518254962536234,0.15668955041315147,0.033458307626595796
zetaCOP,2.238585,0.089487135,0.02518293783406052,0.15668955041315147,0.16705424517108822
lncRNA:CR44832,2.237986,0.5310878,0.025221966281122058,0.15685231989826365,0.04128897536899056
shn,2.236828,0.100250244,0.025297581876077547,0.15724233834141216,0.10521569930235869
CG3566,2.2315102,0.09545047,0.02564735691373208,0.1592540160068672,0.15490484552228181
Exn,2.2309976,0.2820021,0.025681294603208928,0.15938355392999676,0.05837406862512458
prtp,2.2288594,0.07973373,0.025823252321384434,0.16018301401799231,0.16999667789853354
CG10947,2.2279062,0.1758181,0.02588677123803805,0.1604953482301352,0.07085567842057805
galla-1,2.222413,0.12343476,0.026255404356853074,0.16269808017574078,0.1106259788334678
DIP-beta,2.2208815,0.03566536,0.026358988511140796,0.16317405330741247,0.12030753167861041
S,2.2176754,0.008471046,0.02657697643358149,0.1644399826136674,0.25713065350481706
CG4199,2.2167168,0.28264892,0.026642447472628904,0.16476143695782533,0.05894357173366238
Rcd-1,2.2151277,0.06829374,0.02675130280167172,0.1653507250758502,0.16548811162260926
beat-VI,2.2106042,0.0021892898,0.0270632604004517,0.16719416169341397,0.28252100042712736
x16,2.2094223,0.07261328,0.02714528010629782,0.16754025112464585,0.17009159508328983
Ilp2,2.209401,0.5197145,0.02714677134885352,0.16754025112464585,0.031559963931469794
SREBP,2.208272,0.09571046,0.02722532705341438,0.16794003616096553,0.10583266100327464
Ddc,2.207865,-0.0035146195,0.027253689450771036,0.16802995483836528,0.3910113426035784
Dh44-R1,2.2049096,0.25972247,0.02746044296708026,0.1692190795377863,0.05723506240804898
2mit,2.2039835,-0.008085253,0.027525496256112808,0.16953424652135374,0.23790992359166627
pyr,2.203727,0.34972864,0.027543556010547976,0.16955980010735822,0.0373499122016041
Scsalpha1,2.2034466,0.04390698,0.02756327684797666,0.16959554846036723,0.43063926723933366
grp,2.200522,0.034853045,0.027769885101535895,0.17078059006186733,0.24735418347491814
Src64B,2.1993604,0.056701127,0.027852308625807995,0.17120110430659286,0.1452232926771392
Sgt,2.1960986,0.11437348,0.028084888635880715,0.172369943395141,0.12695173461155143
PheRS-m,2.1953442,0.15890245,0.028138907599726114,0.17261456705237122,0.11276161549048455
prage,2.192361,0.3336607,0.02835344266119119,0.1737557127185819,0.046984006454368565
SCAR,2.1908603,0.042995375,0.02846191362653469,0.17433279657981474,0.18945470077357507
loaf,2.1890028,0.02811165,0.028596640101566338,0.17507003827121653,0.38621802477338524
pst,2.1875987,0.69305086,0.02869884179969792,0.17551940928074158,0.026007308623226234
Capr,2.1866462,0.10294315,0.028768360544004685,0.17585634236252415,0.10379194153101419
rho-5,2.184779,0.082422994,0.02890506362992118,0.17660341883965375,0.12059228323287931
CG42404,2.1813776,0.024670461,0.0291554989281375,0.17804427677107615,0.17303402781073512
N,2.176078,0.27593,0.029549429565748183,0.18035953779514502,0.0406720136680746
ATPsynG,2.1713293,0.16916548,0.029906299678179357,0.18244638977844252,0.7910872763513834
CG34150,2.1690016,0.0937638,0.030082559674458786,0.1834298748734258,0.12467372217740022
Ddrgk1,2.1669226,0.18491821,0.03024076524268223,0.18430234377152688,0.08110673437425846
Hsc70-5,2.162172,0.041657034,0.030604915902376826,0.18642844574416348,0.17858668311897868
CG7407,2.1593573,0.047335695,0.030822454745905087,0.1875661012969731,0.2502491576099853
hpRNA:CR18854,2.1555812,0.011322222,0.03111637198552867,0.18926020864850746,0.2608798823026909
CG12290,2.154665,0.11473388,0.031188063142541,0.1896016467054525,0.08618480375872052
tnc,2.152401,0.5931063,0.03136578488562783,0.19058701494063687,0.03279388733330169
SCCRO,2.1520422,0.104243994,0.03139403419891632,0.1906121748677117,0.1451283754923829
plum,2.1511147,0.0075667556,0.0314671518333056,0.19091742842019008,0.20791609320867543
Trx2,2.150669,0.023585172,0.03150232149735051,0.19103571976676884,0.32456931327416827
Smox,2.1494753,0.019028984,0.03159673369218352,0.19133171264916865,0.3250438991979498
CG10600,2.1493287,0.04360292,0.03160834764753232,0.19133171264916865,0.16548811162260926
Sulf1,2.149303,0.227444,0.031610393845441793,0.19133171264916865,0.05462483982725072
Dhpr,2.1492584,0.14687493,0.03161391986835882,0.19133171264916865,0.09524939490294718
mEFTu1,2.1474538,0.096987434,0.0317571655749429,0.19210327106351316,0.12434151203075317
FER,2.146549,0.6336733,0.03182920273000402,0.19244352781548563,0.031654881116226094
CG15209,2.146198,0.08958608,0.031857175762406466,0.192517161808613,0.09040861848037587
beat-VII,2.1459088,0.0075725736,0.03188025431575543,0.19256115949194397,0.36747188078401594
pix,2.1455886,0.026040781,0.03190582228907692,0.1926201425862103,0.25276446300602723
CG15019,2.1452916,0.20813617,0.031929534355311366,0.19266786844400507,0.08181861325993071
ras,2.1434474,0.08610729,0.0320771926478477,0.1933674090922926,0.13445019220729912
Lam,2.1432495,0.06664091,0.03209307175600699,0.19336749957190766,0.13758245930425703
gb,2.1418288,0.48164427,0.03220726124191567,0.193768167461851,0.0341227279198899
Tis11,2.1411016,0.7277944,0.03226584808777899,0.1940248753536942,0.025532722699444736
CG1354,2.13957,0.12011,0.03238953135199321,0.19467258266737933,0.1137582459304257
DCTN2-p50,2.1386967,0.19462503,0.03246025168110126,0.19499980778652193,0.07303877366997295
sigmar,2.1385026,0.095168434,0.0324759709415571,0.19499980778652193,0.1101513929096863
cGlr2,2.1370578,0.30804384,0.03259329773809051,0.1955541256909705,0.05837406862512458
ND-23,2.1369708,0.033811476,0.032600376027898274,0.1955541256909705,0.26965972189264864
lncRNA:CR30055,2.1353133,0.015575942,0.032735438277396604,0.19626771134441082,0.19595652792938162
CG31663,2.1329432,0.34579647,0.03292939236730737,0.19733351207724165,0.0353566513217218
CG12279,2.131054,0.09589893,0.03308470013801231,0.1980902289834892,0.13615870153291254
AstC,2.130809,0.4651159,0.03310486996608821,0.19809291115201239,0.0373499122016041
GABA-B-R1,2.1288762,0.076872535,0.0332645029784522,0.1988528821992908,0.5888187556357078
CG42402,2.127916,0.003690501,0.03334403891972059,0.19923063254533055,0.3837976365620996
CG5521,2.127174,0.07724273,0.0334056459117839,0.199403240949429,0.12590764557923212
Syx8,2.126838,0.18705405,0.03343354614501571,0.19947209689750195,0.07560153765839306
p47,2.1250129,0.18791917,0.033585546862277195,0.20028093478683792,0.07797446727730055
CG42709,2.1240242,0.29830158,0.033668131260248924,0.20067523321817807,0.054672298419628874
Camta,2.1236446,0.016963318,0.033699876751584416,0.20073473961795676,0.2328318542072042
Cand1,2.1212077,0.32596603,0.033904323216561984,0.20168852888563887,0.04565516586778036
Spase25,2.1207457,0.115297444,0.033943218096025275,0.2018214074987571,0.12030753167861041
Tpr2,2.1191537,0.037742045,0.034077485202766516,0.20252094935959097,0.23691329315172513
HINT1,2.1149309,0.02641497,0.03443583267084553,0.20449306113357493,0.17901381045038203
Prp8,2.1143258,0.1777224,0.03448745665326594,0.20465803755923007,0.06293009349342699
aux,2.1138484,0.15361802,0.034528212657810566,0.20480018690318882,0.0815338617056618
Tim8,2.1118608,0.02531727,0.03469839864479066,0.20570952387225355,0.2958568648853875
Dhx15,2.110911,0.38460043,0.03477996763511068,0.20609286606920957,0.04489582838972996
CG9922,2.1081264,0.11936205,0.035020055979185054,0.20741470472803045,0.09577143941910683
TwdlG,2.1073487,0.5601066,0.03508736300747854,0.2077124175318873,0.033790517773242844
CG8641,2.1066375,0.1634266,0.0351490230764919,0.20797642829095134,0.09335105120782118
UQCR-C2,2.1029527,0.091403246,0.035469897740918584,0.2096714760252457,0.6052868871909259
HPS1,2.100078,0.20171571,0.03572197623343497,0.21105921876361552,0.08485596317213231
CG3918,2.0984185,0.14607112,0.03586818905818279,0.21171784815021308,0.07745242276114091
eIF2gamma,2.0939217,0.23508354,0.03626695980943265,0.21396804119901963,0.0658725262208723
side-V,2.0916824,-0.0052603097,0.03646694002829634,0.2150437987445109,0.20037017702054957
CG11562,2.0891542,0.21554896,0.036693849282311064,0.21627723834723867,0.0745099900336956
SmE,2.0874617,0.09839735,0.03684642340977025,0.21707155869583836,0.13127046651796306
zld,2.0868146,0.0077515123,0.036904887349500065,0.2173109526101721,0.16036258364576908
Timp,2.0863695,0.46630287,0.03694515409674474,0.21744301462347737,0.03521427554458735
per,2.0827296,0.56964535,0.037275885072279434,0.2192836694720145,0.033363390441839495
CG6693,2.0825038,0.19894959,0.03729647600433111,0.21929896093429418,0.08305253666176261
gce,2.0813153,0.010142229,0.03740506446058748,0.21983140342820676,0.3420340752693275
CG12531,2.080716,0.034980837,0.037459914457802675,0.21996624104176005,0.4384224763893503
RhoGEF2,2.080043,0.069939665,0.03752157494713966,0.2201976297692274,0.08623226235109867
Cox10,2.0786698,0.13898389,0.037647713532399645,0.22083155931011517,0.10184613924351003
CG14321,2.0774856,0.09212272,0.0377567683689867,0.22136471844616587,0.16164396563997913
Sgip1,2.0749586,0.073885486,0.03799037853360271,0.22241341207784987,0.13022637748564378
elB,2.074272,0.026873702,0.03805407196102783,0.22267934859960067,0.20734659010013762
CG34404,2.0678813,0.045122538,0.03865117853088852,0.22595645808776987,0.2017464761995159
CG10479,2.0673819,0.68268394,0.03869818608999909,0.2261228141184079,0.026386977362251436
hwt,2.0611842,0.04692991,0.03928547580719319,0.22944449670046851,0.477860566655593
mam,2.0592942,-0.004196342,0.03946606874072607,0.23038884668616383,0.25504247544017844
Hel25E,2.0588653,0.08743452,0.03950713803359479,0.23051819315054425,0.15049119643111386
Sik2,2.0561898,0.08372638,0.03976423226978744,0.23190728571121486,0.1051207821176024
Slik,2.0558555,0.0039978656,0.039796444706235896,0.23198415328757022,0.1695695505671302
dop,2.054312,0.0517409,0.03994549919089901,0.23274172544831168,0.1426605286887191
GC1,2.0537815,0.05967939,0.03999684112964185,0.232929525336457,0.19225475772388592
CG14229,2.0483596,0.14882113,0.0405247846754581,0.2357788068778801,0.1104361444639552
CG10418,2.0452893,0.19624919,0.04082634744221075,0.23737781251330486,0.06900479331783019
eIF3h,2.0451653,0.019775398,0.040838565332709846,0.23737781251330486,0.23102842769683452
CG14441,2.0436263,0.041562367,0.04099048979849451,0.23814732133167285,0.13202980399601347
Srlp,2.0430977,0.11167305,0.041042771462519424,0.23828310460359597,0.10402923449290494
CG13229,2.0429947,0.26825422,0.04105295919825675,0.23828310460359597,0.05144511413791467
Rpn7,2.0393364,0.20358598,0.04141647019279977,0.24016429837299544,0.06867258317118315
Trim9,2.0390987,0.087447956,0.041440176997724135,0.2401875023420159,0.1045512790090646
scu,2.037859,0.22972567,0.04156405113856952,0.2407909787680722,0.06017749513549428
mRpS16,2.0343213,0.07770913,0.04191921418408667,0.24260469158134668,0.145792795785677
CG32225,2.0341463,0.17558151,0.04193683527458343,0.24260469158134668,0.10028000569503108
side-VII,2.032884,0.021210022,0.042064253696299674,0.2431465549131213,0.20184139338427223
sd,2.032823,0.024304066,0.04207039825348862,0.2431465549131213,0.4160694793792416
Trap1,2.0299897,0.16314436,0.042357586242529686,0.24469034062094522,0.09510701912581272
CG10550,2.0282454,0.7708355,0.0425351932626036,0.24559993873892716,0.025105595368041383
Sec24AB,2.0268774,0.1990713,0.0426749595218638,0.24629028485416565,0.07000142375777134
CG1371,2.025192,0.2583296,0.04284765364459216,0.24716992440791946,0.055574011674813725
Elys,2.0234382,0.16750476,0.04302797849291775,0.2479754278251416,0.0738455697404015
CG2233,2.0188413,1.1393532,0.04350371924818808,0.25059869277701535,0.018413933842722226
Gmppb,2.0176492,0.22835042,0.043627819083471193,0.2511948449732784,0.06226567320013288
GILT1,2.0171158,0.3498006,0.04368342979365649,0.2513962822260996,0.0383940012339234
CG9915,2.01428,0.1596368,0.043980142723988494,0.25298440758031887,0.08533054909591381
ND-MNLL,2.0135012,0.31477466,0.04406193621328159,0.25333534929419305,0.045370414313511465
CG4278,2.0132034,0.35205022,0.0440932269054482,0.25339572972678365,0.04442124246594846
Dark,2.009104,0.14571477,0.04452610634530906,0.25576282292317254,0.0710929713824688
CG33090,2.0078073,0.12521806,0.04466377240610205,0.25643274698915586,0.10326989701485453
mRpL19,2.0063329,0.15679336,0.044820733441256665,0.2572127683217879,0.08124911015139291
Gyf,2.001852,0.0040664347,0.04530065202188157,0.25966342612722765,0.3438849603720754
Prosalpha3,2.0017974,0.10004611,0.04530650941799321,0.25966342612722765,0.13221963836552608
Miox,2.0017495,0.90708107,0.0453116832695556,0.25966342612722765,0.024203882112856533
ssx,2.0012095,0.0030907448,0.045369827108182464,0.2598744467206936,0.2761140904560771
Pde8,2.0005195,0.058701076,0.0454441920834504,0.26017813870604833,0.13554173983199658
Bicra,1.999759,0.028011857,0.045526301080847376,0.26052586097391955,0.4394665654216696
raw,1.9993051,0.059792306,0.04557535144948524,0.2606841665029449,0.14033505766218973
mRpS35,1.9967633,0.18124929,0.04585089174466941,0.2621372042569303,0.08552038346542641
CG5687,1.9944696,1.6559973,0.04610075339332254,0.2634421392926435,0.01599354563143657
CG10333,1.9941016,0.08772201,0.04614094515520081,0.26354825702752704,0.10962934839352664
CG2186,1.992294,0.03948696,0.04633881704850139,0.2645544922736222,0.1547150111527692
Crtc,1.9920264,0.029950554,0.04636815170481508,0.26459803423688716,0.4251340705234683
Lrch,1.9914598,0.066006556,0.046430359710286466,0.2648290381416386,0.11983294575482892
Brr2,1.9886705,0.20929958,0.04673758237025458,0.2664566845234018,0.06088937402116653
Sod3,1.9879338,0.09237493,0.046819017240584244,0.2667961669684345,0.05614351478335153
CG7058,1.9858109,0.19044997,0.04705432648425619,0.26796062385929886,0.07246927056143515
Glo1,1.9853714,0.33149046,0.04710316867868136,0.26796062385929886,0.04385173935741066
RanBPM,1.9853066,0.03310223,0.04711037054497337,0.26796062385929886,0.15514213848417255
ghi,1.9852983,0.033874437,0.047111298460126134,0.26796062385929886,0.1825732048787433
CG42336,1.9849669,0.15324019,0.04714816237868994,0.26804521979190843,0.08499833894926677
MFS17,1.9825913,0.034847524,0.04741310886447202,0.26942582002286686,0.46476199515922356
Abcd3,1.9793998,0.26033977,0.04777101452657023,0.2713331295733292,0.057709648331830475
CG13220,1.9771605,0.08667963,0.048023494608431486,0.27256621659670127,0.12035499027098856
san,1.9770778,0.092469655,0.04803283560995277,0.27256621659670127,0.11380570452280385
CG10340,1.9755319,0.078673795,0.048207811758281725,0.27336161864515074,0.16491860851407147
GABA-B-R3,1.9747479,0.07386031,0.04829676378049925,0.27346140859947715,0.09373071994684638
ths,1.9746966,0.005461829,0.048302584499648756,0.27346140859947715,0.2716055241801528
prim,1.9744817,0.048242085,0.04832700184066889,0.27346140859947715,0.15666081344027336
CG14853,1.9744407,0.020197392,0.048331651788227535,0.27346140859947715,0.23957097432490151
beat-Ia,1.9743,0.00728289,0.048347636026899114,0.27346140859947715,0.1546200939680129
regucalcin,1.9716892,0.09360696,0.048645099519510064,0.27501628851730436,0.0744150728489393
CG11638,1.971068,0.025813125,0.04871609178870563,0.27528995957929203,0.2119500735608182
CG16953,1.9680558,0.06160825,0.04906161432941341,0.277114002345329,0.12510084950880357
CG1927,1.9662691,0.09205408,0.04926752760238211,0.278147294583394,0.13748754211950073
Ndf,1.9658754,0.062500894,0.049313012026804035,0.278147294583394,0.1623083859332732
snz,1.9651235,0.119979516,0.04939994794647524,0.2785087722107247,0.09078828721940108
CLIP-190,1.962767,0.026835809,0.04967326027341487,0.27992018930774565,0.4328698210811067
fz,1.9597586,-0.02203027,0.050024001581554185,0.28176643035007576,0.24863556546912818
Mo25,1.9591467,0.055493686,0.05009560807337322,0.28203943039554097,0.1582269469887523
CG15803,1.9586154,0.049335677,0.05015784519060375,0.2822594529216385,0.12609747994874473
Sec31,1.9576267,0.21706085,0.05027383368542863,0.28278161457853696,0.06264534193915808
Svil,1.9553179,0.068257585,0.05054556671056677,0.28417892649220405,0.10056475724929999
Scr,1.9541408,0.95765126,0.05068457203969674,0.2848290680460413,0.02187841108632718
CAP,1.9536071,0.1107004,0.050747703866216944,0.28505242508079187,0.05732997959280528
CG4328,1.9494909,0.46068773,0.051236829883293,0.287497762387225,0.0356414028759907
CG13409,1.9494197,0.12313866,0.05124531720274039,0.287497762387225,0.08618480375872052
cdm,1.9493486,0.11144967,0.051253805699191066,0.287497762387225,0.12054482464050116
Galphai,1.9489444,0.2909264,0.05130205598351615,0.2876360443344426,0.034075269327511745
Lamtor5,1.9473243,0.06298955,0.05149586605036853,0.28858993622434115,0.15808457121161787
Hpf1,1.9459636,0.34654003,0.051659107274345265,0.2891059956689598,0.04228560580893171
Utx,1.9449817,0.113359734,0.05177718248674567,0.2896338124510982,0.09933083384746809
Ask1,1.9439993,0.28520405,0.05189553134599152,0.2901626750349957,0.04313986047173841
CG3632,1.9431092,0.14252889,0.05200296839688177,0.29053146968916116,0.07156755730625029
Snrnp59,1.9430579,0.30601516,0.052009161281626845,0.29053146968916116,0.050116273551326466
Cul2,1.9427038,0.07578854,0.05205195224020814,0.2906373091415011,0.12220587537373641
Nelf-E,1.9401346,0.15252638,0.05236332167531213,0.2921082507553225,0.10175122205875374
dpr2,1.9396193,0.0194238,0.05242597540926553,0.2923239772477299,0.1521522471643491
Arms,1.9379499,0.17798069,0.05262934212653995,0.2933237545406472,0.06573015044373784
santa-maria,1.9370593,0.6888923,0.0527380964073676,0.29379554712495604,0.023349627450049832
Sarm,1.9367088,0.24817504,0.05278095077720032,0.29389995843914785,0.042143230031797256
CG3061,1.9351184,0.030218251,0.052975764628529806,0.29485004340509124,0.22576052394285986
gry,1.9322735,0.30562156,0.05332575719158867,0.2966625533584091,0.046367044753452616
mRpL1,1.9319746,0.117221,0.05336263315858172,0.2967322698768032,0.12125670352617342
Pfdn6,1.9281701,0.036079478,0.05383397981041486,0.2992006511897,0.26244601585116983
Tango14,1.9279959,0.1617946,0.05385562627862842,0.2992006511897,0.08120165155901476
CG10283,1.9275736,0.14048307,0.0539081911886049,0.2993562379944898,0.07503203454985526
CenG1A,1.9267017,0.07955929,0.05401681900112933,0.29982286284370013,0.09975796117887144
CG9143,1.9241571,0.25157085,0.05433488497999399,0.3013644202589864,0.05358075079493142
mon2,1.9240844,0.1592564,0.05434399833696383,0.3013644202589864,0.08594751079682976
trc,1.9218146,0.11148249,0.05462909637808146,0.3027290608974107,0.10289022827582935
Chro,1.9217299,0.01680514,0.054639751741267006,0.3027290608974107,0.1868444781927768
CG8066,1.9214275,0.49023876,0.054677835063656956,0.30280242234934784,0.03682786768544445
bmm,1.9200319,0.27274433,0.054853875790451735,0.3035015397230214,0.04119405818423426
mRpS26,1.9188492,0.07086901,0.05500341894418778,0.3041280052730232,0.15675573062502965
spri,1.9178609,0.13401666,0.055128650556470114,0.3046070360982839,0.08205590622182146
Plp,1.9094812,0.09813416,0.05620005634049581,0.3102849940226921,0.07118788856722509
Vps2,1.9094259,0.15533201,0.05620717588006433,0.3102849940226921,0.09306629965355227
lama,1.9087133,0.7990424,0.05629908015815401,0.31051108056458787,0.02287504152626833
CG9123,1.9082491,0.1219101,0.056359015913414426,0.3107010605918627,0.09956812680935884
Wdfy2,1.9076546,0.12610818,0.05643586052265514,0.31076112873609063,0.10160884628161929
LysRS,1.9075732,0.2912996,0.05644639749132042,0.31076112873609063,0.05225191020834322
exd,1.9070685,0.012043017,0.0565117118016577,0.31086793628095916,0.2777276825969342
Hmgs,1.9039645,0.22870435,0.056914805139604875,0.3129159043061091,0.06055716387451948
atl,1.9035568,0.06350352,0.05696793006173642,0.31306677165126473,0.10602249537278724
CG2818,1.8992685,0.22355078,0.057529176506473115,0.3160086220988737,0.054862132789141475
Nav,1.8983506,0.038987786,0.05764991650580367,0.3165292037338923,0.12576526980209768
bru1,1.8970782,0.04975382,0.057817628240290186,0.3173071006847803,0.108158132029804
AnxB9,1.8913378,0.15491831,0.05857926572841346,0.321144021228316,0.05201461724645247
Nmdar2,1.8904735,-0.009363226,0.05869466492568431,0.32143314455456135,0.2780598927435812
Sf3b2,1.8904238,0.010071467,0.0587013027958367,0.32143314455456135,0.15651843766313892
Scamp,1.8892225,0.02963606,0.058862022974624145,0.32202387703666685,0.22186891936785155
Cnot4,1.8879818,0.0019173791,0.059028389884642325,0.32278916298963894,0.21047885719709553
CG33639,1.8874971,0.027956707,0.05909350791940927,0.3230003444079281,0.12984670874661858
SMSr,1.8872602,0.1610264,0.05912534135412563,0.32302948712032153,0.06179108727635138
Nos,1.8859404,-0.0026060194,0.05930298268195692,0.3238548637591276,0.1308907977789379
CG32112,1.8854207,0.23395474,0.05937306948102683,0.32409240658496913,0.05932324047268758
GstE13,1.8833562,0.35410646,0.05965211305382124,0.3254698325931187,0.04641450334583076
Aldh-III,1.8802705,0.098628014,0.060071228956757844,0.32760993725007664,0.09833420340752694
Treh,1.8778118,0.10278439,0.06040691754708009,0.329146141252284,0.08495088035688861
CCT3,1.8764125,0.16863501,0.06059864999547191,0.3300054578630818,0.07170993308338475
Rh7,1.8762659,0.08642097,0.060618772676629754,0.3300054578630818,0.08025247971145176
mtm,1.8749171,0.23822658,0.060804117542533336,0.33071904896293564,0.06117412557543543
CngB,1.8743119,0.1884746,0.06088744040208677,0.3310245366017108,0.06658440510654454
nec,1.8735923,0.9255151,0.06098664274965124,0.33115209770073967,0.02064448768449528
lawc,1.8731568,0.013295774,0.061046744075277874,0.33115209770073967,0.21484504769588533
orion,1.8706019,0.12761162,0.061400279715449285,0.3328839348322144,0.06573015044373784
Hs3st-B,1.8704553,0.18870115,0.06142062264645583,0.3328839348322144,0.0742252384794267
CG32147,1.8677936,0.2606858,0.06179085374551745,0.3347416516907165,0.05092306962175502
GAA1,1.8673747,0.23496577,0.061849281321348634,0.3349093247560722,0.061316501352569885
CG14562,1.8669816,0.111186616,0.06190414725304201,0.3350575714330946,0.07778463290778795
Vha44,1.8666427,0.08664544,0.061951500771835796,0.33516504345668285,0.58696787053296
cyc,1.8658634,0.39422137,0.062060477580525006,0.33560566159228894,0.038299084049167105
mAChR-B,1.864682,0.06409422,0.06222599580426357,0.33635151346260256,0.09814436903801434
CG1637,1.8641689,0.10813917,0.06229798432882769,0.33659137011705703,0.10583266100327464
Scox,1.8632843,0.13794038,0.06242227196928361,0.3371134572590155,0.09643585971240093
Gel,1.86308,0.33066246,0.062451000040373246,0.337119238039021,0.039105880119595655
CG9410,1.8605431,0.10078662,0.06280872163205609,0.3387502247668724,0.1141379146694509
Pcyt2,1.8590589,0.10220613,0.06301879332588681,0.3397328933433146,0.05695031085378008
Sar1,1.8562084,0.017580952,0.06342386100778237,0.341712026549901,0.26007308623226233
Galm1,1.8560812,0.4632325,0.06344198179361933,0.341712026549901,0.02942432727445304
CG17598,1.8556533,0.15596308,0.06350300099265646,0.3418896109096685,0.06449622704190594
mRpL30,1.8538169,0.081606306,0.06376536191564366,0.34315055028246383,0.13900621707560154
CG9813,1.8528886,0.011635109,0.06389833047389304,0.34371436458353144,0.38868587157704904
CG14483,1.8525352,0.02109881,0.06394899378109194,0.34383515006516524,0.2029803996013478
CG6126,1.8515855,0.82012516,0.06408536221365806,0.34428796139420054,0.02235299701010868
Ifrd1,1.8515553,0.048524063,0.06408970255176315,0.34428796139420054,0.19030895543638177
beat-IIb,1.8506143,0.01021448,0.06422505999707803,0.34478403394665075,0.16952209197475204
CCT7,1.8505201,0.38545805,0.06423862015693198,0.34478403394665075,0.0405770964833183
uzip,1.8498664,0.030326195,0.06433280540590394,0.34513757266398026,0.15680318921740782
Pis,1.8495997,0.030022584,0.06437125654532863,0.34514588924702705,0.3568886146836885
Lmx1a,1.8493546,0.43921208,0.06440662999631053,0.34514588924702705,0.035499027098856245
firl,1.8492668,0.4346004,0.064419304129706,0.34514588924702705,0.0373499122016041
CG5196,1.8483039,0.28421876,0.06455839586593087,0.3457391420078345,0.046604337715343364
wnd,1.8470751,0.051486857,0.0647362512458139,0.34653937919860595,0.12903991267619003
jub,1.846729,0.38345966,0.06478642508672294,0.346598547543633,0.03967538322813345
Pxn,1.8466066,0.04329512,0.06480417506374105,0.346598547543633,0.1135684115609131
CG7611,1.8461436,0.111761376,0.06487135007096444,0.34680565176095857,0.08841535760049357
mRpL52,1.8438789,0.06834559,0.06520078822263904,0.34839529300045924,0.1398130131460301
CG32815,1.8435777,0.05027661,0.06524470918905156,0.34839529300045924,0.11874139813013146
ova,1.843511,0.07921337,0.06525444695381478,0.34839529300045924,0.11893123249964406
CG32428,1.8418641,0.054102436,0.06549502482202724,0.3495266451644877,0.14802334962745006
beat-IV,1.841456,-0.015866622,0.06555475973985576,0.3496923266823203,0.21674339139101134
Thor,1.8409799,1.4831511,0.06562449753386382,0.34991119879276733,0.01504437378387357
AP-1sigma,1.8396888,0.021954883,0.06581393572806361,0.35076784546977147,0.32456931327416827
ND-B22,1.8379833,0.07214244,0.06606487849176847,0.3519514003217508,0.5620046509420531
Rab10,1.836013,0.08902984,0.0663557415476728,0.35334649791375444,0.11086327179535856
mRNA-cap,1.8344989,0.16766994,0.06657997282138996,0.3543857155982193,0.0710929713824688
chico,1.8338925,0.1613514,0.06666995789392192,0.3547097847093035,0.0723268947843007
pes,1.8323498,1.0134195,0.06689932295724683,0.35577480258546323,0.019363105690285227
dpr16,1.831437,0.12477975,0.06703534514648288,0.35622012662719266,0.08025247971145176
kug,1.8312442,-0.015095832,0.0670640946386872,0.35622012662719266,0.1905462483982725
twz,1.8311998,0.10697626,0.06707073513901117,0.35622012662719266,0.09577143941910683
Rab4,1.8297628,0.021970125,0.06728541943194763,0.35720469401394145,0.30487399743723603
CG42673,1.8288683,0.07918093,0.06741934815487725,0.357759875777013,0.11000901713255185
Magi,1.8261958,0.33728987,0.06782077555809843,0.35930214298541774,0.03977030041288975
Dh44-R2,1.8261485,0.25742462,0.0678278965468411,0.35930214298541774,0.04916710170376347
Dref,1.8238945,0.22129717,0.0681680242927626,0.36094702350325075,0.05714014522329268
Oatp30B,1.8217093,0.18922071,0.06849911557595945,0.36254264861283964,0.06473352000379669
TMEM216,1.8209748,0.12324561,0.06861067878374313,0.3629755050759744,0.07280148070808219
Act42A,1.8203382,0.14322777,0.06870751184467,0.36325821708651984,0.08651701390536756
RabGGTa,1.8202318,0.3121224,0.0687237220938153,0.36325821708651984,0.04413649091167956
CG13315,1.8170666,1.0189668,0.06920692966100234,0.36565377790982123,0.017464761995159225
Mpv17,1.8154885,0.08976243,0.06944887623827053,0.36677311632074505,0.13165013525698827
Ge-1,1.8126093,0.23265433,0.0698920918432308,0.3686822209927552,0.05742489677756158
Phb2,1.8107519,0.03700419,0.07017925566710245,0.369989164068474,0.20568553936690237
nAChRalpha2,1.8101836,0.012949979,0.07026730597396565,0.37029320904309,0.16325755778083623
cl,1.8078184,0.033920065,0.07063476658813193,0.3720687856278047,0.20820084476294434
mRpS28,1.8031904,0.07040959,0.07135831859847382,0.3755555031937812,0.1563286032936263
CG1307,1.802009,0.084043324,0.07154399764106895,0.3763702146081094,0.12543305965545062
Ar1,1.8015833,0.123563215,0.07161098399002426,0.3765600879440922,0.07873380475535095
FeCH,1.8013401,0.2822637,0.07164928497166054,0.376599023078728,0.0408618480375872
CG8301,1.798763,0.10015657,0.07205616984573039,0.37857441993517577,0.10459873760144274
velo,1.7979754,0.033676986,0.0721809023216526,0.3790663586379248,0.10811067343742585
spoon,1.7971318,0.021818627,0.07231470437671073,0.37952647095362746,0.15566418300033222
WASp,1.7958839,0.13346432,0.07251297510706482,0.3803186977538783,0.08879502633951877
AspRS,1.7935631,0.21613765,0.07288291689683407,0.3818226974951753,0.05657064211475488
sds22,1.7934957,0.22539186,0.07289370884168289,0.3818226974951753,0.06055716387451948
Rab11,1.7932671,0.023919316,0.07293022070020748,0.3818498540012152,0.24023539461819562
CG6923,1.7921393,0.26950705,0.07311064981370104,0.3826301891709755,0.04987898058943572
CG10395,1.7917328,0.0059827277,0.07317577769798714,0.38280667569131555,0.20525841203549902
bai,1.7869323,0.046392508,0.07394842952371226,0.3866827144849973,0.16714916235584454
temp,1.7866669,0.13918816,0.07399134949489948,0.3867412345597469,0.07370319396326705
CG8034,1.7828817,0.61152905,0.07460556284048066,0.38978448583909936,0.024488633667125434
fws,1.7816871,0.30219314,0.07480026524533155,0.3906342900922649,0.04684163067723411
Chmp1,1.7787441,0.026559569,0.07528173248693719,0.392918553047314,0.2299843386645152
bbx,1.7786196,0.4693276,0.07530213634576466,0.392918553047314,0.025580181291822886
bsf,1.7783649,0.11537412,0.07534393597432812,0.392968436282022,0.07859142897821651
Dp1,1.7775265,0.034669086,0.0754816629483669,0.39351800176415824,0.1452232926771392
CG9921,1.777267,0.05616163,0.07552432812522027,0.39351800176415824,0.1493047316216601
chm,1.7771342,0.12745298,0.07554615834999838,0.39351800176415824,0.07076076123582174
CG12107,1.7745532,0.117902435,0.07597169605218215,0.39556557162753025,0.07783209150016611
TyrRS,1.7742571,0.160521,0.07602063154063955,0.3956513568953268,0.0749845759574771
CG3735,1.7728742,0.5385575,0.0762495568129432,0.3965042013621863,0.027431066394570738
EDTP,1.7721701,0.16064756,0.07636634037450957,0.39694214192959365,0.05970290921171278
Cyp28d1,1.7712783,0.13342038,0.07651444035209091,0.39754241835108106,0.04935693607327607
mRpL4,1.7708217,0.07981304,0.07659036290296549,0.3977673342242209,0.14735892933415595
lute,1.7700201,0.04787753,0.07672378889667891,0.398194872661769,0.1397180959612738
lap,1.7699347,0.03976158,0.07673802246964438,0.398194872661769,0.4656637084144084
Ssrp,1.769569,0.38682282,0.07679895323710162,0.39834146425831135,0.03796687390252005
D,1.7684938,0.06588444,0.07697839779390668,0.3991023780135808,0.08732380997579611
puml,1.7669467,0.14880472,0.07723715588535583,0.4002736790334193,0.08495088035688861
Alg14,1.7662755,0.2579472,0.07734963977530782,0.40068625551263365,0.048834891557116414
CG6357,1.7645528,0.22985715,0.07763895273924314,0.40201410150324324,0.0378244981253856
Lcch3,1.7629839,-0.0047563068,0.07790320406654967,0.40303996365329964,0.23012671444164967
koi,1.7617162,0.08410146,0.07811725476539108,0.4039759093488977,0.08808314745384652
NdufAF1,1.7602829,0.23870735,0.07835986292385713,0.4050586807374447,0.05277395472450287
tzn,1.759763,0.071743734,0.07844799086341826,0.4050936312330349,0.15770490247259267
ClpP,1.7597129,0.10467224,0.07845648450989884,0.4050936312330349,0.10953443120877035
CG11999,1.759655,0.15005228,0.07846632729027773,0.4050936312330349,0.07645579232119976
scf,1.7563264,0.18717903,0.07903269104001318,0.4078448226446743,0.10308006264534193
Rtnl1,1.7549319,0.15282658,0.07927094688405091,0.40890121522204675,0.7567272554696027
RhoGAP1A,1.7525086,0.03271132,0.07968638123799461,0.41087026265224885,0.12467372217740022
CG17982,1.7503934,0.40227985,0.0800504627740137,0.412572977062348,0.034502396658915094
CG6912,1.7492048,0.012422244,0.08025563305240582,0.4134555838021025,0.15518959707655072
l(3)mbt,1.7475818,0.1313363,0.08053646833574499,0.4147270859925626,0.08689668264439276
smg,1.7468137,0.078723446,0.08066966863743992,0.4152375806679709,0.12092449337952636
disp,1.7429248,0.12613446,0.08134675614345888,0.4185460576752301,0.0674861183617294
CG10576,1.7418768,0.10061125,0.08152999534726924,0.41931186214677835,0.10426652745479568
cos,1.7389055,0.22631592,0.08205137701283603,0.4218153666847146,0.06563523325898153
CG6195,1.7386317,0.13522895,0.0820995577116778,0.42188512181603743,0.08395424991694746
cv-c,1.7367835,0.26466888,0.0824253954015393,0.42338101329513805,0.04157372692325945
Arp1,1.7341734,0.04152752,0.08288731827496183,0.4253951673488462,0.15495230411465996
CycT,1.7336651,-0.011877868,0.08297751302488515,0.425678832601147,0.2779175169664468
AspRS-m,1.7322549,0.1448849,0.083228204151529,0.42678526731299404,0.08442883584072897
Cat,1.7316723,0.2906456,0.08333193707265747,0.42709243991261187,0.042238147216553557
otp,1.7314397,0.41454417,0.08337336040090591,0.42709243991261187,0.03018366475250344
Asx,1.7311739,0.02961839,0.08342075213521945,0.42709243991261187,0.14422666223719804
stx,1.7311318,0.0031722216,0.0834282631415152,0.42709243991261187,0.3448341322196384
Dip-C,1.7298812,0.19604425,0.0836515046355033,0.42769638842372054,0.07118788856722509
CG11586,1.7296419,0.100829564,0.08369426430411422,0.4277355922863096,0.09681552845142613
rho-7,1.7285062,0.25616905,0.08389750770998466,0.4285946024631195,0.04646196193820891
smid,1.726923,0.16372785,0.08418149184572883,0.42951733594707353,0.05766218973945233
CG4168,1.7269099,0.030055936,0.08418384736873892,0.42951733594707353,0.12979925015424043
CG17528,1.7253891,0.045089193,0.08445737867867667,0.430732631261251,0.1469318020027526
CG7149,1.7247357,0.59328413,0.08457510267538262,0.43115262505656166,0.025627639884201036
qtc,1.7240797,0.021377727,0.08469346150401189,0.43157550262224115,0.28119215984053914
Obp99c,1.7221738,0.95428246,0.08503804292127644,0.43296938394629847,0.01675288310948697
CG17544,1.7200494,0.4468918,0.08542347585892587,0.43475020761772337,0.034882065397940296
CG31323,1.7192872,0.082322426,0.08556210250732214,0.43527398475031287,0.08485596317213231
kel,1.7144719,0.24929199,0.08644208706728507,0.4392007500054763,0.04389919794978881
Hmg-2,1.713887,0.27839243,0.08654948566920115,0.43956320034245533,0.0408618480375872
mRpL22,1.7129987,0.061193738,0.08671275950116066,0.4402090068969793,0.14764368088842486
Nurf-38,1.7120141,0.025305634,0.08689407587589539,0.44094583299387546,0.191020834322054
Pfrx,1.7113131,0.06275374,0.08702333493861793,0.4412603951527831,0.13221963836552608
CG5726,1.7112852,0.07942835,0.08702846746634593,0.4412603951527831,0.09050353566513217
CG34242,1.7104285,0.24746795,0.08718666901199583,0.4418787145892795,0.047600968155284515
Nep4,1.7096989,0.49544424,0.08732157270982048,0.44237849117207056,0.024536092259503584
Efa6,1.7090348,-0.0028651694,0.08744449907249746,0.44281719949924037,0.23306914716909496
Cks85A,1.7084944,0.1595266,0.08754464988915149,0.44295630448271794,0.0712828057519814
Dic1,1.7082404,0.01992417,0.087591737988627,0.44301066155326746,0.13307389302833278
SpdS,1.7070045,0.18788558,0.08782120660559695,0.44398701257387857,0.0728963978928385
mRpS33,1.7062685,0.014482579,0.0879580849745655,0.4443515372348086,0.23662854159745622
mRpL38,1.7062249,0.122645855,0.0879662203090978,0.4443515372348086,0.07987281097242656
MSBP,1.7043897,0.021199986,0.08830830427402814,0.44589474763717024,0.20084476294433107
Mrp5,1.7029567,0.02786926,0.08857616811373603,0.44706207583367635,0.1097717241706611
pb,1.7003045,0.72526217,0.08907365901281127,0.4493869328258098,0.02249537278724313
Uggt,1.6989394,0.2289421,0.0893305855776361,0.45035719350672954,0.049119643111385315
Vha68-2,1.6988902,0.5654462,0.08933987151524096,0.45035719350672954,0.025153053960419534
AIMP2,1.6978216,0.23357208,0.08954143285903836,0.4509542117027209,0.058706278771771626
CG12343,1.697425,0.06694224,0.08961633378446658,0.4509542117027209,0.12970433296948414
Nab2,1.6972823,0.031342197,0.0896432894376645,0.4509542117027209,0.13264676569692943
CG14312,1.696118,0.05227998,0.08986353375958793,0.45187566542723484,0.1831427079872811
Apoltp,1.6959174,0.36776564,0.08990153793023226,0.4518803487965365,0.034170186512268046
CG9240,1.6957171,0.08233835,0.08993947974328213,0.45188471500035693,0.12386692610697167
Tapdelta,1.6952735,0.021149008,0.0900235396271234,0.4519987932884768,0.16776612405676047
Inx2,1.695206,0.07084771,0.0900363499962607,0.4519987932884768,0.049119643111385315
vari,1.693467,0.1489743,0.09036660923804521,0.4534699876502812,0.07227943619192255
CG5071,1.6915468,0.06816402,0.09073241469074556,0.45511827270185085,0.0817236960751744
Kr,1.6888398,0.6491442,0.09125013769341364,0.45733878632607683,0.024536092259503584
CG17078,1.6878233,0.1589112,0.09144516212529896,0.45793963892574735,0.06658440510654454
ND-51,1.6849656,0.02689769,0.09199520624730752,0.46021102158513766,0.42095771439419105
CG5787,1.6848786,0.22750159,0.09201199931109856,0.46021102158513766,0.053960419533956624
shv,1.6833359,0.20266181,0.0923100825510169,0.461405945160518,0.06231313179251104
Sec22,1.6832504,0.08626967,0.09232661418053191,0.461405945160518,0.09539177068008163
mfas,1.682944,0.318142,0.09238591692582021,0.46151309074132074,0.030658250676284943
DCTN4-p62,1.6824962,0.2668997,0.09247265703652631,0.4617571555175007,0.04641450334583076
CG15547,1.6819538,0.30571645,0.09257780249302411,0.46209288885645816,0.041146599591856105
S6k,1.6812004,0.020634837,0.09272400993812299,0.4626332202766194,0.1430401974277443
colt,1.6799505,0.2535947,0.09296694103242396,0.4636555009182552,0.04494328698210811
CG12288,1.6793973,0.49465007,0.09307462707929234,0.46400271143946603,0.02918703431256229
Fit1,1.6775578,0.06253377,0.0934334497493144,0.4653266462946874,0.07522186891936786
CG14764,1.677449,0.10369875,0.09345472394202926,0.4653266462946874,0.09415784727824973
Noc2,1.676736,0.43409944,0.09359411159318846,0.4658303904489074,0.030610792083906792
CG43373,1.6745075,0.0874153,0.09403090971576292,0.4678133708267078,0.07806938446205686
lncRNA:CR44024,1.6737473,-0.013282652,0.0941802835702084,0.46836535146359454,0.2117602391913056
otk2,1.6733161,0.602519,0.09426508874836821,0.4685692479329024,0.025153053960419534
mRpL11,1.673148,0.14430866,0.09429816762485926,0.4685692479329024,0.08813060604622466
Nedd8,1.6702387,0.056517974,0.09487215016961797,0.4712292740087504,0.1419011912106687
CG8475,1.6698151,0.18646675,0.09495595990590792,0.47145344003792733,0.0727065635233259
slmb,1.668663,0.025302945,0.09518418152719466,0.4723941321803647,0.1932039295714489
MFS14,1.6681103,0.89721686,0.09529384284325255,0.4727458894653665,0.018271558065587775
Rexo5,1.6671144,0.28240776,0.09549166199269767,0.47353452726972817,0.04252289877082246
Cyp4g15,1.6668935,0.2064572,0.09553559617760425,0.4735597323338016,0.03635328176166295
dpr6,1.6651592,-0.017981557,0.09588099444356758,0.47507863466367695,0.334915286412605
axo,1.662095,0.12318065,0.0964937412222419,0.47745128254904856,0.04242798158606616
CG31729,1.6619812,0.030999294,0.096516528033543,0.47745128254904856,0.13354847895211427
levy,1.659285,0.15949214,0.09705838081821076,0.47935356717713573,0.7927957856769968
beat-Vc,1.6581472,0.047495585,0.09728774963658868,0.4800973199677649,0.11390062170756016
CG14322,1.6568991,0.09810067,0.09753988864801272,0.48114678378414694,0.06919462768734279
pico,1.6554549,0.00754281,0.09783225386013136,0.48225585516582836,0.37069906506573014
Tom20,1.6553977,0.008039356,0.09784385346009464,0.48225585516582836,0.3232404726875801
tey,1.6551911,0.37467486,0.09788575005367205,0.4822673433323398,0.0356414028759907
CG6231,1.6490232,0.6070679,0.09914289496027824,0.4880665374276379,0.02315979308053723
mEFG1,1.6486102,0.17708671,0.09922750823806253,0.4882858691617861,0.05941815765744388
pippin,1.6480905,0.81688297,0.099334110054241,0.4886131829907763,0.019885150206444876
Past1,1.644452,-0.002841036,0.10008288362755642,0.49209772833250714,0.11385316311518201
Clbn,1.6433793,0.053211045,0.1003044634248897,0.49298834866370184,0.09449005742489677
CG4716,1.6417525,0.89997125,0.10064131486101961,0.4944445734949488,0.016990176071377722
bves,1.640608,-0.009644312,0.10087881895318865,0.49521221273476296,0.21294670400075932
CG7289,1.6403735,0.17609294,0.10092752937671784,0.4952518742241601,0.052346827393099524
Sln,1.6398665,0.07337417,0.1010329400772372,0.49556962036275426,0.1035071899767453
CG2082,1.6392,0.009910481,0.10117161085673103,0.4960501869399415,0.4098049451853258
CG16721,1.6382022,0.16004182,0.10137952833013865,0.49686975103178926,0.06368943097147739
hry,1.636807,0.771027,0.10167081886983725,0.49809711061271955,0.019885150206444876
Invadolysin,1.6362697,-0.014418523,0.10178316526764065,0.49844716811863077,0.16406435385126478
Sec61alpha,1.632963,0.10501743,0.10247678834271391,0.5016423988390923,0.08993403255659436
SelR,1.6325561,-0.0027360134,0.10256240633756347,0.5018599642105825,0.28498884723079115
RtcB,1.6315311,0.18068495,0.10277829209792357,0.5027017205679453,0.06525556451995634
Reps,1.6311672,0.047397718,0.1028550565595464,0.5027017205679453,0.08699159982914907
CG6236,1.6311524,0.1955734,0.10285815826535856,0.5027017205679453,0.057614731147074175
pcx,1.630058,0.08316655,0.1030892346888963,0.5035446593523699,0.08305253666176261
Nmnat,1.6299443,0.121248916,0.1031132553731656,0.5035446593523699,0.07493711736509895
CG13625,1.62903,0.1342989,0.10330667467303778,0.5042871676370274,0.06506573015044374
Vps4,1.6271499,0.052093122,0.10370526300376248,0.5058589910501857,0.1461724645247022
Idit,1.6271197,-0.009388738,0.10371167598936863,0.5058589910501857,0.2998433866451521
Ltn1,1.6266547,0.18397257,0.10381044199224655,0.5061381909773973,0.053960419533956624
alc,1.6257948,0.00016043585,0.10399331383742574,0.5068270701177059,0.3475392719851929
RalGPS,1.6254601,0.018898096,0.10406453735533336,0.5069714811447475,0.1553794314460633
mxc,1.6237303,0.19417237,0.10443336936259147,0.5085650575951368,0.04665179630772151
pkm,1.6223451,0.53515196,0.1047294879787159,0.5093965398932834,0.020976697831142328
und,1.6163548,0.043972496,0.10601763170033573,0.5152507626775886,0.12168383085757677
Smg6,1.6127576,0.079803996,0.10679718533442707,0.5184193118444171,0.08846281619287172
Su(z)12,1.6116973,0.1496043,0.10702781684157626,0.5191253718591218,0.05633334915286413
Hsf,1.6114986,0.0259476,0.10707108251229963,0.5191286494599922,0.15049119643111386
Flad1,1.6080418,0.11595178,0.1078260385774997,0.5223734436491032,0.07920839067913246
Spf45,1.6070542,0.014611524,0.10804247529240518,0.523214037083483,0.13815196241279484
Ten-m,1.6062769,-0.0095550995,0.1082130793136702,0.5237939364315397,0.3641972379099236
Rs1,1.6061171,0.21725477,0.10824816850201399,0.5237939364315397,0.054482464050116274
toc,1.6048964,-0.0061194184,0.10851661016776101,0.5247384521141152,0.3090028949741351
Creld,1.6046424,0.19469766,0.10857251425316257,0.5247384521141152,0.05998766076598168
Uhg1,1.6038886,0.06106588,0.10873861101388929,0.5253329090956388,0.12495847373166911
CG12541,1.6027989,0.1102952,0.1089790491320693,0.5262859072388244,0.07465236581083005
Dlat,1.6002413,0.017368408,0.10954505530879756,0.52880977392433,0.21090598452849887
CG6843,1.5999739,0.08148573,0.10960437543149203,0.5288866714704894,0.08267286792273741
Tnks,1.5990301,0.11153875,0.10981391758034603,0.5296881050205136,0.06800816287788904
arr,1.5969776,0.20197313,0.1102707095069701,0.5316810435840421,0.05353329220255327
CG7272,1.5961828,0.19285285,0.11044799188608635,0.5322271924258769,0.06098429120592283
CG31176,1.5958852,0.74864525,0.11051444204913449,0.5322271924258769,0.019885150206444876
tj,1.5958828,0.5504367,0.11051497448764414,0.5322271924258769,0.025342888329932135
Als2,1.5948539,0.16167241,0.11074491081785497,0.5331239012475648,0.06397418252574628
Urod,1.5941536,0.1220343,0.11090161488408135,0.5334805458157814,0.07275402211570405
CG8617,1.5939626,0.08926044,0.1109444231863988,0.5334805458157814,0.10801575625266954
CG9471,1.5939363,0.12696329,0.1109502981083769,0.5334805458157814,0.05813677566323383
ATPsynB,1.5930731,0.13550676,0.11114377352659469,0.5342001007553875,0.7165772863176878
Srrm1,1.5924917,0.01899675,0.11127424333191682,0.5346163783889374,0.14384699349817284
CG14408,1.5907266,-0.008944249,0.11167112006048606,0.5363117740020743,0.32195909069337003
rad50,1.58874,0.21081564,0.11211909749571629,0.537827500738011,0.04869251577998197
Pef,1.5858939,-3.5114746e-05,0.11276337717731431,0.540705273176351,0.1970006169617009
ebd1,1.5843449,0.28610766,0.11311525806171872,0.5417947523984423,0.04157372692325945
kek2,1.5843067,0.011757914,0.11312393509344784,0.5417947523984423,0.4312087703478715
DIP1,1.5814579,0.005626117,0.11377339379340226,0.5438748753936082,0.27829718570547196
tai,1.5813426,-0.0014922356,0.11379972732398838,0.5438748753936082,0.36244126999193205
CG14767,1.5798043,0.005473753,0.11415169436801206,0.5452174775280952,0.32442693749703383
e,1.578851,0.45227107,0.11437025094297665,0.5460473908123551,0.02230553841773053
CG1764,1.5776739,0.056815382,0.11464055282391722,0.5471236093855626,0.11342603578377865
Mrm2,1.5768409,0.36291975,0.11483213006468196,0.5478234181441911,0.04209577143941911
DCTN1-p150,1.575743,0.1324372,0.11508505675916915,0.548690583902738,0.07550662047363675
su(Hw),1.5756611,0.13882987,0.11510393166291746,0.548690583902738,0.054672298419628874
CG4364,1.5739455,0.00410915,0.11550004044852927,0.5503635625594696,0.19021403825162544
mPges2,1.5705781,0.13166815,0.11628069325038666,0.5538668894212438,0.09591381519624127
Hrb27C,1.5670735,0.11729932,0.11709752475819306,0.5573220340795061,0.8299558635090883
dl,1.5661869,0.76133394,0.11730487630703619,0.5580909981680188,0.017844430734184423
eIF2alpha,1.5651973,0.040548503,0.11753663983807182,0.5589754596122737,0.12975179156186228
CG10702,1.5626819,0.9926777,0.11812743996853521,0.5613471211604193,0.015234208153386171
ssh,1.5616045,0.07601471,0.11838117807423643,0.5623336631125752,0.06710644962270419
Sur-8,1.5599589,-0.014609356,0.11876958297559771,0.5636348042829469,0.2822362488728584
CG10019,1.5598564,0.19820477,0.11879381509581513,0.5636348042829469,0.05267903753974657
CG9331,1.5589774,0.28479436,0.11900173175176015,0.5641869777294751,0.0403872621138057
CG10383,1.5547571,0.29321367,0.12000393187811123,0.5687122572559478,0.033885434957999144
CG3955,1.5541364,0.021198932,0.12015189239739657,0.5689710242548045,0.34146457216078974
CG34134,1.5537068,0.4104557,0.12025437377870844,0.5692351697043406,0.029756537421100092
Wwox,1.5528246,0.27334818,0.1204650496552775,0.570011059878951,0.042570357363200605
CG10353,1.5525866,0.06287208,0.12052194364841264,0.5700589721111764,0.08186607185230886
vig2,1.5518395,0.028427836,0.1207006457073499,0.5706827659142312,0.19638365526078497
nAChRalpha7,1.5510502,0.058333352,0.12088964868807414,0.5713547607052872,0.6133073893028332
Dlc90F,1.5500233,0.019447945,0.12113590851675063,0.5720750053896448,0.2017464761995159
Lztr1,1.5492389,0.07760206,0.12132429853213182,0.5727427865252342,0.1113853163115182
Isha,1.547608,0.05198309,0.12171669996058153,0.5741504859982695,0.09952066821698069
CG1344,1.5471705,0.12722129,0.12182214004133812,0.5743506478151021,0.0680556214702672
Nfs1,1.5470409,0.08863094,0.12185337396421808,0.5743506478151021,0.10113426035783779
CG3420,1.5433027,0.099197365,0.1227573543477589,0.5781643709987764,0.09861895496179583
Gk1,1.5419301,0.2348796,0.12309058375230039,0.5792861487864052,0.04935693607327607
Indy,1.5403763,1.0426481,0.12346865840075333,0.580738189668952,0.01566133548478952
CG12379,1.5402706,0.21415628,0.1234944119798116,0.580738189668952,0.04726875800863747
Ugt35B1,1.5379323,0.14712766,0.12406516192561019,0.5831971688049605,0.038916045750083054
Gnpat,1.5369488,0.20157157,0.12430585183887703,0.5841033261619398,0.05581130463670447
CG7381,1.5359625,0.35851,0.12454758815345937,0.585012629769859,0.03160742252384794
mib2,1.5357678,0.048647832,0.12459535539277661,0.585012629769859,0.09192729343647667
Sf3b1,1.5355631,0.22831646,0.12464557513497099,0.5850230709742631,0.04508566275924256
REG,1.5345088,0.050224982,0.12490453010574386,0.5860128242720984,0.15371838071282806
AIMP1,1.5332645,0.19446415,0.12521068129719284,0.5872231605738683,0.05452992264249442
kraken,1.5329542,0.073391594,0.12528713905486802,0.5873557453614562,0.10564282663376204
Mcad,1.5326959,0.46708262,0.1253508000138983,0.5874282588886607,0.026766646101276634
wun,1.5310498,0.07625588,0.12575705960420505,0.5891056108822658,0.10478857197095534
trpl,1.5307184,0.5855133,0.12583898472297864,0.5892629215475937,0.019268188505528926
Gp150,1.5303286,0.8469052,0.12593540309127899,0.5894879524883255,0.016230838593327322
cv-d,1.5284545,1.1885867,0.12639972244665393,0.5914342483310038,0.01381045038204167
dnr1,1.5258417,0.21732156,0.12704929529692272,0.5942455335280855,0.0384889184186797
CG10089,1.5252484,0.017801942,0.12719715656056968,0.5946351020424134,0.1539556736747188
Tspo,1.5251161,0.09731,0.12723015391965004,0.5946351020424134,0.08613734516634236
Hexo1,1.5238305,0.16036958,0.127551060597898,0.5959064306737366,0.05732997959280528
CG5886,1.5228231,0.2515512,0.1278029681454422,0.5964281994696897,0.04209577143941911
pea,1.5226725,0.18571384,0.12784066328709998,0.5964281994696897,0.05125527976840207
Snrnp48,1.5226014,0.20895861,0.12785846953928126,0.5964281994696897,0.05410279531109107
zyd,1.5223768,0.12272411,0.12791468628334088,0.5964621695132525,0.038726211380570454
mRpL49,1.5216743,0.0556663,0.12809072409999298,0.5970546218182846,0.12116178634141711
CG5021,1.5210476,0.042358994,0.1282479031421784,0.5972457336019567,0.18992928669735656
vir-1,1.5206919,0.06440951,0.1283371741525847,0.5972457336019567,0.06573015044373784
Mdr49,1.5202866,1.1360725,0.1284389720669096,0.5972457336019567,0.01423757771344502
CG4615,1.5202377,0.15358506,0.1284512519370478,0.5972457336019567,0.05206207583883062
Pask,1.5201443,0.18327908,0.12847471601479452,0.5972457336019567,0.049546770442788664
ocm,1.5195597,0.09434211,0.1286216668562565,0.5977009139576479,0.07066584405106545
CG9257,1.5189533,0.08910817,0.1287742501282557,0.5981819111331207,0.09524939490294718
CG33203,1.5187418,0.043896362,0.1288274773481343,0.5982011891033939,0.13202980399601347
CG8209,1.5184498,0.12720907,0.12890104307604522,0.5983148568369822,0.07560153765839306
CG4896,1.5180436,0.026690984,0.12900338870798572,0.5985619737196947,0.15082340657776092
Hs6st,1.517334,0.02077175,0.12918239475260507,0.5989365574893507,0.13402306487589577
pkaap,1.5136485,0.16822164,0.13011500689556066,0.6030311099049387,0.05695031085378008
CG42450,1.509336,0.11550129,0.13121293117221733,0.6075663837724489,0.7146789426225618
Pop2,1.5089557,0.032419298,0.13131009691366768,0.6075663837724489,0.1490199800673912
RpS2,1.5088445,0.1619445,0.1313385363076919,0.6075663837724489,0.8650752218689194
ND-18,1.5088278,0.03196987,0.1313428026286326,0.6075663837724489,0.45066679322291303
slgA,1.5061426,0.08018603,0.13203057251902903,0.6100533163132846,0.6203787195671776
CG15535,1.5053518,0.25386018,0.1322336582260584,0.6107601591956899,0.04655687912296521
Alg12,1.5050911,0.19848879,0.13230065808008956,0.6108381520220499,0.05633334915286413
egl,1.5045776,0.16984428,0.13243269200303895,0.6110031717777415,0.049214560296141616
Dlg5,1.5043675,0.06325371,0.13248678177115192,0.6110031717777415,0.07816430164681315
CtsK1,1.5034455,0.07933885,0.1327242017444107,0.6117419344118101,0.08661193109012387
Fdx2,1.5033557,0.06840954,0.1327473473229336,0.6117419344118101,0.09311375824593042
Sos,1.4977894,0.18743685,0.1341879697543172,0.6181470760904658,0.05785202410896493
RhoGAP100F,1.4974385,0.04912392,0.13427918999758584,0.6183336029016145,0.5340515400313227
CG17385,1.4903911,0.03825943,0.1361214091242973,0.6263434714292411,0.1503488206539794
FMRFaR,1.4890206,0.16443856,0.13648194928000798,0.6272920361138828,0.06568269185135969
CG4991,1.4879138,1.3423618,0.136773615869043,0.6283956290342122,0.013430781643016467
CG40470,1.4874978,0.51773083,0.1368833900515147,0.6286630148221224,0.019742774429310425
polybromo,1.4870309,0.28616676,0.1370066655054904,0.6289921829930027,0.040339803521427554
CG5516,1.4868032,0.16488998,0.13706681301838108,0.6290313945335267,0.05742489677756158
RtGEF,1.4851062,0.16174865,0.13751567434823458,0.6308538030224431,0.05187224146931802
RunxA,1.4841808,0.30001953,0.13776097548218805,0.6314296228451641,0.03806179108727635
dpr19,1.4840465,0.0013118469,0.13779660322980855,0.6314296228451641,0.29286697356556407
CG17739,1.4813979,0.6208175,0.1385005963436405,0.6344170495425157,0.018888519766503725
MED10,1.4808323,0.097637996,0.1386512595802598,0.6348685961772302,0.09524939490294718
CG5567,1.4800876,0.14429924,0.13884986599786459,0.6355392477085886,0.05747235536993973
Picot,1.4790385,0.2562734,0.1391300247086504,0.6363436664817035,0.02985145460585639
Cbp80,1.4780943,0.28430933,0.13938253950904073,0.6369367834603616,0.04290256750984766
Hacd2,1.4779675,0.09209894,0.13941646880566452,0.6369367834603616,0.08637463812823312
HnRNP-K,1.4775244,0.004112911,0.13953511175211522,0.6370013023020721,0.24958473731669117
olf186-M,1.476825,1.1783024,0.13972254484636198,0.6376181576684037,0.013288405865882019
Lpt,1.4761161,0.17106135,0.13991273152758407,0.6382471124961536,0.04551279009064591
pdgy,1.4752494,0.35683435,0.14014551168630635,0.6390698248950198,0.03208200844762944
CG14543,1.4743695,0.19301878,0.14038211858685634,0.6399093655404607,0.057519813962317874
CG30122,1.4695357,-0.02290697,0.1416875519915902,0.6453772687688688,0.215367092212045
CG17108,1.4681054,1.4033151,0.14207557704549983,0.646902954280014,0.012101941056428266
Sirt4,1.4670678,0.12595992,0.14235759161677095,0.6479449903722259,0.08200844762944332
IntS6,1.465379,-0.001996172,0.14281755380183414,0.6495534191382674,0.1328840586588202
Rab35,1.4650924,-0.009201522,0.14289569807295002,0.6496664169381529,0.34402733614920983
Duba,1.4642329,0.0073838783,0.1431303277761655,0.6502771617766526,0.11912106686915666
Ubr3,1.4631838,0.028697863,0.1434171001138125,0.6509805531948726,0.463006027241232
CG31122,1.4624331,0.0636245,0.14362256477914703,0.6515130041284046,0.10578520241089649
Etfb,1.4602244,0.10441964,0.1442284123527279,0.6537746813564153,0.06065208105927578
CG34408,1.4580392,0.086203545,0.14482975472373763,0.6562564610883412,0.07640833372882161
Meltrin,1.4559011,0.00891969,0.14541994104545752,0.6581966808032238,0.11456504200085425
CG32473,1.4555904,0.2360325,0.1455058795756935,0.6583411901069518,0.03692278487020075
Cdc7,1.4543375,0.11828996,0.14585277562271734,0.6596658560539153,0.05956053343457833
Vhl,1.4521506,0.11274131,0.14645973705674417,0.6619198127492231,0.09505956053343458
CG8778,1.450317,0.19011424,0.14697013272594178,0.6639803364701647,0.048929808741872714
Su(var)2-10,1.4498453,0.067223944,0.1471016570930259,0.6643074631720356,0.09714773859807319
MrgBP,1.4496665,0.060752407,0.14715154242058381,0.6643074631720356,0.12263300270513977
CAHbeta,1.4486114,0.49267232,0.1474461291804357,0.6651446589860588,0.02292250011864648
CG31183,1.4478834,0.3399538,0.1476496622965577,0.66581640167693,0.02942432727445304
Spn43Ab,1.4473839,0.157425,0.1477894377287844,0.6662002427796423,0.04375682217265436
CG8500,1.4468764,-0.0011649375,0.14793154063356337,0.6665942879048073,0.3708888994352427
EMC1,1.4460363,0.07304458,0.1481670132489954,0.6674034964345709,0.0786863461629728
Golgin104,1.4451743,0.2245754,0.14840890965558454,0.668004505093028,0.04603483460680556
zda,1.442757,0.040199593,0.14908892168009039,0.6706975017827185,0.15267429168050875
lqfR,1.4426565,0.050542086,0.14911725570852138,0.6706975017827185,0.12177874804233306
PpD3,1.4391742,0.1742662,0.15010118207719625,0.6746251136943013,0.05410279531109107
Epac,1.4375063,-0.02046084,0.15057417929176067,0.6765015375552048,0.2866498979640264
CG10428,1.4372611,0.16756922,0.1506438101952756,0.6765649972255763,0.05766218973945233
Arpc5,1.4355977,0.06971884,0.15111686524940474,0.6784395839871066,0.09074082862702293
corn,1.4338598,-0.014172937,0.15161226094749303,0.6801778894571124,0.19064116558302882
whd,1.4325286,0.2343447,0.15199260198016912,0.6816180373569836,0.038299084049167105
Epg5,1.4315351,0.2772688,0.15227691160793672,0.6825485101537402,0.03597361302263775
Bre1,1.4314123,0.058575034,0.15231208036903546,0.6825485101537402,0.09691044563618242
vib,1.4306445,-6.280926e-05,0.15253211067390107,0.6828427056671169,0.3585971240093019
ebi,1.4305091,0.12080376,0.15257097135322392,0.6828427056671169,0.06663186369892268
Ptpmeg,1.4304928,0.04452635,0.15257564425897263,0.6828427056671169,0.1058801195956528
Ugt316A1,1.4302062,0.18140142,0.1526578368153986,0.6828427056671169,0.04612975179156186
Cep104,1.4292963,0.05133343,0.15291911568314923,0.6836883172661536,0.10364956575387974
CG8520,1.4291476,0.14289352,0.15296181972724648,0.6836883172661536,0.062455507569645484
Rab30,1.428962,0.16218902,0.15301515542719396,0.6836883172661536,0.0736557353708889
CG6870,1.4284358,0.9077676,0.15316644532888699,0.6841135222109943,0.014427412082957619
gammaTub23C,1.4280531,0.15999028,0.15327655618782018,0.6843545580122126,0.06217075601537658
BI-1,1.4268432,0.018105378,0.15362512218591373,0.6855186237220382,0.30606046224668976
CG10444,1.4240252,0.69969857,0.15443917574856142,0.6887885522133974,0.019885150206444876
Dpck,1.422202,0.113038845,0.15496762613012238,0.690639998135306,0.0763134165440653
Ccdc6,1.4212812,0.06359373,0.1552350217858909,0.6913261529222595,0.08390679132456931
Nup98-96,1.4189596,0.18251725,0.15591077850208418,0.693509368610962,0.04907218451900717
Ost48,1.4188154,0.16069768,0.15595284103393608,0.693509368610962,0.055668928859570026
CG5532,1.4164605,0.0058136666,0.1566407329651372,0.6963143304566218,0.21389587584832234
aln,1.4144373,0.023189507,0.1572335331408597,0.6984400639409398,0.23017417303402782
Crz,1.4140204,0.2891228,0.1573558905510103,0.6987289435068358,0.027288690617436287
Nrx-IV,1.4135627,0.049887527,0.15749034520213578,0.6990713101488831,0.09543922927245978
Pgm2a,1.411617,0.19035947,0.15806274881267224,0.7013566964971467,0.05419771249584737
RNaseMRP:RNA,1.4112324,-0.0068839192,0.15817610644067914,0.7016042799874228,0.20597029092117128
Pnn,1.4103613,0.021461008,0.15843302811340387,0.7024882428789668,0.12571781120971953
128up,1.4091166,0.18546762,0.15880067413055454,0.7037126758000116,0.056997769446158225
ema,1.4090356,0.07765681,0.15882464280300534,0.7037126758000116,0.06634711214465379
CG1146,1.4083155,0.817281,0.1590376611996599,0.704400455073639,0.01684780029424327
Ankle2,1.4077413,0.15745582,0.1592076900372299,0.7048973969719562,0.053153623463528074
Paics,1.4066191,0.35786542,0.1595403786869588,0.7058575955772562,0.03084808504579754
CG9641,1.4063079,0.20607509,0.15963271508232735,0.7060098563637475,0.04878743296473827
RhoGEF3,1.405943,-0.011869249,0.1597410230127162,0.7060825706968987,0.2968534953253287
qkr58E-1,1.4056717,-0.007271604,0.1598216411053497,0.7060825706968987,0.21617388828247355
CG7083,1.4056673,0.15316854,0.159822939745077,0.7060825706968987,0.06107920839067913
Hnf4,1.4053848,0.5513218,0.1599068960226303,0.7061975201521162,0.018935978358881875
RPA1,1.4048121,0.29973164,0.1600771544146914,0.7066933847014392,0.03806179108727635
CaBP1,1.4037709,0.11368217,0.16038706620856658,0.7078051955163714,0.06710644962270419
U4-U6-60K,1.4033326,0.097675174,0.16051767227295832,0.7081251926656131,0.08741872716055242
zf30C,1.4028502,0.055075534,0.16066151473155554,0.7085033296175581,0.07655070950595605
CG8321,1.402038,0.047753017,0.16090392091010142,0.7093156932995393,0.1103412272791989
Naprt,1.4002695,0.060991816,0.16143261979250212,0.7113890826647897,0.0831474538465189
CG17724,1.3991644,0.08687892,0.1617636923485989,0.7125045369324436,0.07996772815718285
Acat2,1.3990345,0.19955048,0.16180265470744148,0.7125045369324436,0.04503820416686441
CG6254,1.3972737,0.07355661,0.16233131116335142,0.7143163724801771,0.06762849413886383
asrij,1.3959444,0.106741495,0.16273126102089475,0.7158178782330155,0.09515447771819088
not,1.394745,0.04853336,0.16309275007854263,0.7170012257068382,0.1115751506810308
Sec24CD,1.3946615,0.115242325,0.1631179259073806,0.7170012257068382,0.06672678088367899
Kank,1.3938414,0.009407963,0.16336552430168316,0.7175867895456903,0.2082483033553225
bdg,1.3938302,0.22334883,0.16336888514146286,0.7175867895456903,0.04171610270039391
CG12170,1.3934698,0.21324977,0.16347778053754702,0.7178064362291645,0.04997389777419202
PrBP,1.391701,0.048696913,0.16401296561085876,0.71989674667922,0.1422808599496939
CG42239,1.3915063,0.29507187,0.16407196343218255,0.71989674667922,0.041146599591856105
Set,1.3896106,0.06116861,0.1646471248463709,0.7221604191264538,0.10507332352522424
dod,1.38826,0.023101354,0.16505789810505878,0.723660125311748,0.19619382089127235
Hrd3,1.3880029,0.150058,0.16513617616283882,0.723660125311748,0.05111290399126762
Ar2,1.3879011,0.070528485,0.1651671563390994,0.723660125311748,0.11399553889231645
Atg2,1.3868651,0.25120032,0.16548289502615365,0.7247829707056367,0.035404109914099945
dia,1.3858117,0.2541694,0.16580442817256635,0.7259303789495012,0.03787195671776375
GABPI,1.3849378,0.061341066,0.16607149580281444,0.7265776964610571,0.16824070998054197
TORIP,1.3845667,0.16884427,0.16618502755673603,0.7268135274090619,0.04380428076503251
CG13369,1.3832341,0.07002254,0.1665930801699318,0.7283368200112262,0.08680176545963647
Vta1,1.3829615,0.048970018,0.16667665757748829,0.7284409391222677,0.1288975368990556
Las,1.3820451,0.10431844,0.16695783543473663,0.7290221354536117,0.08452375302548526
Myo95E,1.3816442,0.064810716,0.16708097804445043,0.7291622060092396,0.08618480375872052
Nadk1a,1.3797673,0.13437037,0.16765830044094177,0.7314198368198422,0.05562147026719187
Gpdh1,1.3793616,0.007331266,0.1677833005035232,0.7317032736448816,0.3626785629538228
thoc7,1.3768548,0.043280084,0.16855713538202233,0.7343288517701941,0.1389587584832234
mRpS30,1.3767534,0.2072895,0.1685884737805623,0.7343288517701941,0.05827915144036828
CG15141,1.3764738,0.1282129,0.16867501503935212,0.7343288517701941,0.0700488823501495
CG9344,1.3762417,0.11162621,0.16874683024106274,0.7343288517701941,0.07294385648521665
ago,1.3756956,0.10920262,0.1689158832058455,0.7345630440393844,0.07161501589862845
l(3)76BDm,1.3756785,0.23894814,0.16892117585055333,0.7345630440393844,0.04413649091167956
GIIIspla2,1.3751544,0.1528673,0.16908358509820298,0.7350070680320956,0.05960799202695648
Sp1,1.3746676,0.57997096,0.1692345249551629,0.7354009357142534,0.02221062123297423
Coq3,1.3739133,0.18436019,0.16946858889013006,0.7361556058381309,0.05220445161596507
CG6791,1.3702676,0.25337347,0.17060336248227448,0.740820942392748,0.039105880119595655
BaraC,1.3695508,0.35198408,0.17082717562619454,0.7412975209744088,0.025959850030848084
Rpi,1.3695265,0.28389972,0.17083474742941296,0.7412975209744088,0.0369702434625789
mnb,1.3685967,0.020999726,0.17112539657969605,0.7420304016043812,0.46637558730008066
Coq6,1.3683658,0.069805704,0.17119761938155764,0.7420754759875963,0.09135779032793888
Ube4A,1.3681742,0.16488743,0.17125755303577883,0.7420754759875963,0.05267903753974657
GluProRS,1.3665016,0.34725222,0.17178158330454008,0.7440816342924801,0.026481894547007737
l(1)G0289,1.3635756,-0.0037421437,0.1727011782620882,0.747592119011007,0.21161786341417113
CG17816,1.3635327,0.0777522,0.17271469416153873,0.747592119011007,0.6336671254330597
MED28,1.3630422,0.13751464,0.17286918198353396,0.7479951931832785,0.06397418252574628
Afti,1.3628178,-0.025514062,0.17293995034574106,0.7480358604557267,0.13231455555028238
Wnt5,1.3616916,0.08032217,0.1732952462664481,0.7492178550214801,0.08044231408096436
Rhau,1.361562,0.4912744,0.17333615154324178,0.7492178550214801,0.023586920411940583
CG5455,1.3610069,0.06507046,0.173511523670568,0.7496040745725033,0.09211712780598927
CG18549,1.360776,0.041759785,0.17358449841989998,0.7496040745725033,0.11613117554933321
Dsk,1.3599601,1.6368555,0.17384254297627755,0.7503423358136851,0.011247686393621566
abs,1.3582028,0.25414932,0.17439932379531087,0.7524790646870954,0.0391533387119738
CG43347,1.3571303,-0.01985607,0.17473981279660777,0.7534147782730287,0.3123724550329837
ATPsynD,1.3565958,0.097702056,0.17490967475015962,0.7536140069033919,0.6454368563428409
Prosbeta7,1.3526998,0.13108805,0.17615156064935245,0.7581607954643209,0.06677423947605714
RhoGAP68F,1.3519229,0.044452745,0.17639998738256635,0.7588807136353278,0.11171752645816525
CG12056,1.3517873,0.1423516,0.17644334583989818,0.7588807136353278,0.06008257795073798
sosie,1.349872,-0.13562034,0.17705706313652037,0.7610366779721809,0.0795406008257795
deltaCOP,1.3495207,0.031021658,0.17716979278512424,0.7610366779721809,0.12215841678135826
CG30460,1.3494074,0.67481834,0.177206148014302,0.7610366779721809,0.017369844810402924
SelT,1.349277,0.017942263,0.17724799529578383,0.7610366779721809,0.1807697783683736
MetRS,1.3480734,0.14768781,0.1776347926432128,0.7623637887634138,0.04888235014949457
lncRNA:CR45911,1.3478011,0.13743956,0.17772235287124571,0.7623637887634138,0.054577381234872574
hep,1.3475099,-0.0135124335,0.17781608429357498,0.7623637887634138,0.25276446300602723
CG5500,1.3467234,0.048035633,0.17806933015512572,0.7631811059285609,0.12211095818898011
fng,1.344841,0.3816651,0.1786765980370244,0.7652456266596241,0.02168857671681458
CG9662,1.3440919,0.092578284,0.17891867690559216,0.7660132605557649,0.0758388306202838
stas,1.3432629,0.005476481,0.1791868532101264,0.7666613928507291,0.20169901760713776
CG8837,1.3432351,1.4678569,0.1791958575955146,0.7666613928507291,0.011579896540268616
Polr2B,1.3426716,0.10196989,0.17937833316533736,0.7671728080534376,0.06055716387451948
Sply,1.3417461,0.26306704,0.17967834065804122,0.7681649258379347,0.04432632528119216
fog,1.3415673,0.43574244,0.1797363498637944,0.7681649258379347,0.02135636657016753
CG4390,1.3395934,0.1736252,0.18037756759359502,0.7703651616672494,0.05737743818518343
ReepB,1.3379562,0.021990698,0.1809107294296598,0.7723715870466281,0.16885767168145793
pbl,1.3372095,0.662878,0.18115427560938357,0.7731405691186192,0.016468131555218073
mir-990,1.3350627,0.3334271,0.1818558102517277,0.7755914874591704,0.024915760998528783
CG3078,1.334208,0.040592425,0.18213571177215415,0.7765135329803382,0.11546675525603911
Dph5,1.331944,0.10317881,0.1828785845541936,0.7794080654304426,0.07408286270229225
CG12155,1.3315383,0.11534817,0.18301195706094986,0.7794314271893493,0.06316738645531773
rump,1.329192,0.022977877,0.18378460633277627,0.7824486785156165,0.15106069953965165
CDK2AP1,1.326917,0.10771121,0.1845361347247867,0.7848258709561846,0.0747947415879645
MsrA,1.3235217,0.08138739,0.185661943748188,0.7890632609297991,0.09804945185325803
CG17593,1.3209152,0.042570855,0.18652963700192748,0.791983280985235,0.08537800768829197
Csp,1.3208584,-0.0069175996,0.18654858785794104,0.791983280985235,0.33325423567936974
Ns4,1.320492,0.3213727,0.18667080865144414,0.791983280985235,0.028759906981158937
Pfdn5,1.3204188,0.023509705,0.18669520686527796,0.791983280985235,0.17777988704855013
Pten,1.3201264,0.059350874,0.18679282327897273,0.791983280985235,0.1123344881590812
BOD1,1.3200934,0.10874088,0.18680383401694567,0.791983280985235,0.061838545868729534
Mdr65,1.3187244,1.1530963,0.18726126899908802,0.7933707361243948,0.012623985572587917
EMRE,1.3171325,0.0077779847,0.18779423433025333,0.7953523009907775,0.3108537800768829
Prosbeta6,1.316803,0.09990363,0.18790466563004904,0.7955435808838721,0.09349342698495562
CG12299,1.3145387,0.14506052,0.18866499463196307,0.7982499688691836,0.05581130463670447
Sdhaf3,1.3145093,0.121519506,0.18867488393733023,0.7982499688691836,0.06013003654311613
Blimp-1,1.312814,-0.04531818,0.18924563548344564,0.8000939779451647,0.2453134640026577
CG8289,1.3126299,0.05349102,0.1893076571001604,0.8000939779451647,0.12956195719234967
Ythdf,1.3090718,0.008254527,0.19051004701512175,0.8046177973206234,0.15205732997959281
Pfdn2,1.3082702,0.030316884,0.19078167464669404,0.8054859134979403,0.15798965402686158
CG17270,1.3077878,0.05425642,0.19094530034479829,0.8058975989967958,0.17013905367566798
Mocs1,1.3071429,0.8388376,0.1911642133181679,0.8065422624213046,0.015329125338142471
Grip84,1.3064315,0.3028084,0.19140586564540008,0.8072823862808932,0.02966162023634379
CG17163,1.3053403,0.1530977,0.19177701595088736,0.8082158870810723,0.07522186891936786
Akr2E3,1.3052056,0.07750409,0.19182287198945358,0.8082158870810723,0.06335722082483033
teq,1.305196,0.3511571,0.1918261187403021,0.8082158870810723,0.02168857671681458
Sf3a1,1.3035619,0.13254775,0.19238299223548005,0.8100021735261715,0.047885719709553416
Srpk79D,1.3026026,0.020886622,0.19271046476488374,0.8111007786668397,0.10578520241089649
car,1.3018488,0.06137757,0.19296809067036635,0.8119047487680688,0.1128090740828627
CG31051,1.3002957,0.05924495,0.1934996219299554,0.813860211078063,0.13202980399601347
NUCB1,1.2998284,-0.016215483,0.1936597812155486,0.814252871071515,0.2725546960277158
Ttc19,1.2990309,0.12791798,0.1939333390636181,0.8151218861539452,0.05585876322908263
Got1,1.2971655,-0.0037712555,0.19457424741632445,0.8175337820605235,0.1417113568411561
BEAF-32,1.2968798,0.032193724,0.19467255517316773,0.8176649810495318,0.16064733520003796
Hmbs,1.296639,0.0024700363,0.19475544091015962,0.8177313362914005,0.1904513312135162
CG2701,1.2940837,0.15008266,0.1956365002099799,0.8203004131611438,0.05946561624982203
Otud6,1.2935059,0.24067394,0.1958361363836687,0.8205729344725121,0.04271273314033506
Aatf,1.291858,0.1489193,0.19640634522707023,0.8226359627114824,0.056001139006217074
La,1.291693,0.05332702,0.19646347423522237,0.8226359627114824,0.11295144985999715
CG10365,1.2914689,0.07303237,0.19654113413273333,0.822678531574137,0.039295714489108256
Npl4,1.2908577,0.15030092,0.19675302307172327,0.823000205292119,0.04945185325803236
CG34125,1.2900081,0.013985375,0.19704785133313485,0.8239506895024291,0.19714299273883537
Syx13,1.2892296,0.04632326,0.19731827949814085,0.8247985283960352,0.1131887428218879
mld,1.288682,0.0877083,0.19750866679149426,0.8248993790133796,0.0710929713824688
Echs1,1.2854457,0.2010723,0.19863660408462336,0.8291717695847514,0.034597313843671394
Vps60,1.2833279,0.024915652,0.1993772108034313,0.8319783712711483,0.12809074082862704
CG7879,1.2825224,0.058135536,0.19965944553332626,0.8328709724865551,0.09169000047458592
Hydr2,1.2820404,0.07943288,0.19982848032447798,0.8332133989885803,0.08642209672061127
PLCXD,1.2818985,0.28378436,0.19987824912975705,0.8332133989885803,0.025959850030848084
CG7943,1.2815397,0.040381197,0.20000417533724835,0.8334532968156307,0.12937212282283708
Mtpbeta,1.2789832,0.21081929,0.20090295434287664,0.8364539084964245,0.039438090266242704
Hem,1.2789376,0.16081077,0.20091904820098627,0.8364539084964245,0.054957049973897776
lncRNA:CR45333,1.2789061,0.14739199,0.20093010452683002,0.8364539084964245,0.06359451378672108
GCC185,1.2771589,0.119269185,0.20154618017740322,0.8384458669564395,0.05875373736414978
CDase,1.2767006,0.34721226,0.20170795788190088,0.8388325822662879,0.020739404869251576
tant,1.276023,0.11307087,0.2019473603365698,0.839372259424113,0.06425893408001519
Aduk,1.2759436,0.110300176,0.2019754563041204,0.839372259424113,0.06924208627972095
CG6712,1.2757437,0.20143759,0.20204613025721574,0.8393797824489443,0.04014996915191495
HP1c,1.2734209,0.12902519,0.20286870338376672,0.84193620209218,0.07014379953490579
betaCOP,1.2728062,0.12357938,0.20308682203976125,0.8425545520226855,0.056001139006217074
CG16952,1.2713159,0.020320851,0.20361626048706805,0.8441763942438342,0.11684305443500546
Fkbp39,1.2690556,0.05224848,0.2044212293228621,0.8469375813107974,0.08495088035688861
Tailor,1.2675626,0.09705444,0.20495418994232817,0.8483817732475548,0.05747235536993973
SerRS,1.2674943,0.1512038,0.2049786136856222,0.8483817732475548,0.048834891557116414
mre11,1.2663339,0.14971541,0.20539357227748134,0.8492341426357598,0.05367566797968772
CG17883,1.2653381,-0.008616789,0.20575018424898917,0.8504201410006541,0.3016942717479
CG18659,1.26363,0.061755158,0.20636285070384253,0.8526633177047921,0.074320155664183
CG8545,1.2619845,0.32476336,0.20695438936478439,0.8544660248000268,0.02757344217170519
Pcyt1,1.2618331,-0.0068318704,0.2070088766839493,0.8544660248000268,0.22291300840017086
CG1635,1.2618314,0.09123133,0.2070094487845171,0.8544660248000268,0.10103934317308148
Ero1L,1.2607139,0.16195634,0.20741191948893645,0.8558374700916203,0.05158748991504912
Pabp2,1.259339,0.095625214,0.20790791455907942,0.857593763303086,0.05187224146931802
mRpS29,1.2589003,0.09663147,0.20806635512512073,0.8579569697632262,0.07114042997484694
eIF3l,1.2564976,-0.023854138,0.20893559960415842,0.8612499234274896,0.32058279151440366
PAN2,1.2553551,0.1713661,0.20934986543489498,0.8626658248093086,0.049309477480897916
TFAM,1.254738,0.14079368,0.20957388834567647,0.8630288752916278,0.06421147548763703
Pink1,1.2545273,-0.019933034,0.20965038147005577,0.8630288752916278,0.1284704095676522
Gfat2,1.2542552,0.11226013,0.20974927517148012,0.8631444682866884,0.06762849413886383
Sec10,1.2535176,0.12578443,0.2100173962954902,0.8634869845746487,0.05130273836078022
CG13255,1.2534313,0.3751004,0.2100487607003736,0.8634869845746487,0.02325471026529353
Rrp5,1.2531738,0.22412746,0.21014244048440278,0.8634869845746487,0.038014332494898204
ninaC,1.2531285,0.66841805,0.2101589243145725,0.8634869845746487,0.01566133548478952
DnaJ-1,1.2530352,0.0386437,0.21019290709280614,0.8634869845746487,0.12092449337952636
Sph35,1.2528576,0.9374115,0.2102575576517809,0.8634869845746487,0.013573157420150918
CG5355,1.2525682,0.16775054,0.21036288063939212,0.8636285456765075,0.04190593706990651
GstS1,1.2503325,0.30095667,0.21117810676319393,0.866391768204837,0.027098856247923686
CG5026,1.2496145,0.27380285,0.2114404311633935,0.8670329176277969,0.030658250676284943
DIP2,1.2494912,0.00038683307,0.21148545790633266,0.8670329176277969,0.18243082910160885
Zif,1.2493207,0.08043681,0.2115477805418876,0.8670329176277969,0.08566275924256087
Mecr,1.2490406,0.15172721,0.21165022769317499,0.8671612186057512,0.0719472260452755
Dcr-2,1.245435,0.20492701,0.21297187327737965,0.8716971670174549,0.0367804090930663
CG13623,1.2444086,0.023198629,0.21334922099086306,0.8729485245577812,0.16686441080157563
Nmt,1.2436026,0.29106307,0.21364582732999238,0.8738687883641869,0.03231930140952019
sli,1.2433707,0.00062164804,0.21373129574586136,0.8739251136686697,0.14261307009634094
Ntmt,1.2409441,0.25942892,0.21462638664553457,0.8772907534615765,0.03616344739215035
Ndfip,1.2396419,-0.002014544,0.21510788159927718,0.8786695605943665,0.1460775473399459
jagn,1.2388073,0.06209389,0.21541684698362273,0.8796368334617679,0.13240947273503867
Heatr5,1.2334509,-0.018448472,0.2174075768976652,0.8867560433498917,0.1879834844098524
EMC3,1.2333337,0.05424648,0.21745129326218937,0.8867560433498917,0.1078733804755351
KaiR1D,1.2315025,0.067087315,0.21813497842773188,0.8886521564357032,0.0703336339044184
apt,1.2307686,0.6193464,0.21840944956204478,0.8892558424113358,0.016420672962839923
wuho,1.2307161,0.12056652,0.2184290747542489,0.8892558424113358,0.06876750035593944
Etf-QO,1.228162,0.39392167,0.21938614666402756,0.8925559885473404,0.02192586967870533
tay,1.2270029,-0.02091415,0.21982152139586275,0.8936038533104096,0.2781548099283375
CG34232,1.2269508,0.62114686,0.21984108824392234,0.8936038533104096,0.017844430734184423
pyd3,1.2268908,0.53991663,0.219863643947651,0.8936038533104096,0.016563048739974374
CG31998,1.2248251,-0.027378274,0.22064111069488623,0.8964648327533228,0.3116131175549333
Fhos,1.2229403,0.28555262,0.2213522413502378,0.8987549866149396,0.026197142992738835
cag,1.2212816,0.14419033,0.22197941784367625,0.9010013733255311,0.055479094490057425
Mad,1.2208118,-0.015099995,0.22215725371790396,0.9011230501056677,0.1364909116795596
rdx,1.2205683,-0.009326112,0.22224952179656,0.9011974122349533,0.3714109439514024
P32,1.2195975,0.067698725,0.22261751204084357,0.902389376210789,0.10464619619382089
CG12316,1.2188023,0.047331057,0.22291924839388488,0.9033120740269491,0.07683546106022496
Rap2l,1.2184788,0.013240556,0.22304207742906113,0.9035094322973832,0.20326515115561672
Cds,1.2170693,-0.00016957692,0.22357786949481218,0.9053789539110517,0.2521000427127331
DppIII,1.2156068,0.1658254,0.22413472421989544,0.9073324986769531,0.056713017891889324
CG9231,1.214708,0.05508185,0.224477499941673,0.9084184086285033,0.13160267666461012
Gadd45,1.2121766,0.026321147,0.22544480049717763,0.9117274961048766,0.07114042997484694
CG15743,1.2119683,0.106498696,0.22552450350428987,0.9117473211322684,0.05960799202695648
lt,1.2102408,0.00889514,0.22618647966998506,0.914120358321435,0.112903991267619
Slh,1.2098812,0.18336475,0.22632447040053194,0.9143207594006086,0.04309240187936026
Mctp,1.2093396,0.07229861,0.22653240845222078,0.9146086540656241,0.07512695173461155
ste24a,1.2089115,0.082907796,0.22669681096601935,0.9149693473062284,0.047695885340040815
AsnS,1.2084078,0.7529979,0.22689047841463827,0.9151449508259517,0.013525698827772768
EMC7,1.2076033,0.021549735,0.22719985763874495,0.9159901630109967,0.15153528546343314
Vps28,1.2074722,0.020531582,0.22725032840637083,0.9159901630109967,0.14313511461250059
fz4,1.2071047,0.32088763,0.22739184209891272,0.916257574659057,0.02857007261164634
Pka-C1,1.2066485,0.09201082,0.2275675594093618,0.9166625848118675,0.7134450192207299
CG14715,1.2052468,0.23328507,0.2281080209823284,0.9182734636270246,0.04361444639551991
tamo,1.2052206,0.041949548,0.22811814323263846,0.9182734636270246,0.07987281097242656
VhaAC39-1,1.2048519,0.011034115,0.22826050208706783,0.9183863154388502,0.37867210858525935
Nipsnap,1.2047577,0.0053743264,0.22829686896215573,0.9183863154388502,0.20611266669830572
Torsin,1.2043428,0.14413166,0.22845711647758504,0.9187277442247721,0.06036732950500688
ey,1.2036879,0.046632405,0.22871023723978978,0.9193824812972378,0.06383180674861183
CG9743,1.2035313,0.86110383,0.2287707823262386,0.9193824812972378,0.013905367566797968
Rfx,1.2032635,0.088422514,0.22887438083261635,0.919495658526289,0.06449622704190594
CG5674,1.2030612,0.051147748,0.2289526398183951,0.9195069939856401,0.06686915666081344
M7BP,1.2026197,0.8852954,0.22912352274182457,0.9198445930299777,0.013383323050638317
Pvr,1.2024397,0.27904686,0.22919322472310344,0.9198445930299777,0.03084808504579754
Vps8,1.2022593,0.23080581,0.229263095711303,0.9198445930299777,0.03360068340373024
Usp5,1.2019215,0.24098293,0.2293939521930103,0.9200667598817382,0.03492952399031845
CG14314,1.2011759,0.21296419,0.22968294821132595,0.920620011755295,0.038204166864410805
IleRS,1.2005516,0.21488042,0.2299251584557367,0.9212878883684992,0.03440747947415879
nonC,1.1974695,0.11767883,0.23112360858005065,0.9257856276642252,0.05519434293578852
CG7368,1.1969227,0.035222393,0.23133668954668907,0.9263347269660293,0.08604242798158607
CCT4,1.1954634,0.08823633,0.23190600136138795,0.9276576515215148,0.07977789378767025
CG32485,1.1952958,0.01948492,0.23197149247990623,0.9276576515215148,0.14413174505244175
Dis3l2,1.1942828,0.07541211,0.2323673566449458,0.9289359495392734,0.050638318067486116
MBD-R2,1.1925756,0.18162769,0.23303561741731404,0.9309967685020126,0.04375682217265436
Bub1,1.1921313,0.1281471,0.23320975029703062,0.9313871711567844,0.05068577665986427
CG3065,1.1907735,0.20423625,0.23374253335346218,0.932702712954953,0.04370936358027621
CG9399,1.1907246,0.0831791,0.23376172774614934,0.932702712954953,0.08561530065018272
CG13339,1.1905768,0.07281122,0.23381978587897279,0.932702712954953,0.06976413079588059
Nbr,1.1895097,0.090153754,0.23423913760227588,0.9339682198999478,0.05419771249584737
smash,1.188771,-0.029289763,0.234529794063565,0.9348213406935231,0.28441934412225334
AstA-R1,1.1882695,-0.022685641,0.23472725451204635,0.9353025515682684,0.11371078733804756
CG13630,1.1853912,0.35615057,0.23586281680859866,0.939213287840578,0.02757344217170519
Vsp37A,1.1847097,0.04922842,0.23613226376805363,0.9399791518839992,0.14422666223719804
Usf,1.1837754,-0.0028697974,0.23650198760050345,0.9411435608431395,0.15917611883631533
Irp-1B,1.1824524,0.1308003,0.23702621387962486,0.942921841050505,0.056285890560485975
CG17778,1.1811669,-0.031162523,0.23753642397974828,0.9446432208447477,0.2626358502206825
Agbe,1.1799496,0.15024766,0.23802022156933533,0.9461044855844727,0.04836030563333492
l(2)41Ab,1.1798519,0.15256453,0.2380591071693804,0.9461044855844727,0.05842152721750273
Liprin-alpha,1.1768779,-0.021937205,0.23924425920992243,0.9505046530344669,0.14028759906981159
rdog,1.1761936,0.22195661,0.2395175397797421,0.9512803168378222,0.036400740354041096
alpha-Est8,1.1754707,0.6525435,0.23980645319198512,0.9521175433085038,0.01423757771344502
CG13252,1.1750566,1.078639,0.2399720656273433,0.952464834884952,0.011627355132646766
CG42327,1.1736169,0.2427286,0.2405485220638207,0.9537922889768541,0.02833277964975559
CG13850,1.173076,0.19249444,0.24076532298314324,0.9537922889768541,0.050828152436998716
Pdp,1.173006,0.14420825,0.2407933690046411,0.9537922889768541,0.042143230031797256
ken,1.1729715,1.1916078,0.24080723351283817,0.9537922889768541,0.010583266100327464
CG2889,1.1727155,0.1063872,0.24090988023165283,0.9537922889768541,0.052346827393099524
NKCC,1.1726592,0.81913215,0.24093251766016355,0.9537922889768541,0.01480708082198282
TH1,1.1716967,0.19787587,0.24131885999293834,0.954701585346941,0.04252289877082246
ash1,1.1704429,-0.01748954,0.2418227797367396,0.9560745579666297,0.13055858763229083
Su(var)2-HP2,1.1696942,-0.028217206,0.24212404696969647,0.9569552556788685,0.16387451948175216
Prosalpha6,1.1686956,0.085905015,0.24252630737115244,0.9582344118466699,0.06753357695410754
mRpL12,1.1680042,-0.0061982316,0.2428051075067269,0.959025098962895,0.21418062740259125
CG8405,1.1675534,-0.0033994205,0.24298692952338008,0.9594323563202072,0.10668691566608135
JIL-1,1.164074,-0.012391121,0.24439406213397197,0.9646759142975986,0.3002230553841773
Fbl6,1.1593827,0.00569231,0.2463002256768878,0.9709422544552345,0.12434151203075317
CG4766,1.1579088,0.15753229,0.24690126663163092,0.9729969411487065,0.04323477765649471
Alg9,1.156138,0.63850546,0.2476247161055395,0.9752173391309923,0.01608846281619287
CG31109,1.1556969,0.08641519,0.24780515968808559,0.9756127556324533,0.08139148592852737
orb2,1.1541535,0.07867559,0.2484372739939853,0.9777855772401313,0.6227516491860852
CG30109,1.1537778,0.15466516,0.24859124156478474,0.9780757402947582,0.05903848891841868
PKD,1.1522872,0.04131769,0.24920304506554491,0.9795343167700507,0.08082198281998956
Rpt6,1.1511393,0.028608002,0.24967496977698234,0.9810729228277363,0.12211095818898011
caly,1.1502776,0.23390545,0.25002952739262496,0.9816536374480226,0.033268473257083195
Pisd,1.1501974,0.095924675,0.2500625806444402,0.9816536374480226,0.05533671871292298
eEF5,1.1500964,-0.017296366,0.25010414698569783,0.9816536374480226,0.4094252764463006
CG16787,1.1499963,0.092910156,0.25014539080170917,0.9816536374480226,0.06601490199800673
CG15536,1.1493582,0.13969672,0.2504083499002495,0.9820551405837007,0.04888235014949457
Rrp47,1.1489854,0.04450968,0.2505620229920428,0.9823417491958859,0.10877509373071995
CG32276,1.1486177,0.0037751733,0.25071363075438147,0.9826200788633941,0.2548051824782877
Rab1,1.1477625,0.0039992677,0.25106659192112424,0.9829591518469175,0.4030658250676285
CG30373,1.1477288,0.04965259,0.2510805403464046,0.9829591518469175,0.10625978833467799
Arpc3A,1.147713,0.06709537,0.2510871044983589,0.9829591518469175,0.09880878933130843
Mtl,1.1476266,0.038798075,0.25112271710979583,0.9829591518469175,0.07152009871387215
ClC-a,1.1467845,0.19230017,0.25147065870296836,0.9840050911494321,0.02159365953205828
Nup205,1.1461357,0.41306156,0.25173902803389603,0.9847390926524899,0.02121399079303308
asRNA:CR43957,1.1455657,0.3511134,0.25197485810930575,0.9853453787277279,0.023397086042427982
cin,1.1453329,0.08499761,0.25207127371906646,0.9854035813788129,0.0664420293294101
CG2915,1.1450543,0.11332749,0.2521866442661058,0.9854035813788129,0.05975036780409093
CG17065,1.1445314,-0.024269566,0.2524033308947441,0.9854035813788129,0.2816667457643206
CG10904,1.144177,0.20386836,0.2525502773644106,0.9854035813788129,0.04304494328698211
Lkr,1.143983,0.5621216,0.2526306948299103,0.9854035813788129,0.018271558065587775
CG6330,1.1437417,0.021251326,0.2527307471916752,0.9854035813788129,0.14114185373261828
Nasp,1.1436719,0.033213332,0.25275976259443134,0.9854035813788129,0.11048360305633335
Agl,1.1436099,0.37450805,0.2527854827327044,0.9854035813788129,0.024488633667125434
Cyfip,1.14284,0.08449187,0.25310499301599076,0.9862841303938336,0.05585876322908263
Hel89B,1.1425881,0.007317393,0.25320963309319267,0.9863765477062721,0.11489725214750131
scaf,1.1421864,0.89792097,0.25337655838188444,0.9865410693292778,0.012623985572587917
CG7627,1.1417882,0.32407653,0.2535420732863052,0.9865410693292778,0.027383607802192587
Gbs-70E,1.1417501,0.69295067,0.253557934952653,0.9865410693292778,0.013383323050638317
DAT,1.1417075,0.042091593,0.25357561491579517,0.9865410693292778,0.04427886668881401
Sodh2,1.141355,0.15083031,0.2537222099034009,0.9867964315611211,0.03217692563238574
Sptr,1.1409302,0.13110267,0.2538989625196644,0.98716888489703,0.045275497128755164
Tim9a,1.1396967,0.06413352,0.2544126756189139,0.9882205554872343,0.10592757818803095
GlnRS,1.1382056,0.26133144,0.2550345977214469,0.9896901342332748,0.03132267096957904
Nhe1,1.1378146,0.16779189,0.25519787792184523,0.9900085722435938,0.04157372692325945
wal,1.1370354,0.039265107,0.25552349348334547,0.9903409962949561,0.05756727255469603
Rab3GAP1,1.1341773,0.14780389,0.2567201649522115,0.993941413518369,0.0388685871577049
GXIVsPLA2,1.1341705,0.103000656,0.25672299817112176,0.993941413518369,0.06278771771629253
AnxB11,1.1339858,0.10817143,0.25680050345926175,0.993941413518369,0.039817759005267905
TM9SF4,1.1339484,0.04160926,0.25681617316850747,0.993941413518369,0.08300507806938447
Tmem131,1.133724,0.23918462,0.2569103721080943,0.993941413518369,0.031227753784822742
E23,1.13364,0.51652944,0.2569455569773058,0.993941413518369,0.015234208153386171
CG11791,1.1331179,0.0378177,0.25716474560641867,0.9943931071342725,0.048834891557116414
Ulp1,1.1329732,0.011371281,0.2572254874718485,0.9943931071342725,0.10341227279198899
mrt,1.1310288,0.13183165,0.25804296483224276,0.99692098204127,0.049119643111385315
Snrnp20,1.1272424,0.17576098,0.25963998067669103,1.0,0.0391533387119738
Jheh2,1.1260233,0.6414503,0.2601556706771081,1.0,0.014427412082957619
Gycbeta100B,1.1255274,-0.026858503,0.2603656455735852,1.0,0.2323572682834227
ari-2,1.1252905,0.07769952,0.260465963410052,1.0,0.06027241232025058
CG8180,1.1249484,0.56248254,0.26061093287186543,1.0,0.01461724645247022
CG4751,1.1247985,0.13681419,0.2606744271965391,1.0,0.046794172084855964
CG17508,1.1244059,0.01199221,0.2608408768845296,1.0,0.1783019315647098
Rtf1,1.1231092,0.03620529,0.26139112112325535,1.0,0.125243225285938
inc,1.1227404,-0.033584386,0.26154775751038395,1.0,0.1111005647572493
Qsox1,1.1223685,0.06839271,0.2617058099201317,1.0,0.07474728299558635
Ykt6,1.1223395,0.09077265,0.2617181394314474,1.0,0.09686298704380428
CG16758,1.1222854,0.41767004,0.26174111055052984,1.0,0.018841061174125574
tho2,1.1222477,0.009868101,0.2617571573794075,1.0,0.10122917754259408
CG4462,1.1217195,1.2021483,0.2619817153555858,1.0,0.010203597361302264
unc79,1.1216241,0.00029012206,0.26202228177089915,1.0,0.42494423615395566
tapas,1.1213002,-0.016314778,0.2621600709478247,1.0,0.20027525983579328
Uba2,1.121284,0.059533313,0.2621670039954812,1.0,0.06995396516539319
Wdr37,1.1208663,0.039522875,0.26234476999384937,1.0,0.07360827677851076
Syx16,1.1192616,0.051672693,0.2630285311031565,1.0,0.1305111290399127
CG6836,1.1178143,0.7953647,0.2636462911399987,1.0,0.013146030088747568
NTPase,1.1154518,0.06927206,0.264656837648665,1.0,0.07114042997484694
path,1.1140673,0.012849112,0.26525029616317586,1.0,0.09605619097337573
Lon,1.1131203,0.015620229,0.26565673981033955,1.0,0.08988657396421622
CG12929,1.1127266,0.12798804,0.2658258906176416,1.0,0.049309477480897916
Cyp40,1.1126721,0.066361636,0.2658492805682987,1.0,0.07911347349437615
VhaM9.7-b,1.1126188,-0.010175186,0.26587215970098466,1.0,0.21437046177210384
Syn2,1.1126184,-0.005103694,0.26587233044587677,1.0,0.17175264581652508
ZnT49B,1.1113722,0.02694757,0.26640815780138494,1.0,0.10649708129656875
lncRNA:CR40469,1.1108139,-0.21257856,0.2666484616409045,1.0,0.20084476294433107
mRpL15,1.1093357,0.07493992,0.26728543092160084,1.0,0.06819799724740164
Smn,1.1092235,0.054984227,0.26733375992793973,1.0,0.0765032509135779
P5cr,1.1088444,0.058396753,0.26749730046996545,1.0,0.1142328318542072
RnpS1,1.1085026,0.06635332,0.2676447858878873,1.0,0.09676806985904798
CG18622,1.1078132,0.3256588,0.26794249924427127,1.0,0.018129182288453324
drosha,1.1077278,0.15623972,0.2679794075182059,1.0,0.035783778653125146
foi,1.1072242,0.08644669,0.26819697978684665,1.0,0.0689098761330739
Fip1,1.1070602,0.034039486,0.26826792735340865,1.0,0.08148640311328366
Zmynd8,1.1065439,0.07925112,0.26849116125026595,1.0,0.07180485026814104
nito,1.1060989,0.19747274,0.2686837362904737,1.0,0.03350576621897394
RhoGAP5A,1.1056105,0.24661738,0.26889516212952014,1.0,0.02918703431256229
trus,1.1056061,0.03199096,0.26889705498379524,1.0,0.1162260927340895
CG34228,1.1055679,0.07568769,0.2689135748275906,1.0,0.07189976745289735
Dpm3,1.1050915,0.0062568537,0.2691199594908297,1.0,0.1392435100374923
gig,1.1037388,0.302098,0.2697064846631668,1.0,0.026956480470789235
mRpS6,1.1031768,0.0068675624,0.2699503811121804,1.0,0.138199421005173
CG8128,1.102034,0.05223537,0.2704469200260028,1.0,0.05908594751079683
CRMP,1.1016445,0.023907728,0.27061625912199627,1.0,0.17545441602202078
CG12065,1.0995697,0.29605672,0.2715196467416049,1.0,0.018366475250344075
Arlr,1.099451,0.3908741,0.27157144505383135,1.0,0.020122443168335627
Uch-L5,1.098786,0.07959401,0.2718613979375293,1.0,0.0672962839922168
vg,1.0987002,0.22449107,0.2718988490199017,1.0,0.03042095771439419
Bap170,1.0973383,0.27162927,0.2724935107976646,1.0,0.028000569503108537
Sec16,1.096784,-0.02777572,0.272735829431217,1.0,0.1421859427649376
beta4GalT7,1.0962363,0.356151,0.27297533977275334,1.0,0.022637748564377582
wake,1.0961844,-0.036969956,0.2729981163840369,1.0,0.14792843244269374
Yip1d1,1.0956244,0.082281165,0.2732431775322818,1.0,0.0730862322623511
tweek,1.0934582,-0.036078416,0.274192662304211,1.0,0.1618338000094917
CG7483,1.0933986,0.1660162,0.2742188219472398,1.0,0.05348583361017512
unc80,1.0929769,-0.024771472,0.27440390650676816,1.0,0.2791039817759005
Nadsyn,1.0925323,-0.026665496,0.27459920122574333,1.0,0.23501494945659912
hyx,1.0920662,0.24695322,0.2748040222378144,1.0,0.033458307626595796
nst,1.0907564,0.11010899,0.2753801048512149,1.0,0.050733235252242416
Patj,1.0902835,0.13368836,0.27558829819616726,1.0,0.04565516586778036
Oatp58Dc,1.0893377,0.20960304,0.27600500700547725,1.0,0.021736035309192728
CG4287,1.0889355,0.024869526,0.27618232594609016,1.0,0.12495847373166911
lncRNA:CR44978,1.0882492,0.20625524,0.2764851039438596,1.0,0.04959422903516682
l(2)k01209,1.0881658,0.16724409,0.276521936613078,1.0,0.04109914099947796
Nrd1,1.0880688,0.17717373,0.27656473686793936,1.0,0.032271842817142044
aay,1.0869315,-0.06297765,0.27706709995638956,1.0,0.06653694651416639
Plod,1.0845952,0.13941059,0.2781009824777255,1.0,0.039010962934839355
CG14207,1.084356,0.022559453,0.2782069983943002,1.0,0.12538560106307248
eIF4G2,1.081643,-0.018288141,0.27941120014723786,1.0,0.3350102035973613
PXo,1.0814562,0.0169712,0.2794942327534642,1.0,0.09458497460965308
CG8460,1.0809611,0.4932401,0.2797144386698155,1.0,0.019458022875041527
Dhrs4,1.0809559,0.08104685,0.27971673678474285,1.0,0.07740496416876276
CG5953,1.0804663,0.17657557,0.2799345856080654,1.0,0.03027858193725974
Nthl1,1.0796187,0.5195777,0.2803120266140833,1.0,0.021071615015898628
Sdr,1.0795293,1.0496978,0.2803518612138932,1.0,0.010345973138436713
Hakai,1.078897,0.16848713,0.28063364582385375,1.0,0.040719472260452756
Raf,1.0786487,0.09345476,0.28074439319755995,1.0,0.05452992264249442
Etl1,1.0783374,0.078623205,0.2808831793814901,1.0,0.05813677566323383
Vps11,1.0763521,-0.008734118,0.2817698135310358,1.0,0.14275544587347538
YL-1,1.0763518,0.032350626,0.2817699911896844,1.0,0.08794077167671206
glu,1.0754656,0.18845648,0.2821663590155139,1.0,0.03711261923971335
CG5033,1.0754305,0.4966428,0.2821820081875511,1.0,0.02040719472260453
CG13894,1.0746644,0.35188296,0.2825250150272677,1.0,0.025627639884201036
lic,1.0735397,0.09363001,0.2830290067297817,1.0,0.05666555929951118
CG3803,1.0734377,0.13098836,0.2830748057422433,1.0,0.05358075079493142
Cht2,1.0733769,0.81173825,0.283102073686633,1.0,0.012101941056428266
CG3847,1.0727589,0.025909567,0.28337930963614244,1.0,0.06079445683641023
stl,1.0718918,1.2344846,0.28376864138157365,1.0,0.009966304399411513
Prp3,1.0696998,0.05305241,0.28475446939382787,1.0,0.06591998481325044
CG11134,1.0692722,0.3428979,0.28494704350185973,1.0,0.026909021878411085
Abp1,1.0690596,0.10194359,0.285042826419067,1.0,0.05220445161596507
sws,1.0669844,-0.0358818,0.28597888282252015,1.0,0.16885767168145793
CG14104,1.0664213,0.19162917,0.28623324145334705,1.0,0.02966162023634379
lncRNA:CR45312,1.0663334,-0.036656328,0.2862729258382799,1.0,0.2347301979023302
GM130,1.0651286,0.096089646,0.28681774933832305,1.0,0.05732997959280528
CG5877,1.0637199,0.20262024,0.28745564163240944,1.0,0.03208200844762944
gukh,1.0634468,0.17614569,0.28757937203100936,1.0,0.04261781595557876
mino,1.0633773,0.54614437,0.28761089570524045,1.0,0.01594608703905842
Sema2a,1.0601648,-0.009014796,0.28906965087662273,1.0,0.12899245408381188
Upf3,1.0599947,0.2059057,0.2891470220390364,1.0,0.0336481419961084
Lnpk,1.0563264,0.092923515,0.2908191399864748,1.0,0.06330976223245219
CG2604,1.0560979,0.07397082,0.2909235111553409,1.0,0.07621849935930901
Mondo,1.0551119,0.078264475,0.2913741388946921,1.0,0.06060462246689763
Adf1,1.0546979,0.016553307,0.2915635387668467,1.0,0.11907360827677851
Stt3B,1.0525006,0.13496643,0.29256990568524266,1.0,0.047173840823881166
CG10311,1.0511873,0.4017063,0.29317258143593994,1.0,0.01680034170186512
tea,1.050195,0.18573643,0.2936284683556468,1.0,0.0405770964833183
Tom70,1.0487148,0.16281563,0.2943094394305533,1.0,0.05016373214370462
Ptx1,1.0470914,0.37447992,0.295057438746521,1.0,0.019268188505528926
CG32547,1.0469456,-0.00478264,0.295124701959226,1.0,0.0758388306202838
mRRF1,1.046932,0.25460553,0.295130933948374,1.0,0.025722557068957336
babo,1.0468438,-0.037630796,0.29517162733859936,1.0,0.22129941625931374
Rfk,1.046715,0.13755575,0.2952310244371763,1.0,0.05581130463670447
Pyroxd1,1.0466026,0.055300754,0.2952829117862449,1.0,0.06084191542878838
GatB,1.0457915,0.2122986,0.29565730494812303,1.0,0.0365905747235537
Cp190,1.0434763,-0.021231577,0.2967277517403354,1.0,0.13492477813108064
Nph,1.0425758,0.08381408,0.2971447971899981,1.0,0.07427269707180485
CG9004,1.0416518,0.17081676,0.2975731084308346,1.0,0.03445493806653695
CG13601,1.0400774,0.021574961,0.2983039378450488,1.0,0.09980541977124958
how,1.0398695,0.6915579,0.2984004997660913,1.0,0.012244316833562717
dre4,1.0398362,0.16705227,0.2984160107006132,1.0,0.04655687912296521
CG1636,1.0377364,-0.0056481273,0.2993928045701473,1.0,0.13032129467040007
Chd1,1.0355757,-0.042405635,0.3004001060881235,1.0,0.20188885197665038
Rpn5,1.0353699,-0.0042493697,0.3004961925745955,1.0,0.1424706943192065
ced-6,1.0346633,0.0434316,0.30082615874859,1.0,0.03127521237720089
alpha-Man-IIa,1.0343006,0.0965886,0.3009956895924635,1.0,0.04560770727540221
Fur2,1.0342624,-0.032233283,0.30101351909564933,1.0,0.16605761473114708
Prosalpha1,1.0330217,0.8747426,0.30159373286285107,1.0,0.011769730909781216
Mkk4,1.0321188,-0.024198787,0.30201644462078714,1.0,0.23468273930995207
Mur2B,1.0275055,0.3232596,0.30418248237514245,1.0,0.02149874234730198
iPLA2-VIA,1.0248597,0.1484089,0.3054293932779547,1.0,0.05443500545773813
Vps15,1.0246773,0.08272142,0.30551547958933756,1.0,0.04470599402021736
Hsdl2,1.0246288,0.39821762,0.3055383636251925,1.0,0.018366475250344075
Capa,1.0244695,0.8228006,0.3056135888341457,1.0,0.012054482464050116
bys,1.0239966,0.17887329,0.305836898042376,1.0,0.032841345925679846
ph-d,1.0239496,0.07573144,0.3058590472027909,1.0,0.056190973375729675
Lsm12a,1.0236146,-0.0151459975,0.3060173132454044,1.0,0.21095344312087702
CG7394,1.0235205,0.018842034,0.30606181774443186,1.0,0.11019885150206445
egg,1.0235041,0.10354147,0.306069517270282,1.0,0.05880119595652793
Men-b,1.0233762,-0.029597154,0.306129991181214,1.0,0.27625646623321154
mTor,1.0222763,0.18126601,0.3066501681063284,1.0,0.0362109059845285
Cth,1.0218892,0.2583914,0.3068333464427201,1.0,0.03208200844762944
rno,1.0210543,-0.045883093,0.3072287242917394,1.0,0.25191020834322053
Xxylt,1.019992,0.016545963,0.30773223168445807,1.0,0.11988040434720706
CG16700,1.0195208,1.1326376,0.3079558108290926,1.0,0.009159508328982963
NdufAF4,1.0193074,0.06842691,0.3080570788868796,1.0,0.09055099425751033
Hug,1.0190407,0.538025,0.30818364777583196,1.0,0.018698685396991124
esn,1.0179408,0.047131117,0.30870613163999383,1.0,0.056902852261401925
CG5910,1.0175751,0.6337372,0.30887991918097957,1.0,0.01604100422381472
CenB1A,1.0168221,0.088222004,0.3092380875130195,1.0,0.05856390299463718
DPCoAC,1.0162864,0.3382918,0.3094930359956146,1.0,0.019742774429310425
Stip1,1.0151399,0.08703963,0.310039145238039,1.0,0.04480091120497366
Lkb1,1.0142025,0.10985153,0.3104861591528777,1.0,0.05661810070713302
Gat,1.0140777,0.12355217,0.31054569201078075,1.0,0.02871244838878079
Prosalpha5,1.013852,0.01588886,0.31065340116080575,1.0,0.09301884106117413
cyst,1.0138313,0.026762405,0.3106632630893572,1.0,0.0784965117934602
Ugp,1.0130305,0.04011173,0.31104557194482796,1.0,0.07156755730625029
CG7974,1.0123475,0.18186207,0.31137196552505597,1.0,0.033837976365621
Prp40,1.0102214,0.018912395,0.312389236910518,1.0,0.0734659010013763
Vti1b,1.0086648,0.014528389,0.31313541858166594,1.0,0.11238194675145935
Phax,1.0078514,0.24349563,0.3135258349800979,1.0,0.038204166864410805
Noc1,1.0064899,0.109943494,0.3141799791711337,1.0,0.043566987803141756
TTLL5,1.0061636,0.031386238,0.3143368702482374,1.0,0.06463860281904038
Nubp1,1.0058489,0.071873374,0.31448826831065413,1.0,0.07066584405106545
Kat60,1.0051411,0.085090585,0.3148288978933147,1.0,0.05239428598547767
sgll,1.0050843,0.104605645,0.31485625822687024,1.0,0.06634711214465379
CG3408,1.0037475,0.33593577,0.3155003465223618,1.0,0.02130890797778938
Art1,1.0035337,0.13376944,0.31560343491426024,1.0,0.04503820416686441
Glys,1.0030397,0.090396166,0.3158416958467861,1.0,0.05462483982725072
5-HT2B,1.0021194,0.032705523,0.3162859467090652,1.0,0.05040102510559537
CG42747,1.0020733,0.18729638,0.31630820839581986,1.0,0.030610792083906792
CG30116,1.0016048,0.009869022,0.3165345299162252,1.0,0.46756205210953444
spz,1.0014195,0.23113185,0.3166240128372645,1.0,0.03502444117507475
sns,1.0014127,-0.029092759,0.3166272775494299,1.0,0.17108822552323097
mh,1.0007082,0.8008282,0.3169678890962745,1.0,0.012007023871671966
lncRNA:CR45660,1.0003887,0.5450643,0.3171224249423945,1.0,0.014095201936310569
LManII,0.9992303,0.5334894,0.3176831277411135,1.0,0.01385790897441982
mRpL54,0.9976094,0.016344458,0.3184688170891149,1.0,0.115751506810308
fand,0.99705106,0.15631168,0.3187397399834482,1.0,0.02956670305158749
Eaf,0.99689764,0.017638989,0.31881419788576737,1.0,0.08870010915476247
indra,0.9960071,0.09716102,0.319246703046441,1.0,0.046984006454368565
BRWD3,0.9954336,0.023368394,0.31952540013113495,1.0,0.07759479853827536
fipi,0.99532634,-0.05048535,0.31957756486789934,1.0,0.11342603578377865
eIF2Bdelta,0.9916215,0.09252656,0.32138221130060174,1.0,0.05348583361017512
Tcs5,0.9873018,0.14596847,0.32349469623310645,1.0,0.04408903231930141
c12.2,0.98722154,0.29919946,0.3235340385346839,1.0,0.02154620093968013
CG10098,0.98720807,0.015695391,0.32354066081279964,1.0,0.1868444781927768
MED24,0.98588634,0.10334375,0.32418890238891374,1.0,0.04959422903516682
mfrn,0.98578817,-0.012277614,0.3242370767159781,1.0,0.10398177590052679
CG11158,0.98521435,0.40749916,0.3245188045303514,1.0,0.023349627450049832
Ptp61F,0.98452765,0.023885505,0.32485615081836683,1.0,0.09453751601727493
Sf3a2,0.98405194,0.19346899,0.3250899671602948,1.0,0.03530919272934365
SA1,0.98388785,0.13434693,0.3251706660369066,1.0,0.04641450334583076
CG4658,0.98388624,0.01655841,0.32517144768781026,1.0,0.11005647572492999
Cerk,0.98324645,0.047542676,0.3254861614454684,1.0,0.05519434293578852
lncRNA:CR45706,0.98191875,0.16052514,0.3261398732540478,1.0,0.0342176451046462
HisRS,0.98118794,0.021675974,0.3265000623522537,1.0,0.06743865976935125
lilli,0.9811518,-0.021604018,0.3265178924476897,1.0,0.35684115609131034
her,0.98108184,0.067626454,0.32655237882289034,1.0,0.05884865454890608
CCT2,0.98070157,0.058528032,0.3267399399055345,1.0,0.07503203454985526
CHMP2B,0.9804981,0.06357787,0.3268403147943221,1.0,0.05695031085378008
TrpRS-m,0.9804023,0.31282207,0.3268875684999528,1.0,0.02221062123297423
InR,0.98021233,-0.045866925,0.32698130474503817,1.0,0.2686630914527075
Spt20,0.9798845,0.048828613,0.32714312907393994,1.0,0.06188600446110768
IntS1,0.9795996,0.2269074,0.3272838113576272,1.0,0.02847515542689004
mRpL47,0.97955865,0.017712332,0.3273040241725437,1.0,0.13601632575577807
Ect3,0.97937584,0.669603,0.32739430488841115,1.0,0.011010393431730815
Tpc1,0.9790321,0.06920696,0.3275641156636344,1.0,0.05918086469555313
Bap111,0.9754194,0.09571001,0.32935225433704907,1.0,0.05106544539888947
CSN3,0.9740619,0.22212583,0.3300257902371807,1.0,0.02923449290494044
l(2)37Bb,0.9731384,0.09808197,0.33048452487788993,1.0,0.03777703953300745
Sap130,0.9727255,0.05271461,0.3306897466362495,1.0,0.05932324047268758
Grip163,0.9719522,0.07880407,0.3310743395046133,1.0,0.05016373214370462
lov,0.97156036,0.071386434,0.3312693155436808,1.0,0.04726875800863747
CG9586,0.97143954,0.0712812,0.3313294448330595,1.0,0.05875373736414978
Tusp,0.9702561,-0.0022588235,0.3319188476778524,1.0,0.11114802334962745
a,0.9699724,0.16335703,0.33206026250099907,1.0,0.02961416164396564
fliI,0.9697951,0.18845594,0.3321486170018896,1.0,0.03483460680556215
CG3184,0.969236,0.19244687,0.332427449231368,1.0,0.04423140809643586
Nsf2,0.9689006,0.03683031,0.33259478146188615,1.0,0.06938446205685539
CG31126,0.9687166,0.021990843,0.3326865993766941,1.0,0.1182193536139718
dUTPase,0.9668914,0.24629329,0.333598327483124,1.0,0.0355464856912344
mRpS34,0.96641254,0.10145221,0.33383779128618374,1.0,0.08167623748279626
CG8531,0.9639952,0.093073286,0.33504832840212184,1.0,0.05552655308243557
vap,0.9634961,0.013226361,0.3352986283400816,1.0,0.08708651701390537
CG33199,0.96325845,0.004170178,0.33541784211587977,1.0,0.32423710312752124
bigmax,0.9630327,0.0679799,0.3355311005402789,1.0,0.06497081296568744
alpha4GT1,0.96236235,0.051425796,0.3358676311996498,1.0,0.08613734516634236
lncRNA:CR43870,0.9621918,0.91459435,0.3359532447666478,1.0,0.010013762991789663
CG43783,0.9617722,0.09077617,0.3361640456901269,1.0,0.04817047126382232
CG9919,0.96118605,-0.027299728,0.336458630710329,1.0,0.2622087228892791
PEK,0.9606567,0.15411644,0.33672479861660287,1.0,0.0378244981253856
CG12121,0.9595631,0.0064433995,0.33727514788725677,1.0,0.09178491765934223
CG5554,0.9593056,-0.01615237,0.3374048199934666,1.0,0.13563665701675287
CG8839,0.95874727,0.25641114,0.33768608637026876,1.0,0.025675098476579186
mtSSB,0.9586626,0.17051168,0.33772873989999996,1.0,0.041146599591856105
Vps13D,0.9582529,0.025266245,0.3379352479280625,1.0,0.048123012671444164
CG1812,0.9581146,0.01148207,0.3380049702041349,1.0,0.1047411133785772
CG1910,0.9580057,-0.027754664,0.3380598729797989,1.0,0.1925395092781548
Idgf4,0.957259,0.43882257,0.3384365320879169,1.0,0.013905367566797968
Cyp9f2,0.9568652,0.3599004,0.3386352936699156,1.0,0.01556641830003322
Not10,0.95684254,0.045842096,0.33864672824914976,1.0,0.06340467941720848
cv-2,0.95599294,0.15386023,0.3390758042563391,1.0,0.04162118551563761
CG11902,0.9555002,0.1586152,0.3393248200597071,1.0,0.03682786768544445
CG4022,0.9549903,0.0026015332,0.3395825945326729,1.0,0.09211712780598927
holn1,0.9548743,0.082249604,0.3396412793706388,1.0,0.04726875800863747
Kap-alpha1,0.95446974,0.054691277,0.33984592325469687,1.0,0.06900479331783019
Herp,0.95396626,0.049955327,0.34010073286434117,1.0,0.06573015044373784
Ravus,0.9532732,0.17940776,0.34045167338931837,1.0,0.03635328176166295
CG34279,0.95298743,1.0172464,0.340596423385396,1.0,0.009254425513739263
Strip,0.95277965,0.08641964,0.34070173917735813,1.0,0.05633334915286413
Srx,0.9524657,0.10117986,0.3408608599390841,1.0,0.06278771771629253
daw,0.95236516,1.2774732,0.34091182892686367,1.0,0.008495088035688861
Gbeta5,0.95220065,-0.004626548,0.3409952432525102,1.0,0.2959517820701438
CG6454,0.95166814,-0.008741887,0.3412653212521215,1.0,0.1264771486877699
nudC,0.9516081,0.21217707,0.34129576399758366,1.0,0.038109249679654504
CG10338,0.9513387,0.14691113,0.34143247536708854,1.0,0.03834654264154525
PRL-1,0.9506711,-0.010868249,0.3417713802116348,1.0,0.12486355654691282
tim,0.9506051,0.37085018,0.34180487891877454,1.0,0.019220729913150776
Lap1,0.95046246,0.087420456,0.3418773321020928,1.0,0.054767215604385175
Mfe2,0.9504048,0.2407083,0.3419065987082346,1.0,0.028997199943049688
CG11788,0.9502749,0.28883895,0.34197260583409606,1.0,0.026102225807982535
CG34348,0.9502411,0.056576505,0.34198976498451517,1.0,0.045180579943998864
Hrs,0.95010716,0.18989307,0.3420578013897144,1.0,0.0341227279198899
Shab,0.9492921,0.012514488,0.34247206126246976,1.0,0.48664040624555077
CG10343,0.94923294,0.08407734,0.3425021686955293,1.0,0.06065208105927578
CG30392,0.9488673,0.057256427,0.34268810442185826,1.0,0.10260547672156044
CG12171,0.94874173,0.1306641,0.34275198418693664,1.0,0.04370936358027621
Myd88,0.9476195,0.45824632,0.34332319697257363,1.0,0.013430781643016467
for,0.9468331,0.50391924,0.34372385311993214,1.0,0.012481609795453466
CG6144,0.94599056,0.031746,0.3441533863612205,1.0,0.10649708129656875
Ptcd3,0.94198924,0.19260752,0.3461981419750456,1.0,0.033980352142755445
Cont,0.9408539,0.09092717,0.34677973186350153,1.0,0.04304494328698211
Gale,0.94015765,0.10833282,0.3471366880821455,1.0,0.05030610792083907
O-fut2,0.93920153,0.5463403,0.3476272725360129,1.0,0.017796972141806273
CG4101,0.93907833,-0.014359916,0.34769051372468684,1.0,0.21152294622941484
GCS2beta,0.9364059,0.11723916,0.34906424030244143,1.0,0.03303118029519245
CG11593,0.9360912,-0.011604266,0.3492262499961367,1.0,0.08798823026909022
twf,0.93594414,0.11910438,0.34930195270347897,1.0,0.05286887190925917
Tps1,0.93449324,1.0737909,0.35004951288059005,1.0,0.008542546628067011
SP1173,0.93421507,0.33555856,0.3501929571964403,1.0,0.016278297185705472
mEFTu2,0.9341328,0.21575218,0.35023538287248124,1.0,0.03137012956195719
Gga,0.9340263,0.1267637,0.35029031564372426,1.0,0.038916045750083054
Hmt-1,0.9332339,0.058478046,0.35069920344101635,1.0,0.05296378909401547
CG10254,0.93236524,0.014775547,0.3511478101519454,1.0,0.09956812680935884
SLC5A11,0.93163043,0.39779446,0.35152754213056203,1.0,0.017369844810402924
CG9581,0.931181,0.12060263,0.35175994551878065,1.0,0.056096056190973374
SLIRP2,0.93032026,0.14351751,0.35220529730551287,1.0,0.036495657538797396
CG10375,0.92992884,0.027951874,0.35240794140922793,1.0,0.13340610317497983
CG3337,0.92973053,0.08939141,0.352510628861317,1.0,0.07702529542973756
HP4,0.92904425,0.051697645,0.3528661682610048,1.0,0.08357458117792227
CG5543,0.92752856,0.3423356,0.3536521640179269,1.0,0.023349627450049832
AdamTS-B,0.9273013,1.1117227,0.3537701381304783,1.0,0.008874756774714061
MESR6,0.92716175,0.19906625,0.3538425436487035,1.0,0.03108537800768829
Acaa,0.92692095,0.52229524,0.3539675735068766,1.0,0.01423757771344502
PPO2,0.92626286,0.57795936,0.35430938161027936,1.0,0.013905367566797968
CG43867,0.9262521,-0.012084295,0.354314956295277,1.0,0.3986521759764605
Topors,0.9258881,0.15996988,0.354504115468388,1.0,0.03189217407811684
Hmu,0.92582256,0.10986907,0.35453819567771094,1.0,0.05215699302358692
Gapvd1,0.92574465,-0.012347271,0.3545786815239572,1.0,0.08760856153006502
Tmem43,0.924843,0.11972456,0.35504757967054834,1.0,0.05201461724645247
CG6999,0.92411935,0.14114907,0.35542417973766416,1.0,0.04219068862417541
rg,0.9238622,0.12834479,0.35555804613126973,1.0,0.05044848369797352
Pdxk,0.92345494,0.06263806,0.355770187046595,1.0,0.04949931185041052
gzl,0.923019,-0.03254404,0.3559973179851177,1.0,0.2097669783114233
HBS1,0.92292637,0.1278696,0.356045571786602,1.0,0.0370651606473352
CG3335,0.9214131,0.0904069,0.35683478482875874,1.0,0.052346827393099524
Dim1,0.9209362,0.02439164,0.3570837146164222,1.0,0.07474728299558635
CG11180,0.9198164,0.10979945,0.3576687146119335,1.0,0.0377295809406293
Remo,0.91936773,0.36303926,0.3579032574425115,1.0,0.019885150206444876
CG13398,0.9193518,0.02782402,0.3579115689722874,1.0,0.0726116463385696
janA,0.917593,0.015118493,0.35883198995039456,1.0,0.09254425513739263
Enoph,0.91755563,0.086144604,0.3588515541024212,1.0,0.0768829196526031
ArfGAP1,0.9170136,0.010125072,0.359135517896804,1.0,0.09240187936025818
trr,0.9163897,0.035434503,0.3594625424935136,1.0,0.05657064211475488
RasGAP1,0.9155059,0.000575524,0.359926112732872,1.0,0.10208343220540078
CG10809,0.9144242,0.00249896,0.3604939966939934,1.0,0.09173745906696408
CG10654,0.91418576,-0.025138544,0.36061924876869644,1.0,0.11527692088652651
mor,0.91415554,0.06279303,0.360635115979855,1.0,0.06435385126477149
CG8726,0.91310287,-0.035228826,0.3611884455310659,1.0,0.25732048787432965
C1GalTA,0.91240263,-0.011058641,0.36155679106277716,1.0,0.1771629253476342
Lrpprc2,0.91234386,0.2583065,0.36158774113210046,1.0,0.025532722699444736
CG31689,0.9103299,0.9346726,0.3626485739140741,1.0,0.009112049736604812
FAM21,0.91009855,0.033025976,0.36277052266981036,1.0,0.053153623463528074
ImpL2,0.9099122,0.1669077,0.3628688127688249,1.0,0.020881780646386027
DnaJ-H,0.9097906,-0.011886073,0.3629329513294436,1.0,0.27839210289022825
CG40228,0.90976715,-0.023008078,0.3629453187306785,1.0,0.3019315647097907
AlaRS-m,0.9088897,0.32797584,0.3634083426611967,1.0,0.021830952493949028
Dus1,0.90872204,0.19157372,0.3634968793210299,1.0,0.027241232025058137
sel,0.9079165,0.3643571,0.3639223370682021,1.0,0.02116653220065493
CG9016,0.9074078,0.39771608,0.3641911633782807,1.0,0.020739404869251576
mri,0.90664923,0.04586253,0.36459232318930146,1.0,0.0748896587727208
Snx1,0.9065169,0.090277575,0.3646623285282382,1.0,0.05571638745194817
RhoGAP18B,0.90585124,0.13497217,0.3650145848476338,1.0,0.020739404869251576
geminin,0.9057225,0.09586351,0.3650827473105618,1.0,0.047078923639124866
CG9801,0.90542364,0.1021545,0.3652409821816851,1.0,0.05182478287693987
Tk,0.9042005,-0.06538585,0.36588909727328445,1.0,0.08105927578188031
Hr3,0.9030012,-0.029417837,0.36652527491542475,1.0,0.17815955578757534
Rpn12,0.9012709,0.02317345,0.3674442885278929,1.0,0.09045607707275402
OstDelta,0.9007853,0.17051722,0.36770247800984435,1.0,0.030468416306772342
pdm2,0.90033704,0.6872388,0.3679409070276437,1.0,0.012291775425940867
CG8031,0.9002516,0.21132831,0.3679863631956928,1.0,0.032461677186654644
Snr1,0.8999961,0.0649821,0.3681223297166831,1.0,0.08101181718950216
drpr,0.8999329,0.0057586622,0.368155956120638,1.0,0.12790090645911442
pcm,0.8997875,0.18821627,0.36823336756239733,1.0,0.0340278107351336
neur,0.8997032,0.40782064,0.3682782116106492,1.0,0.017417303402781074
CG4036,0.89960146,0.178579,0.3683323674448289,1.0,0.03758720516349485
Rab32,0.89957964,0.3967843,0.3683440031341576,1.0,0.017417303402781074
CG7523,0.8995248,0.0977487,0.36837319914363,1.0,0.05125527976840207
dpr15,0.8991409,0.048282377,0.368577611536665,1.0,0.06648948792178824
CG2811,0.8987185,0.019613737,0.36880263136399294,1.0,0.1017037634663756
Girdin,0.89826906,-0.044573557,0.3690421395031981,1.0,0.08086944141236771
CG4004,0.897971,0.033938542,0.3692010178620927,1.0,0.08442883584072897
CG31673,0.89740235,0.37088326,0.3695042757484137,1.0,0.019790233021688575
Sema1b,0.8960881,0.0027525416,0.37020568823014177,1.0,0.05737743818518343
meigo,0.896048,0.13000679,0.37022712326995333,1.0,0.032746428740923546
SIDL,0.8944322,0.121216215,0.37109068292781955,1.0,0.03303118029519245
VepD,0.89423907,0.025132077,0.37119398587823316,1.0,0.0644487684495278
Tsp96F,0.8941787,-0.040885217,0.3712262982828243,1.0,0.19087845854491955
cerv,0.8933537,0.09216029,0.3716677923934193,1.0,0.061126666983057285
CG4882,0.89276797,0.058233272,0.371981459326032,1.0,0.09169000047458592
CG5961,0.8917971,0.08886098,0.37250169058984983,1.0,0.06397418252574628
CG8507,0.8907981,0.10576451,0.3730375115755441,1.0,0.05832661003274643
dbo,0.8899552,-0.03358211,0.3734899416013252,1.0,0.16287788904181102
CG1105,0.8899421,0.07131912,0.373496983506158,1.0,0.049214560296141616
PhLP2,0.8895002,-0.01142352,0.37373432240233295,1.0,0.18499359309002894
CG6550,0.8889812,0.34481087,0.3740131866912063,1.0,0.021071615015898628
CG12402,0.8883418,0.042768598,0.37435692614149996,1.0,0.0704285510891747
Uck,0.8877159,0.010335495,0.3746935911419751,1.0,0.09335105120782118
Zyx,0.8876452,-0.024534645,0.3747316513994362,1.0,0.29580940629300934
pch2,0.8876217,0.3674802,0.3747442674053786,1.0,0.019837691614066726
PpV,0.88644624,0.080970176,0.3753771148778907,1.0,0.06198092164586398
CG2991,0.88549685,0.025138417,0.3758887096165321,1.0,0.10644962270419059
caps,0.88499814,-0.031690322,0.37615763520509204,1.0,0.18746143989369277
Prosbeta3,0.8842967,0.040008783,0.37653604618640835,1.0,0.11447012481609796
sens-2,0.8839506,0.60030144,0.37672287262978466,1.0,0.013051112903991267
CG9784,0.8836657,0.07564322,0.37687670951535746,1.0,0.06715390821508234
Tkt,0.88345706,0.14163746,0.3769893761536175,1.0,0.02966162023634379
Nup160,0.8834495,0.41782546,0.3769934540023193,1.0,0.01428503630582317
Pgm1,0.883347,0.052867074,0.37704882958765473,1.0,0.08039485548858621
Tip60,0.8831244,0.19876161,0.37716904191399514,1.0,0.03260405296378909
ATP7,0.88171685,0.08068377,0.377929932165575,1.0,0.02866498979640264
Spt-I,0.8809376,-0.0016318128,0.3783515993806251,1.0,0.11845664657586256
CG44325,0.8800339,0.22129801,0.3788409325186307,1.0,0.020881780646386027
CG6833,0.87982726,0.12536679,0.37895288397126425,1.0,0.0372549950168478
T48,0.8792296,0.4516719,0.37927679659542524,1.0,0.012434151203075316
salsa,0.8783629,0.20703171,0.37974681543409494,1.0,0.026671728916520338
fray,0.8769136,0.028988408,0.38053356592702414,1.0,0.06629965355227564
Fib,0.8760338,0.33161944,0.3810116700208608,1.0,0.02230553841773053
prel,0.8753964,-0.0028615824,0.3813582774391703,1.0,0.17198993877841584
Flo2,0.87503314,-0.03776401,0.38155586969134403,1.0,0.24289307579137204
ca,0.8750172,0.08898337,0.3815645184892673,1.0,0.050116273551326466
CG31550,0.8749795,-0.024362009,0.3815850598664612,1.0,0.12011769730909781
capt,0.87409055,0.036388125,0.3820689513356702,1.0,0.08855773337762803
ergic53,0.8736506,0.019857604,0.38230854860648944,1.0,0.08480850457975417
CG6136,0.87337005,0.20979838,0.38246140219353153,1.0,0.02771581794883964
CG8010,0.87332237,0.18489783,0.3824873866978149,1.0,0.025912391438469934
CG3776,0.87317693,0.017434556,0.3825666461196102,1.0,0.111005647572493
CG5989,0.87276286,0.07786154,0.38279235238528164,1.0,0.061126666983057285
CG6171,0.87180793,0.07823837,0.3833131740923257,1.0,0.08893740211665321
Sbds,0.8717582,0.20317963,0.38334027822751326,1.0,0.027810735133595936
CG34376,0.87070596,0.15599394,0.3839147279975913,1.0,0.03445493806653695
CG7565,0.8679461,0.013564699,0.3854238582343954,1.0,0.0765032509135779
tef,0.86717,0.28949165,0.38584889212565776,1.0,0.023586920411940583
Herc4,0.8666776,-0.017881397,0.38611868563887,1.0,0.13435527502254282
AOX1,0.866608,1.3205868,0.38615680134848895,1.0,0.00745099900336956
NPF,0.86625475,0.51029915,0.3863504646283187,1.0,0.013383323050638317
inaD,0.8628865,0.76478064,0.3881998859276854,1.0,0.010678183285083765
Hap40,0.86092454,0.046391502,0.3892795961552754,1.0,0.07958805941815766
Edem2,0.86006105,0.018428296,0.389755404668793,1.0,0.05661810070713302
Pli,0.8599462,-0.038490087,0.38981871186649775,1.0,0.23510986664135541
CG5131,0.85982656,0.14404148,0.3898846543842184,1.0,0.036400740354041096
CG17141,0.8591224,0.12803066,0.3902729983199634,1.0,0.031844715485738695
CG4598,0.85866815,0.3186899,0.39052361799557744,1.0,0.019410564282663377
retn,0.8581627,0.71603894,0.39080263777100754,1.0,0.011627355132646766
Uros1,0.85751414,0.14713092,0.3911608027082195,1.0,0.04342461202600731
raskol,0.8570098,-0.036118634,0.39143943998111774,1.0,0.269137677376489
P5CS,0.85698086,1.7638689,0.3914554724243009,1.0,0.006501827155806559
CG5608,0.85531735,0.161105,0.39237547886381896,1.0,0.03023112334488159
Arpc2,0.8548238,0.015745603,0.3926486998251397,1.0,0.06321484504769588
Usp16-45,0.85441804,0.085025944,0.3928733905244254,1.0,0.040339803521427554
mRpL44,0.85420984,0.06560368,0.39298873706146265,1.0,0.0765032509135779
Eglp4,0.85272396,0.5558839,0.3938123873299839,1.0,0.010440890323193014
CG42855,0.851537,0.17187466,0.394471132695409,1.0,0.03701770205495705
form3,0.85047436,0.14453878,0.39506141497651404,1.0,0.0391533387119738
Idgf3,0.8504676,0.14146139,0.3950651694135343,1.0,0.02168857671681458
CG32706,0.8502427,0.22115546,0.3951901823959284,1.0,0.034692231028427695
Cep162,0.84985244,0.017645387,0.3954071344382232,1.0,0.0712828057519814
Polr1D,0.84926945,0.16623901,0.395731370978913,1.0,0.0386787527881923
Ugt302C1,0.84915143,1.5183765,0.3957970335052158,1.0,0.0068814958948317595
CG12091,0.8472312,-0.016770398,0.39686624513877633,1.0,0.3111385316311518
CG6574,0.8467134,0.25756732,0.3971548674475539,1.0,0.024963219590906933
Idgf6,0.84645194,0.35757,0.39730066648830353,1.0,0.013383323050638317
wdp,0.8460637,0.5978273,0.3975172087937533,1.0,0.011342603578377866
AIF,0.8455924,0.07949121,0.3977801694625539,1.0,0.045370414313511465
CG14352,0.84543383,0.29148728,0.3978686595590527,1.0,0.020881780646386027
CG12012,0.84516835,0.04793626,0.39801683494780804,1.0,0.09814436903801434
CG14480,0.843923,0.0453646,0.39871246094325163,1.0,0.11409045607707276
CG42365,0.84378505,0.13837706,0.39878952642152043,1.0,0.033363390441839495
Tmf,0.84361815,0.06437208,0.3988828165175463,1.0,0.05856390299463718
Tollo,0.84346634,0.57233626,0.3989676774885582,1.0,0.010061221584167813
Sps2,0.8428806,0.22860834,0.39929522717421084,1.0,0.024441175074747284
Cdk9,0.8426084,0.097315095,0.39944750172402277,1.0,0.03768212234825115
CG2278,0.84040606,0.030086396,0.40068076488724613,1.0,0.061031749798300984
Rtca,0.8403444,0.13608582,0.4007152899419647,1.0,0.048217929856200464
mIF2,0.838642,0.27292317,0.4016702250553683,1.0,0.021830952493949028
CG17721,0.8385725,0.1949351,0.40170926285341735,1.0,0.028807365573537087
CG7218,0.83713907,0.24758118,0.40251439461476857,1.0,0.03018366475250344
CG32091,0.8368303,0.64707977,0.4026879582140077,1.0,0.010630724692705614
Reg-5,0.8363137,0.8235777,0.40297844805949024,1.0,0.009491718475630012
Psn,0.8362807,0.099531665,0.4029969989823403,1.0,0.04940439466565422
HP5,0.83516365,-0.0032865524,0.4036255738936416,1.0,0.13065350481704713
Gclm,0.83341354,0.021964842,0.40461154314685066,1.0,0.09268663091452707
Sys1,0.8333778,0.03040136,0.4046317073911554,1.0,0.09524939490294718
Gmap,0.83322793,0.066357404,0.4047161797018115,1.0,0.04499074557448626
H,0.833162,-0.026940279,0.40475337775022824,1.0,0.10156138768924114
kto,0.8321367,0.12650871,0.4053317788845585,1.0,0.040624555075696456
kcc,0.8315168,9.934419e-05,0.40568174931353307,1.0,0.4581652508186607
RAF2,0.83132845,0.19572602,0.4057881222286138,1.0,0.028237862464999288
dpr18,0.8312585,0.0066547557,0.4058276235858802,1.0,0.15428788382136585
CG9368,0.8304621,-0.023047835,0.40627756234296186,1.0,0.21764510464619619
brun,0.829347,0.13149683,0.40690806658742995,1.0,0.04351952921076361
fuss,0.82933867,0.50961363,0.4069127874573649,1.0,0.01504437378387357
opm,0.8293057,0.06056068,0.4069314464535423,1.0,0.05177732428456172
CG32104,0.829198,0.43637872,0.4069923727538559,1.0,0.01547150111527692
Iqsec,0.8285701,-0.03967811,0.40734769714914976,1.0,0.22732665749133882
CG3348,0.8283806,0.59600157,0.40745500547352176,1.0,0.010488348915571164
Pura,0.8279379,0.37399152,0.4077056821597831,1.0,0.015376583930520622
Tab2,0.82778805,0.53589624,0.4077905370037179,1.0,0.010725641877461915
Rh3,0.8264238,1.0978466,0.4085637179399654,1.0,0.008257795073798112
CG3270,0.8261957,0.102215275,0.40869307945426947,1.0,0.02372929618907503
Nelf-A,0.8260761,-0.016387366,0.4087609251154063,1.0,0.11703288880451806
Wnt10,0.82515496,0.2022298,0.40928362891619796,1.0,0.018366475250344075
Prosbeta4,0.82477623,-0.008359332,0.4094986435802185,1.0,0.15623368610887
SrpRalpha,0.82315767,0.0410602,0.41041834562249047,1.0,0.07550662047363675
CG17059,0.82211727,-0.036374778,0.41101014942672853,1.0,0.19220729913150775
Awh,0.8205428,0.38328677,0.41190672994809185,1.0,0.018841061174125574
CG10948,0.81886345,0.027272535,0.4128643297890322,1.0,0.06724882539983865
Mcr,0.81852883,0.105207294,0.4130552821097667,1.0,0.0374448293863604
CG17029,0.8182964,0.05110557,0.4131879816787116,1.0,0.08082198281998956
Taf2,0.8180118,0.26872313,0.4133504312367018,1.0,0.023681837596696884
Cog1,0.8176943,0.04861698,0.41353175688172816,1.0,0.03844145982630155
Acox3,0.8168821,0.22447602,0.4139958380161184,1.0,0.03023112334488159
Tmem186,0.8148041,0.09143129,0.4151844609981131,1.0,0.04783826111717526
CG11964,0.81454974,0.16422297,0.4153300801072607,1.0,0.0365905747235537
Su(fu),0.81328684,0.16160609,0.41605361680214503,1.0,0.03322101466470505
Gk2,0.81301385,0.34334832,0.4162101241548479,1.0,0.019695315836932275
CG14671,0.8125378,0.06788705,0.4164831269308785,1.0,0.06781832850837644
rogdi,0.81241655,0.011364454,0.4165526478462046,1.0,0.09781215889136728
Polr3F,0.8119548,0.10196977,0.41681757385874374,1.0,0.0369702434625789
Cog7,0.8119302,0.07898389,0.4168317121178797,1.0,0.04337715343362916
CSN4,0.8118499,0.08973395,0.4168777774401492,1.0,0.06539794029709078
CG8067,0.8118121,0.1826236,0.4168994428623527,1.0,0.024441175074747284
Sox14,0.8116126,0.5730332,0.41701393853901136,1.0,0.010488348915571164
Vha14-1,0.8112693,0.03468893,0.4172110422395098,1.0,0.5214275544587348
sip1,0.81121486,0.27878478,0.41724230099519,1.0,0.020264818945470078
Ski8,0.8105651,0.33282918,0.4176154591127872,1.0,0.018983436951260025
ebd2,0.81040496,0.21369323,0.4177074665122973,1.0,0.02287504152626833
Madm,0.81035566,0.008915214,0.4177357788839454,1.0,0.08267286792273741
CG8060,0.8090662,0.21369076,0.41847709723678617,1.0,0.028095486687864837
CG14903,0.8078199,-0.00532227,0.4191942498900534,1.0,0.11276161549048455
pr,0.8074754,0.030288981,0.4193926462885479,1.0,0.049024725926629015
bdl,0.80636346,-0.02683331,0.420033291674742,1.0,0.03170233970860424
icln,0.8056756,0.12291513,0.4204299186506032,1.0,0.048312847040956765
rictor,0.8054181,0.08779543,0.42057845255879855,1.0,0.047411133785771914
sturkopf,0.80521023,0.06545538,0.42069835656088106,1.0,0.061126666983057285
CG4607,0.8050938,0.7395153,0.4207655390840922,1.0,0.010535807507949314
dbe,0.8050378,0.10759704,0.4207978714850057,1.0,0.03939063167386455
RagC-D,0.8048395,0.06536636,0.42091230779514177,1.0,0.07882872194010726
CG8407,0.8016508,0.32515693,0.42275496920857036,1.0,0.018935978358881875
Tdp1,0.8013719,0.16643947,0.42291640356985094,1.0,0.035071899767452897
Eip63F-1,0.80125386,-0.06607285,0.42298471358851975,1.0,0.2264724028285321
28SrRNA-Psi:CR45848,0.80119383,0.050442733,0.423019446075239,1.0,0.03151250533909164
Cyp6a20,0.8009331,0.94551516,0.4231703562632101,1.0,0.00835271225855441
Octbeta2R,0.80038315,0.020672997,0.4234888433219748,1.0,0.5136918039010963
LeuRS,0.80033666,0.14873664,0.42351577387362405,1.0,0.026481894547007737
Motor,0.79997265,-0.05106867,0.4237266494078189,1.0,0.3090503535665132
IntS4,0.7993078,0.42419755,0.42411195504867005,1.0,0.013288405865882019
CG7530,0.7989498,0.42426744,0.4243195476045307,1.0,0.013335864458260169
CG2680,0.7975291,0.030562839,0.42514382142493057,1.0,0.07503203454985526
BORCS5,0.7968579,0.0048088594,0.42553357264003133,1.0,0.12334488159081201
Hcs,0.7966107,0.062066354,0.4256771570036203,1.0,0.05500450856627592
cpb,0.79657096,0.032388154,0.42570024394487616,1.0,0.06378434815623368
PGRP-LE,0.79619426,0.1919026,0.4259191444502374,1.0,0.024583550851881734
cnk,0.79610246,0.049550854,0.42597249408109483,1.0,0.04575008305253666
Daao1,0.7958803,0.18238078,0.42610161170205085,1.0,0.03298372170281429
Pldn,0.7933803,0.13304329,0.42755627828549403,1.0,0.03606853020739405
Bgb,0.79295987,-0.0026145687,0.42780120319024795,1.0,0.1912106686915666
Act79B,0.7919386,1.199885,0.4283964932104586,1.0,0.0076408333728821606
Gos28,0.790955,0.072653964,0.42897023363880527,1.0,0.07123534715960325
CG13367,0.790893,0.13622683,0.4290064116327803,1.0,0.03151250533909164
CG6788,0.7907957,1.4976033,0.4290632332166492,1.0,0.006739120117697309
CG5515,0.7900875,0.03077527,0.42947665489188425,1.0,0.1031275212377201
Hip14,0.78994524,0.041497376,0.4295597383378512,1.0,0.0761235821745527
l(1)G0320,0.7893754,-0.03610415,0.42989262988007726,1.0,0.2610697166722035
CG4572,0.78895414,0.10436853,0.4301387966166771,1.0,0.03350576621897394
Yod1,0.78885245,0.029659456,0.4301982604733372,1.0,0.0784965117934602
hob,0.7888413,0.03124475,0.4302047646221919,1.0,0.04622466897631816
Lint-O,0.7885147,0.17317514,0.4303957332872018,1.0,0.02842769683451189
Rnb,0.787766,0.118426725,0.43083361346860394,1.0,0.03436002088178065
Ssl1,0.78730696,0.1041656,0.43110218685953205,1.0,0.033837976365621
S2P,0.7872581,0.19427048,0.4311307939011666,1.0,0.026624270324142187
CG15445,0.7858311,0.19621484,0.4319664650831456,1.0,0.03231930140952019
Mat89Ba,0.7854126,0.28967372,0.43221168933684506,1.0,0.016183380000949172
lncRNA:CR46349,0.784346,0.54278,0.43283710791631713,1.0,0.012956195719234967
l(2)k05819,0.7835202,0.059995595,0.43332167749501205,1.0,0.04228560580893171
ohgt,0.7834447,0.046859756,0.4333659993153113,1.0,0.0738455697404015
CG2218,0.78307754,0.038258612,0.4335815807031004,1.0,0.06316738645531773
CkIIalpha-i3,0.7824739,0.024008734,0.43393611816757904,1.0,0.08086944141236771
CG42390,0.7823507,0.29222912,0.43400849333358393,1.0,0.01547150111527692
Nprl3,0.78229904,0.14865285,0.43403884628571143,1.0,0.03673295050068815
beg,0.7820431,0.15383689,0.43418922823092354,1.0,0.03331593184946134
CG7741,0.7818428,0.19370048,0.43430693944551935,1.0,0.03113283660006644
CG9667,0.78165966,0.10904624,0.43441462398029207,1.0,0.033837976365621
CG15642,0.78147525,0.0170251,0.4345230248542836,1.0,0.07114042997484694
Atg16,0.7814478,0.17131601,0.4345391461460897,1.0,0.024583550851881734
mbo,0.7809356,0.2978466,0.43484037406662257,1.0,0.021119073608276778
Sps1,0.7806312,0.13872002,0.43501943859803116,1.0,0.037302453609225954
Snp,0.7803685,0.03972263,0.4351739919356824,1.0,0.04499074557448626
JTBR,0.7801496,0.079423524,0.4353028495673381,1.0,0.06055716387451948
JhI-21,0.77959,0.19446671,0.43563222641331545,1.0,0.019505481467419677
put,0.7793353,-0.038418293,0.43578222469996475,1.0,0.15367092212044992
Rpt3,0.77902293,-0.012888809,0.43596619460312236,1.0,0.17948839637416356
Zw10,0.7785771,0.16527945,0.4362288856960804,1.0,0.042143230031797256
CG8155,0.77819,0.0881534,0.43645699986990316,1.0,0.05021119073608277
Gsc,0.77814156,0.9130773,0.4364855775356504,1.0,0.009112049736604812
CG17027,0.7772033,0.55542576,0.4370388379308773,1.0,0.010345973138436713
CG1513,0.776449,-0.03895256,0.4374838947506463,1.0,0.23909638840112002
ssp7,0.7761085,0.6990861,0.43768493577649803,1.0,0.009064591144226662
eIF6,0.77579814,0.19518681,0.43786819447820735,1.0,0.024963219590906933
CG30491,0.7754818,0.06256689,0.43805501828287585,1.0,0.06179108727635138
CG15432,0.77504945,-0.0024257465,0.43831044957982057,1.0,0.09747994874472023
Mybbp1A,0.7749155,0.31033126,0.4383895849120075,1.0,0.018224099473209625
CG5885,0.7743945,0.030626135,0.4386975159072901,1.0,0.09705282141331688
ewg,0.77416164,-0.043489195,0.4388351972552672,1.0,0.25675098476579183
Hacl,0.7725423,0.1667126,0.43979330935164496,1.0,0.03189217407811684
CG31195,0.77163625,0.18169002,0.44032990521644744,1.0,0.02050211190736083
kumpel,0.7714566,0.11792762,0.440436327573126,1.0,0.017891889326562573
nub,0.77120864,0.7210468,0.4405832711662997,1.0,0.010298514546058565
Trc8,0.7711248,0.029071614,0.44063296518203143,1.0,0.08523563191115752
CG3764,0.7702978,0.012715682,0.4411232474554285,1.0,0.07939822504864506
lncRNA:CR46348,0.7701305,-0.010408438,0.4412224727866936,1.0,0.1109107303877367
cal1,0.77008086,-0.027179822,0.4412519364512515,1.0,0.09539177068008163
CCT5,0.7696747,0.050045826,0.44149287364898415,1.0,0.04603483460680556
CG9213,0.7694387,0.23660523,0.44163294416897314,1.0,0.024108964928100232
CG13148,0.7689467,0.051254105,0.4419249574257893,1.0,0.06084191542878838
CG2691,0.766827,0.31014237,0.44318437791042953,1.0,0.018176640880831475
CG12093,0.7656245,0.082371935,0.44389976326685876,1.0,0.04418394950405771
CG42806,0.76532924,0.13669328,0.4440755188091666,1.0,0.03037349912201604
CG4554,0.7647566,0.3692099,0.444416498425118,1.0,0.016563048739974374
Aos1,0.7643147,0.061666094,0.44467972983590465,1.0,0.062360590384889183
Rbpn-5,0.7642861,0.029249791,0.44469677666169194,1.0,0.06705899103032605
Ance,0.7641808,1.601073,0.44475952166197263,1.0,0.0061221584167813585
Rpt4,0.7638692,0.020339893,0.4449451817206074,1.0,0.11945327701580372
Septin1,0.7637766,0.0381661,0.44500036727169756,1.0,0.06933700346447724
CG17026,0.7631416,0.104584575,0.4453789553127726,1.0,0.027810735133595936
CG13375,0.76007813,-0.022121357,0.4472078997144031,1.0,0.15865407432015566
CG12608,0.7595428,0.033270836,0.44752791048145457,1.0,0.053770585164444024
Pih1D1,0.7590969,0.004454597,0.4477945666794888,1.0,0.09344596839257747
Usp32,0.7590894,0.04967387,0.4477990830252122,1.0,0.05509942575103222
U2A,0.75885016,0.15376794,0.4479421932764204,1.0,0.03113283660006644
Ak1,0.75884736,-0.026595678,0.4479438575019332,1.0,0.30411465995918563
Sap30,0.75835544,0.035164095,0.44823824291813386,1.0,0.07588628921266195
CG4853,0.7581798,0.04345723,0.4483433732097053,1.0,0.06250296616202364
POSH,0.7578988,0.31647223,0.44851156321488095,1.0,0.017844430734184423
Ahcy,0.75743824,0.14436705,0.4487873581181253,1.0,0.02994637179061269
prt,0.7559015,-0.013586971,0.4497082430023651,1.0,0.034882065397940296
Dgk,0.75420386,-0.05552359,0.4507268186285388,1.0,0.09876133073893029
Chpf,0.7539531,0.6051594,0.4508773789964827,1.0,0.010488348915571164
Hgsnat,0.75337887,-0.017847491,0.45122227185696107,1.0,0.0690997105025865
Arc42,0.7531099,0.25692284,0.4513839096808795,1.0,0.01675288310948697
CG40485,0.7530077,0.45531,0.45144527855447814,1.0,0.010868017654596364
CG5003,0.75272316,0.090132475,0.4516162766490641,1.0,0.03711261923971335
CG33695,0.75211555,0.101295255,0.45198156139677115,1.0,0.04323477765649471
Ork1,0.75190175,0.2833863,0.4521101316506406,1.0,0.012007023871671966
CG10413,0.7517007,0.08924642,0.4522310734654782,1.0,0.041241516776612405
Ets21C,0.74949396,0.8959085,0.45355952697786006,1.0,0.007688291965260311
PNKP,0.747848,0.12378983,0.45455185658130104,1.0,0.038204166864410805
SdhA,0.74713504,-0.021851486,0.4549820378543453,1.0,0.28627022922500117
CG11241,0.7468712,0.7067434,0.4551413157982942,1.0,0.010345973138436713
Pp4-19C,0.74576366,0.030932307,0.4558101937383926,1.0,0.057519813962317874
Ugt49B1,0.74465495,0.20086713,0.4564803452606496,1.0,0.014427412082957619
CG30349,0.7430248,0.25824946,0.45746664118625213,1.0,0.019980067391201176
Panx,0.74251103,0.19751519,0.4577777814179841,1.0,0.032461677186654644
nemy,0.74226624,0.035215832,0.457926053944011,1.0,0.023302168857671682
pasi2,0.742062,0.07474248,0.45804979547161806,1.0,0.05519434293578852
Fcp1,0.7414893,0.050101902,0.4583968050832804,1.0,0.06914716909496464
grau,0.7409004,0.119184,0.458753841696271,1.0,0.03179725689336054
crb,0.7406477,0.05117262,0.4589071116746374,1.0,0.03042095771439419
CG10184,0.7406477,0.9049756,0.4589071116746374,1.0,0.00754591618812586
Adc,0.7386436,0.2612689,0.4601234423503432,1.0,0.013288405865882019
Dab,0.738125,-0.035198078,0.46043849131374726,1.0,0.2838023824213374
Pld3,0.73802644,0.2542986,0.4604983763281215,1.0,0.02126144938541123
sNPF-R,0.7377288,-0.0622683,0.4606792651728753,1.0,0.10156138768924114
wrapper,0.73733854,0.34107956,0.46091648536182217,1.0,0.012434151203075316
Catsup,0.7365263,0.12973921,0.46141047012567193,1.0,0.0379194153101419
E(z),0.7358384,0.053301595,0.46182904163928096,1.0,0.06036732950500688
Snrk,0.7350349,-0.026585381,0.4623182479453021,1.0,0.20767880024678467
L,0.7349987,0.8033948,0.4623402714459418,1.0,0.008874756774714061
Cyp28d2,0.73465496,0.6181081,0.46254964493644746,1.0,0.012101941056428266
CG11417,0.7341046,0.17442966,0.462884994686417,1.0,0.031939632670494995
wgn,0.73386735,0.66658884,0.4630295879683116,1.0,0.008779839589957763
HP1b,0.73380697,0.022467654,0.4630664063594747,1.0,0.09187983484409852
CstF64,0.73373425,0.21273887,0.46311073592981533,1.0,0.024203882112856533
CG16865,0.7336766,0.12437616,0.4631458621324356,1.0,0.03948554885862085
Pp1-87B,0.73328793,-0.024216684,0.46338282109700313,1.0,0.340610317497983
inaC,0.73285717,0.8337026,0.46364554164805605,1.0,0.00792558492715106
CG14868,0.73252416,0.00042443475,0.46384869796689243,1.0,0.15656589625551706
CG7785,0.7321832,-0.011530506,0.46405675423780546,1.0,0.0786863461629728
mv,0.73205686,0.24139515,0.46413387919757554,1.0,0.02249537278724313
CG17726,0.7319611,0.24418263,0.464192333998541,1.0,0.02206824545583978
Actn,0.73162365,0.07192987,0.4643982924769193,1.0,0.047173840823881166
Naa20A,0.73124456,0.07703759,0.4646297835174795,1.0,0.053343457833040675
CG5404,0.73103434,0.18952814,0.4647581746617041,1.0,0.01594608703905842
CG5808,0.73078436,0.20724691,0.4649108620235718,1.0,0.022685207156755732
Egfr,0.73054755,1.0894219,0.46505556449747265,1.0,0.006454368563428408
Synd,0.7301648,-0.04506908,0.4652894235890521,1.0,0.12666698305728252
Agpat2,0.72989184,0.302424,0.46545629758880747,1.0,0.016563048739974374
SCCRO4,0.72931004,0.034136344,0.4658120177476842,1.0,0.05998766076598168
se,0.7286699,0.3144012,0.4662036301692901,1.0,0.012054482464050116
Teh4,0.7280694,0.06271734,0.46657110000330615,1.0,0.040434720706183855
Dfd,0.7275365,0.7377974,0.466897361026512,1.0,0.009301884106117413
Syt12,0.7274225,-0.0176429,0.4669672036488385,1.0,0.10118171895021594
CG7632,0.72646075,0.14090075,0.4675563509199706,1.0,0.03113283660006644
l(2)gl,0.72616315,0.4564722,0.4677387778851104,1.0,0.010013762991789663
unmet,0.7255273,0.16532408,0.4681286070902563,1.0,0.03208200844762944
Vinc,0.7253254,0.47422445,0.46825241548752305,1.0,0.009396801290873712
Coq9,0.72489107,0.18282919,0.4685188599806883,1.0,0.035688861468368846
CG6178,0.7240013,0.23277177,0.46906493092365253,1.0,0.024915760998528783
erm,0.72384673,-0.008337928,0.46915984023243473,1.0,0.03863129419581415
Zpr1,0.7235757,0.25522828,0.469326262133244,1.0,0.02154620093968013
CG14650,0.7224682,0.072108276,0.47000668609756835,1.0,0.052346827393099524
CalpA,0.72220033,0.021733236,0.47017131965875725,1.0,0.07617104076693085
Dsor1,0.7220362,0.015385529,0.4702722161986097,1.0,0.10398177590052679
pck,0.7207451,0.0697654,0.47106636885854014,1.0,0.047078923639124866
CG6028,0.71998405,0.04333337,0.47153479843091717,1.0,0.04100422381472166
CG10492,0.71802014,0.016716711,0.4727448505618759,1.0,0.05248920317023397
CG3703,0.7172337,-0.0027497022,0.47322988900519536,1.0,0.12866024393716483
Rpn13,0.7167207,-0.005629398,0.47354645117810623,1.0,0.12567035261734136
Ugt35C1,0.7164433,0.7070081,0.47371765412083655,1.0,0.008257795073798112
tefu,0.7162494,0.24830857,0.47383736922563113,1.0,0.018556309619856676
Neurl4,0.7160511,0.06713924,0.47395980002272053,1.0,0.03502444117507475
CG15210,0.715548,0.7978543,0.474270494034297,1.0,0.0076408333728821606
lncRNA:CR45308,0.7153203,0.16893996,0.4744111529817351,1.0,0.02164111812443643
CG5611,0.7148979,0.17508037,0.47467215687333786,1.0,0.030658250676284943
Grasp65,0.7147854,0.12399568,0.47474165661645995,1.0,0.02980399601347824
CG5149,0.71465945,-0.019775985,0.47481951278622914,1.0,0.14498599971524845
Rsph3,0.7130603,0.42949387,0.47580842853198124,1.0,0.01456978786009207
cav,0.7127444,0.40669128,0.47600393679855657,1.0,0.014474870675335769
Cyp12b2,0.7124245,0.05451448,0.4762019491512487,1.0,0.03113283660006644
mRpL46,0.71229655,0.12203564,0.4762811667301512,1.0,0.03967538322813345
goe,0.7105695,0.21086237,0.477351064175046,1.0,0.012766361349722368
CG16798,0.71043557,0.7698063,0.4774340816774211,1.0,0.009017132551848512
CG30423,0.71042126,-0.014150911,0.4774429504829324,1.0,0.2989891319823454
Syx18,0.71034056,0.058876485,0.47749296237895,1.0,0.0694793792416117
trp,0.7098907,0.5826004,0.47777189899483585,1.0,0.009586635660386313
Psat,0.70958316,0.3309942,0.4779626719584791,1.0,0.01433249489820132
P58IPK,0.7094695,0.12111412,0.47803317483063346,1.0,0.033363390441839495
Txl,0.7092609,0.040299103,0.47816260923484255,1.0,0.061221584167813585
Pgant1,0.7087061,0.11701558,0.4785068746532001,1.0,0.030705709268663093
CG1943,0.7076566,-0.021078182,0.47915853788704976,1.0,0.19704807555407908
CG2124,0.70659316,0.42231935,0.4798193311555897,1.0,0.015281666745764321
Fdx1,0.7062717,0.019177062,0.48001919791963765,1.0,0.06013003654311613
CG30015,0.7041834,-0.043683115,0.4813185716612981,1.0,0.12457880499264391
slp1,0.7037709,0.6179331,0.48157545822160475,1.0,0.010345973138436713
Poxn,0.7036493,0.57006294,0.4816512020212954,1.0,0.010535807507949314
CG31974,0.7032404,0.112819344,0.4819059566520555,1.0,0.016183380000949172
Fbxl4,0.70309216,0.09619139,0.4819983202054763,1.0,0.034692231028427695
Datp,0.7028946,0.09474186,0.4821214040273052,1.0,0.03948554885862085
PMP34,0.7028223,-0.0028540657,0.48216648125086525,1.0,0.1155616724407954
CG15522,0.70146644,0.055509362,0.4830119793719203,1.0,0.09244933795263632
CG7191,0.70133805,0.30725327,0.4830920608990822,1.0,0.01556641830003322
CG11808,0.70126855,0.15480253,0.4831354517345917,1.0,0.02206824545583978
bru2,0.7012586,0.102757946,0.4831416505981294,1.0,0.02130890797778938
peg,0.7010369,0.53790635,0.48328002047111784,1.0,0.009491718475630012
noi,0.70095617,0.16142917,0.4833303646683388,1.0,0.02847515542689004
hay,0.70087826,0.20800686,0.48337897556006904,1.0,0.02401404774334393
CG10274,0.7008767,0.32811645,0.4833799676467163,1.0,0.014474870675335769
CG30394,0.70019877,0.11248737,0.48380319334693545,1.0,0.02401404774334393
chif,0.69983155,-0.04048637,0.48403250382870777,1.0,0.1549997627070381
park,0.699669,0.1362665,0.4841340247968202,1.0,0.03279388733330169
mahj,0.6992951,0.11818581,0.4843676413256004,1.0,0.026671728916520338
CG31111,0.69828767,0.25399992,0.48499729480371156,1.0,0.021736035309192728
Pde1c,0.69791573,-0.023433972,0.48522989426224716,1.0,0.4181101988515021
twin,0.6976765,-0.06455309,0.4853795253981893,1.0,0.1752645816525082
Nup62,0.69714755,0.087729074,0.4857104430224809,1.0,0.06435385126477149
bbg,0.6970244,1.2116052,0.48578753377290307,1.0,0.0061221584167813585
CG5323,0.69696957,0.100217365,0.4858218537202478,1.0,0.04437378387357031
CG31038,0.6969322,0.16026868,0.4858452318267823,1.0,0.027858193725974086
Ciao1,0.6963667,0.021526234,0.48619921090338714,1.0,0.06378434815623368
Alr,0.69537044,0.09003954,0.4868231800871672,1.0,0.04522803853637701
Dus3,0.69503224,0.2724654,0.4870350844611072,1.0,0.01608846281619287
GC,0.6931383,0.065156184,0.4882227688920783,1.0,0.05794694129372123
CG32795,0.6931121,-0.037203584,0.4882392270112964,1.0,0.14811826681220636
sced,0.69308025,0.01663817,0.48825917664783247,1.0,0.047695885340040815
lace,0.69284266,0.035159796,0.4884083141038651,1.0,0.05120782117602392
lncRNA:CR42651,0.6928319,0.84497017,0.4884150483142691,1.0,0.008210336481419962
Glg1,0.6922557,0.022638239,0.4887767738783041,1.0,0.040719472260452756
trh,0.6918718,0.40179878,0.4890178380465763,1.0,0.013620616012529068
CG31200,0.6899985,0.9187683,0.49019512956201294,1.0,0.00716624744910066
Spt3,0.68959236,0.11235722,0.4904505684859375,1.0,0.04484836979735181
Dr,0.68893427,0.53140163,0.49086462140839726,1.0,0.011200227801243415
pad,0.68865454,0.23391569,0.49104070079040185,1.0,0.02130890797778938
ush,0.68830043,0.33782637,0.49126359989873625,1.0,0.015613876892411371
CG4238,0.6881614,-0.007928001,0.491351173334286,1.0,0.12946704000759338
lncRNA:CR45674,0.6875283,0.49558076,0.4917498634567863,1.0,0.013952826159176118
CG4887,0.6870745,-0.050250463,0.4920357857907226,1.0,0.18020027525983578
veli,0.6869799,-0.0013730333,0.4920953850367018,1.0,0.17521712306013004
CG11858,0.6865245,0.04640787,0.4923824171300646,1.0,0.053438375017796975
CG31342,0.68627894,0.025195086,0.4925372413241167,1.0,0.05918086469555313
CG9727,0.68623126,0.009693754,0.49256730730018805,1.0,0.04593991742204926
CG15561,0.68572533,0.12226532,0.49288631777067904,1.0,0.0341227279198899
Tbcc,0.6851114,0.0045998082,0.49327363940822433,1.0,0.1094869726163922
CG9135,0.68485665,0.066785485,0.49343438185000355,1.0,0.04869251577998197
Fem-1,0.6841878,-0.010173022,0.4938565582643224,1.0,0.10270039390631674
Spn27A,0.6841501,0.576068,0.4938803945432255,1.0,0.009017132551848512
Brd8,0.68325156,0.13735756,0.4944478796327776,1.0,0.026909021878411085
S1P,0.6828367,0.10965344,0.49471002928933394,1.0,0.031654881116226094
Sgt1,0.68262607,0.0327113,0.4948431413534874,1.0,0.07949314223340136
DIP-alpha,0.6816485,-0.02623795,0.4954612327872836,1.0,0.04014996915191495
pirk,0.6810775,1.0890614,0.495822479290546,1.0,0.006549285748184709
stck,0.67909884,0.0031201937,0.49707523347093285,1.0,0.07802192586967871
mRpL17,0.6784622,0.012256349,0.49747866712584765,1.0,0.1256228940249632
CG14621,0.6784237,0.06221809,0.4975031003535917,1.0,0.04228560580893171
CG15602,0.67839986,0.06870824,0.49751821401019836,1.0,0.04693654786199041
Nipped-A,0.67818606,-0.04216425,0.49765374405450313,1.0,0.2688529258222201
Gp210,0.6776245,0.14231338,0.49800979293642655,1.0,0.03084808504579754
sicily,0.67762375,0.080207124,0.49801029699408883,1.0,0.05139765554553652
Golgin245,0.6774493,-0.024545586,0.4981209442201263,1.0,0.1364909116795596
Bdbt,0.6773837,0.06161547,0.49816253482774475,1.0,0.06492335437330929
Srp68,0.6773523,0.16052425,0.49818244856052507,1.0,0.02202078686346163
CG31793,0.67628056,0.20573318,0.49886254220293513,1.0,0.020976697831142328
xit,0.6761125,0.2908494,0.4989692534719272,1.0,0.018224099473209625
PTPMT1,0.67605084,0.12872629,0.4990083587464794,1.0,0.046272127568696315
l(3)73Ah,0.67590344,0.05005591,0.49910196572679577,1.0,0.08091690000474586
Cyp6w1,0.67554694,0.58130133,0.4993283262654621,1.0,0.008969673959470362
Inx3,0.675328,-0.032817688,0.49946739973528265,1.0,0.02382421337383133
Nf-YC,0.67498666,0.035587657,0.4996842540259997,1.0,0.05144511413791467
CG6701,0.67489564,0.6475232,0.4997420734441549,1.0,0.00840017085093256
CG17361,0.6741414,0.12293533,0.5002214295679704,1.0,0.04461107683546106
Gbeta76C,0.6732421,0.7645099,0.5007932881849241,1.0,0.00740354041099141
CG5895,0.67257327,0.052412264,0.5012188057581963,1.0,0.020881780646386027
boca,0.67212266,0.007293472,0.5015056260992503,1.0,0.1164159271036021
Pex6,0.6707965,0.27994043,0.5023501507179342,1.0,0.016563048739974374
Aptx,0.67074925,-0.0059148427,0.5023802810023499,1.0,0.09766978311423283
Adck1,0.670698,0.479505,0.5024129443230143,1.0,0.010630724692705614
CG15118,0.67047465,0.06438097,0.5025552580948458,1.0,0.041431351146125006
CG2182,0.6704584,-0.04847512,0.5025656412504202,1.0,0.17398319965829814
Cog6,0.67032486,0.07463158,0.502650736750005,1.0,0.032651511556167245
Pdzd8,0.67018455,0.0010803294,0.5027401458811847,1.0,0.09942575103222438
Rm62,0.67014325,0.08624333,0.5027664889847305,1.0,0.6670305158748991
CG32944,0.6687166,-0.009082456,0.5036762797732045,1.0,0.09852403777703954
CG5913,0.6686709,0.1658136,0.5037054378486674,1.0,0.025058136775663233
twit,0.6686657,0.35340583,0.5037087340349937,1.0,0.01480708082198282
CG3386,0.66775453,0.09802199,0.5042903086750706,1.0,0.040007593374780506
Tgt,0.66712904,0.22642913,0.5046897279207203,1.0,0.02244791419486498
Tmx3,0.6664582,0.015941147,0.5051182611317862,1.0,0.1076835461060225
CG32095,0.66569364,0.22405599,0.5056069414288228,1.0,0.019030895543638175
CG2247,0.6648198,0.010379551,0.5061657741436523,1.0,0.06311992786293959
CG8944,0.66305137,0.087122254,0.5072976476586499,1.0,0.034170186512268046
Ilp5,0.66302675,1.4408648,0.5073134269660894,1.0,0.005789948270134308
Atg7,0.6628801,0.17635904,0.5074073446280707,1.0,0.02254283137962128
ERp44,0.6622272,0.081368595,0.5078256308248263,1.0,0.05372312657206587
Bhmt,0.6621966,0.295543,0.5078452384507246,1.0,0.018603768212234827
Sec71,0.66182303,0.12893975,0.508084636300724,1.0,0.03208200844762944
GstD1,0.6617066,-0.10943135,0.5081592692214174,1.0,0.1130938256371316
CG14757,0.66058,-0.0072016893,0.5088816969540203,1.0,0.16904750605097052
ATP8A,0.66022754,-0.050955657,0.5091078368589519,1.0,0.24858810687675004
RfC4,0.6596787,0.15426196,0.5094600264097308,1.0,0.025864932846091784
CG4069,0.6594741,0.11002409,0.5095913969434074,1.0,0.032366760001898344
CG3609,0.658663,0.12380883,0.5101122067534576,1.0,0.03341084903421764
Cndp2,0.65839434,0.011320374,0.5102847656333441,1.0,0.07256418774619144
CG10435,0.65795565,0.19079046,0.5105666433938936,1.0,0.027003939063167386
NdufAF3,0.65786505,0.015089228,0.5106248674188556,1.0,0.09800199326087988
mTTF,0.6574851,0.08941472,0.5108690375155505,1.0,0.027953110910730387
CG16789,0.6568151,0.28736404,0.5112998041231944,1.0,0.017085093256134023
Mgstl,0.6563279,0.02231633,0.511613161548786,1.0,0.0719472260452755
CG5292,0.65624803,0.08040327,0.5116645453717303,1.0,0.06036732950500688
TrpRS,0.6561558,0.15574506,0.5117238574115628,1.0,0.030610792083906792
CG18335,0.6554632,1.0181981,0.5121695793999075,1.0,0.006359451378672109
CG30183,0.65514964,0.22010922,0.5123714099546014,1.0,0.017796972141806273
Rae1,0.6545909,0.22485407,0.5127311752861465,1.0,0.02937686868207489
Vps51,0.6545079,0.18783782,0.5127846651535259,1.0,0.024820843813772482
Rca1,0.65448123,0.15146968,0.512801813238478,1.0,0.040529637890940155
CG8777,0.65443635,0.2829542,0.5128307353124715,1.0,0.016373214370461773
adp,0.6543382,0.10478964,0.512893957318582,1.0,0.040624555075696456
enok,0.653994,-0.041531913,0.5131156503536436,1.0,0.08950690522519102
Dbp73D,0.6538915,0.20891567,0.5131817071188752,1.0,0.013051112903991267
CG5793,0.6537421,-0.024536444,0.5132779838230925,1.0,0.030705709268663093
Ostgamma,0.651494,0.044663955,0.5147276218173119,1.0,0.07840159460870391
Naa35,0.6514837,0.13085614,0.5147342893714695,1.0,0.033837976365621
CG10055,0.65059596,-0.03298092,0.5153073536986231,1.0,0.05111290399126762
wash,0.65035236,0.24094112,0.5154646579870927,1.0,0.02221062123297423
Cul4,0.649763,0.059216328,0.5158453193946113,1.0,0.0390584215272175
Sbf,0.6483459,0.056696624,0.5167612488485991,1.0,0.056285890560485975
CG7600,0.6478615,0.07423928,0.5170745429476007,1.0,0.04152626833088131
Galk,0.64751256,0.2037028,0.5173002578671366,1.0,0.018319016657965925
CG14194,0.64651555,0.05295824,0.5179455488635409,1.0,0.045370414313511465
Pmvk,0.64648014,0.12541416,0.5179684464631071,1.0,0.03023112334488159
CG6695,0.64585745,0.072325625,0.5183716843248637,1.0,0.0358312372455033
CG8001,0.64548546,0.04673231,0.5186126236393601,1.0,0.04389919794978881
mute,0.64544415,0.120133355,0.518639398245955,1.0,0.028190403872621138
AP-1mu,0.64508927,-0.022797856,0.5188693288285808,1.0,0.09771724170661099
CG30291,0.6448163,0.049193826,0.5190462541422072,1.0,0.047790802524797116
Ugt36D1,0.6444566,0.3759639,0.5192793692369733,1.0,0.010915476246974514
Son,0.6439293,-0.02422925,0.5196212832147231,1.0,0.1079682976602914
Ilp6,0.64342105,0.0032112424,0.5199509394419906,1.0,0.019552940059797828
Arc2,0.6429231,0.20982252,0.5202739988507743,1.0,0.020359736130226378
Cpsf73,0.6424772,0.36008155,0.5205633704781613,1.0,0.01385790897441982
moody,0.64180446,0.15673041,0.5210001639085278,1.0,0.011912106686915665
slp2,0.64175993,0.5017462,0.521029066524844,1.0,0.008969673959470362
ATP6AP2,0.6417154,-0.0011813584,0.5210579699667277,1.0,0.4098998623700821
Trs33,0.6410208,0.068464965,0.5215091770770924,1.0,0.0393431730814864
CG9067,0.64066035,0.039339364,0.5217433780412184,1.0,0.056475724929998576
CG9577,0.6402439,0.2244668,0.5220140546656951,1.0,0.018129182288453324
Nubp2,0.6395695,0.039905466,0.522452507568484,1.0,0.038014332494898204
CG9109,0.6394773,0.09466612,0.5225124639732459,1.0,0.023444544634806132
CkIIalpha,0.6389436,-0.03299609,0.5228596086455437,1.0,0.3214845047695885
CG7049,0.6381651,0.11974149,0.5233661920590212,1.0,0.038014332494898204
ics,0.6375921,0.020793555,0.5237392438227813,1.0,0.0735608181861326
CG5721,0.6365871,0.06576947,0.5243938364422197,1.0,0.03137012956195719
SerRS-m,0.63642335,0.24037261,0.5245005159767169,1.0,0.022685207156755732
MME1,0.6354887,0.2167626,0.5251097342945125,1.0,0.020359736130226378
NO66,0.63529676,0.18857758,0.5252348864363079,1.0,0.017227469033268474
CG8281,0.6344503,0.12212541,0.5257869816256027,1.0,0.03739737079398225
snRNP-U1-70K,0.6339397,-0.07344304,0.5261201965786806,1.0,0.15400313226709697
CG15027,0.6332458,0.0673657,0.526573126892329,1.0,0.041241516776612405
vito,0.6317338,0.103020556,0.5275608723086395,1.0,0.042665274547956905
Tsp42Ea,0.63136536,0.21862407,0.5278016566251686,1.0,0.01499691519149542
sv,0.63134193,0.3985784,0.5278169835208468,1.0,0.012481609795453466
CG2767,0.6309783,0.32599217,0.5280547093324809,1.0,0.012718902757344218
Ugt49C1,0.630906,0.679537,0.5281020011898638,1.0,0.00726116463385696
Abca3,0.63059485,0.017080866,0.5283054847260413,1.0,0.056713017891889324
Trl,0.63036436,-0.015427433,0.5284562390158403,1.0,0.02989891319823454
Strump,0.6302574,0.20565015,0.5285261652516136,1.0,0.02211570404821793
CG16753,0.6300834,0.16133764,0.5286400329207344,1.0,0.03279388733330169
rdgC,0.6282685,-0.061024353,0.5298280679556809,1.0,0.08765602012244317
CG32099,0.6279176,0.14197429,0.5300579233062843,1.0,0.02306487589578093
CG1275,0.62782145,0.04265315,0.5301209276141872,1.0,0.09401547150111528
CG13097,0.62774354,0.10375624,0.530171958684831,1.0,0.032556594371410945
papi,0.6265112,0.07745423,0.5309796750331865,1.0,0.040007593374780506
POLDIP2,0.6263801,0.005426676,0.5310656667531701,1.0,0.11152769208865265
CG4239,0.625203,0.051618416,0.5318378237292786,1.0,0.03587869583788145
Gyc88E,0.62490577,0.03320672,0.5320329080579751,1.0,0.04242798158606616
Rpn3,0.6248621,-0.008442332,0.532061599986734,1.0,0.07588628921266195
TfIIA-L,0.62350255,-0.034949675,0.5329543100015595,1.0,0.10398177590052679
Dbx,0.62324226,0.26091376,0.5331253186412857,1.0,0.014047743343932419
Hmx,0.6230058,0.10781259,0.5332806864159434,1.0,0.027241232025058137
aph-1,0.62166864,0.04207008,0.5341597935964879,1.0,0.055574011674813725
Vha100-2,0.6212275,0.86397123,0.5344499418124921,1.0,0.006169617009159509
kar,0.6209195,0.22765145,0.5346525699182707,1.0,0.01670542451710882
Rgk2,0.62049156,-0.048482284,0.5349342219646412,1.0,0.09458497460965308
CG7369,0.6204228,0.0031701708,0.5349794710965894,1.0,0.05329599924066252
cue,0.6203183,0.003984892,0.535048263936696,1.0,0.06573015044373784
CG12567,0.6201645,0.0060416567,0.5351494995338715,1.0,0.08703905842152722
CG1662,0.62008303,0.07779723,0.5352031295376292,1.0,0.0354515685064781
Lgr3,0.6197814,0.39525002,0.5354017149389603,1.0,0.010820559062218215
CG33310,0.6197687,0.0438876,0.5354100882617197,1.0,0.03996013478240235
shop,0.61878234,0.15086854,0.5360597451076192,1.0,0.02130890797778938
ttk,0.6183754,0.14565514,0.5363278899567439,1.0,0.012956195719234967
CG13654,0.61802256,0.06913249,0.5365604764534363,1.0,0.034976982582696596
mav,0.6172357,-0.038555734,0.5370792641187594,1.0,0.05979782639646908
hop,0.6164787,0.051813707,0.5375786386172356,1.0,0.04650942053058706
MKP-4,0.6158405,0.04912526,0.5379998147073521,1.0,0.04100422381472166
cyp33,0.6157391,0.05791542,0.538066704103006,1.0,0.05196715865407432
CG11170,0.61555,0.12642686,0.5381915754749961,1.0,0.025295429737553984
ECSIT,0.61538625,0.07622169,0.5382996691582509,1.0,0.04484836979735181
ValRS,0.615356,0.061731696,0.5383196099596357,1.0,0.04171610270039391
Arc1,0.612103,-0.08732721,0.5404696115404142,1.0,0.08124911015139291
ana1,0.61055315,0.11760365,0.5414954301261057,1.0,0.02216316264059608
Prp19,0.60986173,0.0939163,0.5419534164195267,1.0,0.033078638887570594
mip120,0.609702,0.098643094,0.5420592545210567,1.0,0.0373499122016041
Grip,0.60916233,0.6275208,0.5424168634375895,1.0,0.008590005220445162
fid,0.6090892,-0.033401303,0.5424653261221175,1.0,0.08015756252669545
ana,0.6087192,0.31237903,0.5427105698568241,1.0,0.010251055953680414
Art4,0.60743964,0.14417814,0.5435592070401234,1.0,0.020312277537848228
CG13248,0.6069027,0.014193652,0.5439154622488602,1.0,0.09610364956575387
CG13506,0.6059844,-0.012483105,0.544525136096227,1.0,0.09102558018129182
CG6204,0.6057435,0.37833264,0.5446850634795927,1.0,0.011959565279293816
Med,0.6056863,-0.0077147568,0.544723069457057,1.0,0.09790707607612358
Gle1,0.60549754,0.0070153796,0.5448484457355518,1.0,0.05329599924066252
CG1582,0.60524243,0.07128048,0.5450179244473541,1.0,0.026386977362251436
Amacr,0.60523486,0.13482043,0.5450229405712415,1.0,0.039010962934839355
VGlut2,0.6050028,0.01818868,0.5451771315586955,1.0,0.018983436951260025
Hip1,0.6047902,-0.016978947,0.545318404291085,1.0,0.06117412557543543
CG4611,0.6047811,0.32264864,0.5453244781055762,1.0,0.01551895970765507
cold,0.6044973,0.08758169,0.5455130471309657,1.0,0.035593944283612546
CG6607,0.60413015,0.039219063,0.5457571256481568,1.0,0.08590005220445161
CG4281,0.6038082,-0.03582808,0.545971135123666,1.0,0.055289260120544824
CG7182,0.60292524,0.23883377,0.5465584215638386,1.0,0.02762090076408334
Mmp1,0.6018718,0.37047428,0.547259504112775,1.0,0.010156138768924114
Opbp,0.6017164,0.18974529,0.5473629454795961,1.0,0.024536092259503584
lncRNA:CR44938,0.6013782,0.59794074,0.547588116002472,1.0,0.008874756774714061
CG7806,0.6009172,0.052597,0.5478951202037001,1.0,0.02994637179061269
Amph,0.60016656,-0.057414565,0.5483952426755712,1.0,0.20758388306202838
CG14074,0.6001451,0.065465085,0.548409542767709,1.0,0.0361159887997722
CG11970,0.59913653,0.18426861,0.5490818547649101,1.0,0.02296995871102463
l(3)07882,0.5983862,0.008839306,0.5495822464584302,1.0,0.042950026102225806
CG1888,0.5980568,0.02742593,0.5498020339426777,1.0,0.04427886668881401
Mal-A5,0.5978887,0.5471386,0.5499141979231348,1.0,0.007688291965260311
magu,0.59672314,0.9415818,0.550692231192313,1.0,0.006217075601537658
pn,0.59600747,0.07080398,0.5511702485206283,1.0,0.04508566275924256
NT5E-2,0.5958314,0.807577,0.5512878598330977,1.0,0.006027241232025058
mRpS2,0.59558105,0.0010232538,0.5514551387033437,1.0,0.0829576194770063
dgt1,0.59477395,0.026936136,0.5519945837153085,1.0,0.04342461202600731
Alp4,0.59440756,0.24228631,0.5522395575919152,1.0,0.012149399648806417
Dtd,0.5938107,0.0699366,0.5526387507652355,1.0,0.04845522281809121
jumu,0.59341526,0.05509331,0.5529032742386735,1.0,0.027241232025058137
MTF-1,0.5914466,0.13258654,0.5542212320994788,1.0,0.02382421337383133
pinta,0.5913576,0.20940521,0.5542808611738554,1.0,0.017986806511318874
lncRNA:CR44628,0.5913238,0.17013973,0.5543034890995453,1.0,0.027336149209814437
fat-spondin,0.59113145,0.37093207,0.5544323437839694,1.0,0.009017132551848512
CG2790,0.5908084,-0.041676976,0.5546488206796231,1.0,0.09520193631056903
Dmac2,0.58890724,0.083746836,0.5559234892950513,1.0,0.04494328698210811
Ing3,0.58834136,0.038292777,0.5563031816114319,1.0,0.05851644440225903
IntS11,0.58793604,0.22948521,0.5565752299524823,1.0,0.01670542451710882
Sobp,0.58788633,0.5481618,0.5566085736705219,1.0,0.010156138768924114
CG8728,0.58670413,0.054454774,0.5574024414087535,1.0,0.04603483460680556
CG40439,0.58623004,0.33546895,0.5577209438184672,1.0,0.01419011912106687
ash2,0.5854587,0.044038713,0.5582393334781636,1.0,0.041858478477528355
NSD,0.5851352,0.15416083,0.5584568010055286,1.0,0.02140382516254568
CG4297,0.5845975,-0.049431283,0.5588183583715363,1.0,0.12453134640026577
tio,0.5841922,0.12251881,0.5590910044820178,1.0,0.03825162545678895
Nsun6,0.58395773,0.084151834,0.5592487410241077,1.0,0.035593944283612546
sax,0.58364224,0.028581403,0.5594610510704712,1.0,0.05500450856627592
CTCF,0.58311963,0.021476962,0.5598127588717808,1.0,0.04465853542783921
Stard7,0.5827517,0.06785924,0.5600604896740469,1.0,0.04807555407906602
CG2116,0.5826559,-0.0020307337,0.5601249726033786,1.0,0.0405770964833183
Axs,0.5821882,0.7941489,0.5604399471504767,1.0,0.00730862322623511
CkIIalpha-i1,0.5820407,0.15563135,0.5605392474798655,1.0,0.019363105690285227
lncRNA:CR31044,0.5817526,0.5280286,0.5607333225846856,1.0,0.00783066774239476
CG2100,0.58161634,0.19474597,0.560825151522672,1.0,0.02192586967870533
CG31869,0.5810973,0.61902446,0.5611748641901185,1.0,0.00735608181861326
Hr51,0.58085966,0.20630613,0.5613350281728746,1.0,0.018461392435100376
CG13108,0.5806959,-0.0014573107,0.5614453881289184,1.0,0.17018651226804613
Rab3-GAP,0.5796055,0.21315257,0.5621806744370244,1.0,0.016942717478999572
Bdp1,0.5795491,0.26066807,0.5622187376232661,1.0,0.019742774429310425
CG9706,0.57912743,0.2475414,0.562503178711022,1.0,0.011864648094537515
Pngl,0.5789689,0.082600534,0.5626101636923563,1.0,0.03008874756774714
ATPsynE,0.57853174,0.09132302,0.5629051606144708,1.0,0.6729153813297898
tyn,0.57827544,0.056323174,0.5630781707865391,1.0,0.0405770964833183
CG14200,0.5780541,-0.05845141,0.5632275971063698,1.0,0.10464619619382089
brat,0.57794285,-0.025287006,0.5633027198931155,1.0,0.41269991932039296
Stoml2,0.5771906,-0.003087107,0.563810730298782,1.0,0.10744625314413174
WDR79,0.5764526,0.145209,0.564309294023577,1.0,0.020786863461629727
ck,0.57600236,0.33830416,0.564613583854051,1.0,0.009918845807033363
CG6983,0.5757917,-0.015177891,0.5647559530614952,1.0,0.04855014000284751
botv,0.5757226,0.12972747,0.5648026969059315,1.0,0.024773385221394332
Ssu72,0.57490236,0.07078025,0.5653573175276346,1.0,0.0372549950168478
CG9886,0.57454515,0.1813216,0.5655989710011158,1.0,0.02225807982535238
SrpRbeta,0.5741779,0.04482468,0.5658473962327146,1.0,0.07602866498979641
Prosalpha4,0.5741235,0.019573761,0.5658842343034682,1.0,0.09268663091452707
vri,0.573564,0.5814079,0.5662628995849344,1.0,0.007688291965260311
HLH3B,0.5726925,0.24936634,0.5668529235665768,1.0,0.013715533197285369
D12,0.5723917,0.13815904,0.5670566618967874,1.0,0.019980067391201176
Usp14,0.5718294,0.0059138266,0.5674375878558308,1.0,0.06615727777514119
Tep2,0.57181424,0.5758636,0.5674478193590456,1.0,0.007023871671966209
Dbp21E2,0.57172084,0.3136626,0.5675110950914671,1.0,0.01513929096862987
tst,0.5716974,0.23266388,0.5675269818697786,1.0,0.016468131555218073
QC,0.5714725,0.98495823,0.5676793980540094,1.0,0.006027241232025058
NELF-B,0.5710719,0.25958484,0.5679508874043558,1.0,0.01570879407716767
CG11906,0.5710457,0.13364887,0.5679686656596448,1.0,0.02278012434151203
CG3226,0.5708724,0.02870683,0.5680861165807359,1.0,0.06421147548763703
CG11504,0.5704361,0.08618167,0.5683819504100349,1.0,0.04722129941625931
CG11123,0.5702748,0.27299905,0.5684913575267506,1.0,0.01485453941436097
Pex5,0.57009435,0.03561602,0.5686137113973895,1.0,0.03958046604337715
Egm,0.56928647,0.059052832,0.569161763117116,1.0,0.048597598595225666
CG14647,0.5670694,-0.0025642603,0.5706670323486696,1.0,0.1187888567225096
Wbp2,0.56665134,-0.015228487,0.5709510846803283,1.0,0.14413174505244175
Trabd,0.56622255,-0.027959913,0.571242497238861,1.0,0.12282283707465237
Zasp52,0.5661407,0.354175,0.5712981410460996,1.0,0.009017132551848512
Bap55,0.56550366,0.006216693,0.5717312243977923,1.0,0.06981158938825874
betaTub97EF,0.56538606,0.08219926,0.571811211943758,1.0,0.010630724692705614
Iml1,0.56481105,-0.021654505,0.5722023086966204,1.0,0.061126666983057285
CG3939,0.5645265,0.03953008,0.5723958769540163,1.0,0.03080062645341939
CG1231,0.5632532,0.10955213,0.5732624486165627,1.0,0.0370651606473352
Glt,0.563086,0.56248707,0.5733763608505695,1.0,0.006739120117697309
CG10737,0.562809,-0.029009275,0.5735649754787877,1.0,0.0740354041099141
CG7656,0.56276727,-0.002059721,0.5735933919959435,1.0,0.09990033695600588
CG8042,0.5616478,-0.008015044,0.5743560155460039,1.0,0.08836789900811542
RhoBTB,0.56152934,-0.045331758,0.5744367187326329,1.0,0.10545299226424944
CG11309,0.5613128,0.062183484,0.5745843273688519,1.0,0.03682786768544445
nes,0.5613024,0.022564288,0.5745913696972642,1.0,0.05144511413791467
CG13300,0.561068,-0.0700461,0.5747511873584579,1.0,0.07844905320108206
Bcat,0.5607783,1.4171095,0.5749486860152064,1.0,0.004650942053058707
lin-28,0.5606416,0.80456245,0.5750418926843698,1.0,0.00835271225855441
Tbcd,0.5604894,0.11051155,0.5751456747931551,1.0,0.02254283137962128
Hexim,0.560183,-0.025187809,0.57535462071773,1.0,0.06558777466660339
Rint1,0.5600888,0.18413962,0.5754188564389636,1.0,0.01585116985430212
CG12118,0.5599263,0.038242932,0.5755297184589924,1.0,0.06886241754069575
Rab9,0.55969304,0.1278123,0.5756888461287882,1.0,0.017749513549428123
CG7246,0.55802995,0.26717502,0.5768239441276651,1.0,0.013668074604907219
CG5969,0.55796117,0.029027719,0.5768708896350534,1.0,0.06895733472545204
Sf3b3,0.55784994,0.3355457,0.5769468746189854,1.0,0.012956195719234967
CG9628,0.55772513,0.21895035,0.5770320919614833,1.0,0.01490199800673912
SMC1,0.55742073,-0.044724986,0.5772400037338893,1.0,0.12400930188410612
Gls,0.5569693,-0.012899001,0.577548407820045,1.0,0.06240804897726734
mio,0.55694944,0.16959107,0.577561983725722,1.0,0.018746143989369274
CG31229,0.55688184,-0.029859992,0.5776081429287715,1.0,0.10289022827582935
Tsp42Ek,0.55663586,0.0894384,0.5777762314053432,1.0,0.04513312135162071
wapl,0.5564412,-0.029915877,0.5779093064567896,1.0,0.11399553889231645
CG13920,0.55609185,-0.018295802,0.5781480629365565,1.0,0.29035166816952207
Atg3,0.5557906,-0.022804026,0.5783539902974024,1.0,0.13245693132741682
htt,0.5557894,-0.06133041,0.5783548053818506,1.0,0.1075886289212662
CG12116,0.5556877,0.49582878,0.5784243612440524,1.0,0.00735608181861326
Sec8,0.5546883,-0.009665688,0.5791079022457862,1.0,0.06440130985714963
Smyd4-4,0.5544657,0.056218553,0.5792601538431439,1.0,0.035783778653125146
CG8768,0.5543962,0.09930521,0.579307736320478,1.0,0.024583550851881734
CG6567,0.55345553,0.12280994,0.5799515034672742,1.0,0.03042095771439419
CG6834,0.55194986,1.7170056,0.5809827181056193,1.0,0.004318731906411656
coro,0.5519037,0.0604919,0.5810143022121914,1.0,0.04190593706990651
Tango6,0.5518922,0.20483387,0.5810221983643912,1.0,0.01556641830003322
CG8675,0.55124485,0.011231645,0.5814658249147282,1.0,0.05277395472450287
CG7987,0.5502081,-0.026555987,0.5821766652702147,1.0,0.07389302833277965
CG32576,0.5498496,0.050202444,0.5824225158830934,1.0,0.048834891557116414
r,0.5486912,0.7210701,0.5832173643560399,1.0,0.00726116463385696
Flacc,0.5486066,-0.040023047,0.5832754640148747,1.0,0.17422049262018888
CG3036,0.54845834,0.7355399,0.5833772131089519,1.0,0.00726116463385696
alpha-PheRS,0.5483467,0.038548477,0.5834538713751218,1.0,0.04817047126382232
CG8202,0.54813844,0.19342455,0.5835968338469275,1.0,0.025153053960419534
ZnT63C,0.547633,-0.064311154,0.5839439403975577,1.0,0.08015756252669545
Spg7,0.5473532,-0.006131068,0.5841360909991686,1.0,0.05310616487114992
eRF3,0.54712236,-0.022297952,0.5842946919976766,1.0,0.07313369085472925
Plap,0.54708695,0.12252223,0.5843189889290672,1.0,0.019552940059797828
Gnf1,0.5466113,0.00025382856,0.5846458146797865,1.0,0.06734374258459494
Rab19,0.54637086,0.022616085,0.5848110346351478,1.0,0.05068577665986427
CG17803,0.54590434,0.18579246,0.5851317051933574,1.0,0.026956480470789235
DIP-lambda,0.5450177,-0.037635967,0.5857413135670295,1.0,0.04926201888851977
Uaf1,0.5448389,0.11773515,0.5858643092894953,1.0,0.029756537421100092
Tbh,0.54483175,-0.019243391,0.5858692293676845,1.0,0.06582506762849413
CG13807,0.54471016,0.06437215,0.5859528736304707,1.0,0.05025864932846092
Pop5,0.5444745,0.123565294,0.5861149843296466,1.0,0.03037349912201604
CG31997,0.5444598,-0.10562056,0.5861250998519794,1.0,0.08305253666176261
mib1,0.5442007,0.013661758,0.586303365044104,1.0,0.042760191732713206
CG4820,0.54394597,0.08007762,0.5864786471996422,1.0,0.033790517773242844
MESR3,0.5439388,0.027670952,0.5864835696700921,1.0,0.027383607802192587
ssp,0.5435291,0.038942665,0.5867655497987916,1.0,0.03739737079398225
nSMase,0.5433884,0.020725701,0.5868623838431708,1.0,0.049926439181813866
stops,0.54320765,0.36723536,0.5869868565514568,1.0,0.009966304399411513
mdlc,0.54318297,0.45658866,0.5870038186143149,1.0,0.009539177068008163
p115,0.541324,0.15174793,0.5882842878265693,1.0,0.023492003227184283
CG5645,0.5412032,0.11109119,0.5883675438105025,1.0,0.016230838593327322
CG2200,0.5411384,-0.008979101,0.5884121865964395,1.0,0.05595368041383893
Rh6,0.5409699,0.48698744,0.5885283199454333,1.0,0.008305253666176262
robo1,0.54027885,-0.06123931,0.5890047417368949,1.0,0.13354847895211427
CG31098,0.539984,0.02684276,0.589208076501126,1.0,0.05263157894736842
Nup54,0.53994226,0.26638535,0.5892368529038841,1.0,0.013288405865882019
CG10731,0.5395127,0.021346768,0.5895331505116808,1.0,0.04147880973850315
Ice1,0.5393168,0.117966674,0.589668302568447,1.0,0.01433249489820132
cwo,0.5392536,-0.050901446,0.5897118942086188,1.0,0.14147406387926534
babos,0.5384922,0.8479887,0.590237303935824,1.0,0.0063119927862939585
CG8858,0.5375464,0.025330156,0.5908902527925735,1.0,0.03473968962080585
Culd,0.53739816,1.0789127,0.5909926148014406,1.0,0.005505196715865407
mthl8,0.537387,0.001973728,0.5910002991418792,1.0,0.09980541977124958
Rabex-5,0.5371049,0.05824638,0.5911951674129745,1.0,0.041241516776612405
CG14196,0.53707665,0.7405309,0.5912146558645908,1.0,0.005932324047268758
Sgf11,0.53646946,0.027224382,0.5916341408519075,1.0,0.03436002088178065
Achl,0.5361825,1.4151672,0.5918324005521415,1.0,0.004840776422571307
IM33,0.5350412,1.1401836,0.5926213476632767,1.0,0.004508566275924256
Cfp1,0.5343378,0.009730239,0.5931078121002495,1.0,0.047078923639124866
Taldo,0.5336269,-0.10400234,0.5935996842954545,1.0,0.0406720136680746
rtp,0.5335542,0.5164449,0.5936500093046202,1.0,0.008495088035688861
CG16986,0.53346395,-0.02981938,0.5937124370293949,1.0,0.12590764557923212
Trm1,0.53325856,0.204232,0.5938546294475171,1.0,0.018271558065587775
Shrm,0.5331401,0.5997923,0.5939365965656298,1.0,0.00792558492715106
Prosbeta1,0.5322412,0.007771955,0.5945589451763433,1.0,0.13202980399601347
Tdrd3,0.53194195,0.04288545,0.5947661856720825,1.0,0.04712638223150301
Rab7,0.5318987,-0.03613526,0.5947961873620047,1.0,0.20350244411750748
blot,0.53180605,0.51512194,0.5948603217327783,1.0,0.00778320915001661
CG5742,0.5317278,0.0013539366,0.5949145493942958,1.0,0.06311992786293959
CG6689,0.5316638,0.0054948214,0.5949588691086951,1.0,0.05035356651321722
Ant2,0.53054434,0.18062855,0.5957345703143229,1.0,0.017322386218024774
CG2611,0.5305396,0.08732578,0.5957378756720388,1.0,0.039533007450999004
rst,0.5304561,-0.025424952,0.5957957207857025,1.0,0.06368943097147739
Ilp3,0.5299677,0.6835777,0.5961343037638425,1.0,0.006739120117697309
Dso2,0.52945113,0.5181523,0.5964925422532971,1.0,0.006644202932941009
pps,0.5292747,-0.054557484,0.5966149169301314,1.0,0.09705282141331688
Slc45-1,0.5289854,0.7030008,0.5968155920317988,1.0,0.006027241232025058
sea,0.52850133,0.9365133,0.5971514055853845,1.0,0.005410279531109108
Rh5,0.52836466,0.9072203,0.5972462650404289,1.0,0.005457738123487257
tbc,0.5283472,-0.066903,0.5972583987208138,1.0,0.2777276825969342
Ptp69D,0.5277666,-0.022102058,0.5976613557019765,1.0,0.06482843718855298
CG5188,0.52766883,0.24369906,0.5977292168712076,1.0,0.020691946276873426
brk,0.52763027,0.20040977,0.5977559760994563,1.0,0.015376583930520622
CG5498,0.527513,0.10557803,0.5978373606019237,1.0,0.02320725167291538
CG4119,0.5271558,-0.026530726,0.5980854074611035,1.0,0.08784585449195577
CG3702,0.52687204,-0.009413811,0.5982824434827991,1.0,0.08556784205780457
CG14883,0.52674645,0.04617716,0.5983696565046069,1.0,0.06691661525319159
mRpS18C,0.5264572,0.026538355,0.5985705995966766,1.0,0.10725641877461914
CSN8,0.5248676,0.01175283,0.599675228284511,1.0,0.06516064733520004
CG13384,0.5246749,-0.026000058,0.5998092272261271,1.0,0.1112903991267619
Ziz,0.52440184,-0.061049312,0.5999990592277071,1.0,0.09747994874472023
Ets65A,0.5241932,-0.12662563,0.6001441456731249,1.0,0.1074937117365099
CG8312,0.5236341,-0.034726825,0.6005330555820676,1.0,0.012054482464050116
tsh,0.52295536,0.13689296,0.6010053181463536,1.0,0.023634379004318733
SdhD,0.5228834,-0.01004372,0.6010553745340024,1.0,0.4038251625456789
CG30010,0.5227952,0.045348726,0.6011167722320117,1.0,0.04342461202600731
Ubc7,0.5225413,0.03466248,0.6012935138436446,1.0,0.05785202410896493
Golgin84,0.5224988,0.07274101,0.6013231113670555,1.0,0.053770585164444024
Dmel_CG14798,0.5223839,0.11246792,0.6014030556279653,1.0,0.041336433961368706
mbc,0.52234894,-0.030381106,0.6014273994697232,1.0,0.04299748469460396
CG6345,0.52199805,0.43939465,0.6016716924046497,1.0,0.010820559062218215
Eato,0.5216869,0.05832744,0.6018883565317736,1.0,0.0368753262778226
H15,0.52153826,0.91129196,0.6019918585795039,1.0,0.006027241232025058
cana,0.5212271,0.66868585,0.6022085746750017,1.0,0.006264534193915808
CG7453,0.52101606,0.012643868,0.6023555630643851,1.0,0.038299084049167105
CG43850,0.5206469,-0.01532966,0.60261276240992,1.0,0.09520193631056903
Rrp4,0.5206326,0.14705876,0.6026227302258736,1.0,0.017939347918940723
CG6424,0.5205412,0.72829485,0.6026864152467843,1.0,0.005884865454890608
CG7747,0.5191217,0.02612823,0.6036758600133729,1.0,0.04109914099947796
CG5646,0.51887214,0.03491026,0.6038498915783241,1.0,0.048502681410469366
Six4,0.51791006,0.51710856,0.6045210107281129,1.0,0.009017132551848512
CG5112,0.51749164,0.10666036,0.6048130145412555,1.0,0.025817474253713633
SerT,0.51633126,0.71026194,0.6056230804224685,1.0,0.007688291965260311
meep,0.51623946,0.8744048,0.6056871851345471,1.0,0.00716624744910066
CG8237,0.51584446,0.0805892,0.6059630643099652,1.0,0.04152626833088131
CG32206,0.5148525,-0.052304532,0.6066560629973539,1.0,0.3137487542119501
mRpL45,0.51468766,0.21716453,0.6067713194694309,1.0,0.02040719472260453
slv,0.51448816,0.010443776,0.606910751216444,1.0,0.046604337715343364
CG5986,0.514295,-0.034468606,0.6070457525581976,1.0,0.12263300270513977
CG18048,0.514179,0.17139454,0.607126870924619,1.0,0.024583550851881734
CG11790,0.5140884,0.027056387,0.6071902132881402,1.0,0.072421811969057
be,0.5140844,0.13465382,0.6071929915295233,1.0,0.008779839589957763
Alg13,0.5139989,0.2077678,0.6072527250920331,1.0,0.01680034170186512
ci,0.5134402,0.4897804,0.6076434194640536,1.0,0.006976413079588059
Rlb1,0.51342434,0.0038189208,0.607654536164763,1.0,0.04845522281809121
ctrip,0.5133846,-0.05657916,0.6076823283134593,1.0,0.2469270561435148
Cog3,0.51320374,0.1772106,0.6078087897487094,1.0,0.024820843813772482
Dscam2,0.51315606,0.06721003,0.6078421441709383,1.0,0.7581984718333254
CG11737,0.51314294,0.19815962,0.6078513167801475,1.0,0.01684780029424327
p130CAS,0.5130261,-0.026372738,0.6079330391139289,1.0,0.12623985572587917
Srp54,0.51277024,-0.016870685,0.608112067055995,1.0,0.09914099947795549
CG2224,0.51255244,0.041798167,0.6082644261058628,1.0,0.042570357363200605
Ctr9,0.5125465,-0.05022601,0.6082685967569685,1.0,0.25333396611456505
CG12811,0.51189435,0.70280087,0.608724942913275,1.0,0.005789948270134308
CG5773,0.5113996,1.0584424,0.6090712669713645,1.0,0.005125527976840207
asl,0.511152,0.33622423,0.6092446009892527,1.0,0.010440890323193014
NLaz,0.51073796,-0.020780072,0.6095345602005129,1.0,0.07579137202790565
CG6225,0.5105003,1.0740134,0.6097009944346841,1.0,0.004745859237815006
su(f),0.5102968,-0.017783754,0.6098435093562387,1.0,0.0730862322623511
unc-45,0.50996023,0.08883126,0.6100793038318417,1.0,0.026671728916520338
mid,0.5097095,0.543528,0.6102549928511624,1.0,0.008684922405201462
eIF3e,0.5093371,-0.05207226,0.6105159227297756,1.0,0.13259930710455128
CSN1b,0.50918853,0.07735372,0.6106200857232839,1.0,0.03436002088178065
Acadvl,0.5088511,0.041225147,0.6108565705450959,1.0,0.024868302406150632
Pgam5,0.5086377,0.031323813,0.6110061702480649,1.0,0.03004128897536899
nop5,0.5084649,0.096890084,0.6111273662703215,1.0,0.025153053960419534
Bx42,0.50796694,-0.04017274,0.6114765260649166,1.0,0.11731764035878696
Pino,0.50621605,0.0055776304,0.6127049987808817,1.0,0.07322860803948555
Rx,0.5050107,0.18086858,0.6135512873935178,1.0,0.017274927625646624
CG10898,0.50406617,0.067404315,0.6142148945592533,1.0,0.03825162545678895
Strn-Mlck,0.5039326,0.6890946,0.6143087240219866,1.0,0.005932324047268758
CG14710,0.50365245,0.09793181,0.6145056188614322,1.0,0.024488633667125434
klu,0.5034625,0.20122558,0.6146391321616098,1.0,0.012196858241184567
CG1824,0.5031752,0.0073609008,0.6148411022734315,1.0,0.050021356366570166
Acox1,0.50270826,0.14754333,0.6151694009089107,1.0,0.020834322054007877
CG5890,0.5019759,-0.0700736,0.6156844960406972,1.0,0.30140952019363104
Naa15-16,0.5016623,0.029729735,0.6159050694483611,1.0,0.03986521759764605
asRNA:CR45190,0.5014231,1.5375878,0.6160733883387559,1.0,0.004176356129277205
bgm,0.50096965,1.6657159,0.6163924667496943,1.0,0.003939063167386455
CG2608,0.50091165,-0.0010557234,0.616433300595314,1.0,0.057709648331830475
Elp1,0.50085604,0.15988272,0.6164724574522866,1.0,0.019125812728394476
CG15279,0.500767,1.5868113,0.6165351106929394,1.0,0.003891604575008305
Dcps,0.50056314,0.08490381,0.6166786083239004,1.0,0.04029234492904941
Obp18a,0.5001391,0.21292809,0.6169771191071798,1.0,0.01419011912106687
Prx4,0.4996241,0.2509198,0.6173397815506019,1.0,0.016895258886621422
dos,0.499514,0.0014937166,0.6174173071595079,1.0,0.047506050970528214
Snap29,0.49945602,-0.01732833,0.6174581707484028,1.0,0.06591998481325044
ASPP,0.49937773,-0.02586419,0.6175133104815108,1.0,0.04949931185041052
Mgat3,0.49880388,0.16706783,0.6179175477211807,1.0,0.027146314840301836
Ak6,0.49870056,0.08108115,0.617990345116625,1.0,0.03037349912201604
CG4842,0.4974615,0.54908454,0.6188636459406117,1.0,0.00711878885672251
Syb,0.497355,-0.112086385,0.6189387335033844,1.0,0.02278012434151203
Clk,0.49734706,0.336977,0.6189443372123389,1.0,0.00759337478050401
Galt,0.49662897,0.05730494,0.619450723693117,1.0,0.043566987803141756
CG11927,0.49656817,0.04632041,0.6194936081004158,1.0,0.03231930140952019
Vps20,0.4963166,-0.0083836485,0.6196710455830818,1.0,0.08770347871482131
CG7420,0.49626574,0.19911577,0.619706928209501,1.0,0.01665796592473067
Rel,0.49613342,-0.037730236,0.6198002833481548,1.0,0.026861563286032935
CG31075,0.49608693,0.29938912,0.6198330852574427,1.0,0.011437520763134165
cmb,0.49577856,0.10041355,0.6200506623677589,1.0,0.026481894547007737
CG13288,0.49576187,0.20536853,0.6200624393976065,1.0,0.016610507332352524
rnh1,0.49570742,0.08531773,0.6201008556247014,1.0,0.02918703431256229
CG9386,0.49561006,0.14353718,0.6201695587616474,1.0,0.028000569503108537
CG8441,0.49549204,0.04891779,0.6202528482341821,1.0,0.03084808504579754
lncRNA:CR44334,0.49539188,1.0207226,0.6203235219095353,1.0,0.005457738123487257
CG16896,0.49496746,0.149221,0.6206230825881086,1.0,0.02054957049973898
Hacd1,0.49489278,0.027615707,0.6206758207586596,1.0,0.050021356366570166
Ppa,0.49413136,-0.06939669,0.6212134124268618,1.0,0.10436144463955199
Nup93-2,0.49406937,0.24152383,0.6212571918476741,1.0,0.01475962222960467
Gcn5,0.49385676,0.025801238,0.6214073429942795,1.0,0.03293626311043615
fd59A,0.49342677,0.016362036,0.621711061344741,1.0,0.03032604052963789
Pym,0.49333578,0.042778853,0.6217753501103636,1.0,0.04489582838972996
CG31457,0.49322888,0.11605916,0.6218508720412357,1.0,0.03189217407811684
CG8388,0.49263877,0.13754356,0.6222678584400378,1.0,0.020122443168335627
Mpi,0.49239436,0.021182407,0.6224405852866246,1.0,0.046604337715343364
CG7488,0.49236655,0.0200903,0.6224602465707025,1.0,0.039200797304351956
CG16985,0.49215832,0.035627395,0.6226074338778752,1.0,0.048312847040956765
CG3368,0.49201804,0.03643329,0.6227065971903623,1.0,0.034597313843671394
dan,0.49102774,0.13728541,0.6234068342379866,1.0,0.026481894547007737
az2,0.4906975,0.09419591,0.6236404160007566,1.0,0.025485264107066585
CG6805,0.4906792,0.036260776,0.6236533470236962,1.0,0.041051682407099804
LeuRS-m,0.4905024,0.14266272,0.6237784466030047,1.0,0.02833277964975559
l(2)37Cb,0.4898904,0.15942611,0.6242114592232693,1.0,0.017939347918940723
CG15186,0.48868313,0.91950125,0.6250660556229781,1.0,0.006169617009159509
aru,0.48832148,0.5685822,0.6253221389230683,1.0,0.006549285748184709
CG7275,0.4882754,0.115297236,0.6253547857590676,1.0,0.02325471026529353
RhoL,0.48807907,0.46224,0.625493824477738,1.0,0.006739120117697309
Prosalpha7,0.48800874,-0.024003685,0.6255436452364938,1.0,0.11826681220634996
Uba3,0.48762724,0.1045518,0.6258138893079519,1.0,0.023302168857671682
CycJ,0.48735026,0.15430601,0.6260101292691009,1.0,0.03023112334488159
CG17754,0.48724297,0.061281297,0.6260861547378554,1.0,0.0386787527881923
retinin,0.48687023,0.8233635,0.6263503037330322,1.0,0.005505196715865407
CG9377,0.48655826,0.48409167,0.6265714034430482,1.0,0.006169617009159509
CG9646,0.4859153,-0.033143867,0.6270272281958337,1.0,0.3012671444164966
Gmppa,0.48585567,0.12934747,0.6270694935788045,1.0,0.024963219590906933
sl,0.48585328,0.1265012,0.6270711842195849,1.0,0.020976697831142328
Cnx14D,0.48537564,0.23964831,0.627409915409874,1.0,0.010820559062218215
CG31908,0.4850005,0.00644568,0.6276759956381354,1.0,0.04783826111717526
Dpit47,0.48482168,0.07998279,0.627802851772408,1.0,0.037634663755873
CG10738,0.48441672,0.24943718,0.6280901510883046,1.0,0.014095201936310569
sei,0.4843126,-0.05769063,0.6281640291099955,1.0,0.1128090740828627
Ilk,0.48418823,0.047373913,0.6282522928516459,1.0,0.047506050970528214
CG9839,0.48408887,0.11833261,0.6283227948664866,1.0,0.024156423520478382
CG3862,0.48342562,0.067087725,0.6287935531711668,1.0,0.038583835603436
CG42518,0.48337078,0.31243825,0.6288324842241562,1.0,0.009064591144226662
CG14270,0.4831367,0.009130896,0.6289986580731934,1.0,0.06117412557543543
CG11658,0.48311448,-0.035354596,0.6290144582630706,1.0,0.14555550282378624
Pgant7,0.48283908,0.06601794,0.6292099996691396,1.0,0.027003939063167386
CG42489,0.48209953,0.06436163,0.6297352402264905,1.0,0.016278297185705472
Pex10,0.4817053,0.21830224,0.6300152945414477,1.0,0.013335864458260169
beta-Man,0.48165366,0.2794483,0.6300519991500905,1.0,0.008447629443310711
CG9154,0.48146966,0.09673044,0.6301827314439048,1.0,0.0390584215272175
Dh31-R,0.48071223,0.022672582,0.6307210299507375,1.0,0.039912676190024206
dind,0.4805831,0.035709754,0.6308128370411585,1.0,0.03682786768544445
Oli,0.4799556,-0.004887683,0.6312589593358114,1.0,0.1566133548478952
Gyg,0.4798042,0.031773105,0.6313666251861463,1.0,0.026576811731764037
Cftr,0.47923353,0.59527916,0.6317724911647897,1.0,0.006169617009159509
Nkap,0.4790913,-0.002545145,0.6318736923143122,1.0,0.04926201888851977
repo,0.47892913,-0.12885708,0.6319890361128355,1.0,0.024963219590906933
CG31715,0.47834697,-0.042808183,0.6324032733124829,1.0,0.1523420815338617
Pus7,0.4783148,0.11806823,0.6324261798965356,1.0,0.012908737126856817
ATP8B,0.47785342,-0.017876944,0.6327545463479874,1.0,0.06895733472545204
CG3511,0.47741628,0.055262487,0.633065726923234,1.0,0.03796687390252005
ApepP,0.47699067,0.1956397,0.6333687660495899,1.0,0.018366475250344075
CG11279,0.47682098,0.01627071,0.6334896027279571,1.0,0.06558777466660339
CalpB,0.47614384,-0.09013112,0.6339719148163219,1.0,0.04351952921076361
PK2-R2,0.47562325,0.3052947,0.6343428121430148,1.0,0.012956195719234967
CG34183,0.47557515,0.08562582,0.6343770752331079,1.0,0.03094300223055384
CG2812,0.4748078,0.40767628,0.6349239748293387,1.0,0.008637463812823312
Polr1A,0.47474462,0.08812297,0.6349690158398411,1.0,0.021119073608276778
CG8841,0.4744255,0.08198797,0.6351965077460835,1.0,0.025247971145175834
CG13014,0.4743504,0.35127825,0.6352500569263658,1.0,0.012196858241184567
Snx16,0.47434404,0.020665029,0.6352545902778997,1.0,0.026054767215604385
Fer2,0.47422126,0.17464994,0.6353421433110099,1.0,0.018413933842722226
mRpL9,0.4741199,0.010826197,0.6354143996539572,1.0,0.06535048170471264
Top3alpha,0.473558,0.20481104,0.635815131142034,1.0,0.013193488681125718
CG7550,0.4730863,0.10721387,0.6361516125507161,1.0,0.03189217407811684
stwl,0.4729774,0.27868915,0.6362292945823677,1.0,0.012386692610697166
DIP-eta,0.47286773,-0.072693795,0.6363075476808061,1.0,0.055384177305301124
ham,0.47274217,0.04292435,0.6363971467915334,1.0,0.018176640880831475
Rpp25,0.47211903,0.020773139,0.6368418185067748,1.0,0.07218451900716624
CG10465,0.47170296,-0.034058586,0.6371388118256713,1.0,0.14954202458355084
CG5126,0.4716259,0.07915762,0.6371938485089143,1.0,0.02401404774334393
CG8547,0.47136799,0.36598203,0.6373779806166218,1.0,0.007023871671966209
Nup50,0.4713644,0.105499886,0.6373805342238918,1.0,0.02254283137962128
Dlip3,0.4713207,-0.018234037,0.6374117453272616,1.0,0.10507332352522424
CREG,0.47117087,0.3630233,0.6375187191689566,1.0,0.010868017654596364
Rer1,0.47108343,-0.005051658,0.6375811477117034,1.0,0.08447629443310711
CG7484,0.4707262,-0.019093793,0.6378362801552546,1.0,0.13217217977314794
kon,0.47058195,0.3865959,0.6379393102007898,1.0,0.006786578710075459
CG43107,0.4703415,0.24681804,0.6381110424852294,1.0,0.006834037302453609
Edem1,0.4701317,0.045226075,0.6382609338041005,1.0,0.024678468036638035
CG2841,0.46980345,0.10585744,0.6384954525329497,1.0,0.012813819942100518
CG4622,0.46966633,0.01842038,0.6385934159800025,1.0,0.03939063167386455
lectin-28C,0.46919423,0.590504,0.6389307992322657,1.0,0.005410279531109108
Mipp1,0.468955,0.9866725,0.6391017913360777,1.0,0.004840776422571307
Axud1,0.46869352,-0.060846206,0.6392887116260555,1.0,0.17274927625646624
lncRNA:CR45440,0.4686355,0.76154715,0.6393301894467904,1.0,0.004888235014949457
Sema5c,0.46858943,0.8584898,0.6393631452316464,1.0,0.0047933178301931565
ValRS-m,0.46832037,0.3728382,0.639555496209824,1.0,0.009491718475630012
CG43103,0.46804738,1.2888542,0.6397507131898894,1.0,0.0042238147216553555
CG2685,0.46786657,-0.03859235,0.639880019100415,1.0,0.03739737079398225
Gem3,0.46776086,0.1446975,0.639955618392265,1.0,0.019552940059797828
Arfrp1,0.46755937,0.03015371,0.6400997221313474,1.0,0.05875373736414978
Cyt-b5-r,0.46694025,1.2754333,0.6405426347325559,1.0,0.003796687390252005
ERR,0.46639702,-0.04269967,0.6409313548005564,1.0,0.06293009349342699
Bbd,0.4647848,0.37672338,0.6420855827719397,1.0,0.008162877889041811
CG11089,0.4646779,0.16271888,0.6421621446448533,1.0,0.008779839589957763
vir,0.46437508,0.11886474,0.6423790431585586,1.0,0.019363105690285227
CG8461,0.46403173,0.0065317913,0.6426250122305319,1.0,0.03170233970860424
Zip48C,0.4638998,0.15075538,0.6427195385485118,1.0,0.017322386218024774
baz,0.46336412,0.16466889,0.6431033975980824,1.0,0.013051112903991267
Dtymk,0.46299413,0.32147744,0.6433685665720406,1.0,0.011057852024108965
CG46387,0.4626786,0.67961955,0.6435947508693007,1.0,0.006074699824403208
CG11583,0.46255463,0.0002435781,0.6436836383722603,1.0,0.05391296094157847
Cdc23,0.46197522,0.35186392,0.6440990840678711,1.0,0.010535807507949314
BomT3,0.46152142,0.67697394,0.6444245657122404,1.0,0.005647572492999858
CG17162,0.46134695,0.27612266,0.644549703333271,1.0,0.010868017654596364
Rab39,0.46055534,-0.0014954545,0.6451176524747502,1.0,0.08926961226330027
ZIPIC,0.46033797,0.12659208,0.6452736466511351,1.0,0.019932608798823026
CG13877,0.45993224,0.80705076,0.6455648585256881,1.0,0.004650942053058707
Pax,0.4596644,0.024599632,0.6457571280771204,1.0,0.05932324047268758
obe,0.45947883,0.21475537,0.6458903613689045,1.0,0.01433249489820132
Cyp28a5,0.45945618,0.114052065,0.6459066240262653,1.0,0.011722272317403066
Sod2,0.4593282,-0.041646447,0.645998496953352,1.0,0.24398462341606947
CG42541,0.45930198,0.040819436,0.6460173287171029,1.0,0.6065208105927579
CG11334,0.45788607,0.1563124,0.647034295058933,1.0,0.017891889326562573
CG9837,0.457869,0.1005991,0.647046572329611,1.0,0.020359736130226378
if,0.45699513,0.30721492,0.6476745542422008,1.0,0.008542546628067011
Megf8,0.45675033,-0.011955071,0.6478505141300326,1.0,0.054957049973897776
GstE3,0.4559623,0.23628087,0.6484170900038939,1.0,0.00835271225855441
Hat1,0.4558848,0.06740886,0.6484728157269776,1.0,0.04375682217265436
Cpr72Ec,0.45581448,0.4844921,0.6485233992416358,1.0,0.00749845759574771
Prosbeta2,0.45576242,-0.012597896,0.6485608378024843,1.0,0.12253808552038346
DEF8,0.45525336,0.099219725,0.6489269822856145,1.0,0.02325471026529353
CG8204,0.4546533,0.087586395,0.6493586901395204,1.0,0.018935978358881875
C15,0.45456427,0.6900825,0.6494227416056594,1.0,0.006169617009159509
Msh6,0.45451102,0.24396233,0.6494610593467227,1.0,0.01504437378387357
CG18476,0.45435447,-0.05460231,0.6495737303155986,1.0,0.030563333491528642
Sfmbt,0.45422807,0.012118357,0.6496646736436967,1.0,0.04456361824308291
CG4957,0.45416847,0.03532065,0.6497075732520303,1.0,0.045892458829671114
Vps52,0.4532044,0.06486221,0.6504015641234949,1.0,0.02762090076408334
Gyc89Da,0.4528078,0.357859,0.6506871439082522,1.0,0.009918845807033363
CG34325,0.45264447,0.65068275,0.6508047673293076,1.0,0.0053628209387309575
CG6961,0.45247877,0.16026823,0.650924116768099,1.0,0.019695315836932275
CG3568,0.4524287,0.19506797,0.650960180949161,1.0,0.02149874234730198
CG7840,0.45214972,0.18324673,0.6511611249119695,1.0,0.01556641830003322
Itpr,0.4521235,-0.015990142,0.6511800183831971,1.0,0.08571021783493901
Pex11c,0.45209527,0.27430958,0.6512003434281491,1.0,0.010298514546058565
CSN5,0.45198998,0.01277506,0.651276206801023,1.0,0.06487589578093114
Art7,0.4516526,0.25312018,0.6515192801846144,1.0,0.014095201936310569
Kaz1-ORFB,0.45156237,0.83296156,0.6515842778139542,1.0,0.004650942053058707
Pex14,0.45144594,0.011815407,0.651668177346715,1.0,0.06981158938825874
Mtr4,0.45144555,0.19602141,0.6516684637007952,1.0,0.018319016657965925
Alas,0.45129415,-0.016378183,0.6517775683435011,1.0,0.20435669878031418
l(2)10685,0.4500952,0.38371208,0.652641791299335,1.0,0.008684922405201462
nbs,0.44980353,0.14336278,0.6528521169925054,1.0,0.02311233448815908
wcd,0.44967476,0.23014879,0.6529449670869447,1.0,0.013478240235394618
CG1407,0.4488343,-0.009274914,0.6535512039012208,1.0,0.05989274358122538
roq,0.44832563,-0.06807837,0.6539182101225476,1.0,0.10464619619382089
Srp19,0.4471839,-0.008555405,0.654742271724979,1.0,0.06278771771629253
Polr2H,0.44644478,0.044422016,0.6552759993582584,1.0,0.05163494850742727
Rpn9,0.44619521,0.011127803,0.6554562439618872,1.0,0.1153718380712828
Nop60B,0.4455447,-0.017807717,0.6559261797195486,1.0,0.040529637890940155
CG34393,0.44553235,-0.045591783,0.6559350802453883,1.0,0.06264534193915808
ara,0.44549698,0.19903909,0.655960633639409,1.0,0.01575625266954582
Der-1,0.44532928,-0.01320439,0.6560818024035915,1.0,0.12391438469934982
CHKov1,0.44405407,0.45992908,0.6570034976948774,1.0,0.005505196715865407
CG4630,0.44394478,0.8126699,0.657082508039911,1.0,0.005030610792083907
Cpn,0.44274107,0.7894892,0.6579530245497939,1.0,0.004508566275924256
Top3beta,0.44258848,-0.0158027,0.6580634170210938,1.0,0.056001139006217074
lncRNA:CR45018,0.4425837,-0.036194935,0.6580668669059728,1.0,0.01480708082198282
Drep4,0.44245335,0.03690341,0.6581611665785435,1.0,0.10426652745479568
CG9098,0.44222844,0.042114045,0.6583239038024539,1.0,0.046177210383940015
asRNA:CR46194,0.4417818,0.33212033,0.6586471260643205,1.0,0.009064591144226662
Ced-12,0.44168204,0.080142796,0.6587193134155828,1.0,0.025105595368041383
CG4972,0.44146466,-0.008019584,0.6588766410902887,1.0,0.05310616487114992
Ppn,0.44125286,0.17044604,0.6590299566205489,1.0,0.009349342698495562
Parp1,0.44117418,-0.028041935,0.6590869142580744,1.0,0.4007878126334773
CG34039,0.4408944,0.04145906,0.6592894463136325,1.0,0.02951924445920934
Ttc7,0.4408479,-0.015107038,0.6593231081817394,1.0,0.1130938256371316
CG13185,0.44057092,-0.010348544,0.6595236551455328,1.0,0.038583835603436
mus302,0.44042945,0.07895294,0.6596260960367271,1.0,0.019742774429310425
kri,0.44032693,0.0070973,0.6597003408966444,1.0,0.10345973138436713
smo,0.43977335,0.09011756,0.660101263475434,1.0,0.019600398652175978
Ctu1,0.4394773,0.038552027,0.6603157237322785,1.0,0.03440747947415879
CG10139,0.43929052,-0.023087973,0.6604510351635164,1.0,0.1413316881021309
CG31388,0.4391757,-0.028005058,0.6605342428114589,1.0,0.057994399886099376
Ldaf1,0.4389476,0.030793102,0.6606995188894234,1.0,0.030468416306772342
mRpL13,0.4389257,0.011090692,0.6607153563163557,1.0,0.11190736082767785
Ncc69,0.43845123,0.19904481,0.6610592098986061,1.0,0.008067960704285511
spas,0.43803835,0.008229913,0.6613584840881281,1.0,0.05889611314128423
Rad60,0.43771568,-0.015273771,0.6615924107461346,1.0,0.0765032509135779
Idua,0.43693838,0.1748177,0.6621560445795799,1.0,0.019552940059797828
Trmt112,0.43657476,0.0032322027,0.6624197733928378,1.0,0.09710028000569502
Nt5a,0.43607166,-0.1273293,0.6627847393433585,1.0,0.07702529542973756
CG4301,0.4355026,0.70984685,0.6631976567406459,1.0,0.005078069384462057
CG33493,0.4353071,0.21135081,0.6633395486362752,1.0,0.017986806511318874
CG32407,0.4352443,-0.049848944,0.6633851181079795,1.0,0.017132551848512173
Rnmt,0.43507898,0.14809331,0.6635051044447292,1.0,0.026149684400360685
CG17760,0.4350313,0.26040715,0.663539717491964,1.0,0.013762991789663519
Fen1,0.43495062,0.38170427,0.6635982728649927,1.0,0.009206966921361113
Tsp42Ed,0.43485683,0.8312661,0.6636663496745002,1.0,0.004556024868302406
Ets96B,0.4340366,0.3162292,0.6642618515660093,1.0,0.009586635660386313
Neto,0.43342265,-0.03729516,0.6647077512127815,1.0,0.08158132029803997
SMC2,0.43320608,0.28021,0.6648650709955044,1.0,0.009112049736604812
dup,0.43250626,0.13542148,0.6653735023964638,1.0,0.01452232926771392
MED25,0.43241805,0.1534402,0.665437608595304,1.0,0.018034265103697024
CG1572,0.4323644,0.35255557,0.6654765932904003,1.0,0.008495088035688861
Mtpalpha,0.43221378,0.07718723,0.6655860440447791,1.0,0.015376583930520622
CG9588,0.431907,0.065530494,0.6658090106252291,1.0,0.04408903231930141
Tsen15,0.43164432,0.36161765,0.6659999420188705,1.0,0.011532437947890465
CG16972,0.43130258,-0.015844597,0.6662483874329268,1.0,0.0358312372455033
Fdh,0.4311893,0.02282229,0.6663307291682665,1.0,0.022637748564377582
CG7135,0.43117023,0.30566886,0.6663445976456965,1.0,0.00792558492715106
Nnf1a,0.43059838,0.24130224,0.6667604159897156,1.0,0.015234208153386171
Cse1,0.43031704,0.082806244,0.6669650396751194,1.0,0.019125812728394476
htl,0.43015411,0.08486906,0.667083547770899,1.0,0.008637463812823312
CG33158,0.42943045,0.12364894,0.6676099974765521,1.0,0.017417303402781074
CG10916,0.42938316,-0.008113913,0.6676444059835389,1.0,0.035688861468368846
Dyro,0.4288749,0.37108153,0.6680142692437445,1.0,0.006406909971050259
CG9147,0.4286933,0.027059844,0.6681464447893213,1.0,0.06278771771629253
bark,0.4284596,0.720819,0.6683165238677278,1.0,0.0055526553082435575
Prp16,0.42828596,-0.04538554,0.6684429372070197,1.0,0.05571638745194817
CG10799,0.42791083,0.38415322,0.6687160452512135,1.0,0.005884865454890608
Gcna,0.4275826,0.52006954,0.668955050756992,1.0,0.005457738123487257
dor,0.4272154,0.112077184,0.6692224526008637,1.0,0.020834322054007877
SmydA-8,0.4271538,0.7270711,0.6692673130803796,1.0,0.005030610792083907
CG12818,0.42676634,0.04152811,0.6695495270261484,1.0,0.023539461819562433
CG32176,0.42670673,-0.005194027,0.6695929486993462,1.0,0.05785202410896493
Sras,0.4262235,0.044876758,0.6699449944873913,1.0,0.034882065397940296
mael,0.42467448,0.45555755,0.6710739981612801,1.0,0.008115419296663661
Pph13,0.42453182,1.6971117,0.6711780151163393,1.0,0.0033221014664705046
mRpS23,0.42425442,0.0128704235,0.6713802722407973,1.0,0.08556784205780457
Nup188,0.4234473,0.22882977,0.6719689236636899,1.0,0.012813819942100518
Wdr59,0.4232705,0.12149939,0.6720979263643805,1.0,0.018319016657965925
IntS8,0.42301735,0.2869025,0.6722826054610571,1.0,0.011959565279293816
Cep135,0.42253768,0.54657745,0.6726325932401087,1.0,0.0068814958948317595
Marc,0.4224471,0.26266357,0.6726987132324797,1.0,0.00778320915001661
JMJD6,0.42234418,0.06446531,0.6727738262941958,1.0,0.035736320060747
CG12883,0.42194438,0.29073188,0.673065609152425,1.0,0.01456978786009207
CG8032,0.42164356,-0.0049360134,0.6732852038603501,1.0,0.07370319396326705
CG7231,0.4213606,0.034827814,0.673491770142809,1.0,0.06321484504769588
CG9018,0.4213507,-0.007745504,0.6734990236200336,1.0,0.06435385126477149
Gmer,0.42129704,0.19991574,0.6735381929217094,1.0,0.01589862844668027
CG13151,0.4205547,0.17443864,0.674080270835522,1.0,0.019742774429310425
MBD-like,0.42053285,-0.026058055,0.6740962339399839,1.0,0.10981918276303924
SWIP,0.42014697,0.33591053,0.6743780794483882,1.0,0.010488348915571164
ebo,0.42010167,0.064370885,0.6744111724443996,1.0,0.03288880451805799
CG9849,0.41995704,0.004654846,0.6745168420158805,1.0,0.060509705282141335
CG10669,0.41985133,0.16011314,0.6745940661469962,1.0,0.019695315836932275
Boh2,0.41946706,0.26865235,0.6748748308639838,1.0,0.014047743343932419
CG17359,0.41925922,0.10962587,0.6750267007564675,1.0,0.02059702909211713
Taf4,0.41917697,-0.06884135,0.6750868135284696,1.0,0.19880404347207062
CG13284,0.41913602,0.15980828,0.675116725486864,1.0,0.01589862844668027
CadN2,0.41898105,-0.059435464,0.6752299890082519,1.0,0.1583218641735086
Ns2,0.41892144,-0.04434732,0.6752735538596438,1.0,0.05927578188030943
CG14795,0.4186683,0.33086717,0.6754585713798793,1.0,0.009634094252764463
Pi3K21B,0.41752103,-0.034960587,0.6762973501612228,1.0,0.1169854302121399
Use1,0.41733742,0.040103465,0.6764316153345613,1.0,0.03777703953300745
bib,0.41665986,0.18241951,0.6769272067734504,1.0,0.01423757771344502
Socs44A,0.41641945,0.01670881,0.6771030954454118,1.0,0.08822552323098097
Grip71,0.4162895,0.16200797,0.6771981698777407,1.0,0.014047743343932419
CG10472,0.4162585,0.32817003,0.6772208489424835,1.0,0.008590005220445162
CG32409,0.4161365,0.1263782,0.6773101142574753,1.0,0.025058136775663233
mi,0.41561514,0.023343474,0.6776916509591666,1.0,0.030515874899150492
CG13054,0.41526145,0.266526,0.6779505148510651,1.0,0.01547150111527692
Nhe2,0.4151478,-0.10433274,0.6780337084000203,1.0,0.1417113568411561
ksr,0.41488075,0.008328829,0.6782291995974015,1.0,0.02871244838878079
Vang,0.4148704,-0.0098132,0.6782367636802273,1.0,0.04427886668881401
JMJD5,0.4145219,0.16112058,0.6784919250002681,1.0,0.020312277537848228
eIF2Bbeta,0.4143236,0.029320542,0.6786371244658398,1.0,0.05239428598547767
Tdc2,0.41425645,0.41270965,0.678686302941399,1.0,0.00745099900336956
ifc,0.41422665,-0.017076025,0.6787081281470022,1.0,0.0408618480375872
CG44837,0.41392425,-0.08108915,0.6789295964680474,1.0,0.16439656399791183
CG32590,0.4138821,0.031294923,0.6789604470809123,1.0,0.06615727777514119
kra,0.41311553,0.0051999115,0.679521963936719,1.0,0.48777941246262635
Mocs3,0.41305792,0.32519028,0.6795641794960907,1.0,0.010962934839352664
fusl,0.41285485,0.20916462,0.6797129609594004,1.0,0.007688291965260311
Lsm10,0.41253772,0.24162912,0.6799453295627639,1.0,0.011295144985999716
CG9467,0.41222778,-0.14829224,0.680172486149544,1.0,0.05747235536993973
Arl1,0.41215742,0.017914644,0.6802240372626298,1.0,0.07560153765839306
BomS3,0.41207993,0.35642016,0.6802808325920002,1.0,0.006501827155806559
CG9951,0.41187766,0.034753025,0.6804290915095035,1.0,0.04119405818423426
CG31344,0.4116269,-0.051069986,0.6806129031106172,1.0,0.08196098903706515
CG32683,0.41118938,-0.07922062,0.6809336721104744,1.0,0.20848559631721322
mthl10,0.41090328,0.7165242,0.6811434705187018,1.0,0.005220445161596507
Nost,0.41084245,0.26077354,0.6811880558587515,1.0,0.010251055953680414
CG9215,0.41067198,0.10664931,0.6813130755944283,1.0,0.02861753120402449
CG8230,0.4106255,0.042240523,0.6813471734052468,1.0,0.038916045750083054
CG10602,0.41013908,0.058472794,0.6817039279821759,1.0,0.032556594371410945
Spn77Ba,0.41004568,0.6643803,0.681772430676068,1.0,0.004888235014949457
CG10209,0.41001907,0.031505257,0.6817919617119329,1.0,0.04019742774429311
CG2201,0.4097882,-0.08392057,0.6819613367987445,1.0,0.11651084428835841
Orct2,0.40937728,0.2027193,0.6822628116143594,1.0,0.010108680176545964
CG3149,0.40847203,0.018041806,0.6829271680928237,1.0,0.054957049973897776
FMRFa,0.40843943,0.5126357,0.6829510871771114,1.0,0.008115419296663661
THADA,0.40810403,0.1945489,0.6831972972251206,1.0,0.013668074604907219
CG6665,0.40769354,0.0733197,0.6834986878541036,1.0,0.041051682407099804
Sil1,0.40722024,0.00756483,0.6838462395589904,1.0,0.047885719709553416
CG13796,0.4072087,0.2698363,0.6838547030306844,1.0,0.008447629443310711
CG12219,0.40718925,0.06380048,0.6838690034696584,1.0,0.025390346922310285
CG3402,0.40656176,-0.0025468562,0.6843298884925366,1.0,0.07038109249679654
Uqcc1,0.40634438,-0.036178198,0.6844895765370232,1.0,0.10644962270419059
ida,0.40601614,0.47749788,0.6847307409725827,1.0,0.00716624744910066
promL,0.40497062,-0.05475333,0.6854991193148771,1.0,0.22670969579042285
Su(var)3-7,0.40488833,-0.012579353,0.6855595870726283,1.0,0.03720753642446965
Zfrp8,0.40406138,0.076145515,0.6861675897507917,1.0,0.041431351146125006
Spps,0.40368345,0.017920839,0.6864455096763001,1.0,0.020786863461629727
CG17574,0.40360913,-0.015389828,0.6865001634841879,1.0,0.04442124246594846
ea,0.40336713,0.61377585,0.6866781650537221,1.0,0.005600113900621708
CG7872,0.40310684,0.025703967,0.6868696311290439,1.0,0.025437805514688435
CG6006,0.40172789,0.009236308,0.687884297743715,1.0,0.04551279009064591
lncRNA:CR30009,0.40169728,0.63688207,0.687906819783128,1.0,0.004888235014949457
ATPsyndelta,0.40094623,-0.0011396244,0.68845972022502,1.0,0.4475345261259551
Sqor,0.4009224,0.11208095,0.6884772753485477,1.0,0.03027858193725974
ry,0.4009188,0.6868433,0.6884799086315512,1.0,0.004413649091167956
PIP82,0.40065214,1.0324465,0.6886762451417265,1.0,0.004081438944520906
sals,0.4002043,0.29057747,0.6890060557472508,1.0,0.009159508328982963
Cirl,0.4001574,-0.03449545,0.6890405912448244,1.0,0.3880214512837549
CG34398,0.39961258,1.4158394,0.6894418943872962,1.0,0.0034170186512268047
PNPase,0.3995033,0.3078151,0.6895223997070588,1.0,0.008590005220445162
CRIF,0.39938486,-0.01940665,0.6896096421670819,1.0,0.14603008874756776
CG43114,0.39903915,1.2302607,0.6898643669132696,1.0,0.003227184281714204
CG3328,0.39884004,0.095477015,0.690011069180613,1.0,0.010298514546058565
CG13895,0.39857697,0.032035977,0.6902049331561331,1.0,0.026434435954629586
CCHa2,0.39753065,0.17802808,0.690976197478048,1.0,0.013003654311613117
Mad1,0.39688727,0.007175223,0.6914505979789134,1.0,0.04560770727540221
CG9689,0.39655027,0.13669853,0.6916991278840385,1.0,0.00802050211190736
sinu,0.39635992,0.009175335,0.6918395267919261,1.0,0.04774334393241896
CG7791,0.39633766,0.055918388,0.691855941552187,1.0,0.032461677186654644
Ibf1,0.39583457,0.06547997,0.6922270710030163,1.0,0.040244886336671254
CG17292,0.39579046,0.29756665,0.6922596143146116,1.0,0.006786578710075459
CG6659,0.39558023,-0.013598885,0.6924147159200611,1.0,0.05623843196810783
PIG-B,0.39551586,0.013571181,0.6924622165343646,1.0,0.039722841820511605
CG2493,0.3949468,0.25340042,0.6928821510873688,1.0,0.006596744340562859
mRpL27,0.39474255,-0.023070557,0.6930329048126547,1.0,0.1821935361397181
Gip,0.39473736,0.07203078,0.6930367178076953,1.0,0.02282758293389018
PGS1,0.39446276,0.115724966,0.6932394043483703,1.0,0.023634379004318733
PolZ1,0.3943201,0.27658924,0.6933447161534168,1.0,0.010298514546058565
CG4537,0.39430025,0.06477284,0.6933593840058068,1.0,0.018129182288453324
CG15014,0.39393863,0.16685818,0.6936263589926828,1.0,0.018556309619856676
Pi4KIIalpha,0.39389887,0.04060069,0.6936556992233853,1.0,0.05106544539888947
mia,0.39369503,0.57807,0.693806221827387,1.0,0.005030610792083907
CG31251,0.39317164,0.106056355,0.6941927065105655,1.0,0.02050211190736083
Pmm2,0.39312476,0.02315719,0.6942273384827986,1.0,0.024108964928100232
CG11360,0.39310488,-0.05176631,0.6942420132398818,1.0,0.33458307626595796
Cnep1r2,0.39257318,-0.035827,0.6946347522978822,1.0,0.1073038773669973
dyw,0.39231446,1.0151392,0.6948258679971768,1.0,0.0040339803521427554
Gmd,0.3918221,0.10869784,0.6951896579102899,1.0,0.01471216363722652
CG4942,0.3916699,0.27180713,0.695302126947632,1.0,0.01570879407716767
CG8366,0.3912471,0.037001383,0.6956146087471773,1.0,0.027763276541217786
CLS,0.39121807,0.003802085,0.6956360497136926,1.0,0.034597313843671394
CG5199,0.39046898,0.21777754,0.6961897808116001,1.0,0.016325755778083623
Gcn2,0.38991186,0.17489584,0.696601732554806,1.0,0.01675288310948697
CrzR,0.38941988,0.14762016,0.6969655703467856,1.0,0.017227469033268474
bwa,0.388703,-0.024100829,0.697495875564732,1.0,0.04916710170376347
GstE6,0.38814703,0.07801393,0.6979072284344556,1.0,0.008305253666176262
shg,0.38798013,0.007693706,0.6980307398368291,1.0,0.015281666745764321
Mipp2,0.387876,0.4957815,0.6981077914770523,1.0,0.006406909971050259
Dis3,0.3876793,0.14006291,0.6982533746334715,1.0,0.012291775425940867
PIG-U,0.38732126,0.071895555,0.698518393882193,1.0,0.030468416306772342
Sk1,0.38635162,0.2443306,0.6992362775337857,1.0,0.006454368563428408
nom,0.38631386,0.07246544,0.6992642333658265,1.0,0.02235299701010868
Shmt,0.38628963,0.040355694,0.6992821841676671,1.0,0.02861753120402449
CG15673,0.3859594,0.2683635,0.6995267437971793,1.0,0.005932324047268758
Sox102F,0.38594547,-0.12044022,0.6995370448268575,1.0,0.09629348393526647
Dcr-1,0.3859272,0.29715553,0.6995505834071012,1.0,0.010013762991789663
Hr78,0.38578016,0.043476358,0.6996594841564532,1.0,0.04332969484125101
wdn,0.38525522,-0.0037043656,0.700048339648627,1.0,0.032841345925679846
aos,0.38481292,0.50447536,0.700376028379976,1.0,0.004935693607327606
cliff,0.38439447,0.08139113,0.7006861033000839,1.0,0.016230838593327322
PIG-S,0.38432175,0.10022955,0.70073999605311,1.0,0.02382421337383133
sll,0.38431498,0.07753222,0.7007450025601851,1.0,0.02904465853542784
Archease,0.38419735,0.04325443,0.700832176766728,1.0,0.05604859759859523
Nrk,0.38337436,0.09287665,0.7014422118592087,1.0,0.02306487589578093
mTerf5,0.38269085,0.19725752,0.7019490025122672,1.0,0.013193488681125718
Ak3,0.382578,0.17218184,0.7020326946575002,1.0,0.013525698827772768
cher,0.3822092,0.18188651,0.7023061927741661,1.0,0.008874756774714061
CG10053,0.38188055,0.09664867,0.7025499568811744,1.0,0.02292250011864648
Hykk,0.3816004,-0.014184234,0.7027577847827225,1.0,0.09615110815813203
CG6230,0.3814959,0.045010135,0.702835320599154,1.0,0.026719187508898488
Arp5,0.38069633,6.2960426e-05,0.7034285865747593,1.0,0.03986521759764605
mthl1,0.3806574,0.02311226,0.7034574878430604,1.0,0.021024156423520478
CG5727,0.3806133,0.0381211,0.7034902234705442,1.0,0.05462483982725072
Pgant6,0.3798634,0.12830923,0.7040468131827216,1.0,0.016610507332352524
CG7849,0.3793023,0.009297602,0.7044634005802015,1.0,0.039627924635755304
dsx,0.3792852,0.13653514,0.7044760884154864,1.0,0.0076408333728821606
CG3308,0.3787368,-0.08248423,0.7048833230584564,1.0,0.03084808504579754
rngo,0.3787193,0.066924885,0.7048963087435298,1.0,0.02757344217170519
Grip128,0.37756848,0.25439233,0.7057511918518156,1.0,0.010203597361302264
phtf,0.37735826,-0.022657495,0.7059073898741244,1.0,0.09871387214655214
tko,0.37638503,-0.043348044,0.7066306683715026,1.0,0.21266195244649044
CG12746,0.37628967,0.015510676,0.7067015633397966,1.0,0.04503820416686441
Alg-2,0.37619627,-0.03695644,0.7067709837949709,1.0,0.1868444781927768
mIF3,0.37590736,0.08015043,0.7069857595377163,1.0,0.02472592662901618
ric8a,0.37586087,-0.024172021,0.7070203267266861,1.0,0.05092306962175502
Vps45,0.37571067,0.004101387,0.7071320094654019,1.0,0.03042095771439419
Mcm5,0.37519723,0.9864565,0.7075137874626395,1.0,0.003891604575008305
lncRNA:CR45643,0.3751726,1.3418535,0.7075321099287727,1.0,0.003654311613117555
CG8097,0.3742427,0.10858233,0.7082237590013104,1.0,0.01509183237625172
CG4619,0.37383497,0.11636074,0.7085270964668269,1.0,0.018319016657965925
Tsp42Ee,0.37378332,-0.04394726,0.708565534339896,1.0,0.13549428123961843
NiPp1,0.37349123,0.028622407,0.7087828701196386,1.0,0.05358075079493142
CG7120,0.37291303,-0.019180236,0.7092131761664908,1.0,0.046889089269612265
MCPH1,0.3727032,0.46691504,0.709369351416786,1.0,0.00726116463385696
psidin,0.3721119,0.002613681,0.7098095473596732,1.0,0.04138389255374685
CG5180,0.37207055,0.037784394,0.7098403173661572,1.0,0.03151250533909164
CG8915,0.3719307,0.11538753,0.7099444655141249,1.0,0.02126144938541123
subdued,0.37176058,0.014016182,0.7100711074936402,1.0,0.033268473257083195
Arp10,0.37118635,0.003588519,0.7104987312591446,1.0,0.049831521997057565
jef,0.3710274,-0.040613685,0.7106171207343402,1.0,0.3776754781453182
Arts,0.37090182,0.13546996,0.7107106533568441,1.0,0.012054482464050116
CG4332,0.37050882,0.2656466,0.7110034149343283,1.0,0.010725641877461915
Elal,0.37021157,0.25950116,0.7112248645470246,1.0,0.006739120117697309
Hml,0.36976647,0.13173595,0.7115564924145025,1.0,0.006691661525319159
eIF2A,0.36970606,-0.041397214,0.7116015032613682,1.0,0.17659342223909638
mei-9,0.36926815,0.15049255,0.7119278619532665,1.0,0.01566133548478952
Miro,0.36914933,-0.04120736,0.712016420286271,1.0,0.08945944663281287
Uvrag,0.36756733,0.037720997,0.713195889438196,1.0,0.041336433961368706
Srp72,0.36729035,-0.038021598,0.713402463474356,1.0,0.04019742774429311
CG1647,0.36722556,-0.05831402,0.7134507757866195,1.0,0.08613734516634236
CG12935,0.36687386,0.09269774,0.7137131050208204,1.0,0.03635328176166295
asun,0.36634493,0.3220281,0.7141077000594649,1.0,0.008590005220445162
CG32187,0.3661983,0.08787869,0.7142171092212961,1.0,0.03027858193725974
Lrrk,0.3661212,0.027859353,0.7142746329258072,1.0,0.02315979308053723
Elk,0.3659384,-0.080246545,0.7144110358273621,1.0,0.07778463290778795
CG1418,0.3650292,0.0060041966,0.7150896274865162,1.0,0.04423140809643586
Orc5,0.36492863,0.56382835,0.7151646779044579,1.0,0.007023871671966209
AdamTS-A,0.36491075,1.475814,0.7151780270814905,1.0,0.002800056950310854
Tcs3,0.36466953,0.10218553,0.7153581011581929,1.0,0.017986806511318874
Usp39,0.36462066,0.07173884,0.7153945925638469,1.0,0.023539461819562433
CtsB,0.3639439,-0.041392066,0.715899902165658,1.0,0.21199753215319633
sba,0.36376387,-0.050785057,0.716034336080247,1.0,0.09472735038678753
YME1L,0.3635294,-0.02196747,0.7162094398084724,1.0,0.07787955009254426
Tsp42Ef,0.36328623,-0.03245848,0.7163910885986677,1.0,0.01680034170186512
CG14340,0.36228716,-0.027946461,0.7171374416140761,1.0,0.02838023824213374
CG17568,0.3620392,0.0013777772,0.7173227357929463,1.0,0.05177732428456172
Rhp,0.36194223,0.088256285,0.7173951950928541,1.0,0.02121399079303308
CG7997,0.36193708,0.3668228,0.7173990557006835,1.0,0.006359451378672109
Argp,0.3618254,0.1936795,0.7174825059879788,1.0,0.010962934839352664
lncRNA:CR45418,0.36159053,0.27406588,0.7176580298719879,1.0,0.010345973138436713
CG31460,0.36111566,0.11982737,0.7180129841057675,1.0,0.028997199943049688
Fatp1,0.36090347,-0.038627695,0.7181716193214469,1.0,0.07887618053248541
CG5160,0.36047825,0.28684273,0.7184895204490147,1.0,0.009918845807033363
chas,0.36038485,0.4120928,0.7185593463838886,1.0,0.005315362346352807
Snx6,0.36036062,-0.04555998,0.718577471797992,1.0,0.11385316311518201
atilla,0.3588831,0.9306562,0.7196825292265489,1.0,0.004081438944520906
bsh,0.35858747,0.22135974,0.7199037300445068,1.0,0.013383323050638317
CycY,0.35852268,-0.03788654,0.7199521951842072,1.0,0.1038868587157705
tex,0.35835937,0.070934474,0.7200744036925282,1.0,0.015376583930520622
PHDP,0.35814556,0.2637179,0.7202343857368847,1.0,0.008969673959470362
CG14253,0.35787335,0.9090509,0.7204380980748764,1.0,0.0036068530207394047
CG14397,0.3574958,1.1562753,0.720720651680659,1.0,0.0033221014664705046
TfIIB,0.35742986,-0.011161682,0.7207700281206095,1.0,0.062123297422998436
slow,0.35712942,0.81552607,0.7209949138582646,1.0,0.0032746428740923544
rept,0.35685602,0.095090315,0.7211995927503934,1.0,0.02254283137962128
Cyp4p3,0.35647494,0.37043184,0.7214849270228034,1.0,0.00759337478050401
rho,0.35644275,-0.11778092,0.7215090289823204,1.0,0.08053723126572065
pont,0.35608986,0.027087348,0.7217732760007307,1.0,0.0361159887997722
IntS2,0.35602587,0.20441727,0.7218211892085313,1.0,0.012244316833562717
CG2614,0.3559893,0.09049658,0.7218485686744471,1.0,0.01414266052868872
CG42675,0.35562053,0.4825259,0.7221247640770223,1.0,0.0068814958948317595
brn,0.35559073,0.16497688,0.7221470874862805,1.0,0.012576526980209767
Tfb4,0.35540834,0.29417226,0.7222837119048924,1.0,0.011152769208865265
GCC88,0.3552919,-0.04328921,0.7223709299455772,1.0,0.06554031607422524
CG14015,0.35509002,-0.006336954,0.7225221561228496,1.0,0.13297897584357649
CG31156,0.35508406,0.05349553,0.7225266216275342,1.0,0.026909021878411085
CG30020,0.3550805,0.03347074,0.7225293009348817,1.0,0.034976982582696596
CG9330,0.35465923,-0.064721204,0.722844887592228,1.0,0.09624602534288833
CG17652,0.35443115,0.120770514,0.7230158004268104,1.0,0.017132551848512173
Smurf,0.3544081,-0.061476234,0.7230330711336097,1.0,0.12457880499264391
mus101,0.35349765,0.3261178,0.7237153768153152,1.0,0.010203597361302264
lncRNA:CR44828,0.35343727,0.4141773,0.7237606532338738,1.0,0.005979782639646908
CG4282,0.35308954,0.15500706,0.7240213093053438,1.0,0.01556641830003322
beag,0.35302,-0.016198026,0.7240734443610164,1.0,0.05918086469555313
GluClalpha,0.35298344,0.07228856,0.7241008530178992,1.0,0.7216553557021499
CG13204,0.35292026,-0.048661146,0.7241482231609637,1.0,0.08898486070903137
pigeon,0.35278314,0.029167157,0.7242510110661098,1.0,0.04798063689430972
Asm,0.3523043,0.14608087,0.7246100628907465,1.0,0.006074699824403208
Scot,0.351926,0.22339287,0.7248937715693544,1.0,0.010061221584167813
CG1738,0.35139626,0.04458282,0.7252910867917508,1.0,0.03042095771439419
Cdep,0.35088202,0.020836493,0.7256768483885703,1.0,0.5368990555740116
FLASH,0.3507827,-0.052280452,0.7257513853168028,1.0,0.03027858193725974
Rbm13,0.35077038,0.07588069,0.7257606280769399,1.0,0.020169901760713777
CG7889,0.35072666,0.7110971,0.7257934252900431,1.0,0.004318731906411656
Slimp,0.3507048,0.37069824,0.7258098240851589,1.0,0.008590005220445162
CG6179,0.3504791,0.0075980513,0.7259791862656759,1.0,0.042048312847040956
Naglu,0.35036185,0.47055405,0.7260671525443034,1.0,0.004366190498789806
yata,0.3503543,-0.056630358,0.7260728182928887,1.0,0.058706278771771626
dpr7,0.35030502,-0.00406587,0.7261097951254207,1.0,0.4332969484125101
CG11679,0.3502764,0.30690143,0.7261312658372261,1.0,0.008874756774714061
CG10341,0.35022834,0.09514519,0.7261673490459082,1.0,0.01490199800673912
Rh4,0.35020012,1.163519,0.7261885221206776,1.0,0.003749228797873855
Mer,0.35001454,0.24996166,0.7263277924872865,1.0,0.008874756774714061
DJ-1alpha,0.34929565,0.011217034,0.7268673641269294,1.0,0.017322386218024774
l(2)k14505,0.34909776,-0.01703136,0.7270159267164468,1.0,0.10621232974229984
Syx7,0.34905285,-0.033412844,0.7270496381305326,1.0,0.1823833705092307
TBC1D23,0.34824774,-0.02028521,0.727654146544977,1.0,0.05481467419676332
CG8249,0.3480677,1.5413127,0.7277893337693825,1.0,0.002705139765554554
snRNA:U6atac,0.34774345,2.178625,0.7280328711991378,1.0,0.002467846803663803
CG7099,0.34742552,0.08634894,0.7282716600464705,1.0,0.017986806511318874
CG4596,0.34685925,-0.049460344,0.7286970680016951,1.0,0.13255184851217314
jet,0.34599334,-0.026685698,0.7293477305584231,1.0,0.05562147026719187
mRpL20,0.34599292,-0.015839653,0.7293480292092525,1.0,0.08784585449195577
PIG-X,0.3455995,0.120905995,0.7296437136668608,1.0,0.019980067391201176
lncRNA:cherub,0.34537697,0.1773653,0.7298109873277088,1.0,0.011627355132646766
TfIIEbeta,0.34527406,0.02020432,0.7298883557446172,1.0,0.054245171088225526
uno,0.34480116,0.041307736,0.7302438675814238,1.0,0.018746143989369274
sev,0.3447189,0.3773786,0.73030571463728,1.0,0.005979782639646908
kst,0.344248,0.33016184,0.7306598003697024,1.0,0.005932324047268758
rdhB,0.34412637,0.10540019,0.7307512444949728,1.0,0.011722272317403066
Cda9,0.34397817,0.89937985,0.73086271587506,1.0,0.004745859237815006
Chi,0.34389707,-0.048235998,0.7309236838600417,1.0,0.08566275924256087
CG3040,0.34388477,-0.0071341675,0.7309329487516394,1.0,0.07602866498979641
Rrp1,0.34373176,0.031231644,0.7310480159981985,1.0,0.03445493806653695
GluRS-m,0.34341902,0.58669454,0.7312832502085355,1.0,0.004935693607327606
O-fut1,0.34341824,0.07995748,0.7312838480405022,1.0,0.019695315836932275
Acbp2,0.34222567,-0.15306668,0.7321810785348553,1.0,0.05025864932846092
JMJD4,0.34175593,0.08454271,0.7325345701538012,1.0,0.01542404252289877
CG43740,0.34172454,-0.057826214,0.7325581980981728,1.0,0.09909354088557733
Sirt7,0.3416101,0.017417258,0.732644337560678,1.0,0.016610507332352524
Vps35,0.34152666,-0.009327571,0.7327071497086548,1.0,0.06478097859617483
CG16863,0.34114712,0.2146426,0.732992818006005,1.0,0.013098571496369418
TfIIS,0.34040996,-0.04672444,0.7335478081653148,1.0,0.11508708651701391
Nop10,0.340195,0.06694087,0.7337096940752692,1.0,0.01509183237625172
IntS3,0.33966923,-0.058513913,0.7341056312991945,1.0,0.11902614968440037
Gyc32E,0.33964777,0.22758877,0.7341217935048966,1.0,0.00797304351952921
CG31817,0.33956155,0.09674977,0.7341867428155757,1.0,0.02126144938541123
CG15814,0.33926946,-0.00010818153,0.734406746544076,1.0,0.1098666413554174
ko,0.33895314,-0.006785646,0.7346450336764481,1.0,0.02833277964975559
CG1532,0.33872265,-0.033967357,0.7348186760712248,1.0,0.05604859759859523
mRpL3,0.3385315,0.017188177,0.7349626897892976,1.0,0.06345213800958664
CG5888,0.33852038,0.23541255,0.7349710734113185,1.0,0.00759337478050401
spn-A,0.33850807,0.15906568,0.7349803553153909,1.0,0.019268188505528926
Brca2,0.3378158,-0.008479186,0.7355020006041897,1.0,0.028000569503108537
CG10581,0.3376334,0.115265965,0.7356394693647211,1.0,0.016278297185705472
tsu,0.33742,0.006073576,0.735800309575997,1.0,0.10830050780693845
CG6094,0.33728686,-0.004721189,0.7359006533770158,1.0,0.0753642446965023
Nup58,0.33681875,0.033765394,0.736253539884588,1.0,0.02932941008969674
CG15073,0.3367035,0.11810618,0.7363404220112604,1.0,0.027288690617436287
CG3548,0.33627552,-0.046416156,0.736663113755474,1.0,0.09392055431635897
CG33506,0.33605218,0.03183999,0.7368315191645786,1.0,0.04546533149826776
omd,0.3359441,-0.013837119,0.7369130295248796,1.0,0.026434435954629586
CG14367,0.3352733,0.32922533,0.7374189393800658,1.0,0.009349342698495562
Unc50,0.33498836,0.024512941,0.7376338656291148,1.0,0.05846898580988088
TkR86C,0.33455363,-0.071795024,0.7379618400460113,1.0,0.0362109059845285
bnl,0.33453494,-0.02260639,0.737975931423781,1.0,0.013051112903991267
CG42700,0.3340998,-0.047576964,0.7383042554560804,1.0,0.0763134165440653
CG8326,0.33328077,0.15960124,0.738922353686237,1.0,0.013762991789663519
Rchy1,0.33302206,-0.1057145,0.7391176250392413,1.0,0.01494945659911727
GATAd,0.33299267,-0.06891575,0.7391398228480153,1.0,0.14716909496464334
Myo31DF,0.3329247,0.091011435,0.7391911186159847,1.0,0.01475962222960467
Tes,0.3326489,0.22244865,0.7393993133506074,1.0,0.008637463812823312
CG2617,0.3323298,0.20915067,0.7396402310938158,1.0,0.012481609795453466
loco,0.33230835,-0.017308379,0.7396564332041236,1.0,0.011057852024108965
Dpm1,0.33224675,0.019303704,0.7397029399032471,1.0,0.032366760001898344
CG31102,0.3315084,1.364186,0.7402604942459925,1.0,0.002800056950310854
Sfxn1-3,0.3312525,-0.015447706,0.7404537796094178,1.0,0.13473494376156803
CG1575,0.3308833,0.1556653,0.7407326316156729,1.0,0.00797304351952921
bbc,0.33075136,-0.10537033,0.7408322942027472,1.0,0.20093968012908736
CG1827,0.33042312,0.09983808,0.741080268783505,1.0,0.025295429737553984
CG13531,0.33034366,0.07393721,0.7411403151004863,1.0,0.012956195719234967
Drgx,0.33032337,-0.11248295,0.7411556271635971,1.0,0.05490959138151962
ptch,0.3302165,0.0020538452,0.7412363924867318,1.0,0.030563333491528642
CG2006,0.3292429,0.13053055,0.7419721185678747,1.0,0.012386692610697166
CG5577,0.32912722,0.060439028,0.7420595204927525,1.0,0.00749845759574771
Rcd2,0.328706,0.3025373,0.7423779198864575,1.0,0.006406909971050259
JMJD7,0.32870042,0.05803626,0.7423821254565817,1.0,0.02306487589578093
sle,0.32751223,-0.03763947,0.7432804911082262,1.0,0.04442124246594846
stc,0.32748124,-0.049389202,0.7433039314186983,1.0,0.042143230031797256
D19A,0.3274741,-0.03205599,0.7433093407549058,1.0,0.04650942053058706
Adck5,0.32727897,0.10496704,0.7434569003120022,1.0,0.01580371126192397
CG32344,0.32712916,0.011210401,0.7435702060009933,1.0,0.024203882112856533
CG11403,0.32706794,0.53938127,0.7436164916201319,1.0,0.005078069384462057
MED27,0.32689628,0.06732413,0.7437463367426715,1.0,0.024820843813772482
Rcd5,0.32636377,0.00436332,0.7441491434188672,1.0,0.058611361587015326
Grip91,0.3256918,0.021188382,0.7446575613027214,1.0,0.028759906981158937
sima,0.3254426,-0.037400447,0.7448461040913378,1.0,0.3954249916947463
Dph2,0.3253822,0.09539686,0.7448918137369545,1.0,0.02273266574913388
Pex12,0.32515332,0.15965502,0.745065037387638,1.0,0.017227469033268474
ecd,0.3248207,0.013746695,0.7453167759826028,1.0,0.03806179108727635
PQBP1,0.32470387,0.06578442,0.745405206748132,1.0,0.023681837596696884
lncRNA:CR45641,0.3245004,0.78644913,0.7455592166332725,1.0,0.003654311613117555
Tango2,0.32432318,0.22095121,0.745693381968854,1.0,0.012481609795453466
CG5004,0.32428065,-0.008499963,0.7457255707638496,1.0,0.028997199943049688
CG15293,0.32358283,0.98190665,0.7462538913713076,1.0,0.003132267096957904
Ppt2,0.3233563,0.0075668315,0.7464254106233239,1.0,0.0390584215272175
Rcc1,0.3231608,-0.011882379,0.7465734689222332,1.0,0.0737506525556452
CG14933,0.32306662,1.0947785,0.7466447930270852,1.0,0.0028475155426890037
NC2alpha,0.3230559,0.0143460035,0.7466529186957311,1.0,0.046272127568696315
CG7536,0.32268074,-0.028690869,0.7469370338490379,1.0,0.053438375017796975
Dop2R,0.3225508,0.10656032,0.7470354588789535,1.0,0.7774666603388544
CG12499,0.32238153,0.12558419,0.7471636885003092,1.0,0.012861278534478668
CG11414,0.32214984,0.0048595425,0.7473391877981482,1.0,0.04209577143941911
CG8611,0.32207632,0.0671308,0.7473948807080534,1.0,0.02301741730340278
CG10907,0.32207075,0.1320508,0.7473990953603179,1.0,0.019932608798823026
bero,0.3219881,0.3025896,0.7474617139406325,1.0,0.00730862322623511
CG15082,0.3218816,0.52129793,0.7475423980299674,1.0,0.006644202932941009
CG5846,0.32174847,-0.00685465,0.7476432570311622,1.0,0.025295429737553984
CG7168,0.32152116,0.04596777,0.7478154799973418,1.0,0.027478524986948888
sktl,0.32146114,0.06711749,0.7478609465520514,1.0,0.00802050211190736
PolQ,0.32131532,0.38818806,0.7479714550131342,1.0,0.006596744340562859
CG5039,0.32079035,0.038280107,0.7483692681034875,1.0,0.02230553841773053
mip40,0.3205249,0.082480796,0.7485704587509394,1.0,0.03654311613117555
Pi3K59F,0.3192139,0.033518843,0.7495643142564729,1.0,0.026244601585116985
Adsl,0.3177364,0.21129702,0.7506848960796917,1.0,0.009729011437520764
spict,0.3177173,-0.041354444,0.7506993664230598,1.0,0.04674671349247781
CG13896,0.31762633,0.32819778,0.7507684032266765,1.0,0.008969673959470362
Trpgamma,0.31731358,0.62586147,0.7510056759235141,1.0,0.004318731906411656
Dmel_CR45557,0.31655854,0.0705478,0.7515786040937794,1.0,0.019695315836932275
Cyp9f3,0.31650966,0.6053494,0.7516156983774349,1.0,0.003939063167386455
Fancm,0.316427,0.16470918,0.7516784282278975,1.0,0.009159508328982963
nahoda,0.31592667,0.6366908,0.7520581597823103,1.0,0.0036068530207394047
CG9663,0.31554717,0.66011864,0.7523462408343131,1.0,0.0034170186512268047
Gs2,0.31509215,-0.24402878,0.7526916819173299,1.0,0.12092449337952636
cry,0.3148696,-0.07833457,0.7528606493078898,1.0,0.021119073608276778
wmd,0.3147194,-0.05780932,0.7529747089903382,1.0,0.13193488681125717
mRpL43,0.31400928,0.006303059,0.7535140006125872,1.0,0.09031370129561957
Gnpnat,0.31397232,-0.003042164,0.7535420700072545,1.0,0.04570262446015851
Aladin,0.31393495,0.123206265,0.7535704415543499,1.0,0.02054957049973898
CG2909,0.31379905,-0.0061365995,0.7536736685008807,1.0,0.03587869583788145
PGAP1,0.31349584,0.09605688,0.7539039830796919,1.0,0.017607137772293675
CG32808,0.31330112,0.10808977,0.7540519030707659,1.0,0.020691946276873426
Ivd,0.31303605,0.3455528,0.7542532698870322,1.0,0.006786578710075459
CG4424,0.31301022,0.105650514,0.7542728942335826,1.0,0.012718902757344218
CG34174,0.3128922,0.21003802,0.7543625644202994,1.0,0.011247686393621566
Cul5,0.3126339,-0.03535796,0.7545588238565005,1.0,0.02766835935646149
Chrac-16,0.31259137,0.009279434,0.754591132698675,1.0,0.03160742252384794
Nmd3,0.31244552,0.11728598,0.754701952269991,1.0,0.023444544634806132
CG11248,0.31238353,-0.027974779,0.7547490596664411,1.0,0.06383180674861183
Glos,0.31213516,0.26230308,0.7549378003701508,1.0,0.010440890323193014
armi,0.3120851,0.23459254,0.7549758522686858,1.0,0.010488348915571164
CG3815,0.3120517,0.028376887,0.7550012205313941,1.0,0.032034549855251296
lin,0.3119623,0.19273305,0.7550691725368835,1.0,0.011057852024108965
CBP,0.31177673,0.38574582,0.7552102167486067,1.0,0.006074699824403208
CG12730,0.31154662,-0.17018232,0.7553850987405667,1.0,0.06658440510654454
AlaRS,0.3111385,0.009766022,0.7556953261306227,1.0,0.02296995871102463
CG1492,0.31113017,0.04007665,0.7557016700424721,1.0,0.0674861183617294
RluA-1,0.31069145,0.11427271,0.7560352017362743,1.0,0.011057852024108965
TyrRS-m,0.31067953,0.045477092,0.756044265732308,1.0,0.02985145460585639
CG9691,0.31064653,0.070377596,0.7560693429629249,1.0,0.011912106686915665
Gorab,0.31061158,0.1234348,0.7560959311507168,1.0,0.01518674956100802
Syngr,0.3105301,-0.05210411,0.7561578706627283,1.0,0.22960466992549
lsn,0.3104991,0.024400104,0.7561814383032307,1.0,0.05865882017939348
Polr1B,0.31041247,0.17951335,0.7562473080397534,1.0,0.010440890323193014
CG31142,0.31022212,0.059654534,0.7563920463886435,1.0,0.020834322054007877
CG5080,0.31000078,0.3806874,0.756560364569401,1.0,0.0051729865692183566
lncRNA:CR44708,0.3094492,0.57912904,0.7569798504152416,1.0,0.004650942053058707
Cln3,0.30935064,0.26794907,0.757054809320187,1.0,0.0049831521997057565
BTBD9,0.30930653,-0.044185746,0.7570883602156092,1.0,0.03454985525129325
Kua,0.30920798,0.8041499,0.7571633224285579,1.0,0.0042238147216553555
TrpA1,0.30896598,0.63397264,0.7573474127151865,1.0,0.004318731906411656
sowah,0.30890676,0.00065675157,0.7573924549637574,1.0,0.05519434293578852
RPA2,0.3088515,0.3658428,0.7574344749854098,1.0,0.008447629443310711
PGRP-LB,0.30855903,0.59226024,0.7576569814330716,1.0,0.004128897536899056
CG9338,0.3082888,0.548451,0.7578625758904617,1.0,0.004081438944520906
Nup133,0.3080142,0.44908246,0.7580715136866459,1.0,0.00778320915001661
CG32816,0.30759975,1.1150583,0.7583869192520923,1.0,0.0033695600588486544
Hyccin,0.30654824,-0.0062771747,0.759187255960704,1.0,0.04437378387357031
CG4565,0.30651566,0.13044497,0.7592120626604882,1.0,0.012908737126856817
hoe2,0.30650017,0.07996088,0.7592238610558695,1.0,0.018034265103697024
asRNA:CR44116,0.30628595,1.3754978,0.7593869266691543,1.0,0.002705139765554554
CG2065,0.30606064,1.153967,0.759558474769534,1.0,0.0026576811731764036
CG31548,0.30536082,-0.11063845,0.760091347705587,1.0,0.010820559062218215
CG5377,0.30492052,0.07613655,0.7604266833259901,1.0,0.02951924445920934
Polr3A,0.30406058,0.23008682,0.7610817465818768,1.0,0.010630724692705614
CG14712,0.30381656,0.09905248,0.7612676414034073,1.0,0.016515590147596224
LSm7,0.30356145,0.064453125,0.7614620282510943,1.0,0.021830952493949028
CG3594,0.30340368,0.009106083,0.7615822407361912,1.0,0.03037349912201604
ClC-b,0.30317637,-0.026860235,0.7617554537288369,1.0,0.050116273551326466
Surf1,0.30306828,0.027227746,0.7618378249347022,1.0,0.042760191732713206
DCTN3-p24,0.30272135,-0.017204257,0.7621022183899278,1.0,0.08699159982914907
Tsc1,0.3024547,-0.032505356,0.7623054537698372,1.0,0.05206207583883062
Mul1,0.30197942,0.023538237,0.7626677440562765,1.0,0.02861753120402449
CG42354,0.3015892,0.5438331,0.7629652487068331,1.0,0.0047933178301931565
Sec3,0.30141872,-0.03317002,0.7630952286351662,1.0,0.02762090076408334
ort,0.30103484,-0.118775666,0.7633879351597661,1.0,0.0360210716150159
Ank2,0.3001288,0.10151415,0.7640789293527304,1.0,0.8091690000474586
Arpc4,0.29993564,-0.044834994,0.7642262445363994,1.0,0.1482606425893408
CG4409,0.2996992,-0.15541965,0.7644066111640896,1.0,0.06848274880167055
snoRNA:CD78,0.29958037,0.4798644,0.7644972540097402,1.0,0.003986521759764605
CG6073,0.29944366,0.0106666135,0.7646015427467148,1.0,0.016610507332352524
CG14331,0.29921716,0.71881825,0.7647743561552143,1.0,0.003559394428361255
Vsx1,0.298753,-0.06485836,0.7651285086350152,1.0,0.04503820416686441
Trhn,0.29865804,0.3319066,0.765200982535037,1.0,0.00792558492715106
fidipidine,0.29841363,-0.0015179345,0.7653874834011481,1.0,0.056380807745242276
bocks,0.2977929,0.09992355,0.7658612263983471,1.0,0.012908737126856817
Ice2,0.29736692,0.06457242,0.7661864067229468,1.0,0.01381045038204167
CG14434,0.2973228,0.12322458,0.7662200798014465,1.0,0.012766361349722368
Ptip,0.297173,-0.009024976,0.7663344502207277,1.0,0.04157372692325945
Brf,0.29623276,0.025996178,0.7670523393602939,1.0,0.03298372170281429
CG8132,0.29617473,-0.010576529,0.7670966450778387,1.0,0.08385933273219116
CG3294,0.29594743,0.042951826,0.7672702337153707,1.0,0.027858193725974086
mtTFB2,0.29585364,0.12000127,0.7673418576056867,1.0,0.01589862844668027
Vps29,0.2957539,-0.01203023,0.767418036042721,1.0,0.09610364956575387
cer,0.2956291,-0.07745037,0.7675133381280552,1.0,0.04987898058943572
Gasz,0.29525873,-0.004873934,0.7677962299843897,1.0,0.1151820037017702
Ptp4E,0.29507118,-0.074931115,0.7679395089082592,1.0,0.108158132029804
Gnpda,0.2948367,-0.018277995,0.7681186187143392,1.0,0.04005505196715865
PolH,0.29417783,-0.0024302998,0.7686220138857387,1.0,0.018556309619856676
MAN1,0.29401532,-0.0033969295,0.7687462078035737,1.0,0.034502396658915094
PSMG1,0.2927055,-0.0073627364,0.7697472631828117,1.0,0.057994399886099376
CG3655,0.2923097,-0.09192975,0.7700498421652618,1.0,0.1768781737933653
CG44838,0.29228505,-0.05503329,0.770068678561054,1.0,0.3336813630107731
scb,0.2922513,0.300354,0.7700945028725219,1.0,0.004650942053058707
sov,0.29224256,-0.085323,0.7701011868534919,1.0,0.1775425940866594
sona,0.29217142,0.15427342,0.7701555707878988,1.0,0.009491718475630012
CG13609,0.29179507,0.2991777,0.7704433079465473,1.0,0.008495088035688861
Det,0.29177043,0.035396006,0.7704621471734789,1.0,0.020881780646386027
wb,0.29176566,0.48042113,0.7704657934911089,1.0,0.004176356129277205
CG32687,0.29145172,0.23920342,0.7707058538923389,1.0,0.004318731906411656
CG4822,0.29135993,0.35839283,0.7707760529206754,1.0,0.0040339803521427554
MED14,0.29114017,-0.007015897,0.7709441127665463,1.0,0.04090930662996536
Alh,0.29100704,-0.055906046,0.7710459264027425,1.0,0.15836932276588678
gl,0.2909574,0.7134326,0.7710839175760749,1.0,0.0036068530207394047
ABCB7,0.29059416,-0.049024746,0.7713617257161233,1.0,0.0702387167196621
CG6656,0.29053217,0.8733992,0.7714091444779746,1.0,0.0033221014664705046
trem,0.29025042,0.04771974,0.7716246674303234,1.0,0.019647857244554128
CG6040,0.2899762,-0.14876841,0.7718344316560846,1.0,0.014379953490579469
Exd2,0.28985143,0.34847745,0.7719298951022042,1.0,0.007688291965260311
Lk,0.2894632,1.5234324,0.7722269483495575,1.0,0.0026576811731764036
CG8401,0.28939602,0.1952129,0.772278335564542,1.0,0.00792558492715106
CG17806,0.28874072,0.03574472,0.7727797933775892,1.0,0.019410564282663377
Ama,0.28832704,2.1659372,0.7730964084014327,1.0,0.002040719472260453
Spn55B,0.28796104,0.13798282,0.7733765575053626,1.0,0.01556641830003322
CG7382,0.28787163,-0.045610417,0.7734450023294046,1.0,0.2054007878126335
vn,0.28774565,-0.095674254,0.7735414364709602,1.0,0.018176640880831475
asRNA:CR45139,0.28765863,0.19634138,0.7736080602067239,1.0,0.011105310616487115
Usp8,0.28739715,-0.03257638,0.773808245664305,1.0,0.04480091120497366
Nepl5,0.2870689,-0.14593476,0.7740595635975196,1.0,0.03113283660006644
Mpp6,0.28689367,-0.023955865,0.7741937515150491,1.0,0.03436002088178065
JhI-26,0.28655547,0.069373496,0.77445271370765,1.0,0.00716624744910066
Bcs1,0.2865527,0.04101551,0.7744548439355471,1.0,0.05585876322908263
CG8319,0.28618708,0.16122407,0.7747348315162427,1.0,0.010820559062218215
CG30159,0.28602973,-0.0076528294,0.7748553569307851,1.0,0.006834037302453609
HemK1,0.28596058,-0.035277467,0.7749083167832442,1.0,0.10322243842247639
Sym,0.28593913,0.077163234,0.7749247528124598,1.0,0.011532437947890465
CCT8,0.2855294,-0.02992256,0.7752385785584647,1.0,0.06345213800958664
Cyp4d2,0.28542808,0.44508222,0.7753162035886391,1.0,0.005220445161596507
CG11594,0.2853482,0.21438052,0.7753773919595579,1.0,0.0057424896777561575
CG2147,0.28518367,0.0027144314,0.7755034261326426,1.0,0.045180579943998864
MTPAP,0.28509665,0.15559095,0.7755700987752601,1.0,0.014047743343932419
Apl,0.2849997,0.09192625,0.77564438439844,1.0,0.018461392435100376
Ptr,0.28483874,0.24506813,0.7757676908862579,1.0,0.005505196715865407
CG6425,0.2847378,0.07953242,0.7758450267285841,1.0,0.01556641830003322
Cpsf160,0.28462613,0.09278061,0.7759305858997121,1.0,0.015234208153386171
Sol1,0.2843877,-0.06341944,0.7761132836225333,1.0,0.024536092259503584
Acyp2,0.28408846,-0.02901875,0.7763425867938044,1.0,0.10497840634046794
yem,0.2840217,-0.046407886,0.7763937487275168,1.0,0.020264818945470078
Atg4a,0.28383255,-0.07879029,0.7765387128073578,1.0,0.04935693607327607
CG13659,0.28312677,0.33247355,0.7770796558462993,1.0,0.004176356129277205
CG7824,0.28257003,0.13716322,0.777506455779946,1.0,0.008779839589957763
f-cup,0.28253984,-0.04888355,0.7775296103028495,1.0,0.05101798680651132
PolE1,0.28251877,0.5292458,0.7775457576528667,1.0,0.003654311613117555
Plekhm1,0.28212258,-0.012126958,0.7778495285299635,1.0,0.02771581794883964
Fntb,0.2820081,0.022199286,0.7779372841134531,1.0,0.09994779554838404
CG16890,0.28183565,0.01770212,0.7780695322522804,1.0,0.024536092259503584
CG2003,0.2817399,0.58292335,0.7781429723590354,1.0,0.003227184281714204
CG31365,0.2811919,-0.028031133,0.7785632341316004,1.0,0.03023112334488159
CG5439,0.28107068,0.010771039,0.7786561941804367,1.0,0.0373499122016041
Cenp-C,0.2810496,0.0605765,0.77867234821685,1.0,0.008827298182335913
Vps53,0.2810385,0.06594549,0.7786808824633699,1.0,0.03042095771439419
dpp,0.2809006,0.9635114,0.7787866483757468,1.0,0.0026576811731764036
CG15117,0.28072533,0.3136662,0.7789210714844533,1.0,0.00730862322623511
CG17186,0.28033987,0.15256555,0.7792167646263938,1.0,0.012007023871671966
Acph-1,0.28032914,0.028128188,0.7792249957175442,1.0,0.02396658915096578
CG10376,0.27987134,0.004936025,0.7795762119917531,1.0,0.031749798300982394
BomS6,0.2798467,2.0634441,0.7795951155332843,1.0,0.0019932608798823026
Taf6,0.2796027,-0.039815247,0.7797823286087429,1.0,0.05158748991504912
CG1542,0.27890489,0.017802449,0.7803178162725071,1.0,0.046889089269612265
Veneno,0.27793527,0.34108418,0.7810620609537788,1.0,0.005789948270134308
Pus1,0.27735585,-0.016325472,0.7815068734390083,1.0,0.025390346922310285
Gyc89Db,0.2772557,0.09011065,0.7815837618587906,1.0,0.01575625266954582
lncRNA:CR43431,0.27680588,0.5220695,0.7819291758461115,1.0,0.004935693607327606
CG7376,0.2764828,0.26793998,0.7821772779828342,1.0,0.009206966921361113
Urm1,0.27572775,0.034768205,0.7827571848540252,1.0,0.03511935835983105
p38b,0.27566934,-0.015461602,0.7828020563690788,1.0,0.07294385648521665
Mettl14,0.2753105,0.06440851,0.7830777115234997,1.0,0.019837691614066726
Mettl1,0.27528784,0.018101575,0.7830951125969055,1.0,0.03288880451805799
Tektin-C,0.2751567,0.5551108,0.7831958577857756,1.0,0.004176356129277205
CG10462,0.2750792,0.3468253,0.7832553907426061,1.0,0.004366190498789806
Plzf,0.2747108,0.19896567,0.7835384186106789,1.0,0.012908737126856817
l(3)72Dp,0.2741338,0.3431032,0.7839817948991589,1.0,0.00778320915001661
mir-4942,0.27385247,0.5802916,0.7841980120893208,1.0,0.003464477243604955
Jabba,0.27379045,0.696486,0.7842456554055139,1.0,0.0033695600588486544
Best2,0.27374715,0.6206903,0.7842789451255954,1.0,0.0034170186512268047
Trissin,0.2736585,0.25124243,0.7843470528469684,1.0,0.008210336481419962
CG11400,0.2736323,0.6943175,0.784367210605955,1.0,0.0033221014664705046
CG3552,0.2735874,0.2608946,0.7844017234685803,1.0,0.00802050211190736
Samuel,0.27355042,0.6169195,0.7844301281780299,1.0,0.0032746428740923544
dmt,0.27320987,0.03755004,0.7846918926138646,1.0,0.009017132551848512
CG33332,0.27319756,0.30059022,0.784701361795718,1.0,0.00759337478050401
CG5815,0.2731765,-0.022390287,0.7847175511159314,1.0,0.034075269327511745
CG7800,0.27307874,0.95174605,0.7847926952178552,1.0,0.002894974135067154
Rsf1,0.27307713,-0.005294376,0.7847939170897476,1.0,0.4618195624317783
CG6928,0.2729285,0.21065965,0.7849081644544453,1.0,0.00792558492715106
Coq5,0.27287963,0.006441789,0.784945738798434,1.0,0.01480708082198282
or,0.27251205,-0.0001984036,0.7852283261352822,1.0,0.046699254900099664
CG32452,0.27242064,0.12967251,0.785298595490664,1.0,0.012481609795453466
Art3,0.27235547,0.13320345,0.7853487016648653,1.0,0.016563048739974374
CG31313,0.27198473,1.7371646,0.7856337738286281,1.0,0.002230553841773053
Drp1,0.2715901,-0.0410339,0.7859372101881396,1.0,0.12922974704570261
lncRNA:CR45267,0.27150664,0.41379774,0.7860013851870246,1.0,0.006549285748184709
Cyp18a1,0.2714526,1.7577645,0.7860429469144841,1.0,0.0019932608798823026
CG15747,0.2714081,-0.0593998,0.7860771746772919,1.0,0.1033173556072327
E2f2,0.27121457,0.03728721,0.7862260091313082,1.0,0.0363058231692848
angel,0.27091175,0.03039571,0.7864589033544916,1.0,0.04219068862417541
dbr,0.27013326,-0.096076086,0.7870577308801964,1.0,0.04888235014949457
Nup93-1,0.26963413,0.05553565,0.787441731501313,1.0,0.011722272317403066
Mvl,0.26962817,-0.026099592,0.7874463178084684,1.0,0.040434720706183855
Ppox,0.2692634,0.3583361,0.7877270138303735,1.0,0.005505196715865407
GILT3,0.26921928,0.13137251,0.7877609560683354,1.0,0.010868017654596364
Acbp1,0.26901302,-0.06959114,0.7879196643121422,1.0,0.1897869109202221
Alg1,0.26893157,0.07749713,0.787982354965856,1.0,0.024773385221394332
Brms1,0.26888862,-0.014124136,0.7880153827895034,1.0,0.06511318874282189
CG7137,0.2688032,0.033891235,0.7880811337582079,1.0,0.011674813725024916
CG7903,0.26872292,-0.030696794,0.7881429104628279,1.0,0.09937829243984624
CG7966,0.26829097,0.018416632,0.7884753654023733,1.0,0.0061221584167813585
CG10214,0.2676611,-0.027560296,0.7889602008427967,1.0,0.06957429642636799
CG42319,0.2670352,0.70513344,0.7894420583584697,1.0,0.004081438944520906
Mettl2,0.26695493,0.04962807,0.789503864328013,1.0,0.04855014000284751
GCS1,0.26652774,0.018883817,0.7898328045059875,1.0,0.06269280053153624
Pex23,0.26620704,0.06471569,0.7900797637482543,1.0,0.05666555929951118
Naus,0.26609695,-0.06996108,0.790164536528368,1.0,0.10398177590052679
l(2)k10201,0.26596105,0.027621498,0.7902692052635425,1.0,0.021119073608276778
lncRNA:CR43461,0.2658923,0.3548475,0.7903221531700917,1.0,0.0038441459826301554
gogo,0.26558393,0.002081749,0.7905596655108102,1.0,0.055479094490057425
PIG-G,0.2654818,0.0033626133,0.7906383304591867,1.0,0.025437805514688435
Mtkl,0.2653109,0.6222384,0.7907699536247469,1.0,0.0033695600588486544
CCT1,0.2651786,0.00202797,0.7908718891531671,1.0,0.04888235014949457
Alg7,0.26498228,0.04847017,0.7910231154149058,1.0,0.024061506335722082
Kpc2,0.26486346,-0.03820268,0.791114650921731,1.0,0.016325755778083623
TTLL12,0.26474702,0.018903114,0.7912043523902872,1.0,0.03004128897536899
NimB2,0.26474622,0.49391097,0.791204964696504,1.0,0.003132267096957904
kz,0.26451734,0.037870497,0.791381314247294,1.0,0.02315979308053723
Cyp6d5,0.26422682,1.2607089,0.7916051343457224,1.0,0.0026102225807982534
CG12942,0.2640679,0.07999251,0.791727614997465,1.0,0.017702054957049972
CG3407,0.2639578,0.14786592,0.7918124358619011,1.0,0.012196858241184567
Syx4,0.2638958,0.04323374,0.7918602060978908,1.0,0.008684922405201462
Rad9,0.2638839,0.28207904,0.7918693927713367,1.0,0.00726116463385696
Nup214,0.26374918,0.04301053,0.7919732041894569,1.0,0.027905652318352236
Cyp6a9,0.26373407,1.3689101,0.7919848410975366,1.0,0.0023254710265293533
CG13117,0.26342887,0.27648938,0.7922200390647114,1.0,0.00692895448720991
Ldh,0.26305255,0.31325784,0.7925100813408085,1.0,0.006739120117697309
by,0.2625129,0.19870837,0.7929260526788096,1.0,0.006739120117697309
l(1)G0020,0.2623122,0.19852816,0.7930807551444361,1.0,0.006596744340562859
CG2712,0.2622045,0.13089749,0.7931637770534711,1.0,0.011722272317403066
Dus4,0.26197243,0.11616207,0.793342695704113,1.0,0.019220729913150776
pasi1,0.2619168,0.070661366,0.7933855887782634,1.0,0.025675098476579186
CR42875,0.2610918,0.19867603,0.7940217050770939,1.0,0.005837406862512458
Saysd1,0.26105484,0.025756996,0.7940502048263611,1.0,0.017274927625646624
CG9853,0.2609885,-0.0126109505,0.7941013824856439,1.0,0.06962175501874615
nompB,0.26087564,0.42070246,0.7941884171871239,1.0,0.005410279531109108
Prim1,0.26076317,0.30279732,0.7942751479774022,1.0,0.005647572492999858
CG4743,0.26062685,-0.009405013,0.7943802703305456,1.0,0.061411418537326186
Heatr1,0.26054937,0.2922398,0.794440035432654,1.0,0.005505196715865407
Tfb1,0.2601774,0.016774386,0.7947269247139853,1.0,0.041051682407099804
Ptpa,0.2597689,-0.010253028,0.7950420445058288,1.0,0.06293009349342699
CG14450,0.25960398,0.056620248,0.795169266740388,1.0,0.040956765222343504
CG5535,0.25957417,0.59440416,0.7951922592917241,1.0,0.004603483460680556
CG13126,0.25951973,0.04117021,0.7952342594780519,1.0,0.02040719472260453
Kpc1,0.25905597,0.09382276,0.7955920515337838,1.0,0.01423757771344502
Atf-2,0.2590246,0.051013324,0.7956162738013817,1.0,0.02059702909211713
pie,0.25883502,0.54361844,0.7957625314242831,1.0,0.004271273314033506
ScpX,0.25872058,0.0039434675,0.7958508413882681,1.0,0.02296995871102463
ppk5,0.2583506,0.499171,0.7961363334960626,1.0,0.0040339803521427554
CG33298,0.25826278,-0.08426132,0.7962041073826033,1.0,0.12695173461155143
MFS16,0.25800568,0.08470043,0.7964025311716136,1.0,0.026339518769873286
Mppe,0.2576023,0.14731549,0.7967138407590142,1.0,0.02866498979640264
Noa36,0.25734323,0.005720326,0.7969138320630098,1.0,0.0769778368373594
lncRNA:CR33963,0.25723115,0.6608971,0.7970003355012655,1.0,0.0034170186512268047
CG14646,0.2571799,0.0805383,0.7970399070543368,1.0,0.021830952493949028
bumpel,0.25714332,-0.105165854,0.7970681289457903,1.0,0.013573157420150918
CG12768,0.2570448,0.0042363596,0.7971442066703235,1.0,0.01513929096862987
CG14075,0.25699946,0.6640613,0.797179178529029,1.0,0.0033221014664705046
CG13502,0.25699708,0.69311327,0.7971810191644509,1.0,0.0033221014664705046
Lrr47,0.25640935,-0.026265822,0.7976347701770833,1.0,0.02296995871102463
Gbp1,0.2563267,0.6726849,0.7976985891953653,1.0,0.002989891319823454
CG40486,0.25627822,0.6081483,0.797736022133332,1.0,0.002989891319823454
Snm1,0.2562321,0.09232397,0.7977716145384897,1.0,0.012671444164966067
PolI,0.2560187,0.05097609,0.797936388304638,1.0,0.023681837596696884
Nprl2,0.25559947,-0.010124811,0.7982601320630016,1.0,0.026434435954629586
Vsx2,0.2555816,-0.15197386,0.7982739418103366,1.0,0.05657064211475488
CRAT,0.25556648,0.096883394,0.7982856034239065,1.0,0.012576526980209767
Nup75,0.2555494,0.25515553,0.798298799514592,1.0,0.007213706041478809
MED8,0.25523862,-0.047553282,0.7985387942831179,1.0,0.04907218451900717
rk,0.25517544,0.12093679,0.7985875935029074,1.0,0.012244316833562717
CG9427,0.2551524,1.0949037,0.7986053946720285,1.0,0.002278012434151203
CG11885,0.25494537,-0.0033501864,0.7987653029701739,1.0,0.03037349912201604
IKKepsilon,0.254817,-0.022386905,0.7988644442155469,1.0,0.020834322054007877
CG3281,0.25467712,0.07052107,0.7989724903797489,1.0,0.017322386218024774
Apt1,0.25406912,-0.003901181,0.7994421675556111,1.0,0.4523753025485264
Sec13,0.25374326,-0.009117401,0.7996939198390179,1.0,0.11926344264629112
Sas-6,0.25374088,0.39687073,0.7996957620056442,1.0,0.006074699824403208
CG42676,0.25343448,-0.020584652,0.7999324896868945,1.0,0.042855108917469506
AlkB,0.25331527,0.21611497,0.8000246065942114,1.0,0.010298514546058565
CG31957,0.25316942,0.006785015,0.8001373000606347,1.0,0.03089554363817569
CG7702,0.25314876,0.4259673,0.8001532678638752,1.0,0.0057424896777561575
GILT2,0.2527438,0.30472508,0.8004661922414199,1.0,0.005884865454890608
Ntf-2,0.25209367,-0.06341605,0.8009686579165254,1.0,0.20943476816477624
CG15439,0.25185406,0.0694078,0.8011538784559747,1.0,0.015376583930520622
DNAlig3,0.25166368,0.035254013,0.8013010184935953,1.0,0.020976697831142328
blow,0.25140342,0.060403835,0.8015022339202168,1.0,0.005647572492999858
Epp,0.25130367,0.09905266,0.8015793443909532,1.0,0.018888519766503725
l(3)72Dr,0.25057247,0.52631,0.8021446753420515,1.0,0.004318731906411656
CG13698,0.2505506,-0.13307905,0.8021615754174563,1.0,0.06933700346447724
CG4646,0.2505188,-0.023568302,0.8021861575105254,1.0,0.06686915666081344
Rbsn-5,0.25044292,-0.010221643,0.8022448480493871,1.0,0.03436002088178065
CG6724,0.24984922,0.068727694,0.802703963298376,1.0,0.02320725167291538
Gal,0.24941565,0.4593297,0.8030392772434631,1.0,0.0038441459826301554
CG12825,0.24936837,0.52179825,0.80307585355281,1.0,0.003749228797873855
Dtwd2,0.24930756,0.14141338,0.8031228808700358,1.0,0.013193488681125718
fd102C,0.24928848,0.04560249,0.8031376346850934,1.0,0.01542404252289877
Nplp3,0.24923524,0.12601762,0.803178822790085,1.0,0.009254425513739263
CysRS-m,0.24913748,0.11187392,0.8032544381967366,1.0,0.02140382516254568
CG32354,0.24911325,-0.11311594,0.8032731886435299,1.0,0.012576526980209767
Cp7Fb,0.24909535,0.54137486,0.8032870210129203,1.0,0.0036068530207394047
Sptz,0.24882711,0.06886797,0.8034945139453853,1.0,0.018176640880831475
Cpr49Ae,0.24874446,0.5035837,0.8035584553003442,1.0,0.0035119358359831047
GluRIIA,0.24868605,0.5942202,0.8036036454162301,1.0,0.0033695600588486544
Dera,0.24857835,0.5436722,0.8036869568062843,1.0,0.0033695600588486544
Rho1,0.2485569,-0.05304971,0.8037035578663867,1.0,0.32328793127995825
Hexo2,0.24855451,-0.093858816,0.8037054024340863,1.0,0.02966162023634379
tup,0.2484798,-0.14023349,0.803763199442373,1.0,0.06492335437330929
rig,0.24838999,-0.022270638,0.803832680244817,1.0,0.02249537278724313
FASN3,0.24836932,0.88355684,0.803848667197489,1.0,0.0030848085045797544
pit,0.24822348,0.009466476,0.8039615005231008,1.0,0.024631009444259885
mdu,0.24809591,0.77205795,0.8040601946010341,1.0,0.002989891319823454
CG15382,0.24795961,0.07990388,0.8041656562109781,1.0,0.013003654311613117
edl,0.24794888,0.48850313,0.8041739580051035,1.0,0.0030848085045797544
Timmdc1,0.24787894,0.007953952,0.8042280739450195,1.0,0.0383940012339234
CG17549,0.2478241,0.6958736,0.8042705064177829,1.0,0.002894974135067154
CG7203,0.24777323,0.94152856,0.8043098645892024,1.0,0.002800056950310854
CG10959,0.24736352,0.18455407,0.8046269004412884,1.0,0.011817189502159367
Orct,0.2472749,-0.04582678,0.804695477894715,1.0,0.009349342698495562
lncRNA:CR45177,0.24701501,1.3053817,0.8048966060860971,1.0,0.0023254710265293533
lncRNA:roX2,0.24635097,0.12645234,0.8054105564546946,1.0,0.00754591618812586
CG10126,0.24615267,0.048885603,0.8055640504662852,1.0,0.0076408333728821606
CG6610,0.2461328,0.03634453,0.8055794310408485,1.0,0.02225807982535238
CG32641,0.24591503,2.4752502,0.8057480070667828,1.0,0.0017085093256134023
croc,0.24526331,0.241945,0.8062525585704502,1.0,0.006359451378672109
CG8142,0.24431275,0.49897766,0.8069886099528545,1.0,0.005315362346352807
PCID2,0.24381045,0.019419048,0.8073776292589414,1.0,0.017274927625646624
CG4338,0.24305739,-0.04317027,0.8079609396795262,1.0,0.049736604812301265
lncRNA:CR45102,0.24250303,-0.09613831,0.8083904105884465,1.0,0.13777229367376964
CG10195,0.2423556,0.23238796,0.8085046380246653,1.0,0.008874756774714061
Nup44A,0.24209292,-0.0028345608,0.8087081638659345,1.0,0.03825162545678895
CG44195,0.24199635,0.6143287,0.8087829882692421,1.0,0.004176356129277205
CG2126,0.24182548,0.022344258,0.8089153978762803,1.0,0.025722557068957336
CG8892,0.24181753,-0.013101965,0.8089215565958483,1.0,0.0408618480375872
slpr,0.24153061,-0.05493411,0.809143894295826,1.0,0.2135636657016753
lncRNA:CR46204,0.24144319,0.541883,0.8092116456891006,1.0,0.003891604575008305
cni,0.2413343,0.00012852423,0.8092960289695349,1.0,0.15760998528783637
Polr3E,0.24113123,0.043248445,0.8094534066310656,1.0,0.01490199800673912
Galphaq,0.24099691,-0.04539545,0.8095575080275559,1.0,0.3454985525129325
CG30467,0.24040599,-0.002454968,0.8100155325738736,1.0,0.026719187508898488
CG13003,0.24039248,0.22712816,0.8100260059880947,1.0,0.003701770205495705
CG4880,0.24024068,0.98172,0.8101436802150336,1.0,0.003132267096957904
Dad1,0.2399943,-0.048235822,0.8103346789321451,1.0,0.14436903801433248
Fs,0.23956789,-0.0033268393,0.8106652566183197,1.0,0.01570879407716767
CNPYb,0.23939185,-0.027318021,0.8108017491504793,1.0,0.06330976223245219
CG34166,0.23938668,0.7145017,0.8108057546615732,1.0,0.0028475155426890037
CG4025,0.2390179,-0.023626065,0.8110916993222932,1.0,0.034787148213183995
AsnRS-m,0.23900916,0.06684351,0.8110984784887861,1.0,0.013240947273503868
msl-2,0.23898691,-0.0040090093,0.8111157346128697,1.0,0.03094300223055384
chp,0.23890504,0.93959,0.8111792132875755,1.0,0.0025153053960419534
Rab40,0.23877668,0.0077779973,0.8112787478835772,1.0,0.06573015044373784
stumps,0.23860541,-0.11660722,0.8114115681481037,1.0,0.010535807507949314
CG14742,0.23850964,1.1386274,0.8114858389223122,1.0,0.002278012434151203
Spn88Ea,0.23832327,0.11150886,0.8116303790261323,1.0,0.007688291965260311
CG31683,0.23832048,1.2463917,0.8116325363897543,1.0,0.002183095249394903
Proc-R,0.23806496,-0.042427912,0.8118307117457226,1.0,0.009064591144226662
PIG-Q,0.23748954,0.10095198,0.8122770356760243,1.0,0.011912106686915665
asRNA:CR44892,0.23715453,0.23819333,0.8125369056793128,1.0,0.006549285748184709
E(spl)mbeta-HLH,0.23713069,-0.0635334,0.8125554025523356,1.0,0.00840017085093256
AdoR,0.23645632,-0.029091109,0.8130785990492976,1.0,0.012956195719234967
danr,0.23644757,1.8774585e-06,0.8130853823453762,1.0,0.03454985525129325
Cisd,0.23634544,-0.027546262,0.8131646246153855,1.0,0.34995966019647856
Sirt2,0.23612489,-0.023381,0.8133357574427966,1.0,0.05666555929951118
GstO1,0.23559517,0.33223537,0.8137468209704704,1.0,0.005457738123487257
zormin,0.23530984,0.13685821,0.8139682552997323,1.0,0.005884865454890608
CG30105,0.23491682,0.227004,0.8142732915506804,1.0,0.009254425513739263
CG9890,0.23447095,-0.05457072,0.8146193829525377,1.0,0.020027525983579327
Regnase-1,0.2344344,0.32270432,0.8146477628196453,1.0,0.004888235014949457
HLH4C,0.23439108,0.37575155,0.8146813871074448,1.0,0.0047933178301931565
CCHa1-R,0.23426034,0.003934883,0.8147828790002863,1.0,0.017037634663755873
CG12643,0.23419397,0.49646607,0.8148343973512006,1.0,0.004461107683546106
uri,0.23400322,0.084072225,0.8149824785058843,1.0,0.01461724645247022
CG31064,0.2339456,-0.06127202,0.8150272126548783,1.0,0.13957572018413933
CG9436,0.23391898,0.006447422,0.8150478831205346,1.0,0.011200227801243415
btz,0.23388082,-0.02073156,0.8150775007285407,1.0,0.049831521997057565
Bet1,0.2338236,-0.04730253,0.8151219276360303,1.0,0.0769778368373594
Pld,0.23355536,0.22818267,0.8153301866867565,1.0,0.004508566275924256
pnt,0.2334286,-0.0915946,0.8154286129124769,1.0,0.013193488681125718
TTLL4A,0.23334117,-0.07824862,0.8154964947652318,1.0,0.12932466423045894
Es2,0.23333322,0.031475842,0.8155026659114306,1.0,0.033885434957999144
CG11655,0.23321122,0.37653863,0.8155973944414722,1.0,0.004128897536899056
so,0.23321043,0.37553135,0.8155980115742842,1.0,0.004176356129277205
CG31549,0.2330173,-0.021088492,0.8157479782378381,1.0,0.027003939063167386
Myt1,0.23299941,0.0890227,0.8157618643814909,1.0,0.02126144938541123
RhoGAP15B,0.23273276,0.2883442,0.8159689290736467,1.0,0.003986521759764605
Tre1,0.23260838,0.16467032,0.8160655225139138,1.0,0.0040339803521427554
CG33777,0.23189585,0.7268533,0.816618905526621,1.0,0.003227184281714204
Pdrg1,0.23169477,0.055303533,0.8167750915217553,1.0,0.018319016657965925
Usp20-33,0.23136057,-0.08841435,0.8170346973833885,1.0,0.03231930140952019
lncRNA:CR44813,0.23116188,0.18655807,0.8171890504564803,1.0,0.0076408333728821606
beta4GalNAcTB,0.23097907,-0.033449247,0.8173310615455157,1.0,0.027336149209814437
Ugt50B3,0.2309445,1.0241556,0.8173579208389473,1.0,0.0026576811731764036
ninaA,0.2306226,0.5940849,0.8176080004117882,1.0,0.002705139765554554
ana3,0.2304414,0.9686308,0.8177487941183375,1.0,0.002467846803663803
v,0.23034126,0.8561429,0.817826603689353,1.0,0.0024203882112856533
pll,0.22998162,0.256117,0.8181060536470498,1.0,0.006834037302453609
Brat1,0.22979882,0.014000531,0.8182481033719201,1.0,0.018366475250344075
CG7386,0.22967643,0.1318266,0.8183432182624496,1.0,0.011674813725024916
Orc6,0.22966132,0.34774202,0.8183549534018004,1.0,0.006501827155806559
P5cr-2,0.22959575,1.7219529,0.8184059090841282,1.0,0.0019458022875041526
Vps39,0.2295743,-0.0050394735,0.8184225856558743,1.0,0.018841061174125574
morgue,0.22923253,-0.036188465,0.8186881865704577,1.0,0.06720136680746049
CG8929,0.22892535,-0.060606793,0.8189269363135279,1.0,0.25010678183285084
dlt,0.228917,0.09153826,0.8189334226340496,1.0,0.011769730909781216
Uxs,0.22879183,0.013074235,0.819030718928585,1.0,0.027051397655545536
gny,0.22875486,0.14895973,0.8190594450341223,1.0,0.010962934839352664
CG32755,0.22850332,0.19241655,0.8192549743315858,1.0,0.006454368563428408
Mat1,0.22764456,-0.009760505,0.81992257681106,1.0,0.05277395472450287
TfAP-2,0.22755714,-0.030266728,0.8199905492227977,1.0,0.0678657871007546
AP-2sigma,0.22739302,-0.032378387,0.8201181556293089,1.0,0.36092259503583124
beta'COP,0.22717087,0.006271171,0.8202908798756221,1.0,0.04736367519339377
NitFhit,0.22674605,0.035921905,0.8206212122265397,1.0,0.011152769208865265
MED30,0.22665545,-0.0027543178,0.8206916707665791,1.0,0.02771581794883964
CG11007,0.22644603,-0.008923735,0.8208545344198551,1.0,0.06003511935835983
Cyp12e1,0.22636417,0.054150905,0.8209181985930835,1.0,0.005647572492999858
Spn42Da,0.22631091,0.010650227,0.8209596118439492,1.0,0.031654881116226094
Chrac-14,0.22618295,-0.08133732,0.8210591293080305,1.0,0.033790517773242844
CG13001,0.22610427,-0.0023088234,0.8211203247068268,1.0,0.06231313179251104
CG17260,0.2259926,0.0639533,0.8212071745911496,1.0,0.01480708082198282
TRAM,0.2257033,-0.012380127,0.8214321908893034,1.0,0.0370651606473352
PICK1,0.22560555,-0.011748696,0.8215082299386893,1.0,0.06838783161691424
CG5245,0.22543626,0.36991954,0.8216399112831443,1.0,0.004413649091167956
IFT43,0.22534366,0.45044085,0.8217119363044105,1.0,0.004366190498789806
Obp49a,0.22528206,0.11170815,0.8217598507775982,1.0,0.009396801290873712
lncRNA:CR43493,0.22516921,0.15314044,0.821847644182566,1.0,0.004508566275924256
lncRNA:CR45388,0.22498085,0.37971365,0.8219941775807457,1.0,0.0042238147216553555
AOX3,0.22428143,0.1329117,0.8225383221337549,1.0,0.004081438944520906
snoRNA:Tudor-SN-a,0.2240414,-0.099241115,0.8227250823379921,1.0,0.012291775425940867
Dso1,0.22374138,0.3014506,0.8229585467155937,1.0,0.003654311613117555
Pgls,0.22352639,0.2966583,0.8231258467241949,1.0,0.00759337478050401
CG6418,0.22344254,-0.04526744,0.8231910989997253,1.0,0.06800816287788904
Mct1,0.22342108,0.17446715,0.8232077988307156,1.0,0.008257795073798112
Non3,0.22336107,-0.04318308,0.8232544969312134,1.0,0.05884865454890608
ex,0.2232959,0.7183366,0.8233052161070225,1.0,0.003132267096957904
PolD1,0.22321801,0.20276688,0.8233658326755494,1.0,0.00802050211190736
crok,0.22315046,0.025077851,0.8234184091241802,1.0,0.02387167196620948
CG15211,0.222976,0.536799,0.8235541837365629,1.0,0.0030848085045797544
Rtel1,0.22267398,0.17656147,0.8237892502194955,1.0,0.00783066774239476
Atg9,0.22245939,-0.020080656,0.8239562807497555,1.0,0.020976697831142328
CG18528,0.2223668,-0.0021946747,0.824028353793395,1.0,0.008874756774714061
CG12341,0.22177587,0.0139358835,0.8244883570329344,1.0,0.04299748469460396
CG3246,0.22173813,0.6327859,0.8245177473199642,1.0,0.002372929618907503
Ddr,0.2217274,-0.06804452,0.82452610039381,1.0,0.09676806985904798
l(2)efl,0.22153148,0.26171857,0.8246786248279963,1.0,0.006739120117697309
Ntan1,0.22152433,-0.007122671,0.824684193796731,1.0,0.06919462768734279
BomBc2,0.22144644,0.75418323,0.8247448342496436,1.0,0.002183095249394903
gbb,0.22114721,0.02589403,0.824977814694283,1.0,0.00773575055763846
CG17834,0.22098905,1.384106,0.8251009633102211,1.0,0.0018508851027478526
CG31778,0.22084042,1.6079707,0.8252166898018765,1.0,0.0017559679179915523
Nop56,0.22062781,-0.02962226,0.8253822409847594,1.0,0.0744150728489393
brwl,0.2206004,-0.029503502,0.825403593011238,1.0,0.06274025912391439
Fbxl7,0.22057696,1.8056269,0.8254218506435609,1.0,0.001613592140857102
CG34136,0.2203874,-0.012553122,0.8255694624258654,1.0,0.023634379004318733
Vav,0.22032659,-0.07163975,0.8256168109077918,1.0,0.09430022305538417
CG13689,0.2202177,0.056531396,0.825701606506148,1.0,0.028807365573537087
CG1951,0.2200512,-0.022908866,0.8258312796192728,1.0,0.0378244981253856
CG31706,0.21936451,-0.19733988,0.8263661153206484,1.0,0.05989274358122538
CG1628,0.21844971,0.18941662,0.8270787356876828,1.0,0.005457738123487257
CG6845,0.21778686,0.4081401,0.8275951803851547,1.0,0.004698400645436856
CG31898,0.2177368,0.34032223,0.8276341954261945,1.0,0.004745859237815006
lncRNA:CR45187,0.21769705,0.43441916,0.8276651600472407,1.0,0.004650942053058707
Roe1,0.21769626,-0.058468055,0.8276657793423942,1.0,0.07925584927151061
CG6962,0.21759175,0.45041543,0.8277472175884195,1.0,0.004603483460680556
CG1309,0.21739425,-0.061573908,0.8279011192539754,1.0,0.04897726733425087
CG15601,0.21709698,0.057411905,0.8281327583604663,1.0,0.03127521237720089
Hsl,0.21707991,-0.084323145,0.8281460749668683,1.0,0.02932941008969674
snu,0.21646672,0.33150506,0.8286239570153483,1.0,0.0042238147216553555
CG3097,0.21617305,0.2206073,0.8288528549511478,1.0,0.004128897536899056
sage,0.21593581,0.09077047,0.8290377804048952,1.0,0.009064591144226662
tub,0.21588455,0.006469849,0.8290777404163479,1.0,0.06459114422666223
mad2,0.21548636,0.6924832,0.8293881425327576,1.0,0.0033695600588486544
GlcAT-I,0.21543908,0.0073435246,0.829425008426722,1.0,0.06634711214465379
Rph,0.21518475,-0.011742761,0.8296232852207618,1.0,0.04968914621992312
CG5541,0.21514978,0.37871832,0.8296505491288464,1.0,0.003464477243604955
CG12773,0.21510448,-0.038376704,0.8296858685874919,1.0,0.02861753120402449
CG1360,0.21510407,0.048797116,0.8296861784088276,1.0,0.013715533197285369
CG42369,0.21509175,0.36909387,0.8296957828833668,1.0,0.003464477243604955
vls,0.21507983,0.017906602,0.8297050775603778,1.0,0.02842769683451189
CG3902,0.21486206,-0.027132291,0.8298748645196634,1.0,0.009729011437520764
Osi2,0.21460058,1.0790279,0.8300787432989799,1.0,0.002800056950310854
lncRNA:CR44597,0.21451871,0.6350673,0.8301425739620304,1.0,0.002942432727445304
CG10151,0.2145056,-0.0637375,0.8301527993666,1.0,0.04665179630772151
Irk1,0.21442652,0.64952415,0.8302144622644293,1.0,0.002894974135067154
beat-Ib,0.21437447,-0.09419811,0.8302550549940497,1.0,0.3083859332732191
CG12320,0.21436214,0.055492174,0.8302646609734553,1.0,0.013668074604907219
CG13077,0.21385667,0.57673717,0.8306588378584182,1.0,0.0026576811731764036
Pez,0.21371678,0.914064,0.8307679257861426,1.0,0.002467846803663803
feo,0.21340205,1.2610028,0.831013385544337,1.0,0.002230553841773053
Prat2,0.21335198,0.4658898,0.8310524374811061,1.0,0.0024203882112856533
CG3301,0.21329078,0.78381294,0.8311001681925869,1.0,0.002278012434151203
CG32237,0.21328044,1.3511579,0.8311082266858734,1.0,0.002135636657016753
Pu,0.21322481,-0.042520996,0.8311516188780304,1.0,0.04432632528119216
CG5853,0.21305433,1.2150359,0.8312845881574181,1.0,0.0020881780646386026
CG15784,0.21297286,1.1786023,0.831348129961578,1.0,0.002040719472260453
CG13876,0.21292637,0.047285642,0.831384395778134,1.0,0.017369844810402924
Galm2,0.21282782,0.30219972,0.8314612680976408,1.0,0.006549285748184709
CG6325,0.21234936,-0.016384846,0.8318344937127584,1.0,0.03094300223055384
CG9451,0.21234697,1.3810292,0.8318363537361013,1.0,0.0017085093256134023
Agxt,0.21204455,2.2010956,0.8320722743278436,1.0,0.001518674956100802
unc-4,0.21194044,0.08078753,0.8321535014764169,1.0,0.006976413079588059
Cap-D3,0.21158437,0.20310591,0.8324312994647141,1.0,0.010345973138436713
mora,0.21138051,0.038900718,0.8325903606387582,1.0,0.025247971145175834
CG5274,0.21136859,0.013214374,0.8325996626740071,1.0,0.027146314840301836
CG11426,0.21121281,-0.029493395,0.8327212114216537,1.0,0.00726116463385696
CG10286,0.21104313,-0.031063315,0.832853617286806,1.0,0.023634379004318733
CG1983,0.21093504,-0.015636226,0.8329379626054756,1.0,0.08086944141236771
Arglu1,0.21077846,0.01970117,0.8330601426904597,1.0,0.536709221204499
Pdss2,0.21017285,-0.050350733,0.8335327756771658,1.0,0.08575767642731717
CG2162,0.20954457,-0.06296965,0.834023149460408,1.0,0.1107208960182241
aub,0.2095255,0.33119875,0.8340380384797801,1.0,0.0047933178301931565
CG42233,0.20935144,0.0993857,0.8341739035298193,1.0,0.024678468036638035
CG33331,0.20899616,-0.005900874,0.8344512324864071,1.0,0.027383607802192587
CG12321,0.20882568,0.012269989,0.834584320473959,1.0,0.020881780646386027
hng3,0.2084275,0.10638581,0.8348951877909165,1.0,0.013335864458260169
CG10171,0.20838577,-0.018148001,0.834927765201681,1.0,0.03616344739215035
eya,0.20825662,0.22215998,0.8350286018395859,1.0,0.008590005220445162
Swim,0.2076208,0.09783396,0.8355250678778294,1.0,0.004318731906411656
CG34208,0.20762,0.28495443,0.8355256885014329,1.0,0.0040339803521427554
IP3K1,0.20760569,0.066812426,0.8355368597438082,1.0,0.004128897536899056
lncRNA:CR13130,0.20743282,0.16911283,0.8356718482111722,1.0,0.003939063167386455
CG10660,0.20742011,0.01951878,0.8356817785884627,1.0,0.0042238147216553555
pug,0.20734818,0.33103994,0.8357379477780434,1.0,0.003749228797873855
Rrp6,0.20715664,-0.002747793,0.8358875294839183,1.0,0.026054767215604385
LBR,0.2071006,0.1033086,0.8359312879102613,1.0,0.012908737126856817
Ugt37D1,0.20634317,0.38025767,0.836522852296652,1.0,0.003227184281714204
ems,0.20627165,0.7338145,0.8365787236013534,1.0,0.002942432727445304
Mtr3,0.20591678,0.123415664,0.8368559195364194,1.0,0.012149399648806417
PIG-H,0.20584883,-0.02030191,0.8369090019209567,1.0,0.05111290399126762
dimm,0.20582578,0.5595561,0.8369270066410879,1.0,0.0027525983579327036
AstA-R2,0.20576498,0.73224956,0.8369745022609121,1.0,0.002705139765554554
TBC1d7,0.2054097,-0.0154779805,0.8372520375609236,1.0,0.03099046082293199
Smyd4-1,0.20534056,0.18399899,0.8373060568542084,1.0,0.00707133026434436
CHKov2,0.20532665,0.4668158,0.8373169228966726,1.0,0.0025627639884201036
CG8586,0.20527539,0.5802211,0.8373569722925571,1.0,0.0025153053960419534
CG11474,0.20508663,0.026269672,0.8375044446305498,1.0,0.0672962839922168
Setd3,0.20498689,-0.0104563655,0.8375823744244273,1.0,0.05937069906506573
lncRNA:CR44727,0.20492648,0.9631453,0.83762956774361,1.0,0.002230553841773053
CG31161,0.20487323,0.27154517,0.8376711728647672,1.0,0.006691661525319159
CG9643,0.2046797,-0.011545051,0.8378223833580227,1.0,0.040339803521427554
CG15706,0.2046491,-0.004139502,0.8378462919311597,1.0,0.013146030088747568
CG7054,0.20444603,0.88032985,0.8380049617091853,1.0,0.0019932608798823026
Ack,0.20432442,-0.039331272,0.8380999804248809,1.0,0.06126904276019173
amn,0.20418733,-0.108114704,0.8382071122003849,1.0,0.01566133548478952
Polr2I,0.2039636,0.0050275717,0.8383819452765202,1.0,0.055384177305301124
strat,0.20386186,-0.04952985,0.8384614457265441,1.0,0.06876750035593944
Tg,0.20382293,1.594003,0.8384918799290153,1.0,0.001613592140857102
prom,0.20381258,1.6103303,0.838499954349813,1.0,0.001613592140857102
Idi,0.20346408,-0.054467894,0.8387723207288145,1.0,0.0797304351952921
lncRNA:CR43492,0.20340009,0.139764,0.838822323953508,1.0,0.006264534193915808
dap,0.20256081,0.01891916,0.8394783270598751,1.0,0.006454368563428408
Rdh1,0.20251113,0.071781516,0.8395171565016393,1.0,0.018793602581747424
tgo,0.20247377,-0.05416173,0.8395463564991645,1.0,0.040624555075696456
CG7069,0.20246384,0.20757365,0.839554122493134,1.0,0.009729011437520764
Josd,0.2024249,-0.056458913,0.8395845653401224,1.0,0.027383607802192587
mal,0.20237364,0.08455041,0.839624638433145,1.0,0.010773100469840065
MFS3,0.2022274,0.25216845,0.839738957757974,1.0,0.005505196715865407
Cpr49Ag,0.20216143,-0.047689617,0.8397905268209354,1.0,0.006549285748184709
SmydA-4,0.20200048,0.2390466,0.83991634579362,1.0,0.005410279531109108
CG2260,0.20193452,0.090625085,0.8399679172212992,1.0,0.01509183237625172
Vlet,0.20169887,0.0040044244,0.8401521508821566,1.0,0.05657064211475488
dgt2,0.20151487,0.13897556,0.8402960021390676,1.0,0.010061221584167813
Vps16A,0.20120768,-0.021889152,0.840536180376039,1.0,0.04128897536899056
Aldh7A1,0.20112702,0.13958135,0.8405992568123867,1.0,0.005220445161596507
trsn,0.20085958,0.00232703,0.8408083796070833,1.0,0.054245171088225526
CG16799,0.20073162,0.20918691,0.8409084393612567,1.0,0.004935693607327606
Pgam1,0.20040496,0.01511002,0.8411638830558046,1.0,0.5198139623178777
CG2906,0.20030442,0.03243859,0.8412425083870089,1.0,0.02377675478145318
Trs23,0.19993763,-0.04026561,0.8415293644183925,1.0,0.0389635043424612
mldr,0.19963282,0.25367475,0.8417677537463834,1.0,0.008162877889041811
Cyp4ae1,0.1995601,0.0026074948,0.8418246336572169,1.0,0.01499691519149542
CG6984,0.1993761,0.076855466,0.8419685466254272,1.0,0.013478240235394618
barr,0.1991174,0.14977244,0.8421709040259264,1.0,0.008495088035688861
Tsp26A,0.19896878,-0.009335107,0.8422871632233437,1.0,0.0690997105025865
CG12024,0.19891752,-0.017927913,0.8423272641184052,1.0,0.10934459683925775
CG45071,0.19862266,-0.025415909,0.8425579299173525,1.0,0.02211570404821793
CG18508,0.19846012,-0.04861606,0.8426850816670655,1.0,0.18062740259123913
Hibadh,0.1984188,0.30972522,0.842717414306512,1.0,0.0034170186512268047
lncRNA:CR45597,0.19832739,0.40454355,0.8427889201237111,1.0,0.0033221014664705046
Acsf2,0.19819546,0.08427997,0.8428921395021454,1.0,0.003654311613117555
CG10324,0.19810644,-0.039302144,0.8429617830173941,1.0,0.04646196193820891
CG17036,0.1976701,0.4820213,0.8433031783602438,1.0,0.002942432727445304
Myo28B1,0.19748175,0.64292145,0.8434505657811611,1.0,0.0027525983579327036
CG10031,0.19703428,0.7699339,0.8438007106144252,1.0,0.0025153053960419534
CG7352,0.19673027,0.16158015,0.8440386152621436,1.0,0.011437520763134165
csul,0.19657888,0.08656881,0.8441571064155351,1.0,0.011817189502159367
CG2931,0.19617711,-0.013908918,0.8444715449111464,1.0,0.06069953965165393
CG9393,0.1960714,0.013589611,0.8445542796345711,1.0,0.02757344217170519
Dgkepsilon,0.19605431,-0.042903434,0.8445676542057775,1.0,0.12154145508044231
CG3700,0.19594583,0.10925408,0.8446525682262214,1.0,0.011342603578377866
asRNA:CR43480,0.19589376,1.2102983,0.8446933151553913,1.0,0.0018508851027478526
scramb2,0.19544591,0.019319031,0.8450438803180734,1.0,0.05937069906506573
toy,0.195372,-0.10036998,0.8451017405196831,1.0,0.2704665179630772
asRNA:CR43906,0.19475484,0.06613136,0.8455848746795154,1.0,0.01556641830003322
CG15478,0.19425134,-0.052382164,0.8459790780253529,1.0,0.02918703431256229
Cypl,0.19334212,-0.017516075,0.8466910440356652,1.0,0.04361444639551991
CG15891,0.19324316,-0.044623587,0.8467685339130038,1.0,0.17028142945280242
lncRNA:CR32658,0.19272059,0.33791524,0.8471777921609268,1.0,0.0047933178301931565
CG17032,0.19267131,0.30719084,0.8472163859415128,1.0,0.0047933178301931565
mei-41,0.19262005,0.16138451,0.847256536311806,1.0,0.004935693607327606
fdl,0.19261211,-0.034800548,0.8472627612109183,1.0,0.07014379953490579
CG11398,0.19236176,0.059966646,0.8474588504088378,1.0,0.022685207156755732
lds,0.19207126,0.23954736,0.8476863879642113,1.0,0.004508566275924256
ZnT86D,0.192018,0.048309192,0.8477280993723827,1.0,0.019030895543638175
RanGAP,0.1916993,0.067689955,0.8479777541743639,1.0,0.014047743343932419
cert,0.19165717,-0.05873788,0.8480107520854789,1.0,0.06620473636751933
CG17612,0.19165479,-0.08067901,0.8480126198997354,1.0,0.019458022875041527
Zip71B,0.19132496,0.18692683,0.8482710090931188,1.0,0.004366190498789806
GstT3,0.19132377,0.195437,0.8482719430595544,1.0,0.004271273314033506
krz,0.19125263,-0.06395293,0.8483276701090641,1.0,0.12486355654691282
GlcT,0.19095618,-0.025705637,0.8485599261967858,1.0,0.026576811731764037
Nup37,0.19059017,0.2749855,0.8488466840857718,1.0,0.00783066774239476
Icmt,0.1897179,-0.028644,0.8495301887323226,1.0,0.009064591144226662
Mrp4,0.18963048,0.11594819,0.849598701138144,1.0,0.0033221014664705046
Cubn,0.18961696,0.07230188,0.8496092895203913,1.0,0.012339234018319017
CG9664,0.18953311,0.25745595,0.8496750003814029,1.0,0.0031797256893360544
Him,0.18947987,0.55744123,0.8497167319917569,1.0,0.002989891319823454
Dronc,0.1894759,0.061782543,0.8497198463079225,1.0,0.013098571496369418
ais,0.18930183,-0.010977975,0.8498562556560001,1.0,0.019790233021688575
GstE12,0.18923467,-0.1819707,0.849908889688569,1.0,0.06055716387451948
thoc6,0.18895571,0.0012109552,0.8501275305199769,1.0,0.019220729913150776
Lerp,0.18886192,-0.08789706,0.8502010362949046,1.0,0.12567035261734136
Gr28b,0.18883133,0.74256504,0.8502250193930274,1.0,0.0026102225807982534
CG14439,0.1884073,0.75069445,0.8505573708652229,1.0,0.002372929618907503
lab,0.1883775,0.8515836,0.8505807330271874,1.0,0.0023254710265293533
Coprox,0.18826544,0.046126433,0.8506685759297927,1.0,0.02130890797778938
DNAlig4,0.188211,0.09573464,0.8507112520514346,1.0,0.011959565279293816
Dok,0.18819192,0.41460896,0.8507262043726883,1.0,0.0023254710265293533
lncRNA:CR32111,0.18786408,0.15272169,0.8509832057791147,1.0,0.00711878885672251
Prp38,0.18775003,-0.05071511,0.8510726148294203,1.0,0.04712638223150301
Lhr,0.18772459,0.08153784,0.8510925529972202,1.0,0.020169901760713777
slou,0.18764432,0.043172494,0.8511554834636599,1.0,0.012481609795453466
Nop53,0.18756245,-0.018829009,0.8512196610542044,1.0,0.018603768212234827
trbl,0.18744601,0.8482525,0.8513109444702425,1.0,0.0018508851027478526
parvin,0.18733436,-0.03740519,0.8513984911879515,1.0,0.04783826111717526
lncRNA:CR32218,0.18731727,-0.09053244,0.8514118881782352,1.0,0.040956765222343504
vlc,0.18730535,-0.044930365,0.8514212349410377,1.0,0.08903231930140952
Gpa2,0.18717699,2.043077,0.8515218697423568,1.0,0.001613592140857102
CG2736,0.18707883,1.316746,0.8515988273983921,1.0,0.001613592140857102
CG14561,0.1870371,0.09665175,0.8516315426195445,1.0,0.01551895970765507
red,0.18685947,-0.019795857,0.8517708188460245,1.0,0.09615110815813203
CG7011,0.18685271,0.009377015,0.8517761157960295,1.0,0.04252289877082246
fon,0.18678397,1.2903318,0.8518300204321692,1.0,0.001471216363722652
Iris,0.18675813,1.8964131,0.8518502737980674,1.0,0.0014237577713445018
inaF-B,0.18671522,1.317744,0.8518839257605113,1.0,0.0014237577713445018
CG4293,0.1865654,0.009026742,0.8520013981501133,1.0,0.03198709126287314
CG14100,0.18641756,-0.0054125986,0.8521173157689114,1.0,0.034265103697024346
Oat,0.18570901,0.06647007,0.852672954468593,1.0,0.006217075601537658
HGTX,0.18460229,0.3430493,0.8535409939809089,1.0,0.004888235014949457
CG32109,0.1842637,-0.028202726,0.8538065840952189,1.0,0.07569645484314935
Stim,0.18413813,-0.036337156,0.8539050935629932,1.0,0.08376441554743486
CG8043,0.18408488,-0.015346652,0.8539468672530113,1.0,0.033790517773242844
lncRNA:CR44914,0.18407694,0.2562447,0.8539531021672415,1.0,0.004745859237815006
Rbbp5,0.18381664,-0.024726998,0.8541573006472551,1.0,0.02762090076408334
Fkbp59,0.18352972,-0.040047217,0.8543823979253641,1.0,0.17085093256134024
pths,0.18345502,-0.0011033523,0.854441012458826,1.0,0.039817759005267905
CG31627,0.18340693,0.3810408,0.8544787381952013,1.0,0.004176356129277205
BBS4,0.18339501,0.1588946,0.8544880917350324,1.0,0.004650942053058707
asRNA:CR43609,0.18328215,0.39606854,0.8545766395917503,1.0,0.0042238147216553555
Pms2,0.18310015,0.055650085,0.8547194424583626,1.0,0.009491718475630012
Sin1,0.18289548,0.02186749,0.8548800234182,1.0,0.02904465853542784
CG33172,0.1824055,0.46373227,0.8552645067090203,1.0,0.003654311613117555
lncRNA:CR44206,0.18226562,0.050829295,0.8553742762938441,1.0,0.01381045038204167
CtIP,0.18204547,-0.10513691,0.8555470443195781,1.0,0.042570357363200605
CG5001,0.18202758,0.11095506,0.8555610781276499,1.0,0.0038441459826301554
lncRNA:CR45242,0.18190677,0.40527195,0.8556558854942263,1.0,0.003464477243604955
Trmt6,0.18184161,0.0993212,0.855707032438817,1.0,0.008447629443310711
asRNA:CR45124,0.18177961,0.44379795,0.8557556849730199,1.0,0.0033695600588486544
asRNA:CR45621,0.1816588,-0.13229871,0.855850496614754,1.0,0.04313986047173841
CG7860,0.18149151,0.35068503,0.8559818016990949,1.0,0.0032746428740923544
rtet,0.181265,0.06641306,0.8561595845317149,1.0,0.008210336481419962
CG5167,0.18108736,0.2166841,0.8562990088077692,1.0,0.003132267096957904
Rpp21,0.18106867,0.1396721,0.8563136688916313,1.0,0.0076408333728821606
CG18473,0.18084416,0.535022,0.8564899056935837,1.0,0.0028475155426890037
Trm7-34,0.1805016,-0.007673892,0.856758797572355,1.0,0.02904465853542784
Cep290,0.18029694,0.77591544,0.856919454368642,1.0,0.002467846803663803
shtd,0.18018965,0.27170226,0.8570036845727026,1.0,0.006691661525319159
CG11961,0.18000089,0.48546344,0.8571518712910725,1.0,0.0024203882112856533
CG11406,0.17938095,0.24663654,0.8576385830662182,1.0,0.006644202932941009
srl,0.17927088,0.0014314156,0.8577250112697805,1.0,0.027051397655545536
Ino80,0.1786899,-0.036057994,0.8581812056890963,1.0,0.032556594371410945
CG8051,0.17862393,1.3957947,0.8582330064108146,1.0,0.001566133548478952
CG13319,0.17857744,0.01664256,0.8582695169247795,1.0,0.032034549855251296
CG7900,0.1784904,1.6737543,0.8583378579322911,1.0,0.001471216363722652
AstC-R1,0.17784464,-0.04037216,0.8588449875790629,1.0,0.0392482558967301
FucTB,0.17717941,0.03512527,0.8593674700387036,1.0,0.011105310616487115
CROT,0.17685553,0.04145248,0.8596218670175974,1.0,0.01580371126192397
bou,0.17671049,0.15865843,0.8597358041328852,1.0,0.005410279531109108
Cdc16,0.17643629,0.09481526,0.8599512000810365,1.0,0.009871387214655213
Arp3,0.1762054,-0.023335973,0.8601325777949782,1.0,0.09382563713160268
DNAlig1,0.17616367,0.22268102,0.860165357687476,1.0,0.005125527976840207
CG7685,0.17572734,-0.026144309,0.8605081561299268,1.0,0.042665274547956905
lncRNA:CR43496,0.17572297,0.012869949,0.8605115904914946,1.0,0.02140382516254568
CG13203,0.17546704,0.2559188,0.8607126613467285,1.0,0.004603483460680556
CG1213,0.17537247,0.17170033,0.8607869724268199,1.0,0.004745859237815006
CG14965,0.17514516,0.073202915,0.8609655738438875,1.0,0.013573157420150918
CG12112,0.17514436,-0.03470557,0.8609661983368465,1.0,0.016515590147596224
CapaR,0.17500329,0.53658897,0.8610770472138655,1.0,0.003986521759764605
lncRNA:CR45527,0.17494527,0.06352647,0.8611226365604331,1.0,0.014047743343932419
CG15890,0.17417115,0.05468201,0.8617309550732468,1.0,0.0042238147216553555
Nup154,0.17390132,0.02111871,0.8619430114691619,1.0,0.018793602581747424
Elp3,0.1736617,0.05573274,0.8621313408822894,1.0,0.017417303402781074
CG6763,0.17319238,0.45925516,0.8625002143863971,1.0,0.003227184281714204
Oseg1,0.17282678,0.70715,0.8627875879391569,1.0,0.002894974135067154
CG14401,0.17279737,0.5345248,0.8628107035579213,1.0,0.002989891319823454
Aven,0.1725339,-0.038788956,0.8630178122454347,1.0,0.027953110910730387
Cdk2,0.17250927,-0.0017281676,0.8630371803569328,1.0,0.025295429737553984
lncRNA:CR42721,0.17227957,0.6609779,0.8632177450977998,1.0,0.0026576811731764036
Tmc,0.17214286,0.46913528,0.8633252126265877,1.0,0.002705139765554554
ine,0.17161672,-0.07186491,0.8637388612314755,1.0,0.009301884106117413
CG16749,0.17159963,0.11718085,0.8637522960652837,1.0,0.00730862322623511
ppl,0.17159407,-0.027248796,0.8637566702057226,1.0,0.06582506762849413
CG14879,0.17153764,0.57274944,0.8638010367232698,1.0,0.0023254710265293533
Damm,0.17150585,0.43153283,0.8638260321335619,1.0,0.0023254710265293533
CG31125,0.17147684,-0.051202368,0.8638488405643736,1.0,0.02918703431256229
Cln7,0.17128848,0.24546362,0.8639969419018455,1.0,0.002278012434151203
Sur,0.17122966,0.61152726,0.8640431854927262,1.0,0.002183095249394903
CG3630,0.17107071,0.7623453,0.8641681705005787,1.0,0.002040719472260453
CG9205,0.17087281,-0.0507572,0.8643237815847884,1.0,0.12666698305728252
NimB5,0.17074762,0.8874456,0.8644222129999534,1.0,0.0018508851027478526
CG34015,0.17066377,-0.024092857,0.8644881476008003,1.0,0.05210953443120877
CG13937,0.17044005,-0.034273777,0.8646640819814893,1.0,0.16453893977504627
CG31278,0.17016545,0.08163145,0.8648800248224677,1.0,0.019220729913150776
CG15021,0.1700808,1.3170109,0.8649465910041534,1.0,0.001471216363722652
CG5290,0.170022,0.29715997,0.8649928441266216,1.0,0.005884865454890608
CG13605,0.17001006,-0.04594869,0.8650022198159383,1.0,0.03473968962080585
CG9286,0.16994767,0.056679882,0.865051286233279,1.0,0.023302168857671682
CG31121,0.16982608,1.6631806,0.8651469203633615,1.0,0.0013288405865882018
Pkcdelta,0.16966951,2.0946095,0.8652700600274895,1.0,0.0012339234018319016
CG43219,0.16949226,0.033631653,0.8654094555742557,1.0,0.006549285748184709
Cdc2rk,0.16944696,0.039264604,0.8654450864982624,1.0,0.03231930140952019
RNF220,0.16939689,0.021374393,0.8654844683640662,1.0,0.01665796592473067
ORMDL,0.16932973,0.01279353,0.8655372905974265,1.0,0.05139765554553652
CG1671,0.169259,0.024599362,0.8655929264986637,1.0,0.01589862844668027
Cdc5,0.16914733,-0.006300285,0.865680757563619,1.0,0.04584500023729296
Zir,0.1688481,-0.083905905,0.8659161279887593,1.0,0.1126192397133501
Taz,0.16824485,-0.013588428,0.86639065589384,1.0,0.06535048170471264
lncRNA:CR43242,0.16796549,0.08608628,0.8666104305330131,1.0,0.03084808504579754
CG13458,0.16775249,-0.11797176,0.8667780039019775,1.0,0.005884865454890608
CG12010,0.16771871,0.33264396,0.8668045785872392,1.0,0.004698400645436856
bcn92,0.16746914,-0.008129666,0.8670009232780697,1.0,0.1392435100374923
Spt7,0.16695333,0.08686263,0.86740676998812,1.0,0.009586635660386313
lncRNA:CR44441,0.16594356,0.49134105,0.8682013676008657,1.0,0.003701770205495705
Schip1,0.16540867,-0.044368967,0.868622330056457,1.0,0.25105595368041383
CG14629,0.16449507,-0.003958604,0.8693414300138962,1.0,0.0034170186512268047
CG1233,0.16443188,0.00069110875,0.8693911673322836,1.0,0.019030895543638175
Cp18,0.16416523,0.49747917,0.8696010707618326,1.0,0.0028475155426890037
hng1,0.16415252,-0.016955027,0.8696110812891834,1.0,0.031844715485738695
lncRNA:CR44330,0.16344357,0.588002,0.8701692011998199,1.0,0.002467846803663803
GstE14,0.16337283,0.3796826,0.8702248916047911,1.0,0.0025153053960419534
rho-4,0.16312645,-0.03825757,0.8704188744429897,1.0,0.0339328935503773
CG15861,0.16282284,0.727693,0.8706579220816779,1.0,0.0020881780646386026
Hdc,0.1627672,0.71573037,0.8707017279045886,1.0,0.0020881780646386026
Drsl5,0.16254626,0.71609795,0.8708757035160246,1.0,0.0019932608798823026
I-3,0.16251408,0.12659349,0.8709010494055227,1.0,0.011057852024108965
Ets98B,0.16248466,0.5381274,0.8709242050254049,1.0,0.0019458022875041526
Cyp12c1,0.1622955,0.5942842,0.8710731546297054,1.0,0.0018508851027478526
CG8654,0.16227047,0.8693531,0.8710928688906941,1.0,0.0018034265103697023
ttm50,0.16192196,-0.018833552,0.8713673122328364,1.0,0.06492335437330929
CG7236,0.16177492,1.5958432,0.8714831025547279,1.0,0.001471216363722652
dwg,0.1617177,0.010279682,0.8715281676409175,1.0,0.027003939063167386
CG14864,0.16160166,0.041489135,0.8716195509013466,1.0,0.019410564282663377
CG9928,0.16157027,1.0219734,0.8716442747492577,1.0,0.0014237577713445018
Sbp2,0.16156986,0.0073105916,0.8716445877101617,1.0,0.04332969484125101
CG12493,0.1615639,1.5984961,0.8716492821261324,1.0,0.0013762991789663518
grsm,0.16146773,-0.0049359915,0.8717250193285233,1.0,0.022637748564377582
Taf8,0.16140693,0.087155305,0.8717729033732621,1.0,0.015329125338142471
Odj,0.16140018,-0.049347036,0.8717782238516881,1.0,0.04968914621992312
CG4291,0.16135806,-0.00050549663,0.8718113987303715,1.0,0.04029234492904941
CG6908,0.16134375,1.284931,0.8718226657215997,1.0,0.0012813819942100518
CG33080,0.16107154,0.014364544,0.8720370564796704,1.0,0.006691661525319159
lncRNA:CR44043,0.16083032,0.24222049,0.8722270427156185,1.0,0.0055526553082435575
CG6276,0.16083032,0.021327218,0.8722270427156185,1.0,0.06468606141141854
grass,0.16006891,0.18742289,0.8728267839787055,1.0,0.005315362346352807
CG9395,0.16002958,-0.06789438,0.8728577746864223,1.0,0.1763086706848275
fu,0.15996441,0.008386786,0.8729091132578012,1.0,0.02040719472260453
Pex1,0.15972677,0.06795488,0.8730963157515881,1.0,0.005505196715865407
asRNA:CR43629,0.15968862,0.07889975,0.8731263689880455,1.0,0.0053628209387309575
CG31999,0.15923043,-0.084089555,0.8734873351724578,1.0,0.012956195719234967
Hmr,0.15862241,-0.03495848,0.8739663682428342,1.0,0.016610507332352524
lncRNA:CR44749,0.15824887,0.25448078,0.8742606990658139,1.0,0.004318731906411656
CG4553,0.15822145,0.023386054,0.8742823048866522,1.0,0.01518674956100802
CG4849,0.15780856,-0.037924472,0.8746076560342684,1.0,0.028949741350671538
CG7322,0.15750217,-0.008571928,0.8748490997060101,1.0,0.004271273314033506
gish,0.15663227,0.07148178,0.8755346627413134,1.0,0.6484267476626643
lncRNA:CR43724,0.1565977,0.25640294,0.8755619118123555,1.0,0.0034170186512268047
Pdha2,0.15653133,0.54169565,0.8756142179138086,1.0,0.003132267096957904
Antp,0.15645385,0.37452206,0.8756752945881754,1.0,0.0032746428740923544
Est-6,0.15633224,0.17454372,0.8757711394774541,1.0,0.0033221014664705046
CG3156,0.15596148,-0.008470788,0.8760633836654794,1.0,0.024773385221394332
MFS12,0.15582915,0.6263221,0.8761676935631938,1.0,0.0027525983579327036
crm,0.15564159,-0.0459473,0.8763155479137974,1.0,0.026007308623226234
CG9630,0.15538168,-0.03130554,0.8765204210324432,1.0,0.013668074604907219
Mal-B2,0.15521796,0.4162369,0.8766494890805617,1.0,0.0025627639884201036
Nepl16,0.15501927,-0.035028905,0.8768061294667419,1.0,0.10687675003559395
CG14273,0.15497953,0.45822585,0.8768374581231543,1.0,0.002467846803663803
CG11563,0.15473513,0.006430347,0.8770301336004299,1.0,0.04228560580893171
GMF,0.15465128,-0.03265443,0.8770962401996449,1.0,0.041431351146125006
CG11454,0.15458015,-0.022295894,0.8771523218255854,1.0,0.09420530587062788
Mes2,0.1545404,-0.21134154,0.8771836526113712,1.0,0.010061221584167813
peb,0.15415335,0.41362506,0.8774888245214708,1.0,0.002040719472260453
CG31223,0.15405083,-0.04113031,0.877569663664976,1.0,0.018983436951260025
GstT2,0.15401903,-0.03255609,0.8775947303254389,1.0,0.012956195719234967
CG1792,0.15394512,-0.045513988,0.877653010785395,1.0,0.03269897014854539
SIFaR,0.15388352,-0.11735222,0.8777015783419577,1.0,0.02766835935646149
MCTS1,0.15384299,-0.019362777,0.8777335391787263,1.0,0.10682929144321579
TTLL6B,0.15383941,0.8185429,0.8777363592621283,1.0,0.0017559679179915523
CG5397,0.15367688,0.6485083,0.8778645180225435,1.0,0.0017085093256134023
Cyp12a4,0.153599,0.02390387,0.8779259350914235,1.0,0.00711878885672251
hd,0.15348215,0.22623408,0.8780180620723341,1.0,0.0061221584167813585
Gbp2,0.1533979,0.7216998,0.8780844947980494,1.0,0.001518674956100802
BomT2,0.15334228,1.2249806,0.8781283659366854,1.0,0.001471216363722652
Hex-C,0.15329975,0.9718788,0.87816189627356,1.0,0.001471216363722652
CG9522,0.15327114,0.025732694,0.8781844588662551,1.0,0.006786578710075459
BomS4,0.15309231,0.87048346,0.8783254773116458,1.0,0.0013762991789663518
CG14881,0.15251252,0.019561237,0.8787827169768903,1.0,0.03312609747994875
Irc,0.15233012,-0.07356276,0.8789265725050159,1.0,0.0068814958948317595
IP3K2,0.15210718,-0.18655914,0.8791024013560291,1.0,0.00740354041099141
Ekar,0.15207261,-0.015744088,0.879129669466102,1.0,0.011817189502159367
Impbeta11,0.1518453,0.028296173,0.87930895302261,1.0,0.019647857244554128
CG31937,0.15153693,-0.031009048,0.8795521867589966,1.0,0.02985145460585639
wac,0.15139426,-0.03872324,0.8796647175536476,1.0,0.022590289971999432
PK2-R1,0.15105687,0.1549656,0.8799308515785967,1.0,0.009206966921361113
gfzf,0.15102428,-0.056080014,0.879956556643697,1.0,0.018935978358881875
lncRNA:CR44074,0.15064359,0.099193856,0.8802568764035384,1.0,0.004935693607327606
Ir68a,0.15028037,0.0709714,0.8805434188275328,1.0,0.004888235014949457
Liprin-beta,0.15021123,-0.09823349,0.8805979702527398,1.0,0.020739404869251576
out,0.14963739,0.39593095,0.8810507062175357,1.0,0.003986521759764605
CG8833,0.14957897,-0.03420406,0.8810967971723046,1.0,0.04532295572113331
lncRNA:CR45679,0.14914145,0.45905998,0.881442021811093,1.0,0.003654311613117555
Uba5,0.1490107,-0.04191727,0.881545185955143,1.0,0.03288880451805799
Hira,0.14890182,0.0692296,0.8816311053477364,1.0,0.008732380997579612
asRNA:CR44340,0.14889109,0.26923713,0.8816395719326402,1.0,0.003701770205495705
lncRNA:CR45910,0.14875875,-0.12879057,0.8817439942582719,1.0,0.011010393431730815
CG12129,0.14818929,-0.060748655,0.8821933786310384,1.0,0.049214560296141616
mst,0.14817499,0.38494095,0.8822046686087506,1.0,0.0032746428740923544
asRNA:CR45813,0.14778754,0.22810514,0.8825104479324279,1.0,0.0031797256893360544
spartin,0.14758883,0.017002858,0.8826672646369398,1.0,0.018746143989369274
hdly,0.1473504,0.23325913,0.8828554507521853,1.0,0.002942432727445304
CG1103,0.14726496,0.09706675,0.8829228857197818,1.0,0.02320725167291538
Cyp6v1,0.1471831,0.13998525,0.8829874986242279,1.0,0.002894974135067154
CG11378,0.14710124,0.2101648,0.8830521123071866,1.0,0.0028475155426890037
muskelin,0.14673564,-0.04970833,0.8833406877610417,1.0,0.013905367566797968
CG4020,0.14666371,0.11390669,0.883397463668612,1.0,0.00716624744910066
tmn,0.14666133,0.27018437,0.883399345753154,1.0,0.0025153053960419534
asRNA:CR45528,0.14664185,0.0689053,0.8834147161348811,1.0,0.00754591618812586
cutlet,0.14623572,0.41961822,0.8837353083777842,1.0,0.002230553841773053
CG14495,0.1460855,0.41975844,0.8838538884173294,1.0,0.002183095249394903
CG15739,0.1459631,0.7111962,0.8839505111143676,1.0,0.002040719472260453
CG7084,0.14595714,-0.22404999,0.8839552168092906,1.0,0.02828532105737744
sav,0.1459043,0.11984997,0.8839969408166736,1.0,0.006834037302453609
CG8089,0.14588681,0.8294325,0.8840107443185233,1.0,0.0019458022875041526
rost,0.1458268,0.39648432,0.8840581156948835,1.0,0.002040719472260453
Pus10,0.14569844,0.10601334,0.8841594479113067,1.0,0.006834037302453609
frm,0.14567539,0.8988312,0.8841776439899249,1.0,0.0018508851027478526
lncRNA:CR45759,0.14527483,1.1019555,0.8844938890366415,1.0,0.001613592140857102
CG14830,0.14523827,1.37666,0.8845227535891131,1.0,0.001566133548478952
lncRNA:CR43716,0.14519694,1.2290585,0.8845553832677693,1.0,0.001566133548478952
CG14855,0.14499189,0.6616859,0.8847172795681422,1.0,0.001518674956100802
mu2,0.14496924,0.030665003,0.8847351637571357,1.0,0.011437520763134165
CG11986,0.14490962,0.073430195,0.8847822276929804,1.0,0.010820559062218215
Tmtc3,0.14485161,-0.044211727,0.8848280369809549,1.0,0.06938446205685539
eEFSec,0.14484525,0.057376835,0.8848330572003071,1.0,0.011152769208865265
beat-Va,0.14466721,-0.089309305,0.8849736252185652,1.0,0.13179251103412273
asRNA:CR45209,0.14460562,1.1143732,0.8850222600859496,1.0,0.0012813819942100518
Hs2st,0.14460045,-0.014563463,0.8850263391590355,1.0,0.040007593374780506
CG43351,0.14428215,1.5875189,0.8852776786900012,1.0,0.0010915476246974515
Elp4,0.14420545,0.03409382,0.8853382403786084,1.0,0.01551895970765507
CG34045,0.14412954,2.4143412,0.8853981751443957,1.0,0.0009966304399411513
lncRNA:CR43995,0.14412795,-0.0023148947,0.8853994303297474,1.0,0.006359451378672109
CtsK2,0.14411683,2.1224642,0.885408216635261,1.0,0.0009966304399411513
asRNA:CR45629,0.14404729,0.08669849,0.8854631313638965,1.0,0.005884865454890608
rumi,0.14376912,0.19261903,0.8856827957769783,1.0,0.005457738123487257
CG8112,0.14374766,-0.05545278,0.8856997416826261,1.0,0.006644202932941009
EndoGI,0.14374606,-0.055157278,0.8857009969369758,1.0,0.024441175074747284
hbs,0.14371903,-0.05562504,0.8857223363048022,1.0,0.06416401689525889
VhaM9.7-c,0.14353386,-0.11395208,0.8858685759664522,1.0,0.013620616012529068
eIF2Balpha,0.14340113,-0.05588659,0.8859733939096881,1.0,0.04418394950405771
eIF2Bgamma,0.14338125,-0.042086817,0.8859890853902861,1.0,0.045180579943998864
CG5321,0.14329304,0.07417684,0.8860587561039378,1.0,0.005837406862512458
lncRNA:CR43837,0.14280902,0.15495943,0.8864410191907252,1.0,0.005125527976840207
CG14785,0.14225505,0.32614812,0.8868785514017836,1.0,0.004508566275924256
CG32221,0.14220537,-0.03497058,0.8869177866079446,1.0,0.016515590147596224
Jheh1,0.14207582,0.10646073,0.8870201133293393,1.0,0.004935693607327606
CAH2,0.14206828,-0.0553841,0.8870260772147601,1.0,0.011437520763134165
mbm,0.1418819,-0.02738519,0.887173293045147,1.0,0.015613876892411371
flr,0.1416701,0.04117506,0.88734060275513,1.0,0.02230553841773053
CCHa1,0.1415457,0.048866387,0.8874388563885236,1.0,0.004556024868302406
Dysb,0.14152662,0.42129707,0.8874539241913928,1.0,0.0040339803521427554
CG12836,0.1411801,0.22711436,0.8877276630199109,1.0,0.004128897536899056
CG31381,0.14113322,0.31984258,0.8877647066890131,1.0,0.003986521759764605
asRNA:CR44690,0.141043,0.031566624,0.8878359693519956,1.0,0.009349342698495562
Slu7,0.14074297,-0.027019087,0.888072994860893,1.0,0.04427886668881401
CG9953,0.1405713,0.0059523284,0.8882086219070906,1.0,0.10127663613497223
CG14275,0.14054905,0.30260623,0.8882262034305811,1.0,0.003701770205495705
bonsai,0.14030108,-0.05743275,0.8884221155535479,1.0,0.10943951402401404
NimB4,0.1401902,0.16610026,0.8885097130835508,1.0,0.003701770205495705
yin,0.1399776,0.2820097,0.8886776906495858,1.0,0.0034170186512268047
CG10307,0.13991798,-0.015136233,0.8887247880610383,1.0,0.003749228797873855
Syx17,0.1394153,-0.046380702,0.8891219918396638,1.0,0.11143277490389634
Atg4b,0.13926667,-0.073914096,0.8892394313366966,1.0,0.02942432727445304
Ski6,0.13925275,-0.059673738,0.8892504217883851,1.0,0.01566133548478952
CG14301,0.13919474,0.14875047,0.8892962679021478,1.0,0.0030848085045797544
CG3663,0.13908546,0.30193487,0.8893826228889187,1.0,0.002942432727445304
CysRS,0.13907313,-0.05149689,0.8893923575334037,1.0,0.01480708082198282
Kmn2,0.13896942,0.5142558,0.8894743176207333,1.0,0.0027525983579327036
IleRS-m,0.1389555,0.015541747,0.8894853085268931,1.0,0.012908737126856817
betaGlu,0.13888438,0.119783126,0.8895415194933304,1.0,0.00745099900336956
dmrt99B,0.13857202,0.15497252,0.8897883518705056,1.0,0.00730862322623511
CG8064,0.13856845,0.00848563,0.8897911782573478,1.0,0.017512220587537375
Mcm6,0.13851161,0.47321203,0.8898360865917563,1.0,0.0025627639884201036
CG14834,0.13848023,0.5141612,0.8898608962427758,1.0,0.0025153053960419534
CG8306,0.13836935,0.482894,0.889948515999815,1.0,0.002467846803663803
Sas10,0.13836339,-0.052626133,0.8899532267775275,1.0,0.04513312135162071
Boot,0.1383308,0.13734892,0.889978979097694,1.0,0.0026102225807982534
lncRNA:CR45902,0.13792388,0.40299705,0.8903005788145503,1.0,0.002230553841773053
CG6511,0.13786268,-0.0225688,0.8903489459596761,1.0,0.013620616012529068
unpg,0.13764809,0.71475214,0.8905185482630005,1.0,0.002040719472260453
mtDNA-helicase,0.1375086,0.6065533,0.8906287924471481,1.0,0.0019932608798823026
Ccz1,0.1374935,-0.06738545,0.8906407278418392,1.0,0.030610792083906792
CG34195,0.13748476,0.5739469,0.8906476378185134,1.0,0.0019932608798823026
alpha-Est7,0.13734448,0.4565494,0.8907585126705979,1.0,0.0019458022875041526
CG8908,0.13710605,0.72021234,0.8909469734099358,1.0,0.0017559679179915523
CG6421,0.13702379,0.8096002,0.8910119937949796,1.0,0.0017085093256134023
CG17121,0.13692285,0.47084302,0.8910917782639579,1.0,0.0017085093256134023
GstE7,0.13676667,0.90805256,0.8912152264850762,1.0,0.001566133548478952
CG31326,0.13675554,0.82925606,0.8912240218788438,1.0,0.001566133548478952
mt:tRNA:Trp-TCA,0.13657275,0.90919214,0.891368519548869,1.0,0.001471216363722652
shf,0.13652268,0.51754063,0.8914080999750449,1.0,0.001471216363722652
NimB1,0.1365048,1.0191503,0.8914222359071126,1.0,0.0014237577713445018
Naxe,0.13650003,0.06946039,0.8914260054948253,1.0,0.015376583930520622
CG34001,0.13642968,0.06731744,0.8914816071985588,1.0,0.006454368563428408
CG13671,0.13640901,-0.02301229,0.8914979422637832,1.0,0.018176640880831475
CG15096,0.13639075,0.9515916,0.8915123925521722,1.0,0.0013762991789663518
Obsc,0.13613284,0.8949295,0.8917162711108518,1.0,0.0012339234018319016
CG31988,0.13608554,1.4128829,0.8917536548593075,1.0,0.0011864648094537516
CG32695,0.13608077,1.2863266,0.8917574246624224,1.0,0.0011864648094537516
CG8149,0.1360617,-0.032445487,0.8917725038993447,1.0,0.0735608181861326
lncRNA:CR45243,0.1360466,1.0089101,0.8917844416563303,1.0,0.0011864648094537516
ru,0.1359695,0.05265416,0.8918453874294132,1.0,0.01513929096862987
CG13053,0.13583876,1.7694764,0.8919487453810904,1.0,0.0010440890323193013
CG11127,0.13560748,-0.056795526,0.8921315897781458,1.0,0.03701770205495705
Tim10,0.13558245,2.4965982,0.8921513825570335,1.0,0.0009017132551848512
jbug,0.13543542,0.11138345,0.8922676272171792,1.0,0.005647572492999858
CG10949,0.13541196,-0.07177904,0.8922861637419112,1.0,0.03758720516349485
GstO3,0.1353166,0.13632269,0.892361567160878,1.0,0.005600113900621708
Jhbp16,0.13463706,0.20520684,0.8928988446490275,1.0,0.0049831521997057565
Nadk1b,0.13441491,0.039814673,0.8930744916475442,1.0,0.03967538322813345
Hpr1,0.134097,-0.011257425,0.8933258739335709,1.0,0.026814104693654785
Cyp6a13,0.13332567,0.05628936,0.8939358347004519,1.0,0.004698400645436856
Oseg4,0.13311027,0.18403836,0.8941061698434208,1.0,0.004318731906411656
Zip99C,0.13308723,-0.0713259,0.8941243978787459,1.0,0.06231313179251104
cort,0.13307093,0.19161414,0.8941372832477954,1.0,0.0042238147216553555
Ufsp2,0.13277805,0.020927323,0.8943689103748167,1.0,0.026909021878411085
fl(2)d,0.13256545,-0.051326778,0.8945370578272486,1.0,0.2550899340325566
CG32554,0.13237311,0.1182623,0.8946891803534175,1.0,0.008495088035688861
lncRNA:CR43857,0.13218951,0.08639053,0.8948343918324445,1.0,0.003939063167386455
Mps1,0.13208103,0.42527172,0.8949202002723464,1.0,0.0035119358359831047
Tmem126,0.13190895,0.031783234,0.8950563018942918,1.0,0.022685207156755732
Ent2,0.13169278,-0.031706,0.8952272976866029,1.0,0.020359736130226378
Elp5,0.13168523,0.026805053,0.8952332700541437,1.0,0.02273266574913388
CG15653,0.13162243,0.021865405,0.8952829352352526,1.0,0.018034265103697024
su(r),0.1315521,-0.055405006,0.8953385732990026,1.0,0.003749228797873855
CG42542,0.13133036,-0.047525253,0.8955139780210848,1.0,0.1124294053438375
CG15611,0.1313085,-0.033611245,0.8955312672936874,1.0,0.0036068530207394047
CG30053,0.13122545,0.3626906,0.8955969669820374,1.0,0.0031797256893360544
E5,0.13122386,0.39358374,0.8955982243993256,1.0,0.003132267096957904
CG10562,0.13077997,0.33295134,0.8959493684288351,1.0,0.002942432727445304
CG42266,0.1303953,0.3793756,0.8962536887868344,1.0,0.002705139765554554
CG10561,0.13035159,-0.03625037,0.8962882716124175,1.0,0.08983911537183807
Ercc1,0.1303492,0.038358223,0.8962901579540263,1.0,0.012623985572587917
AstA,0.13018547,-0.034527346,0.8964196881462295,1.0,0.020027525983579327
lncRNA:CR45668,0.130104,-0.032245286,0.8964841398775261,1.0,0.03806179108727635
CG6142,0.1298918,0.5634498,0.8966520319838923,1.0,0.002372929618907503
CG7694,0.12982504,0.0012704713,0.8967048529297629,1.0,0.04745859237815006
CG11601,0.12981589,-0.07902931,0.8967120844044153,1.0,0.0387736699729486
Ugt35A1,0.12970462,0.31689507,0.8968001204358774,1.0,0.002372929618907503
Npc2g,0.12965257,0.2166616,0.8968413091583685,1.0,0.002372929618907503
lncRNA:CR44268,0.12965058,0.35940555,0.8968428812525218,1.0,0.0023254710265293533
Mon1,0.12954488,-0.012556404,0.8969265172452034,1.0,0.025010678183285083
swi2,0.12941732,0.41211694,0.8970274479191709,1.0,0.002183095249394903
E(spl)m3-HLH,0.12929651,0.27573156,0.8971230348912097,1.0,0.002183095249394903
T3dh,0.12927982,0.3098845,0.8971362411034512,1.0,0.002135636657016753
CG14511,0.12924008,0.3532073,0.8971676845806178,1.0,0.0020881780646386026
lncRNA:CR45805,0.12902072,0.300686,0.8973412554793105,1.0,0.0019932608798823026
boss,0.12898575,0.6206212,0.897368926656502,1.0,0.0018983436951260026
CG15892,0.12881328,0.8156725,0.8975053976963793,1.0,0.0017559679179915523
CG3520,0.12875526,0.018435184,0.8975513079906022,1.0,0.006834037302453609
GLaz,0.12873697,-0.17864859,0.8975657729488815,1.0,0.008779839589957763
Hil,0.1287338,0.42219293,0.8975682885972747,1.0,0.0018034265103697023
CG12278,0.12858438,0.792508,0.8976865252326615,1.0,0.0016610507332352523
Ns1,0.1284437,-0.059978686,0.8977978458432984,1.0,0.03241421859427649
PPO1,0.12840079,1.3473685,0.8978318084640381,1.0,0.001518674956100802
Phs,0.12811625,0.805067,0.8980569727912956,1.0,0.0014237577713445018
CG11294,0.12810671,-0.09057864,0.8980645203411906,1.0,0.03241421859427649
CG1503,0.1280026,1.2607256,0.8981469150272211,1.0,0.0013288405865882018
spd-2,0.12799306,1.2183093,0.8981544626869633,1.0,0.0013288405865882018
Gba1b,0.12784842,0.8470528,0.8982689366555562,1.0,0.0012813819942100518
pen-2,0.12784284,-0.017212402,0.898273339542795,1.0,0.06739120117697309
lbm,0.12776536,0.03271528,0.8983346657977115,1.0,0.006454368563428408
asRNA:CR45152,0.12762031,1.2438053,0.8984494575987991,1.0,0.0011390062170756016
CG32191,0.12752812,1.2830321,0.8985224222592778,1.0,0.0010915476246974515
CG30385,0.12747645,1.7826854,0.8985633080044493,1.0,0.0010440890323193013
Traf4,0.127455,1.4051532,0.8985802913931399,1.0,0.0010440890323193013
GstE11,0.12734929,0.20689867,0.8986639509856206,1.0,0.005600113900621708
Spn43Ad,0.12730716,1.9890332,0.8986972893325789,1.0,0.0009491718475630013
CG12256,0.12722212,2.4320815,0.8987645955966589,1.0,0.0009017132551848512
CG1774,0.12704886,3.2169538,0.8989017264995045,1.0,0.000806796070428551
Cyp12a5,0.12695667,3.409036,0.8989746964675442,1.0,0.000759337478050401
CG1468,0.1265553,0.13791312,0.89929237739396,1.0,0.0053628209387309575
mRpL36,0.12624732,-0.058533896,0.8995361534057306,1.0,0.14716909496464334
CG7639,0.12517674,-0.04123704,0.9003836238727233,1.0,0.09757486592947653
sprt,0.12513225,0.01945583,0.9004188589636302,1.0,0.009776470029898914
sp3,0.12498282,-0.05209879,0.9005371496322327,1.0,0.10488348915571165
CG30344,0.1249403,-0.016426744,0.9005708125402154,1.0,0.025580181291822886
CG8012,0.12492083,0.04215271,0.9005862283241363,1.0,0.004698400645436856
Grik,0.12475154,-0.091654986,0.9007202528414199,1.0,0.010630724692705614
LamC,0.12466212,0.011463333,0.900791041581109,1.0,0.004461107683546106
Fbp,0.12436845,0.25430468,0.9010235488126603,1.0,0.003939063167386455
PolG1,0.12434064,0.16816908,0.9010455729423168,1.0,0.004081438944520906
stac,0.12433507,0.17255603,0.9010499777773899,1.0,0.004081438944520906
BHD,0.12421427,-0.011875082,0.901145626375888,1.0,0.01490199800673912
Cpsf100,0.12409386,-0.05527427,0.9012409617690751,1.0,0.01542404252289877
Dic61B,0.12394364,0.35665795,0.9013598970287723,1.0,0.003701770205495705
east,0.12383873,-0.023506844,0.9014429642379239,1.0,0.4396563997911822
CG14174,0.12351287,0.08195761,0.9017009829019286,1.0,0.003701770205495705
CG1971,0.12344134,0.3739791,0.9017576225362007,1.0,0.0033695600588486544
nopo,0.12326688,0.1811001,0.9018957624075937,1.0,0.0035119358359831047
CG14882,0.12312462,0.046933033,0.9020084162559433,1.0,0.025770015661335483
BicDR,0.12311628,-0.066005334,0.9020150245038717,1.0,0.021119073608276778
CG10970,0.12310594,0.4363645,0.9020232061535709,1.0,0.0031797256893360544
CG4459,0.12263583,0.4356316,0.9023954822103486,1.0,0.002989891319823454
asRNA:CR45131,0.122469716,-0.13613003,0.9025270269842695,1.0,0.021119073608276778
Sr-CI,0.1222746,-0.08205056,0.9026815483062384,1.0,0.0030848085045797544
uncNacbeta,0.12207193,0.16216978,0.9028420529716694,1.0,0.002894974135067154
Vkor,0.12199801,0.2938534,0.90290059095585,1.0,0.002705139765554554
CG2681,0.12199324,0.25797132,0.9029043676181205,1.0,0.002705139765554554
mthl15,0.121822365,0.5341012,0.9030396994654153,1.0,0.0025153053960419534
CG5381,0.12176236,0.18463966,0.9030872236431327,1.0,0.0026576811731764036
l(2)dtl,0.121682085,-0.018788988,0.903150799576121,1.0,0.00797304351952921
Atu,0.12160937,-0.07455081,0.9032083961307619,1.0,0.04019742774429311
CG13737,0.121566445,0.101091914,0.9032423877790894,1.0,0.00716624744910066
CG3603,0.121501274,0.41091588,0.903294005065658,1.0,0.0024203882112856533
stum,0.12149809,0.1056925,0.9032965229925332,1.0,0.007213706041478809
CG4752,0.12124694,0.26183602,0.9034954422869338,1.0,0.0023254710265293533
CG7079,0.12119648,0.57618415,0.9035354157245652,1.0,0.002183095249394903
CG15701,0.12109395,0.41403311,0.9036166223585156,1.0,0.002183095249394903
drd,0.12107606,0.09934538,0.9036307864095834,1.0,0.0023254710265293533
HisCl1,0.12104268,0.16461568,0.9036572260536256,1.0,0.006691661525319159
Cht11,0.12102242,0.15190187,0.9036732787467736,1.0,0.010630724692705614
sas,0.120759346,0.53836155,0.9038816525692193,1.0,0.0019932608798823026
ZnT41F,0.12022048,0.55546945,0.9043084933164691,1.0,0.0017085093256134023
CG12420,0.12020657,0.7422305,0.9043195109590043,1.0,0.0016610507332352523
AhcyL2,0.119924426,0.43428278,0.904543015681632,1.0,0.001566133548478952
Obp8a,0.11980521,0.66555744,0.9046374565707113,1.0,0.001471216363722652
asRNA:CR43159,0.1197921,0.9731026,0.9046478451508841,1.0,0.0014237577713445018
asRNA:CR31845,0.11965698,1.2813647,0.9047548799571627,1.0,0.0013288405865882018
Gr61a,0.119634725,1.1113851,0.9047725093854062,1.0,0.0013288405865882018
CG3032,0.11957393,0.12164767,0.9048206757411271,1.0,0.0061221584167813585
CG10628,0.11957393,-0.013863356,0.9048206757411271,1.0,0.04593991742204926
Ppat-Dpck,0.11952783,-0.014207515,0.9048571942572992,1.0,0.021736035309192728
CG16734,0.119412184,0.046141498,0.9049488062478809,1.0,0.006217075601537658
Sgp,0.11936251,1.2290791,0.9049881588660038,1.0,0.0011864648094537516
asRNA:ASTR,0.11930012,1.503038,0.90503758608493,1.0,0.0011390062170756016
CG31815,0.119201966,-0.15359236,0.9051153481230172,1.0,0.030705709268663093
CG4945,0.11908712,1.4210782,0.9052063340108557,1.0,0.0010440890323193013
Obp99a,0.11906725,1.2485503,0.9052220756402456,1.0,0.0010440890323193013
Mettl4,0.11905215,0.027003959,0.9052340393034897,1.0,0.015613876892411371
asRNA:CR45601,0.1187398,1.5406865,0.9054815030521747,1.0,0.0008542546628067012
sisRNA:CR46357,0.118669465,2.3180826,0.9055372308885227,1.0,0.000806796070428551
Phgdh,0.11848865,-0.20044856,0.9056804881952009,1.0,0.06036732950500688
ana2,0.118231535,0.12628828,0.9058842022208647,1.0,0.0053628209387309575
Acbp7,0.118020125,-0.025848286,0.9060517120567031,1.0,0.11988040434720706
CG17249,0.117913626,-0.022087809,0.9061360982943925,1.0,0.02254283137962128
CG5644,0.11790886,-0.11874511,0.9061398768074417,1.0,0.05358075079493142
l(2)05287,0.11790886,-0.08709708,0.9061398768074417,1.0,0.017749513549428123
Or43b,0.11757902,0.0981126,0.9064012291107713,1.0,0.009539177068008163
Hr96,0.11730164,-0.043575305,0.9066210247986546,1.0,0.035736320060747
Atac1,0.11675563,-0.0036150308,0.9070537093957913,1.0,0.01509183237625172
rols,0.11620842,-0.13407993,0.9074873663941497,1.0,0.004840776422571307
Setx,0.11619173,-0.07179507,0.9075005938390388,1.0,0.03023112334488159
CG13436,0.11599223,0.19446291,0.9076586952839597,1.0,0.0040339803521427554
eco,0.11598429,0.16635698,0.9076649942221284,1.0,0.0040339803521427554
ast,0.11515295,0.02654997,0.9083238951483723,1.0,0.013240947273503868
CG3430,0.11478377,0.06009483,0.9086165152865486,1.0,0.003559394428361255
asRNA:CR45145,0.11477423,0.26088104,0.9086240750670869,1.0,0.0033221014664705046
CG9967,0.11450917,-0.008965044,0.9088341772762695,1.0,0.0034170186512268047
Ugt317A1,0.11441618,-0.014109449,0.9089078878089862,1.0,0.0033695600588486544
CG2794,0.11433829,-0.041367922,0.9089696288587744,1.0,0.008874756774714061
shams,0.114088334,0.05827429,0.9091677709395815,1.0,0.016942717478999572
asRNA:CR44027,0.113748565,0.100545034,0.9094371146228876,1.0,0.00740354041099141
Mcm3,0.113698095,0.2574501,0.9094771232867829,1.0,0.0027525983579327036
Nsun2,0.113635704,-0.010845012,0.9095265831334844,1.0,0.022685207156755732
asRNA:CR44429,0.113135785,0.3001617,0.9099229046145895,1.0,0.0024203882112856533
Pgant35A,0.1131326,-0.06167202,0.9099254250138055,1.0,0.020217360353091927
CG34116,0.1129053,-0.020328188,0.910105635905736,1.0,0.018508851027478526
mdy,0.112798005,0.1545089,0.9101907020949813,1.0,0.002372929618907503
Pc,0.112741575,-0.07750527,0.910235441022502,1.0,0.13183996962650088
CG10939,0.112517044,0.48905668,0.9104134543618778,1.0,0.002040719472260453
CG43897,0.11233822,0.5842024,0.9105552381154203,1.0,0.0019458022875041526
CG13390,0.11231875,0.04017159,0.9105706769628478,1.0,0.02838023824213374
Tpst,0.11231279,-0.11635342,0.9105754031473824,1.0,0.12002278012434152
CG34027,0.112292916,0.59935075,0.910591157118682,1.0,0.0018983436951260026
Cyp6u1,0.11223887,-0.012709168,0.9106340080984325,1.0,0.03208200844762944
Faa,0.11223172,0.70207775,0.9106396795711156,1.0,0.0018508851027478526
CG32645,0.112134755,0.45067397,0.9107165599832138,1.0,0.0018508851027478526
lncRNA:CR45938,0.11202269,0.49448928,0.9108054146155377,1.0,0.0018034265103697023
Ntl,0.11181843,0.604394,0.9109673723814635,1.0,0.0016610507332352523
Elba2,0.11181843,0.6233438,0.9109673723814635,1.0,0.0016610507332352523
Ugt302K1,0.11175803,0.38290057,0.9110152672157975,1.0,0.0016610507332352523
CG42867,0.111667424,0.77474225,0.9110871100734674,1.0,0.001566133548478952
CG11125,0.111639604,0.59408617,0.9111091672370413,1.0,0.001566133548478952
CG17572,0.11162053,0.56757855,0.911124292188797,1.0,0.001566133548478952
Tig,0.11159987,0.3947633,0.9111406775895393,1.0,0.001566133548478952
CG34253,0.111541845,0.6754942,0.911186682955127,1.0,0.001518674956100802
CG6426,0.11148701,0.52830595,0.9112301677524711,1.0,0.001518674956100802
Orc4,0.1114278,0.096406564,0.9112771190278074,1.0,0.014379953490579469
Nemp,0.111370176,0.01452321,0.9113228101636364,1.0,0.02116653220065493
dy,0.11132408,0.39621222,0.9113593632834227,1.0,0.0014237577713445018
CG18547,0.11131295,0.38570696,0.9113681864783746,1.0,0.0014237577713445018
Obp69a,0.11125573,0.9149957,0.9114135630821524,1.0,0.0013288405865882018
CG14563,0.111212015,0.7159437,0.911448225960231,1.0,0.0013288405865882018
clos,0.11105544,0.88642794,0.9115723834694435,1.0,0.0012339234018319016
lncRNA:CR44657,0.111021265,0.5630128,0.911599484126623,1.0,0.0012339234018319016
fzy,0.11094338,0.69846976,0.9116612487992506,1.0,0.0011864648094537516
CG13295,0.11091794,-0.029020038,0.9116814169712292,1.0,0.012291775425940867
Vha36-3,0.11080349,1.049921,0.9117721744490119,1.0,0.0010915476246974515
snoRNA:CD67,0.11079237,0.9455102,0.9117809981540916,1.0,0.0010915476246974515
CG31752,0.11053565,1.3678654,0.9119845766539045,1.0,0.0009491718475630013
asRNA:CR44996,0.11051896,0.84870535,0.9119978126079074,1.0,0.0009491718475630013
ctg,0.11040412,-0.028512346,0.9120888892389228,1.0,0.006027241232025058
toe,0.11030357,2.2418647,0.9121686216321022,1.0,0.000806796070428551
CG30403,0.10981836,0.16095407,0.9125534295116193,1.0,0.012671444164966067
CG7601,0.10974604,-0.011687049,0.9126107900200897,1.0,0.0360210716150159
CG8323,0.109654635,-0.0059217806,0.9126832792259599,1.0,0.015376583930520622
Naam,0.10923419,0.18116294,0.9130167389213233,1.0,0.008732380997579612
Npc2b,0.10911458,0.035785474,0.9131116106903555,1.0,0.005267903753974657
CG12159,0.10899894,-0.024198307,0.9132033317506123,1.0,0.026197142992738835
Chsy,0.10813422,0.017254231,0.9138892275126344,1.0,0.004745859237815006
asRNA:CR44806,0.10808295,0.19317959,0.9139298915504775,1.0,0.004271273314033506
otk,0.10798996,-0.044333663,0.9140036547987314,1.0,0.027905652318352236
PIG-V,0.10761046,0.0012044072,0.9143047047890046,1.0,0.01452232926771392
CG31262,0.107463814,0.16967261,0.9144210300178416,1.0,0.0040339803521427554
Fpps,0.10728976,-0.004398563,0.9145591094978391,1.0,0.019268188505528926
Ogg1,0.10728221,0.08734552,0.914565099305356,1.0,0.012196858241184567
asRNA:CR43481,0.106979,0.22934146,0.9148056413711259,1.0,0.003654311613117555
yuri,0.10656333,0.13102606,0.9151354142053909,1.0,0.0035119358359831047
Ugt301D1,0.10637774,0.025387099,0.9152826502004746,1.0,0.003654311613117555
gom,0.10621759,0.2592565,0.9154097105800216,1.0,0.003227184281714204
Had1,0.10615043,-0.051402908,0.915462994608424,1.0,0.009064591144226662
CG34310,0.10594658,0.0151621755,0.9156247407599091,1.0,0.00802050211190736
lncRNA:CR45825,0.10569662,0.01593691,0.915823065856965,1.0,0.017132551848512173
tld,0.10521259,0.07064277,0.9162071188482863,1.0,0.00735608181861326
CG33969,0.10517325,-0.060020946,0.9162383358387931,1.0,0.05263157894736842
CG31370,0.104778245,0.11985568,0.916551774187507,1.0,0.0025153053960419534
Tsp97E,0.104682475,-0.025634827,0.9166277707530176,1.0,0.4181576574438802
snoRNA:lola-c,0.104626834,0.20966405,0.9166719184853764,1.0,0.002372929618907503
Asph,0.104418606,-0.04539992,0.916837159420614,1.0,0.013003654311613117
cv,0.104418606,0.19664584,0.916837159420614,1.0,0.002278012434151203
lncRNA:CR44517,0.10422825,0.2684752,0.9169882129610568,1.0,0.002135636657016753
Irbp,0.104194075,0.023813281,0.9170153335384214,1.0,0.00726116463385696
CG12236,0.1041138,-0.09431706,0.9170790357394365,1.0,0.08756110293768687
Septin5,0.104051016,0.7097047,0.9171288625845933,1.0,0.0019458022875041526
CG5013,0.103993,0.07344418,0.917174905401781,1.0,0.015281666745764321
CSN7,0.10395962,-0.04812376,0.9172013959156575,1.0,0.1417113568411561
Tep3,0.10385868,0.4500621,0.9172814987429501,1.0,0.0018983436951260026
Exo70,0.10369694,-0.067797914,0.9174098542363862,1.0,0.03492952399031845
Orcokinin,0.103597194,-0.072373584,0.9174890131202393,1.0,0.01599354563143657
CG15449,0.10356898,0.1430465,0.9175114048254757,1.0,0.006359451378672109
CG17896,0.103515334,-0.12113528,0.9175539807835112,1.0,0.06307246927056144
CG11085,0.10348712,-0.03605973,0.9175763726785457,1.0,0.013240947273503868
CG11755,0.10343506,0.018296873,0.9176176874733708,1.0,0.024488633667125434
CG4733,0.10315411,0.47140208,0.9178406650507909,1.0,0.001518674956100802
CG2641,0.10313344,0.45259544,0.9178570653542643,1.0,0.001518674956100802
CG43925,0.10310204,0.66953266,0.9178819812668095,1.0,0.001471216363722652
GV1,0.10308138,0.59896284,0.9178983816583222,1.0,0.001471216363722652
lncRNA:CR44440,0.10300627,0.6137927,0.9179579910678147,1.0,0.0014237577713445018
Theg,0.1030027,1.0775822,0.9179608296226296,1.0,0.0013762991789663518
CG14210,0.102995545,-0.025882728,0.9179665067353965,1.0,0.0336481419961084
PCNA,0.10291249,0.6388658,0.918032424628669,1.0,0.0013762991789663518
Cyp6t1,0.10278294,0.46214172,0.918135245050972,1.0,0.0013288405865882018
Or63a,0.10273843,-0.04535397,0.9181705701747056,1.0,0.02472592662901618
CG8568,0.10269392,0.95114166,0.9182058954599697,1.0,0.0012339234018319016
CG2121,0.10263034,0.6172038,0.9182563604332725,1.0,0.0012339234018319016
y,0.10257113,0.7803688,0.9183033562357937,1.0,0.0011864648094537516
Ndg,0.10254332,0.5577091,0.9183254348992904,1.0,0.0011864648094537516
Jhbp13,0.10254093,0.61414856,0.9183273273590924,1.0,0.0011864648094537516
snoRNA:Or-ACA9,0.10248013,0.49368778,0.918375585240343,1.0,0.0011390062170756016
Nha2,0.10242092,0.90806794,0.918422581766642,1.0,0.0010915476246974515
mt:tRNA:Arg-TCG,0.10238833,0.7743307,0.9184484457483495,1.0,0.0010915476246974515
lncRNA:CR45456,0.10236409,1.2094053,0.9184676860834001,1.0,0.0010440890323193013
CG13272,0.10230607,0.7671263,0.9185137369152535,1.0,0.0010440890323193013
CG14451,0.102288984,1.4733967,0.9185272998835994,1.0,0.0009966304399411513
asRNA:CR44390,0.102194004,1.4080689,0.9186026851861315,1.0,0.0009491718475630013
CG6484,0.10208234,1.1821265,0.9186913190508678,1.0,0.0009017132551848512
Cyp9b2,0.102014385,1.6163559,0.9187452568794979,1.0,0.0008542546628067012
Ance-4,0.10201359,1.4623588,0.9187458877335075,1.0,0.0008542546628067012
lncRNA:CR45593,0.10199293,1.2321496,0.9187622899557073,1.0,0.0008542546628067012
Ser7,0.10185464,2.447792,0.9188720595629783,1.0,0.000759337478050401
lncRNA:CR44197,0.10183477,1.7789559,0.9188878311853611,1.0,0.000759337478050401
CG3345,0.101490624,0.06990876,0.9191610007426765,1.0,0.005457738123487257
dmpd,0.10071769,-0.04957837,0.9197745629431433,1.0,0.06492335437330929
SMC3,0.10068113,-0.06751055,0.9198035860943847,1.0,0.07460490721845191
Pbgs,0.100490786,0.003012675,0.9199546974874907,1.0,0.019980067391201176
DCAF12,0.10040694,0.043602176,0.9200212631313016,1.0,0.02221062123297423
CG9117,0.10037594,0.17195663,0.9200458704780251,1.0,0.004603483460680556
Lapsyn,0.10012241,-0.14293167,0.9202471488272069,1.0,0.005315362346352807
egr,0.09971865,-0.053653397,0.9205676904078577,1.0,0.004840776422571307
Nepl3,0.09942578,0.28964886,0.9208002173305919,1.0,0.003939063167386455
Dredd,0.09914561,0.063874066,0.9210226544415486,1.0,0.004176356129277205
CG31897,0.099089585,0.032409973,0.9210671426057329,1.0,0.012956195719234967
msl-3,0.09900732,-0.002939488,0.9211324554644426,1.0,0.014379953490579469
e(y)2,0.09891394,-0.023130836,0.9212066035574399,1.0,0.042855108917469506
CG1620,0.098853536,-0.024829134,0.9212545635398615,1.0,0.0719472260452755
Cdk8,0.09842236,-0.0023485047,0.9215969177746806,1.0,0.013668074604907219
CG4951,0.09804563,-0.044763166,0.9218960557660436,1.0,0.026244601585116985
Amnionless,0.098029345,0.12285378,0.9219089934181952,1.0,0.0034170186512268047
dpr1,0.09789701,-0.0671948,0.922014073163044,1.0,0.3742110009017133
CG3436,0.097796075,-0.03665973,0.922094224994814,1.0,0.09064591144226662
Syn1,0.097661756,-0.071468204,0.9222008849584005,1.0,0.2261876512742632
Polr3C,0.09757751,0.018973034,0.9222677848212816,1.0,0.012529068387831617
CG34409,0.09732398,0.25348416,0.9224691188567504,1.0,0.002942432727445304
obst-E,0.097289,0.048261,0.9224968894587071,1.0,0.0030848085045797544
yellow-c,0.09728105,0.30260885,0.9225032009723299,1.0,0.002894974135067154
ball,0.09727986,0.0076540075,0.9225041476997942,1.0,0.00797304351952921
Ttc1,0.097245686,-0.0644856,0.9225312872671202,1.0,0.08575767642731717
Pde4,0.09698341,0.10112814,0.9227395706674548,1.0,0.7868634616297281
CG30338,0.09667782,0.054277267,0.9229822590687873,1.0,0.00740354041099141
asRNA:CR44841,0.0966492,0.4130715,0.923004981887325,1.0,0.002467846803663803
CG10469,0.09664841,0.32963413,0.923005613077626,1.0,0.0025153053960419534
CG5509,0.0964513,0.25151137,0.923162149768251,1.0,0.002467846803663803
CG8003,0.096359104,0.017508924,0.9232353695648036,1.0,0.02045465331498268
lncRNA:marge,0.096356325,0.28752846,0.9232375787929153,1.0,0.0024203882112856533
CG6985,0.09634917,0.30049527,0.9232432596679219,1.0,0.002372929618907503
mip130,0.09591244,-0.09243988,0.9235901160536018,1.0,0.031559963931469794
GstZ1,0.095862366,0.17267755,0.923629883957384,1.0,0.002183095249394903
tsl,0.09577017,0.27726242,0.9237031078985072,1.0,0.0020881780646386026
CG10621,0.095667645,0.09201267,0.9237845387302156,1.0,0.0020881780646386026
CG1368,0.09566049,0.4024155,0.9237902199808485,1.0,0.0019932608798823026
lncRNA:CR46035,0.095657706,0.57160646,0.9237924293571445,1.0,0.0019458022875041526
aurA,0.09555638,-0.06032747,0.9238729141800139,1.0,0.00745099900336956
CG33494,0.09554286,0.22382076,0.9238836455486322,1.0,0.0019932608798823026
CG44004,0.09533384,0.41019252,0.9240496678975033,1.0,0.0018034265103697023
CG13287,0.09521621,0.68250245,0.9241430963779209,1.0,0.0017085093256134023
CG10584,0.095172495,-0.0033635576,0.9241778166880785,1.0,0.02159365953205828
asRNA:CR33945,0.0949579,0.66952235,0.9243482639408644,1.0,0.001566133548478952
GNBP3,0.0946376,0.5288846,0.9246026787064361,1.0,0.0014237577713445018
CG30039,0.09455654,0.60833067,0.9246670727495105,1.0,0.0013762991789663518
CG31036,0.09452475,0.45972365,0.9246923254501882,1.0,0.0013762991789663518
aurB,0.09448898,0.6468771,0.924720734829157,1.0,0.0013288405865882018
dany,0.094469115,0.61797225,0.9247365178589599,1.0,0.0013288405865882018
CG32548,0.09441189,0.33688968,0.9247819731502958,1.0,0.0013288405865882018
CG14105,0.094356254,0.5539035,0.9248261660300938,1.0,0.0012813819942100518
Spn28Dc,0.09432208,0.8441577,0.9248533131998604,1.0,0.0012339234018319016
CG5618,0.09430181,-0.009337775,0.9248694121441987,1.0,0.016135921408571022
CG14185,0.094173454,1.0498078,0.9249713728392507,1.0,0.0011390062170756016
CG10062,0.09411702,0.6822736,0.9250161980550616,1.0,0.0011390062170756016
Acp53C14b,0.09411384,0.6163968,0.9250187234264179,1.0,0.0011390062170756016
Zasp66,0.09408603,0.4446303,0.9250408204580133,1.0,0.0011390062170756016
CG42588,0.09401569,-0.08887984,0.9250966946387233,1.0,0.05258412035499027
Kebab,0.094010524,0.50399536,0.9251007984066777,1.0,0.0010915476246974515
CG13795,0.094002575,1.0925864,0.9251071118997299,1.0,0.0010440890323193013
CG34423,0.093957275,0.7740195,0.9251430989001854,1.0,0.0010440890323193013
IntS10,0.093676314,-0.008506725,0.9253662848560288,1.0,0.0061221584167813585
ETHR,0.09361988,0.020657415,0.9254111121643069,1.0,0.005695031085378007
CG5493,0.0935416,1.3088738,0.9254733025545542,1.0,0.000806796070428551
CG16713,0.09345179,1.150503,0.9255446484362425,1.0,0.000759337478050401
asRNA:CR45714,0.0934502,1.0990496,0.925545911200605,1.0,0.000759337478050401
lncRNA:CR45734,0.093373105,1.4507202,0.925607155497293,1.0,0.0007118788856722509
lbe,0.093299985,2.0901065,0.9256652432788438,1.0,0.0006644202932941009
mars,0.092853315,0.031486154,0.9260200924503078,1.0,0.005315362346352807
Marcal1,0.092730924,0.09887803,0.9261173312721173,1.0,0.005030610792083907
Pgd,0.09269595,0.13468601,0.9261451139954108,1.0,0.005030610792083907
CG11695,0.092353396,-0.022944856,0.9264172631551817,1.0,0.038299084049167105
CG12910,0.09227988,-0.0002408054,0.9264756721607699,1.0,0.005078069384462057
mRpL24,0.09213761,-0.041446894,0.9265887026047659,1.0,0.14735892933415595
CG10650,0.0918964,0.1159491,0.9267803525801274,1.0,0.008779839589957763
CG3277,0.09188646,-0.084903255,0.9267882459981198,1.0,0.017369844810402924
RIOK1,0.09152166,-0.03076565,0.9270780972906565,1.0,0.019980067391201176
CG13760,0.09149821,-0.02674988,0.9270967264088176,1.0,0.13464002657681173
D2hgdh,0.091350384,-0.19974014,0.9272141854975181,1.0,0.01419011912106687
CG9515,0.09112983,-0.06719492,0.9273894298276945,1.0,0.032841345925679846
CG14223,0.090993926,0.16188654,0.9274974199802615,1.0,0.0040339803521427554
Arl5,0.09099313,-0.0639772,0.9274980515055512,1.0,0.06326230364007404
Tango4,0.09098518,-0.072334304,0.9275043667609608,1.0,0.03445493806653695
exex,0.090958156,0.12681045,0.9275258386635108,1.0,0.004081438944520906
Oatp33Ea,0.09084808,0.012670161,0.9276133056352801,1.0,0.0042238147216553555
Alp12,0.0906323,-0.024257492,0.9277847686981496,1.0,0.009301884106117413
sstn,0.09053255,-0.04083817,0.9278640280801329,1.0,0.01452232926771392
Tsen2,0.09045466,0.0507732,0.9279259203661577,1.0,0.012576526980209767
CG34057,0.09039863,0.04246385,0.9279704451885621,1.0,0.003891604575008305
Rpn11,0.09030882,-0.0652224,0.928041811686349,1.0,0.0719472260452755
mol,0.09026908,-0.12030174,0.9280733899674731,1.0,0.004176356129277205
CG12655,0.09018682,0.27959237,0.9281387573692804,1.0,0.0035119358359831047
CG31915,0.089984946,0.012171171,0.9282991779750627,1.0,0.008542546628067011
mRpL14,0.089773536,-0.03545113,0.9284671806309411,1.0,0.1092022210621233
Wsck,0.08956967,-0.040101573,0.9286291862118583,1.0,0.003559394428361255
FIG4,0.089565694,0.034449894,0.9286323442448012,1.0,0.012623985572587917
CG6163,0.08929547,0.091797605,0.9288470931193,1.0,0.00754591618812586
lncRNA:CR44127,0.08922712,0.12147177,0.928901412774008,1.0,0.0031797256893360544
CG4661,0.08921242,0.044120807,0.9289130978593153,1.0,0.008115419296663661
Tsp,0.08920844,0.23718788,0.9289162559931107,1.0,0.0030848085045797544
CG3823,0.08907929,0.11563838,0.9290188959506488,1.0,0.0030848085045797544
CG8298,0.08898948,-0.063566044,0.9290902708942292,1.0,0.026292060177495136
lncRNA:CR31781,0.08859606,0.3893536,0.9294029377602938,1.0,0.0026576811731764036
CG33296,0.08847247,0.14298482,0.9295011616235668,1.0,0.0027525983579327036
CG11275,0.08844744,0.10511709,0.9295210591929739,1.0,0.0027525983579327036
St3,0.088362396,-0.034654297,0.9295886480910213,1.0,0.23155047221299416
Dnaaf3,0.088027,0.47307333,0.9298552185985262,1.0,0.0023254710265293533
Ggt-1,0.08794712,-0.013702555,0.9299187039685416,1.0,0.03103791941531014
Droj2,0.087914534,-0.040565982,0.9299446036008322,1.0,0.3622039770300413
CG34256,0.08790341,0.12809461,0.9299534473947068,1.0,0.0024203882112856533
PolA2,0.08779532,0.18830493,0.930039358985196,1.0,0.0023254710265293533
CG32163,0.08777664,0.019829348,0.9300542040853083,1.0,0.03844145982630155
ScsbetaG,0.087769486,-0.069551244,0.9300598894492436,1.0,0.033458307626595796
CG6678,0.08771465,0.27808276,0.9301034773579758,1.0,0.002230553841773053
CG8939,0.08761053,0.03767914,0.9301862317904903,1.0,0.01594608703905842
Sugb,0.08754139,-0.13523097,0.9302411912582776,1.0,0.01466470504484837
Esyt2,0.08742415,-0.07213719,0.9303343704263063,1.0,0.05135019695315837
lncRNA:CR44766,0.08738203,0.26112548,0.9303678519877675,1.0,0.0020881780646386026
rempA,0.087291025,0.35784873,0.9304401852157159,1.0,0.0019932608798823026
Caf1-105,0.0871897,0.01321254,0.9305207316260253,1.0,0.011627355132646766
CG7914,0.087161876,0.11483563,0.9305428425298532,1.0,0.006454368563428408
Buffy,0.087107435,0.08216147,0.930586116882466,1.0,0.0019932608798823026
t,0.08700809,0.16580929,0.9306650852080538,1.0,0.0018983436951260026
CG34251,0.08688052,0.46225184,0.9307664815389324,1.0,0.0017559679179915523
lncRNA:CR45036,0.086755745,0.14083064,0.9308656678221426,1.0,0.0017559679179915523
CG14695,0.086713225,0.24866591,0.9308994672149714,1.0,0.0017085093256134023
sqa,0.0864263,0.47010672,0.9311275374005381,1.0,0.001518674956100802
CG8243,0.08642034,-0.046895307,0.9311322757608261,1.0,0.06667932229130084
lncRNA:CR43287,0.08641597,0.4487266,0.931135750559922,1.0,0.001518674956100802
CG30203,0.086301126,0.28986633,0.9312270434789596,1.0,0.001471216363722652
CG14937,0.08629835,0.14585778,0.9312292547373621,1.0,0.005979782639646908
CG6362,0.08627291,0.5962642,0.9312494719816529,1.0,0.0014237577713445018
boi,0.08620337,0.54684734,0.9313047537354581,1.0,0.0013762991789663518
Phk-3,0.08617555,0.59706557,0.9313268665297895,1.0,0.0013762991789663518
lok,0.08615727,0.38233125,0.9313413978234995,1.0,0.0013762991789663518
CG42331,0.0859697,0.38009146,0.9314905028542175,1.0,0.0012813819942100518
dhd,0.08595977,0.6965331,0.9314984004335314,1.0,0.0012339234018319016
PGRP-SC2,0.0859248,0.7064541,0.9315261999663645,1.0,0.0012339234018319016
Rab23,0.08583737,0.61243,0.9315956991638303,1.0,0.0011864648094537516
Vajk4,0.08582505,0.49296826,0.9316054922745001,1.0,0.0011864648094537516
AstCC,0.08577299,0.7666789,0.9316468761790584,1.0,0.0011390062170756016
betaggt-I,0.085712194,-0.06703939,0.9316952102862563,1.0,0.031844715485738695
Hn,0.0856955,0.82038194,0.931708478516617,1.0,0.0010915476246974515
CG5339,0.08567245,-0.016947646,0.9317268013421226,1.0,0.047885719709553416
CG6429,0.08567007,0.75429535,0.9317286968088953,1.0,0.0010915476246974515
CG30008,0.08566212,0.5953888,0.931735015034267,1.0,0.0010915476246974515
asRNA:CR45384,0.085650995,0.5538933,0.9317438605570143,1.0,0.0010915476246974515
PGRP-SA,0.0856502,0.53434175,0.9317444923803903,1.0,0.0010915476246974515
Rrp46,0.0855584,0.091760464,0.9318174682695803,1.0,0.009871387214655213
mRpL42,0.08554568,-0.099605314,0.9318275775288798,1.0,0.1111005647572493
CG13606,0.085488856,0.6285865,0.9318727534157302,1.0,0.0009966304399411513
CG13970,0.08544872,1.2167888,0.9319046609925429,1.0,0.0009491718475630013
Reg-2,0.08540421,0.780831,0.9319400437799339,1.0,0.0009491718475630013
CG7560,0.085393086,0.48057902,0.9319488894977993,1.0,0.0009491718475630013
Dmel_CR43051,0.08535215,1.065965,0.9319814291751222,1.0,0.0009017132551848512
Tie,0.085338645,0.94463766,0.9319921704527895,1.0,0.0009017132551848512
CG4000,0.08533785,1.068706,0.931992802293038,1.0,0.0009017132551848512
CG31288,0.08532751,0.7545322,0.9320010162201682,1.0,0.0009017132551848512
GstZ2,0.0853152,-0.066285826,0.9320108097581338,1.0,0.05296378909401547
asRNA:CR46058,0.08527228,1.2637624,0.9320449292611097,1.0,0.0008542546628067012
Osi17,0.08516697,0.9941695,0.932128648940894,1.0,0.000806796070428551
CG9631,0.08509981,1.6014484,0.9321820403741428,1.0,0.000759337478050401
CG4259,0.08509187,1.3888125,0.9321883589071507,1.0,0.000759337478050401
Elovl7,0.08492099,1.771234,0.9323242083997455,1.0,0.0006644202932941009
Srg3,0.08490986,1.2285714,0.9323330544816222,1.0,0.0006644202932941009
Gr2a,0.08476123,3.179535,0.9324512136619234,1.0,0.0005695031085378008
CG13280,0.08474613,1.7830129,0.9324632192234832,1.0,0.0005695031085378008
CG11200,0.08468295,-0.025787283,0.9325134531871413,1.0,0.010535807507949314
CG16989,0.08454585,-0.036826007,0.9326224523342547,1.0,0.025864932846091784
ima,0.08395056,-0.033767786,0.9330957444170681,1.0,0.040956765222343504
lncRNA:CR44498,0.083915584,0.15191612,0.9331235486945124,1.0,0.004650942053058707
S-Lap1,0.08358813,0.027422369,0.9333839017922633,1.0,0.004698400645436856
Rev1,0.083468124,-0.020335268,0.9334793242524193,1.0,0.01542404252289877
CG3587,0.08279256,-0.01699003,0.9340164883468107,1.0,0.019790233021688575
wfs1,0.08266936,-0.06788573,0.9341144450454484,1.0,0.016515590147596224
spag,0.082195275,-0.092695214,0.9344914296343979,1.0,0.03701770205495705
Tmtc4,0.08149865,-0.014281014,0.9350453992510254,1.0,0.008684922405201462
CG5435,0.08125108,0.028233124,0.9352422825223218,1.0,0.003464477243604955
CG44085,0.081092514,-0.00239876,0.9353683783840647,1.0,0.0033695600588486544
CG8679,0.080926806,0.07135764,0.9355001645135851,1.0,0.011579896540268616
Sting,0.08090653,0.41611415,0.9355162823630205,1.0,0.002942432727445304
beta-PheRS,0.08070387,-0.033392876,0.9356774623098817,1.0,0.018793602581747424
CG10710,0.08067804,0.17232217,0.9356980050416787,1.0,0.002989891319823454
CG1750,0.08048133,-0.0725118,0.9358544472487509,1.0,0.020359736130226378
Delta,0.08038953,-0.021304844,0.9359274544600046,1.0,0.008162877889041811
CG12259,0.08038873,0.016687421,0.9359280865594252,1.0,0.02937686868207489
pita,0.08035217,-0.035696797,0.9359571631764194,1.0,0.03796687390252005
CG4645,0.08015546,-0.05267316,0.9361136094830647,1.0,0.0767880024678468
Dop1R2,0.08014076,-0.12359705,0.9361253035485773,1.0,0.13378577191400504
Mys45A,0.079908684,-0.052487433,0.9363098819737442,1.0,0.05149257273029282
CG31904,0.07988087,0.15983196,0.9363320063299797,1.0,0.0025627639884201036
lncRNA:CR44619,0.07984351,0.32658625,0.9363617162571136,1.0,0.002467846803663803
net,0.079810135,0.049111813,0.9363882656286752,1.0,0.0026102225807982534
Phyhd1,0.07974496,-0.24046335,0.9364401003198359,1.0,0.01385790897441982
lncRNA:CR43199,0.079711184,-0.046821296,0.9364669659669957,1.0,0.013288405865882019
lncRNA:Irar,0.0796321,0.044543,0.9365298634708568,1.0,0.0025153053960419534
asRNA:CR45943,0.07934717,0.24201351,0.9367564874071885,1.0,0.002230553841773053
lectin-24Db,0.078970045,-0.12323643,0.9370564480242177,1.0,0.002183095249394903
GstE9,0.07888659,0.106522605,0.937122826187089,1.0,0.0020881780646386026
CG14823,0.078695446,0.15448162,0.9372748654346981,1.0,0.0019458022875041526
CG11456,0.07867319,-0.09719566,0.9372925666185011,1.0,0.03967538322813345
Ns3,0.07851225,-0.01728733,0.9374205850305086,1.0,0.02244791419486498
CG30001,0.07836124,0.45451584,0.9375407025424215,1.0,0.0016610507332352523
CG13067,0.07827779,0.18282403,0.937607083882662,1.0,0.0017085093256134023
srp,0.07811168,0.065262765,0.9377392156500501,1.0,0.001613592140857102
lncRNA:CR46083,0.07794875,0.3094264,0.9378688202453378,1.0,0.001471216363722652
tx,0.07778741,0.7397533,0.9379971620275696,1.0,0.0013288405865882018
Fancd2,0.07758116,0.6219626,0.9381612268972863,1.0,0.0012339234018319016
lncRNA:CR45540,0.07755931,0.5559725,0.9381786135017961,1.0,0.0012339234018319016
lncRNA:CR44526,0.07747983,0.044413175,0.938241837766588,1.0,0.0012339234018319016
CG17261,0.07745281,0.46940112,0.9382633341053274,1.0,0.0011864648094537516
squ,0.07742618,0.23345034,0.9382845143654421,1.0,0.005457738123487257
lbl,0.07740234,0.765194,0.9383034817996189,1.0,0.0011390062170756016
CG14805,0.07739558,-0.023826411,0.9383088559123336,1.0,0.04997389777419202
CG16984,0.07738763,0.55483526,0.9383151784014776,1.0,0.0011390062170756016
CG6071,0.07736856,0.50692487,0.9383303523912888,1.0,0.0011390062170756016
Ctf4,0.077308156,0.61191773,0.9383784035067337,1.0,0.0010915476246974515
elg1,0.07728113,0.50129956,0.9383999001310356,1.0,0.0010915476246974515
CG8419,0.07724457,0.8332904,0.9384289838706608,1.0,0.0010440890323193013
CG14565,0.077187344,1.1520423,0.9384745064106015,1.0,0.0009966304399411513
CG10803,0.07709833,-0.09297608,0.9385453196501191,1.0,0.14674196763324
Cyt-c1L,0.07707449,0.9621413,0.9385642875646782,1.0,0.0009491718475630013
CG8607,0.07704866,0.0029535925,0.9385848361781196,1.0,0.010393431730814863
ninaG,0.0769815,0.9807144,0.9386382627644262,1.0,0.0009017132551848512
CG6398,0.076942556,0.6321475,0.9386692439883537,1.0,0.0009017132551848512
TwdlV,0.0769052,1.0301199,0.938698960759758,1.0,0.0008542546628067012
E(spl)m6-BFM,0.07688533,0.9137816,0.9387147675878424,1.0,0.0008542546628067012
CG15221,0.07681539,1.1331728,0.938770407814759,1.0,0.000806796070428551
CG31431,0.07681142,1.1159347,0.9387735692002657,1.0,0.000806796070428551
CG42703,0.07680824,1.216924,0.9387760983093658,1.0,0.000806796070428551
sim,0.07676333,-0.03927867,0.9388118220413629,1.0,0.011200227801243415
CG13692,0.076735914,1.3563516,0.938833635708185,1.0,0.000759337478050401
CG14245,0.07670889,1.1926309,0.9388551332798135,1.0,0.000759337478050401
lncRNA:CR45402,0.07670651,0.7779031,0.9388570301265087,1.0,0.000759337478050401
pyx,0.07670174,0.84151083,0.9388608238209397,1.0,0.000759337478050401
cpa,0.07668783,-0.03968121,0.9388718887709555,1.0,0.05130273836078022
CG8236,0.07663497,1.1855298,0.9389139356886337,1.0,0.0007118788856722509
Npc2h,0.07662941,1.3946338,0.9389183616898773,1.0,0.0007118788856722509
Cyp6d4,0.0766167,0.6081975,0.9389284782712338,1.0,0.0007118788856722509
ckd,0.076561056,1.8561727,0.9389727384305387,1.0,0.0006644202932941009
asRNA:CR42860,0.0765539,1.3646752,0.9389784290361299,1.0,0.0006644202932941009
CG16926,0.076464094,1.4395679,0.9390498780158595,1.0,0.0006169617009159508
lncRNA:CR45740,0.07645853,1.2709696,0.9390543040749963,1.0,0.0006169617009159508
CG33120,0.07638859,2.3624144,0.9391099461218533,1.0,0.0005695031085378008
Acox57D-d,0.07638144,2.0877626,0.9391156368024974,1.0,0.0005695031085378008
CG13069,0.07620738,2.6302323,0.9392541109891236,1.0,0.00047458592378150065
Sfp77F,0.07620738,2.6380448,0.9392541109891236,1.0,0.00047458592378150065
CG15873,0.076126315,19.294313,0.9393186064429974,1.0,0.0004271273314033506
CG45095,0.076126315,19.14046,0.9393186064429974,1.0,0.0004271273314033506
miple2,0.07610008,-0.047698975,0.939339472704489,1.0,0.03530919272934365
Klp64D,0.07579847,-0.045313455,0.9395794377014934,1.0,0.11613117554933321
CG13579,0.0756101,-0.092253275,0.9397293000491435,1.0,0.03948554885862085
glob1,0.07553022,-0.135414,0.939792849917265,1.0,0.08504579754164492
Fer3,0.07493811,0.24873647,0.9402639529078515,1.0,0.0042238147216553555
asRNA:CR45164,0.074776374,-0.034633834,0.9403926403866959,1.0,0.004603483460680556
GatA,0.074463226,-0.026453221,0.9406417989434323,1.0,0.024061506335722082
Meics,0.07443541,0.0048174183,0.9406639325990953,1.0,0.02221062123297423
MED23,0.07438852,0.13183865,0.940701243722377,1.0,0.004128897536899056
CG14220,0.07417949,-0.029429931,0.9408675643793548,1.0,0.025912391438469934
tej,0.07358658,0.06363875,0.9413393472472149,1.0,0.003796687390252005
udt,0.07357228,0.039477453,0.94135073100304,1.0,0.02121399079303308
CG18273,0.073410936,-0.07936605,0.9414791153004968,1.0,0.009301884106117413
CG15387,0.07335769,-0.020786345,0.9415214887769316,1.0,0.018319016657965925
pk,0.073340595,-0.03946031,0.9415350862708739,1.0,0.0038441459826301554
senju,0.07304852,-0.043073814,0.9417675111828347,1.0,0.02054957049973898
Tsf2,0.07296387,-0.0509797,0.9418348679013245,1.0,0.025912391438469934
Rrp45,0.0726098,0.079794735,0.9421166321997314,1.0,0.00773575055763846
Hey,0.07233162,0.0102324,0.9423380009290234,1.0,0.0031797256893360544
LanB1,0.072304204,-0.093277484,0.9423598218023533,1.0,0.003227184281714204
hebe,0.07213054,0.1044173,0.9424980216707356,1.0,0.002989891319823454
TAF1B,0.072068945,-0.03137001,0.9425470403468036,1.0,0.013383323050638317
sisRNA:CR46364,0.0720455,0.063567355,0.9425656991258503,1.0,0.002989891319823454
alka,0.07204272,0.20430808,0.9425679128813883,1.0,0.0028475155426890037
Acat1,0.07193025,-0.028097166,0.942657412226624,1.0,0.008067960704285511
CG42394,0.07151498,-0.12764765,0.9429879019384542,1.0,0.03663803331593185
lncRNA:CR43635,0.07139775,0.23871881,0.9430811998561367,1.0,0.002467846803663803
Gr77a,0.07119866,0.09372963,0.9432396499727221,1.0,0.0024203882112856533
MP1,0.071039304,-0.029562099,0.9433664749381677,1.0,0.00726116463385696
CG12134,0.07098367,0.02411538,0.9434107533192541,1.0,0.00692895448720991
lncRNA:CR45530,0.070857696,0.08335661,0.9435110128710169,1.0,0.002230553841773053
BBS9,0.07069993,0.3592943,0.9436365757798877,1.0,0.002040719472260453
CG1638,0.07069794,0.34423846,0.9436381571856619,1.0,0.002040719472260453
Tep4,0.070662975,0.19538626,0.9436659899636433,1.0,0.0020881780646386026
Prip,0.07064986,0.23892732,0.94367642727312,1.0,0.0020881780646386026
CG32536,0.07063675,0.27259114,0.9436868645922668,1.0,0.002040719472260453
CG3223,0.07059343,-0.023659833,0.9437213394423899,1.0,0.0388685871577049
CG5346,0.07056601,0.20833097,0.9437431630258586,1.0,0.002040719472260453
Cyp4ac3,0.070446,0.24795508,0.943838681235665,1.0,0.0019458022875041526
asRNA:CR43889,0.070352614,-0.07784581,0.9439130088782112,1.0,0.0019932608798823026
asRNA:CR44969,0.070198424,-0.030563787,0.9440357296288076,1.0,0.0018983436951260026
dx,0.07019206,-0.07475628,0.9440407903068537,1.0,0.0018983436951260026
Ent1,0.0700955,-0.008432872,0.944117649632195,1.0,0.031180295192444592
asRNA:CR44370,0.069805406,-0.074484326,0.9443485470278783,1.0,0.0016610507332352523
CG15579,0.06976725,0.2614688,0.9443789119651962,1.0,0.001566133548478952
CG17928,0.06974659,0.05481214,0.9443953596733243,1.0,0.001613592140857102
CG31077,0.069667906,0.6415603,0.9444579877019629,1.0,0.001471216363722652
mtsh,0.06965956,0.328055,0.9444646300887802,1.0,0.001518674956100802
CG12857,0.06961187,0.39941534,0.9445025866589406,1.0,0.001471216363722652
asRNA:CR45549,0.06933807,0.7827238,0.9447205230686153,1.0,0.0012813819942100518
Gldc,0.06919501,0.11285807,0.9448343956986381,1.0,0.0012813819942100518
CG34056,0.0691803,0.44328934,0.9448460993384223,1.0,0.0012339234018319016
CG17129,0.06911792,0.6040576,0.9448957608612595,1.0,0.0011864648094537516
Fit2,0.06907301,0.83848006,0.9449315046376346,1.0,0.0011390062170756016
CG5707,0.069035254,0.20858325,0.9449615548009054,1.0,0.0011864648094537516
CG2930,0.06902612,0.5717666,0.9449688301153694,1.0,0.0011390062170756016
lncRNA:CR44784,0.069006644,0.99290526,0.9449843297136631,1.0,0.0010915476246974515
Drip,0.0689983,0.4612042,0.944990972405022,1.0,0.0011390062170756016
lncRNA:CR43423,0.06897962,0.24336569,0.9450058393947798,1.0,0.0011390062170756016
TTLL3B,0.06897366,0.24829395,0.9450105841827773,1.0,0.0011390062170756016
CG5276,0.06887034,-0.060787056,0.9450928274845467,1.0,0.02216316264059608
Rbf2,0.068869546,0.7434445,0.9450934601275989,1.0,0.0010440890323193013
RhoU,0.06886319,0.6491495,0.9450985212732627,1.0,0.0010440890323193013
CG17490,0.0688461,0.054784954,0.9451121231132144,1.0,0.0010915476246974515
lncRNA:CR43437,0.068821065,0.33326015,0.9451320514192482,1.0,0.0010440890323193013
CG9449,0.06874993,0.4035879,0.9451886733015016,1.0,0.0009966304399411513
ihog,0.06867323,0.48775008,0.9452497240210873,1.0,0.0009491718475630013
Acox57D-p,0.068666875,0.5640998,0.945254785235077,1.0,0.0009491718475630013
Mink,0.06865734,0.39675516,0.9452623770602048,1.0,0.0009491718475630013
CG7906,0.06863469,1.1072744,0.9452804076648057,1.0,0.0009017132551848512
Tm2,0.06860846,0.010909385,0.9453012852419947,1.0,0.005695031085378007
Wdr92,0.06858621,0.034253962,0.9453189995793745,1.0,0.034170186512268046
lncRNA:CR45474,0.06857269,0.51600283,0.9453297547259754,1.0,0.0009017132551848512
Mst36Fa,0.06852699,0.9630096,0.945366132501554,1.0,0.0008542546628067012
CG31337,0.06851984,0.8686627,0.9453718264245664,1.0,0.0008542546628067012
lncRNA:CR45048,0.06842248,0.6437824,0.9454493273207282,1.0,0.000806796070428551
bez,0.06834419,0.6354736,0.9455116447423515,1.0,0.000759337478050401
CG32640,0.06834181,0.8202854,0.9455135427401223,1.0,0.000759337478050401
snoRNA:lola-d,0.0683275,0.7751497,0.945524930733242,1.0,0.000759337478050401
CG10877,0.06832433,0.5667416,0.9455274613998914,1.0,0.000759337478050401
lncRNA:CR45169,0.06827226,1.1255386,0.9455689011444562,1.0,0.0007118788856722509
Muc14A,0.06823769,-0.25280356,0.9455964222775841,1.0,0.006549285748184709
Best1,0.06820272,-0.060591854,0.9456242598116267,1.0,0.04323477765649471
CG3397,0.068196364,1.5436473,0.9456293211885869,1.0,0.0006644202932941009
Cyp4p1,0.06819318,1.6372774,0.94563185187789,1.0,0.0006644202932941009
CG30050,0.06817332,1.1825874,0.9456476686984637,1.0,0.0006644202932941009
CG14022,0.06817093,1.172434,0.9456495667183724,1.0,0.0006644202932941009
Arg,0.068127215,0.13678499,0.9456843638046964,1.0,0.005220445161596507
CG34301,0.068104565,1.8085015,0.9457023950629211,1.0,0.0006169617009159508
Grl58a,0.0680998,1.6876034,0.9457061911208289,1.0,0.0006169617009159508
CG5783,0.06809304,1.3588854,0.9457115688716419,1.0,0.0006169617009159508
lncRNA:CR44702,0.068084694,0.9851635,0.9457182119790027,1.0,0.0006169617009159508
CG12985,0.06801038,1.7333405,0.9457773674347596,1.0,0.0005695031085378008
Mkp,0.06800959,1.6325449,0.9457780001150473,1.0,0.0005695031085378008
lncRNA:CR43363,0.06792653,2.1597507,0.9458441153935453,1.0,0.0005220445161596507
CG34446,0.06792256,1.8095617,0.9458472788133537,1.0,0.0005220445161596507
Cyp6a22,0.067913815,1.1709695,0.9458542383399378,1.0,0.0005220445161596507
CG11828,0.06783633,2.179123,0.9459159252334152,1.0,0.00047458592378150065
Gcst,0.06783315,2.033913,0.94591845598469,1.0,0.00047458592378150065
asRNA:CR45376,0.06782997,1.5889149,0.9459209867365107,1.0,0.00047458592378150065
CG34124,0.06775645,4.1306148,0.9459795105245413,1.0,0.0004271273314033506
Spn42De,0.06775407,3.4795668,0.9459814085982248,1.0,0.0004271273314033506
asRNA:CR45270,0.067667834,19.41057,0.9460500558024446,1.0,0.0003796687390252005
CG14069,0.067667834,19.503923,0.9460500558024446,1.0,0.0003796687390252005
CG1529,0.06744529,0.08971315,0.946227211727349,1.0,0.0049831521997057565
nerfin-2,0.06741827,0.047688242,0.9462487236994466,1.0,0.0049831521997057565
Alg10,0.06730462,-0.031222686,0.9463392009521351,1.0,0.026719187508898488
crn,0.067092806,-0.03260222,0.9465078194962326,1.0,0.03042095771439419
CG30054,0.06667912,-0.06339104,0.9468371545505571,1.0,0.010013762991789663
lncRNA:CR45180,0.06660719,0.015773315,0.9468944173858829,1.0,0.004650942053058707
agt,0.066307165,-0.024157055,0.9471332791296408,1.0,0.025105595368041383
CG14609,0.066201456,0.11775606,0.9472174355261422,1.0,0.0042238147216553555
RPA3,0.06617086,-0.04379811,0.9472417966982414,1.0,0.0368753262778226
CG8173,0.065980904,-0.030033452,0.9473930268952199,1.0,0.019458022875041527
sPLA2,0.06588951,-0.019680468,0.9474657952389884,1.0,0.08618480375872052
Jheh3,0.06559981,-0.020046018,0.9476964421432216,1.0,0.004176356129277205
CG2694,0.06538203,0.044929117,0.9478698256934734,1.0,0.003891604575008305
l(2)k09848,0.06516943,-0.024674056,0.9480390985119196,1.0,0.024346257889990983
CG10344,0.06499458,0.23046033,0.9481783152981377,1.0,0.003464477243604955
CG13071,0.064899206,-0.21265167,0.9482542523941033,1.0,0.0040339803521427554
Gtf3c3,0.06468382,-0.053944107,0.9484257453974287,1.0,0.008874756774714061
CG42561,0.064116344,0.14194393,0.948877587091277,1.0,0.0030848085045797544
CG43843,0.064021766,-0.06380304,0.9489528956425278,1.0,0.0031797256893360544
Cib2,0.06399554,0.08317158,0.948973779607278,1.0,0.003037349912201604
CG14696,0.063677624,-0.010132958,0.9492269213572326,1.0,0.002942432727445304
CG42360,0.06366213,-0.026069535,0.9492392621487521,1.0,0.047695885340040815
RnrL,0.06350317,-0.025614114,0.949365835071806,1.0,0.002894974135067154
Kif3C,0.0633009,-0.09137255,0.9495269009633218,1.0,0.07227943619192255
Seipin,0.063093856,0.018633308,0.9496917662218254,1.0,0.0026102225807982534
CycB3,0.06295994,0.28557962,0.9497984076612982,1.0,0.002372929618907503
CG4496,0.062924966,-0.12833183,0.9498262548322005,1.0,0.0026102225807982534
CG31473,0.062645994,0.0816099,0.9500484015005394,1.0,0.0023254710265293533
asRNA:CR45865,0.06259354,0.15625189,0.9500901731031046,1.0,0.002230553841773053
Jhbp6,0.0625693,0.29756808,0.9501094766930567,1.0,0.002183095249394903
Mccc2,0.062489823,0.08488018,0.950172767357222,1.0,0.002230553841773053
CG6959,0.062285166,-0.10760629,0.9503357422633301,1.0,0.09909354088557733
asRNA:CR45907,0.062279206,0.008634746,0.950340489136424,1.0,0.006976413079588059
lncRNA:CR46084,0.062132567,0.21295409,0.9504572627690091,1.0,0.0019932608798823026
tobi,0.06209243,0.35320917,0.9504892253851727,1.0,0.0018983436951260026
Tbp,0.06184128,-0.008749645,0.9506892308890273,1.0,0.026149684400360685
asRNA:CR45195,0.06181704,0.07030469,0.9507085353823059,1.0,0.0018508851027478526
CG14877,0.061635826,0.23659071,0.9508528452968606,1.0,0.0017085093256134023
twe,0.06161516,0.010949413,0.9508693017930959,1.0,0.006596744340562859
Cyp311a1,0.06161119,0.010759469,0.9508724665063129,1.0,0.0017559679179915523
gcm2,0.061607216,0.39543498,0.9508756312203045,1.0,0.0016610507332352523
CarT,0.06153688,0.17779835,0.950931646786136,1.0,0.0016610507332352523
Muc12Ea,0.06122413,-0.1532216,0.9511807132790693,1.0,0.00730862322623511
CG6660,0.061218567,0.59821814,0.9511851439841965,1.0,0.0014237577713445018
asRNA:CR45501,0.061191544,0.4804239,0.9512066645734205,1.0,0.0014237577713445018
RecQ4,0.061133523,0.4730653,0.9512528706646055,1.0,0.0013762991789663518
Cyp6a23,0.061007947,0.08373911,0.9513528789298425,1.0,0.0013762991789663518
CG8646,0.061002385,0.45349315,0.9513573096935065,1.0,0.0013288405865882018
CG14247,0.06094675,0.27102482,0.9514016174128299,1.0,0.0013288405865882018
CG18507,0.060899064,0.13015027,0.951439595577546,1.0,0.0013288405865882018
CG14961,0.0608935,0.3317551,0.9514440263706154,1.0,0.0012813819942100518
lncRNA:CR44718,0.06060976,0.17453302,0.951669998804551,1.0,0.0011390062170756016
mt:tRNA:Ala-TGC,0.06057161,0.42756402,0.9517003819495898,1.0,0.0010915476246974515
halo,0.06048657,0.5315196,0.951768111296368,1.0,0.0010440890323193013
asRNA:CR44961,0.06048101,0.5578991,0.9517725422003601,1.0,0.0010440890323193013
CG9396,0.060473856,0.39680958,0.9517782390791122,1.0,0.0010440890323193013
CG30187,0.060453985,0.29839703,0.9517940637552417,1.0,0.0010440890323193013
CG14130,0.06043928,-0.013788928,0.9518057740278154,1.0,0.020217360353091927
CG31769,0.06041663,0.73666126,0.9518238141978198,1.0,0.0009966304399411513
CG12885,0.060380865,0.49966037,0.9518522987270363,1.0,0.0009966304399411513
Gbp3,0.060360994,0.32032487,0.951868123492072,1.0,0.0009966304399411513
flap,0.06035225,0.27035585,0.9518750863947008,1.0,0.0009966304399411513
sut1,0.06029821,0.34889916,0.9519181298743032,1.0,0.0009491718475630013
TpnC73F,0.060223497,0.501405,0.951977631385879,1.0,0.0009017132551848512
CG12923,0.060217936,0.40127057,0.9519820623602214,1.0,0.0009017132551848512
asRNA:CR44095,0.06020045,0.28572917,0.951995988289247,1.0,0.0009017132551848512
CG7408,0.060186144,0.2255212,0.9520073822420804,1.0,0.0009017132551848512
CG31103,0.060147993,0.7561019,0.952037766164259,1.0,0.0008542546628067012
CG15412,0.06014402,0.6971547,0.9520409311601629,1.0,0.0008542546628067012
TwdlW,0.060141634,0.6991078,0.9520428301580682,1.0,0.0008542546628067012
lncRNA:CR43890,0.06006772,0.830108,0.9521016992281502,1.0,0.000806796070428551
Gas8,0.060066923,0.7892209,0.9521023322303247,1.0,0.000806796070428551
CG43813,0.060062155,0.7971564,0.9521061302440063,1.0,0.000806796070428551
mthl3,0.060039904,0.4525506,0.9521238543222352,1.0,0.000806796070428551
Ctns,0.060039107,0.62212306,0.9521244873254672,1.0,0.000806796070428551
GNBP2,0.060000163,1.1582239,0.9521555045208262,1.0,0.000759337478050401
mt:tRNA:Leu-TAG,0.059930224,0.23377721,0.9522112090536061,1.0,0.000759337478050401
asRNA:CR46044,0.05990002,1.0377058,0.9522352633558677,1.0,0.0007118788856722509
RpS5b,0.059899226,0.82931197,0.9522358963644098,1.0,0.0007118788856722509
Adh,0.05986346,0.44983652,0.9522643817799841,1.0,0.0007118788856722509
lncRNA:CR46110,0.059820544,1.2665124,0.9522985643591746,1.0,0.0006644202932941009
Gagr,0.05980544,1.0372027,0.9523105915838387,1.0,0.0006644202932941009
CG6569,0.059795108,0.9183453,0.9523188207438149,1.0,0.0006644202932941009
Cpr47Eg,0.059782393,0.59591985,0.9523289489476878,1.0,0.0006644202932941009
Cyp9h1,0.059771266,0.48257983,0.9523378111323929,1.0,0.0006644202932941009
Sodq,0.05971722,1.0309864,0.952380856113351,1.0,0.0006169617009159508
CG9444,0.059714835,0.8808954,0.9523827551598292,1.0,0.0006169617009159508
CG2533,0.05971404,0.9282449,0.952383388175382,1.0,0.0006169617009159508
CG8468,0.05971404,0.74179137,0.952383388175382,1.0,0.0006169617009159508
CG34266,0.05971325,1.032269,0.9523840211909649,1.0,0.0006169617009159508
mt:tRNA:Val-TAC,0.05971245,0.89421487,0.9523846542065778,1.0,0.0006169617009159508
CG34291,0.059711657,0.78836477,0.9523852872222207,1.0,0.0006169617009159508
CG17005,0.059703708,0.58696353,0.9523916173803024,1.0,0.0006169617009159508
vnc,0.05963377,1.0728341,0.9524473229008987,1.0,0.0005695031085378008
Gr43a,0.059632972,1.1817526,0.9524479559195138,1.0,0.0005695031085378008
h-cup,0.059625026,0.5955734,0.9524542861073152,1.0,0.0005695031085378008
CG7724,0.05954793,1.3304099,0.9525156890846033,1.0,0.0005220445161596507
CG31272,0.059544753,1.3439512,0.9525182211721952,1.0,0.0005220445161596507
CG12853,0.059539985,1.1483743,0.9525220193044819,1.0,0.0005220445161596507
CG31832,0.059466865,1.9142702,0.9525802574678653,1.0,0.00047458592378150065
CG43448,0.059463684,1.6510446,0.9525827895676721,1.0,0.00047458592378150065
lncRNA:CR45478,0.059454944,0.8669491,0.9525897528446089,1.0,0.00047458592378150065
CG43402,0.059380233,2.461083,0.9526492573587253,1.0,0.0004271273314033506
CG5966,0.05937785,1.9954228,0.9526511564433117,1.0,0.0004271273314033506
snoRNA:Psi28S-2996,0.059375465,1.6667331,0.9526530555281669,1.0,0.0004271273314033506
Cyp4d20,0.059295986,3.3771212,0.9527163585104549,1.0,0.0003796687390252005
arx,0.059295587,-0.07853821,0.9527166750261162,1.0,0.0055526553082435575
lncRNA:CR45622,0.059294395,3.0368686,0.9527176245731449,1.0,0.0003796687390252005
asRNA:CR45611,0.059294395,3.1868289,0.9527176245731449,1.0,0.0003796687390252005
MESK4,0.05929281,2.6200407,0.9527188906359544,1.0,0.0003796687390252005
CG12310,0.05929201,2.2962298,0.9527195236674038,1.0,0.0003796687390252005
FarO,0.059209354,19.11352,0.9527853591009496,1.0,0.00033221014664705045
lncRNA:CR44313,0.059209354,19.411417,0.9527853591009496,1.0,0.00033221014664705045
synr,0.059126697,-0.10464098,0.9528511948567011,1.0,0.005505196715865407
asRNA:CR45009,0.058808386,-0.022848047,0.9531047288213296,1.0,0.08623226235109867
CG8272,0.05815865,-0.08172656,0.9536222566734708,1.0,0.016610507332352524
Tsen54,0.05800645,-0.02506055,0.9537434908036714,1.0,0.004603483460680556
Nct,0.057841532,-0.01237293,0.9538748553643648,1.0,0.02377675478145318
CG16790,0.057679795,0.08963954,0.9540036888133012,1.0,0.012386692610697166
CG7131,0.057675026,0.053926315,0.9540074873607655,1.0,0.004176356129277205
CG18764,0.05761462,0.01921138,0.9540556023857112,1.0,0.008874756774714061
CCDC53,0.057237893,0.013364099,0.9543556919711511,1.0,0.017939347918940723
CG31643,0.05713298,-0.04564104,0.9544392623765402,1.0,0.009064591144226662
tank,0.056972437,-0.0195972,0.9545671513906392,1.0,0.02951924445920934
Polr2E,0.05690965,-0.030133834,0.9546171677095845,1.0,0.04081438944520906
CG12863,0.05657743,0.057907157,0.9548818139873018,1.0,0.008115419296663661
CG11668,0.0564447,-0.14791359,0.9549875472656865,1.0,0.0038441459826301554
Polr3I,0.056261502,-0.011806058,0.955133485816015,1.0,0.049641687627544964
Nepl15,0.05621382,0.053458363,0.9551714744057649,1.0,0.003464477243604955
CG17266,0.056131955,-0.020720134,0.9552366883889136,1.0,0.00840017085093256
Tmtc2,0.056043733,-0.08984924,0.955306967871272,1.0,0.2932941008969674
CG15728,0.055967037,0.21214789,0.9553680669829053,1.0,0.003132267096957904
CG3534,0.055928886,-0.012131498,0.9553984583485621,1.0,0.013193488681125718
bdwf,0.05588875,-0.014557053,0.9554304326678449,1.0,0.0386787527881923
KFase,0.055864908,-0.0016195775,0.9554494273469268,1.0,0.008115419296663661
CG11771,0.055800132,-0.054252222,0.9555010296861344,1.0,0.04926201888851977
asRNA:CR45815,0.05544844,0.08221511,0.9557812051458292,1.0,0.002942432727445304
lncRNA:CR44965,0.054929446,-0.17686132,0.9561946717834494,1.0,0.002894974135067154
Karl,0.054862686,-0.12878534,0.9562478597740138,1.0,0.002800056950310854
CG11686,0.054493908,0.096796356,0.9565416636066032,1.0,0.0024203882112856533
CG42578,0.054469664,0.15394005,0.9565609763502596,1.0,0.002372929618907503
mei-218,0.05429084,0.35891297,0.9567034481972131,1.0,0.002183095249394903
Mst77F,0.054030944,0.054537516,0.9569105097461578,1.0,0.002183095249394903
CG14984,0.05402538,0.26670775,0.9569149422882174,1.0,0.0020881780646386026
CG15353,0.053697933,0.09238412,0.9571758313916268,1.0,0.0019932608798823026
lncRNA:CR44566,0.05366415,0.037247576,0.9572027437572276,1.0,0.0019458022875041526
CG33912,0.053567585,0.0760983,0.957279681730218,1.0,0.0018983436951260026
CG13690,0.053491686,0.4699433,0.9573401558896092,1.0,0.0017559679179915523
scaRNA:MeU5-C46,0.053449165,0.06269449,0.957374034190939,1.0,0.0018508851027478526
RfC3,0.053359352,0.15227161,0.9574455904822458,1.0,0.0061221584167813585
lncRNA:CR45279,0.053252056,0.18454348,0.9575310785364125,1.0,0.0017085093256134023
CG13679,0.053235367,0.09606813,0.9575443767220974,1.0,0.0017085093256134023
nAChRbeta3,0.053219073,-0.14278981,0.9575573582957105,1.0,0.0017559679179915523
CG17219,0.05317258,0.3996281,0.9575944033359519,1.0,0.001613592140857102
lncRNA:CR45181,0.053044222,0.2720152,0.9576966734521354,1.0,0.001566133548478952
CG18343,0.05303707,0.20611203,0.9577023727360748,1.0,0.001566133548478952
sncRNA:CR43701,0.052841153,-0.06618325,0.9578584706302347,1.0,0.001518674956100802
CG31371,0.05274737,0.18753102,0.9579331955494451,1.0,0.0014237577713445018
CG5050,0.052660342,0.15565383,0.9580025380721121,1.0,0.0013762991789663518
lncRNA:CR45745,0.052595567,0.26931357,0.9580541493797775,1.0,0.0013288405865882018
asRNA:CR46137,0.052532777,-0.015473666,0.9581041776863238,1.0,0.0013288405865882018
mRpL39,0.052519664,-0.015041091,0.9581146266572635,1.0,0.058611361587015326
CG8160,0.05248668,0.44066483,0.9581409074341635,1.0,0.0012339234018319016
CG9812,0.05240005,0.18865043,0.9582099342696168,1.0,0.0012339234018319016
exp,0.05236945,0.32818118,0.9582343153827391,1.0,0.0011864648094537516
CG13377,0.052363094,0.36862352,0.9582393815929666,1.0,0.0011864648094537516
asRNA:CR45151,0.05224904,0.30991596,0.958330257025212,1.0,0.0011390062170756016
odd,0.05220652,0.4984591,0.9583641375514906,1.0,0.0010915476246974515
Obp19d,0.05220215,0.08414304,0.9583676206005127,1.0,0.0011390062170756016
CG7675,0.052143734,0.18827426,0.958414166877335,1.0,0.0010915476246974515
lncRNA:CR45673,0.052094854,0.37334356,0.9584531138709799,1.0,0.0010440890323193013
CG9150,0.052093264,0.37796676,0.9584543804415444,1.0,0.0010440890323193013
yellow-h,0.05208929,0.2659191,0.9584575468684146,1.0,0.0010440890323193013
fit,0.052088097,-0.07967206,0.9584584967966034,1.0,0.0010915476246974515
CG34171,0.052062266,0.11685373,0.9584790785885116,1.0,0.0010440890323193013
CG18249,0.052040808,-0.013190892,0.9584961773289921,1.0,0.0010440890323193013
Nep6,0.05199193,0.20142418,0.9585351245313564,1.0,0.0009966304399411513
CG10927,0.05198716,0.012496811,0.958538924263717,1.0,0.005789948270134308
neb,0.051916424,1.2404244,0.9585952870709723,1.0,0.0009017132551848512
CG3038,0.051887017,0.7129003,0.9586187188607589,1.0,0.0009017132551848512
Est17,0.05187748,0.6965963,0.9586263183678282,1.0,0.0009017132551848512
CG13870,0.05183615,0.3621816,0.9586592496085696,1.0,0.0009017132551848512
CG42521,0.05179681,0.9079416,0.958690597682127,1.0,0.0008542546628067012
resilin,0.05177853,0.6385192,0.9587051634754187,1.0,0.0008542546628067012
CG1136,0.051765814,0.5851406,0.9587152962093184,1.0,0.0008542546628067012
mthl2,0.05176343,0.5191571,0.9587171960976671,1.0,0.0008542546628067012
lncRNA:CR44217,0.051698655,0.7358111,0.9587688098208218,1.0,0.000806796070428551
ldd,0.051697858,0.7533591,0.9587694431191123,1.0,0.000806796070428551
aspr,0.051697064,0.7505615,0.9587700764174288,1.0,0.000806796070428551
Oatp26F,0.051678784,0.54151607,0.9587846422858888,1.0,0.000806796070428551
Psf2,0.05167163,0.41754106,0.9587903419772931,1.0,0.000806796070428551
CG4928,0.05166448,0.16825874,0.958796041670804,1.0,0.000806796070428551
Cyp4ac1,0.051663682,0.32603726,0.958796674970213,1.0,0.000806796070428551
mesh,0.05160368,0.6652539,0.958844489150662,1.0,0.000759337478050401
Coop,0.05159732,0.54311734,0.9588495555625667,1.0,0.000759337478050401
lncRNA:CR32730,0.051596526,0.8304097,0.9588501888641716,1.0,0.000759337478050401
CG13599,0.05157904,0.15380718,0.9588641215060506,1.0,0.000759337478050401
CG15145,0.051554002,1.3860852,0.9588840705378886,1.0,0.0007118788856722509
CG14342,0.051517442,0.83043814,0.958913202503649,1.0,0.0007118788856722509
st,0.051504727,0.59285146,0.9589233353741684,1.0,0.0007118788856722509
asRNA:CR46140,0.0514328,0.7105297,0.9589806495479288,1.0,0.0006644202932941009
HHEX,0.05136008,1.2427,0.9590385972430342,1.0,0.0006169617009159508
dsb,0.051356103,1.1329135,0.95904176378999,1.0,0.0006169617009159508
Wnt6,0.051337026,0.7075154,0.9590569632243718,1.0,0.0006169617009159508
asRNA:CR43243,0.051332258,0.5385188,0.9590607630852932,1.0,0.0006169617009159508
CG13154,0.05125636,0.5934187,0.9591212443301261,1.0,0.0005695031085378008
CG43915,0.051253974,0.7642146,0.9591231442683326,1.0,0.0005695031085378008
CG13912,0.051246025,0.48838082,0.959129477397364,1.0,0.0005695031085378008
lncRNA:CR44748,0.051188402,1.6379279,0.9591753926599588,1.0,0.0005220445161596507
Prx6b,0.051182047,1.353026,0.9591804591799927,1.0,0.0005220445161596507
CG44102,0.05117807,1.322863,0.9591836257558511,1.0,0.0005220445161596507
CG16820,0.0511582,0.52466154,0.9591994586448026,1.0,0.0005220445161596507
CG11842,0.0511582,0.67093533,0.9591994586448026,1.0,0.0005220445161596507
Cpr49Af,0.0510974,1.6796873,0.9592479073849403,1.0,0.00047458592378150065
CG15553,0.051092632,1.3933678,0.9592517072924955,1.0,0.00047458592378150065
Kal1,0.051092632,1.337074,0.9592517072924955,1.0,0.00047458592378150065
CG46304,0.051087864,1.2838106,0.9592555072009766,1.0,0.00047458592378150065
eyg,0.051084682,0.89607704,0.9592580404738117,1.0,0.00047458592378150065
alpha-Man-Ic,0.05108071,0.76238436,0.959261207065434,1.0,0.00047458592378150065
asRNA:CR43916,0.05107753,0.7967133,0.9592637403391947,1.0,0.00047458592378150065
asRNA:CR46139,0.05101355,2.141962,0.9593147225610366,1.0,0.0004271273314033506
Pex7,0.05101355,2.4110527,0.9593147225610366,1.0,0.0004271273314033506
Antdh,0.051011167,2.1035812,0.959316622522832,1.0,0.0004271273314033506
CG10853,0.051008783,1.7995282,0.9593185224848585,1.0,0.0004271273314033506
lncRNA:CR45517,0.050997656,0.8661181,0.9593273889773706,1.0,0.0004271273314033506
Gr98a,0.050922547,2.1719604,0.959387237933372,1.0,0.0003796687390252005
CG13051,0.05091619,1.2979087,0.9593923045221717,1.0,0.0003796687390252005
lncRNA:CR44265,0.050838698,3.8460772,0.9594540537049198,1.0,0.00033221014664705045
lncRNA:CR45937,0.050837904,3.4446912,0.959454687031132,1.0,0.00033221014664705045
lncRNA:CR45742,0.050837904,3.1171885,0.959454687031132,1.0,0.00033221014664705045
asRNA:CR45371,0.05083711,3.0278924,0.9594553203573698,1.0,0.00033221014664705045
CG31041,0.050833136,2.2347915,0.9594584869889425,1.0,0.00033221014664705045
lncRNA:CR44733,0.050750874,18.675264,0.9595240364060948,1.0,0.0002847515542689004
Or24a,0.050750874,18.630978,0.9595240364060948,1.0,0.0002847515542689004
Gr66a,0.050750874,18.601389,0.9595240364060948,1.0,0.0002847515542689004
CG3342,0.050651923,-0.028730156,0.9596028860675216,1.0,0.026244601585116985
Rai1,0.05054304,0.0021786578,0.9596896528182999,1.0,0.028902282758293388
CG17660,0.050065376,-0.046509273,0.9600702921490835,1.0,0.05310616487114992
Charon,0.049654868,-0.04871215,0.9603974212462884,1.0,0.02135636657016753
Pdpr,0.04944465,-0.02365954,0.9605649468638324,1.0,0.019030895543638175
Kdm3,0.04866616,-0.034611084,0.9611853451171264,1.0,0.028902282758293388
CG5116,0.04839593,-0.023322424,0.9614007007145448,1.0,0.003796687390252005
CG18599,0.048136834,0.075675815,0.9616071913735823,1.0,0.00783066774239476
Wdr24,0.04726297,-0.037405595,0.962303641202814,1.0,0.013240947273503868
Gart,0.047107194,-0.16644697,0.9624277953681578,1.0,0.0032746428740923544
lncRNA:CR43256,0.046847694,-0.043069303,0.9626346154252488,1.0,0.00802050211190736
CG33116,0.046640653,-0.045537878,0.9627996298628126,1.0,0.05111290399126762
Pgant5,0.046613235,-0.06909511,0.9628214841018286,1.0,0.13160267666461012
CG7970,0.046584226,0.013874047,0.9628446052836592,1.0,0.016373214370461773
Arp6,0.046433613,-0.060055446,0.9629646458938507,1.0,0.047600968155284515
CG1840,0.046245646,-0.05511344,0.9631144602865327,1.0,0.05666555929951118
VAChT,0.046064835,0.013771904,0.9632585747262058,1.0,0.5178207014379953
CG18213,0.045876868,0.10014901,0.9634083916689152,1.0,0.002230553841773053
tkv,0.045804147,-0.05902583,0.9634663550190179,1.0,0.04646196193820891
CG18420,0.04573619,-0.00625165,0.9635205176682102,1.0,0.002230553841773053
CG2961,0.045728244,0.06022975,0.9635268524919816,1.0,0.002183095249394903
AGO3,0.045645587,0.14928247,0.9635927347956118,1.0,0.0020881780646386026
CG4953,0.045514844,-0.056367297,0.9636969433697662,1.0,0.03208200844762944
Dhc36C,0.04512103,0.20925044,0.9640108398056954,1.0,0.0018034265103697023
CG7409,0.04506142,0.109784245,0.9640583523669766,1.0,0.0018034265103697023
Sph242,0.044904053,0.03864069,0.9641837861415122,1.0,0.0017559679179915523
CG3008,0.04484246,-0.09267627,0.9642328829362149,1.0,0.0390584215272175
CG31436,0.04474748,0.15679112,0.9643085872918082,1.0,0.001613592140857102
lz,0.04472443,-0.022643188,0.964326959108651,1.0,0.0016610507332352523
asRNA:CR46005,0.04471847,0.20844384,0.9643317104436757,1.0,0.001613592140857102
CG3014,0.044452615,-0.033783115,0.9645436212711906,1.0,0.001471216363722652
CG8560,0.044374727,0.13683656,0.9646057062337785,1.0,0.0014237577713445018
lncRNA:CR31386,0.04436996,0.209083,0.9646095073609118,1.0,0.0014237577713445018
bw,0.04435764,0.06778155,0.964619326943062,1.0,0.0014237577713445018
Smyd3,0.04435486,-0.004147387,0.9646215442688063,1.0,0.03431256228940249
CG8736,0.044343732,0.32829133,0.9646304135745192,1.0,0.0013762991789663518
Trf4-2,0.044303197,0.15190162,0.9646627232251876,1.0,0.0013762991789663518
GstD2,0.04426942,0.1444307,0.964689647978402,1.0,0.0013762991789663518
PIG-O,0.044163316,-0.050387744,0.9647742236413991,1.0,0.02766835935646149
CG7737,0.044135895,-0.16437745,0.9647960803378904,1.0,0.025485264107066585
SoYb,0.044123974,0.15489861,0.9648055832576597,1.0,0.0012813819942100518
CG15528,0.044112448,0.11262098,0.9648147694181886,1.0,0.0012813819942100518
OSCP1,0.044079863,0.31333625,0.9648407441042609,1.0,0.0012339234018319016
CG9777,0.04404966,0.14385024,0.9648648182368628,1.0,0.0012339234018319016
betaTub60D,0.044048868,0.19075386,0.9648654517671007,1.0,0.0012339234018319016
CG6749,0.044025023,0.47372058,0.9648844576845499,1.0,0.0011864648094537516
CG4860,0.044017076,-0.0865514,0.9648907929948003,1.0,0.0012339234018319016
lncRNA:CR45170,0.044015486,0.4191526,0.9648920600571164,1.0,0.0011864648094537516
PolZ2,0.043966606,0.002225364,0.964931022266595,1.0,0.032461677186654644
Fmo-2,0.043893088,-0.1218569,0.9649896241214276,1.0,0.0011864648094537516
CG14259,0.04382712,0.29706246,0.965042207568363,1.0,0.0010915476246974515
Fibp,0.043814007,-0.02112869,0.9650526609223219,1.0,0.11219211238194675
CG8191,0.043791357,0.17392753,0.9650707167296695,1.0,0.0010915476246974515
Idgf5,0.043782614,0.634057,0.9650776856425595,1.0,0.0010440890323193013
Oseg2,0.04374923,0.3601402,0.9651042942435806,1.0,0.0010440890323193013
CG15544,0.04374208,0.35768828,0.9651099960917131,1.0,0.0010440890323193013
CG12964,0.043726183,0.34301218,0.965122666871728,1.0,0.0010440890323193013
CG10680,0.04369916,0.70570534,0.9651442072179635,1.0,0.0009966304399411513
CG17118,0.04368088,0.5631433,0.9651587786430765,1.0,0.0009966304399411513
CG8292,0.043678496,0.60401356,0.9651606792646014,1.0,0.0009966304399411513
Odc1,0.04365386,0.47393018,0.9651803190319462,1.0,0.0009966304399411513
CycA,0.043642733,0.31880176,0.9651891886112203,1.0,0.0009966304399411513
CG15617,0.04364035,0.3623963,0.9651910892359108,1.0,0.0009966304399411513
mus301,0.043560077,0.39915872,0.9652550770491658,1.0,0.0009491718475630013
CG15040,0.043558486,0.34156916,0.9652563441368374,1.0,0.0009491718475630013
CG15111,0.043453574,-0.04401817,0.9653399721169806,1.0,0.08238811636846852
Mec2,0.043436885,0.16430365,0.9653532766035415,1.0,0.0009017132551848512
grh,0.043395557,0.45034564,0.9653862210879591,1.0,0.0008542546628067012
asRNA:CR45104,0.04336456,0.15586981,0.9654109294900501,1.0,0.0008542546628067012
CG43675,0.04335979,0.06288447,0.965414730785628,1.0,0.0008542546628067012
ro,0.043284684,0.23017919,0.9654746012945995,1.0,0.000806796070428551
Obp19c,0.04326839,-0.088233754,0.965487589102672,1.0,0.000806796070428551
CG13116,0.043267597,0.052529078,0.9654882226545195,1.0,0.000806796070428551
Pvf2,0.043259647,0.009576441,0.9654945581741929,1.0,0.000806796070428551
CG32284,0.043246135,0.7457569,0.9655053285626369,1.0,0.000759337478050401
CG5704,0.043244544,0.69249636,0.9655065956675735,1.0,0.000759337478050401
CG7458,0.0432366,0.61498463,0.9655129311935629,1.0,0.000759337478050401
CG14820,0.043221496,0.44199488,0.9655249686989404,1.0,0.000759337478050401
lncRNA:CR44499,0.043217525,0.37818262,0.9655281364648194,1.0,0.000759337478050401
CG17177,0.04320083,0.29195318,0.9655414410874514,1.0,0.000759337478050401
Dmel_CG30456,0.04315076,0.6727301,0.9655813550128917,1.0,0.0007118788856722509
CG4210,0.04314202,0.44768324,0.9655883241198306,1.0,0.0007118788856722509
Srr,0.04314202,0.5806937,0.9655883241198306,1.0,0.0007118788856722509
lncRNA:CR44568,0.043111816,0.14739849,0.96561239923675,1.0,0.0007118788856722509
lncRNA:CR45480,0.043058965,0.59612304,0.9656545307667748,1.0,0.0006644202932941009
Crg-1,0.043051414,0.4928533,0.9656605495646082,1.0,0.0006644202932941009
ss,0.04305062,0.4757411,0.9656611831223888,1.0,0.0006644202932941009
lncRNA:CR44442,0.04304267,0.4087794,0.9656675187013859,1.0,0.0006644202932941009
CG42326,0.043039493,0.24925798,0.9656700529335916,1.0,0.0006644202932941009
Pos,0.042978294,0.70945436,0.9657188369711068,1.0,0.0006169617009159508
lncRNA:sphinx,0.042964783,0.5968785,0.9657296074901938,1.0,0.0006169617009159508
asRNA:CR43471,0.0429624,0.47702187,0.9657315081706817,1.0,0.0006169617009159508
lncRNA:CR45364,0.04295445,0.24113616,0.9657378437737144,1.0,0.0006169617009159508
twy,0.042948887,0.1310435,0.9657422786971241,1.0,0.0006169617009159508
asRNA:CR44381,0.04290438,1.1907912,0.9657777581225406,1.0,0.0005695031085378008
CG18268,0.042898815,0.9403338,0.965782193055483,1.0,0.0005695031085378008
CG17010,0.042890072,0.7796442,0.9657891622379592,1.0,0.0005695031085378008
CG16800,0.042887688,0.74064404,0.9657910629245426,1.0,0.0005695031085378008
snoRNA:Psi28S-1175c,0.04288133,0.5126906,0.9657961314230488,1.0,0.0005695031085378008
CG13724,0.042877357,0.57182425,0.9657992992353168,1.0,0.0005695031085378008
CG2157,0.042805824,0.96702564,0.9658563199483939,1.0,0.0005220445161596507
CG45603,0.04280344,0.9920382,0.9658582206418382,1.0,0.0005220445161596507
nenya,0.04279947,0.8768059,0.9658613884646767,1.0,0.0005220445161596507
Cad88C,0.042727936,1.4379839,0.9659184093678522,1.0,0.00047458592378150065
otu,0.042722374,0.9828989,0.9659228443342964,1.0,0.00047458592378150065
CG12708,0.04271363,0.80895704,0.9659298135694098,1.0,0.00047458592378150065
cyr,0.042711247,0.7384879,0.965931714270347,1.0,0.00047458592378150065
exu,0.042704888,0.4806231,0.9659367828071257,1.0,0.00047458592378150065
CG12507,0.042703297,0.25476906,0.9659380499415354,1.0,0.00047458592378150065
CG16756,0.042702504,0.52177733,0.9659386835087725,1.0,0.00047458592378150065
Cpr65Ec,0.042635743,1.3428876,0.9659919032334163,1.0,0.0004271273314033506
CG1394,0.042630177,1.0647472,0.9659963382173111,1.0,0.0004271273314033506
CG11617,0.042629384,0.9458821,0.9659969717865248,1.0,0.0004271273314033506
5.8SrRNA-Psi:CR45849,0.042629384,1.0177549,0.9659969717865248,1.0,0.0004271273314033506
asRNA:CR46133,0.042626206,0.6121275,0.9659995060635943,1.0,0.0004271273314033506
Ssl2,0.042624615,0.6361061,0.9660007732022579,1.0,0.0004271273314033506
CG8925,0.04262223,0.6153652,0.9660026739104141,1.0,0.0004271273314033506
lncRNA:CR44281,0.04255547,2.0618393,0.9660558938171739,1.0,0.0003796687390252005
Acp53C14a,0.04255388,2.1010094,0.9660571609596549,1.0,0.0003796687390252005
lncRNA:CR45266,0.04255229,1.862564,0.9660584281022215,1.0,0.0003796687390252005
CG13562,0.042551495,1.4946685,0.9660590616735371,1.0,0.0003796687390252005
CG1299,0.0425507,1.7313333,0.9660596952448739,1.0,0.0003796687390252005
CG14300,0.04254951,1.483202,0.9660606456019194,1.0,0.0003796687390252005
Or45b,0.042546727,1.4915878,0.9660628631018798,1.0,0.0003796687390252005
lncRNA:CR44634,0.042546727,1.2733022,0.9660628631018798,1.0,0.0003796687390252005
CG10694,0.042546727,1.440203,0.9660628631018798,1.0,0.0003796687390252005
dmrt93B,0.042545933,1.3528103,0.9660634966733452,1.0,0.0003796687390252005
CG32939,0.042545136,1.3800437,0.9660641302448322,1.0,0.0003796687390252005
CG8197,0.04254355,0.9343394,0.9660653973878702,1.0,0.0003796687390252005
prc,0.04254116,0.72994405,0.966067298102588,1.0,0.0003796687390252005
lncRNA:CR44125,0.042467248,2.055144,0.9661262203544102,1.0,0.00033221014664705045
topi,0.042464864,2.3645737,0.966128121075292,1.0,0.00033221014664705045
lncRNA:CR45165,0.042464864,2.0151222,0.966128121075292,1.0,0.00033221014664705045
CG32971,0.042463273,2.0369985,0.9661293882226535,1.0,0.00033221014664705045
asRNA:CR43872,0.04246248,1.8940918,0.9661300217963663,1.0,0.00033221014664705045
snoRNA:Psi28S-2444,0.042461686,1.5722531,0.9661306553701005,1.0,0.00033221014664705045
Orc1,0.04246089,1.2545844,0.966131288943856,1.0,0.00033221014664705045
lncRNA:CR44713,0.042460095,1.5988696,0.966131922517633,1.0,0.00033221014664705045
Klp3A,0.0424593,1.4816742,0.9661325560914313,1.0,0.00033221014664705045
Hgd,0.042456917,0.7536226,0.9661344568129546,1.0,0.00033221014664705045
CG42808,0.042456917,0.9360884,0.9661344568129546,1.0,0.00033221014664705045
CG42366,0.042456917,0.542095,0.9661344568129546,1.0,0.00033221014664705045
Dus2,0.042425126,0.116855085,0.9661597997849802,1.0,0.004840776422571307
CG13358,0.042379823,3.2769003,0.9661959135791696,1.0,0.0002847515542689004
CG13010,0.042379823,3.2906501,0.9661959135791696,1.0,0.0002847515542689004
CG10345,0.042379823,3.5420349,0.9661959135791696,1.0,0.0002847515542689004
CG14455,0.042379823,3.442221,0.9661959135791696,1.0,0.0002847515542689004
CG7365,0.042379823,3.2900577,0.9661959135791696,1.0,0.0002847515542689004
CG10919,0.042378232,2.7133436,0.9661971807311024,1.0,0.0002847515542689004
lncRNA:CR44701,0.04237744,2.450806,0.9661978143071008,1.0,0.0002847515542689004
lncRNA:CR44757,0.04237744,2.643927,0.9661978143071008,1.0,0.0002847515542689004
Galphaf,0.04237744,3.1536024,0.9661978143071008,1.0,0.0002847515542689004
CCAP,0.04237664,2.8619547,0.9661984478831206,1.0,0.0002847515542689004
a10,0.04237664,2.547852,0.9661984478831206,1.0,0.0002847515542689004
CG15564,0.04237664,2.4754527,0.9661984478831206,1.0,0.0002847515542689004
lncRNA:CR44760,0.04237664,2.4583554,0.9661984478831206,1.0,0.0002847515542689004
lncRNA:CR43990,0.042375848,2.195935,0.9661990814591618,1.0,0.0002847515542689004
CG5662,0.042375848,2.2339456,0.9661990814591618,1.0,0.0002847515542689004
CG12898,0.042375054,1.9202656,0.9661997150352242,1.0,0.0002847515542689004
CG15020,0.042375054,2.1540933,0.9661997150352242,1.0,0.0002847515542689004
CG12702,0.042375054,1.6788955,0.9661997150352242,1.0,0.0002847515542689004
isoQC,0.0423218,-0.03377092,0.9662421646799965,1.0,0.02064448768449528
CG14421,0.042292397,18.324572,0.9662656070621501,1.0,0.00023729296189075032
Dmel_CR45484,0.042292397,18.290627,0.9662656070621501,1.0,0.00023729296189075032
CG13738,0.042292397,18.516426,0.9662656070621501,1.0,0.00023729296189075032
lncRNA:CR45732,0.042292397,18.270004,0.9662656070621501,1.0,0.00023729296189075032
Or83a,0.042292397,18.352482,0.9662656070621501,1.0,0.00023729296189075032
asRNA:CR45800,0.042292397,18.21708,0.9662656070621501,1.0,0.00023729296189075032
Ir11a,0.042292397,18.296787,0.9662656070621501,1.0,0.00023729296189075032
CG14567,0.042292397,18.453234,0.9662656070621501,1.0,0.00023729296189075032
lncRNA:CR45475,0.042292397,18.01519,0.9662656070621501,1.0,0.00023729296189075032
CG34199,0.042292397,18.335787,0.9662656070621501,1.0,0.00023729296189075032
asRNA:CR45892,0.042292397,18.51493,0.9662656070621501,1.0,0.00023729296189075032
CG17217,0.042292397,18.079065,0.9662656070621501,1.0,0.00023729296189075032
Src42A,0.042048,-0.050531376,0.9664604333912934,1.0,0.1328840586588202
CG15343,0.041647032,0.15996608,0.9667800796189915,1.0,0.004413649091167956
mus304,0.0415604,-0.0634754,0.9668491416476819,1.0,0.004650942053058707
casp,0.04140224,-0.048883557,0.9669752280107994,1.0,0.0795406008257795
r-l,0.04119361,-0.116955414,0.9671415492245095,1.0,0.009918845807033363
jus,0.041134793,0.0028192867,0.9671884362252495,1.0,0.5378956860139529
Tti1,0.0411038,0.024310574,0.9672131469875109,1.0,0.004318731906411656
CG11307,0.040562946,0.0005135859,0.9676443231549463,1.0,0.018034265103697024
CG13578,0.040270466,0.10108967,0.9678774980511483,1.0,0.003749228797873855
PIG-C,0.04016993,0.06861074,0.9679576525570296,1.0,0.00797304351952921
asRNA:CR43426,0.04008608,0.26412567,0.9680245010289067,1.0,0.0034170186512268047
CG6023,0.039842475,0.07178763,0.9682187113694188,1.0,0.0035119358359831047
Bet3,0.039592914,-0.015694257,0.968417675956717,1.0,0.07759479853827536
Hydr1,0.039437138,-0.13949533,0.9685418714098449,1.0,0.033980352142755445
Noc3,0.039362032,-0.061514415,0.9686017516332627,1.0,0.05135019695315837
l(1)G0004,0.038841844,-0.11483993,0.9690164824657177,1.0,0.04370936358027621
nol,0.038827937,-0.115965135,0.9690275716409316,1.0,0.0031797256893360544
loh,0.038820386,0.08319925,0.9690335914814129,1.0,0.002989891319823454
CG42494,0.038640764,0.271916,0.9691768008376408,1.0,0.0027525983579327036
Cks30A,0.03846353,0.19692658,0.9693181101590067,1.0,0.002705139765554554
CG13168,0.0384222,0.060440507,0.9693510613501923,1.0,0.0027525983579327036
pain,0.03834272,-0.031357724,0.9694144291725667,1.0,0.002800056950310854
grim,0.03792745,-0.11000601,0.9697455291758026,1.0,0.01471216363722652
Gli,0.03792069,-0.0125340475,0.9697509155349077,1.0,0.0025627639884201036
Gen,0.037690602,0.2563023,0.9699343694113458,1.0,0.002278012434151203
lncRNA:CR43785,0.037687026,0.057299003,0.9699372210385877,1.0,0.002372929618907503
fz3,0.037673913,-0.060836624,0.9699476770084298,1.0,0.002467846803663803
Mtp,0.037532836,-0.10665874,0.9700601582224477,1.0,0.013952826159176118
lncRNA:CR46254,0.037393354,0.036278356,0.9701713726280641,1.0,0.002230553841773053
spn-F,0.037377853,-0.021859882,0.9701837298200902,1.0,0.026244601585116985
CG15365,0.037228435,0.13751844,0.9703028661920194,1.0,0.0020881780646386026
Corp,0.03717121,0.22821154,0.9703484930633006,1.0,0.002040719472260453
ND-B14,0.037155714,-0.00011367209,0.9703608503576476,1.0,0.4891557116415927
pio,0.03714578,-0.15741159,0.9703687717039207,1.0,0.002183095249394903
CG5800,0.037071068,-0.13529372,0.9704283403214867,1.0,0.00754591618812586
Pfas,0.037070274,0.17544617,0.9704289740310718,1.0,0.0019932608798823026
Ance-5,0.036790114,-0.12317693,0.9706523578201384,1.0,0.0019458022875041526
lncRNA:CR44589,0.036769845,-0.025151717,0.9706685175880115,1.0,0.0018983436951260026
CG8136,0.036740437,0.259698,0.9706919651157491,1.0,0.0018034265103697023
asRNA:CR44894,0.036719773,0.16640459,0.9707084417720186,1.0,0.0018034265103697023
nrv1,0.03656638,-0.13194188,0.9708307496493279,1.0,0.00735608181861326
Nepl11,0.03637802,-0.14515893,0.9709809421259467,1.0,0.0017085093256134023
r-cup,0.036360532,0.18332513,0.9709948840958904,1.0,0.001613592140857102
drm,0.036305293,0.24054526,0.9710389281046057,1.0,0.001566133548478952
lncRNA:CR44598,0.03627708,-0.18072198,0.9710614254381105,1.0,0.001613592140857102
CG30496,0.036259197,0.037381012,0.9710756843233822,1.0,0.0061221584167813585
Dhdds,0.036245685,-0.059669085,0.9710864577094973,1.0,0.03042095771439419
lncRNA:CR45939,0.036206346,-0.09116083,0.9711178273049902,1.0,0.001566133548478952
CG7208,0.03612806,0.12033526,0.9711802497642521,1.0,0.001471216363722652
lncRNA:CR42746,0.03608514,0.009454441,0.97121447128895,1.0,0.001471216363722652
CG15196,0.03600447,0.16662453,0.9712787952241265,1.0,0.0014237577713445018
snRNA:U11,0.035983406,0.24658234,0.9712955891887146,1.0,0.0013762991789663518
Ku80,0.035773586,0.13272397,0.9714628957938591,1.0,0.005457738123487257
Cdk4,0.035752524,-0.18946312,0.9714796898975654,1.0,0.0013288405865882018
GrlHz,0.035575684,0.119970255,0.971620697492844,1.0,0.0011864648094537516
CG14153,0.035539523,0.28373706,0.9716495328632974,1.0,0.0011390062170756016
CG42364,0.035522036,0.19632605,0.9716634752535136,1.0,0.0011390062170756016
Akh,0.035511702,0.12808521,0.9716717139427121,1.0,0.0011390062170756016
CG6067,0.03550058,0.1498413,0.9716805863806142,1.0,0.0011390062170756016
IKKbeta,0.03549263,0.108240955,0.9716869238384044,1.0,0.0011390062170756016
CG16736,0.035425868,0.73190814,0.9717401585543823,1.0,0.0010440890323193013
cid,0.035356723,0.23574075,0.9717952946429442,1.0,0.0010440890323193013
CG4914,0.035338443,0.020575637,0.9718098708728042,1.0,0.0010440890323193013
RhoGEF64C,0.035276845,0.31555018,0.9718589864992319,1.0,0.0009966304399411513
CG34437,0.035275254,0.2860552,0.9718602540006821,1.0,0.0009966304399411513
bowl,0.035266515,0.13225825,0.9718672252599289,1.0,0.0009966304399411513
pre-mod(mdg4)-B,0.035245053,0.13769542,0.971884336541737,1.0,0.0009966304399411513
asRNA:CR43933,0.03515246,-0.11383227,0.9719581687022767,1.0,0.0009491718475630013
CG5280,0.035109147,0.31898138,0.9719927082934001,1.0,0.0009017132551848512
scpr-C,0.03503086,0.47253594,0.9720551331922207,1.0,0.0008542546628067012
CG34338,0.0350245,0.3760439,0.9720602032422864,1.0,0.0008542546628067012
CG15083,0.035013374,0.23992233,0.972069075832618,1.0,0.0008542546628067012
asRNA:CR44067,0.035002246,0.32486844,0.9720779484264065,1.0,0.0008542546628067012
CG34201,0.0349637,0.5667471,0.9721086856530308,1.0,0.000806796070428551
Osi4,0.03494701,0.48336732,0.9721219945681349,1.0,0.000806796070428551
CG3777,0.034946214,0.41918167,0.9721226283261906,1.0,0.000806796070428551
CG13794,0.0349335,0.42159286,0.9721327684574764,1.0,0.000806796070428551
rau,0.034923963,0.283523,0.972140373558897,1.0,0.000806796070428551
Zasp67,0.034918398,-0.020958763,0.9721448098692289,1.0,0.000806796070428551
alpha-Est3,0.034910847,0.083549,0.9721508305774864,1.0,0.000806796070428551
jtb,0.03489217,-0.09130882,0.9721657239152567,1.0,0.000806796070428551
bap,0.03487111,0.5658392,0.9721825185418325,1.0,0.000759337478050401
lncRNA:CR45559,0.034870315,0.6256704,0.9721831523015675,1.0,0.000759337478050401
asRNA:CR44049,0.034848854,0.17340572,0.9722002638210502,1.0,0.000759337478050401
CG14410,0.034842495,0.2941593,0.9722053339033547,1.0,0.000759337478050401
mkg-p,0.034765005,0.32950902,0.9722671256216431,1.0,0.0007118788856722509
dgt4,0.034740366,0.032833,0.9722867722541484,1.0,0.0007118788856722509
lncRNA:CR43611,0.03473878,0.017151171,0.9722880397794037,1.0,0.0007118788856722509
Cnb,0.034699436,0.7376048,0.972319411051769,1.0,0.0006644202932941009
lncRNA:CR46111,0.034692284,0.639411,0.9723251149240744,1.0,0.0006644202932941009
CG43338,0.034691487,0.6316325,0.9723257486877512,1.0,0.0006644202932941009
SPE,0.03468831,0.50394225,0.9723282837426335,1.0,0.0006644202932941009
spz5,0.03467559,0.382331,0.9723384239649576,1.0,0.0006644202932941009
Jhbp12,0.03453094,0.905174,0.9724537693082033,1.0,0.0005695031085378008
lncRNA:CR45985,0.03452061,0.6374981,0.972462008283367,1.0,0.0005695031085378008
Tret1l,0.034509484,0.5139583,0.9724708810291375,1.0,0.0005695031085378008
CG31909,0.03443676,0.87099916,0.9725288708442726,1.0,0.0005220445161596507
CG32669,0.034431197,0.72181207,0.9725333072295566,1.0,0.0005220445161596507
asRNA:CR44431,0.034429606,0.68077105,0.9725345747683652,1.0,0.0005220445161596507
CG34244,0.034429606,0.6945362,0.9725345747683652,1.0,0.0005220445161596507
CG17440,0.034428813,0.73779994,0.9725352085377956,1.0,0.0005220445161596507
Hao,0.03442643,0.5082549,0.9725371098461907,1.0,0.0005220445161596507
lncRNA:CR44322,0.034419276,0.43198997,0.9725428137723122,1.0,0.0005220445161596507
CG6753,0.034419276,0.31793454,0.9725428137723122,1.0,0.0005220445161596507
asRNA:CR45198,0.03441848,0.37083024,0.972543447541968,1.0,0.0005220445161596507
rswl,0.03438311,-0.05783372,0.9725716503091945,1.0,0.05035356651321722
Spc105R,0.03435291,1.1575077,0.9725957335982449,1.0,0.00047458592378150065
wus,0.034347348,0.76738054,0.9726001699963223,1.0,0.00047458592378150065
CG9717,0.03434099,0.63366234,0.9726052401665917,1.0,0.00047458592378150065
Cpr5C,0.034338605,0.32773277,0.9726071414807281,1.0,0.00047458592378150065
CG43071,0.034337014,0.6180144,0.9726084090235723,1.0,0.00047458592378150065
CG7194,0.03433622,0.39437473,0.9726090427950203,1.0,0.00047458592378150065
CG13022,0.034332246,0.24573871,0.9726122116525197,1.0,0.00047458592378150065
Ccdc39,0.034268267,1.4103988,0.9726632303177394,1.0,0.0004271273314033506
CG17329,0.03426747,1.1131904,0.972663864090682,1.0,0.0004271273314033506
Nepl14,0.034266677,1.1416832,0.9726644978636418,1.0,0.0004271273314033506
Osi12,0.034264293,1.0486641,0.9726663991826249,1.0,0.0004271273314033506
CG7387,0.034263495,0.9089132,0.9726670329556538,1.0,0.0004271273314033506
CG30371,0.034262702,1.0114819,0.9726676667287,1.0,0.0004271273314033506
CG13075,0.03426191,0.8091259,0.9726683005017633,1.0,0.0004271273314033506
CG34305,0.03426191,0.9867717,0.9726683005017633,1.0,0.0004271273314033506
CG13024,0.03426191,0.9926535,0.9726683005017633,1.0,0.0004271273314033506
cGlr1,0.03426111,0.81455374,0.972668934274844,1.0,0.0004271273314033506
CtsL4,0.034257933,0.80589736,0.9726714693673393,1.0,0.0004271273314033506
CG15674,0.03425396,0.48666745,0.9726746382333465,1.0,0.0004271273314033506
CG14400,0.034253165,0.59488696,0.9726752720065998,1.0,0.0004271273314033506
PolA1,0.03425078,0.63877296,0.972677173326463,1.0,0.0004271273314033506
CG14417,0.034248397,0.44827503,0.9726790746464814,1.0,0.0004271273314033506
lncRNA:CR45699,0.0342476,0.24682899,0.9726797084198554,1.0,0.0004271273314033506
CG7309,0.034246806,0.38254184,0.9726803421932466,1.0,0.0004271273314033506
CG2310,0.03419634,-0.050244164,0.9727205868389003,1.0,0.010630724692705614
Tsp74F,0.034182828,1.6083957,0.9727313610077949,1.0,0.0003796687390252005
CG32459,0.034180444,1.3812358,0.9727332623322341,1.0,0.0003796687390252005
Agpat4,0.03417647,1.3016346,0.9727364312066438,1.0,0.0003796687390252005
upd2,0.034173287,0.8881844,0.9727389663064814,1.0,0.0003796687390252005
IFT54,0.034172494,0.8637846,0.9727396000814839,1.0,0.0003796687390252005
CG40006,0.034172494,0.8125615,0.9727396000814839,1.0,0.0003796687390252005
CG31231,0.034172494,0.97152597,0.9727396000814839,1.0,0.0003796687390252005
CG30384,0.0341717,0.6718491,0.9727402338565034,1.0,0.0003796687390252005
apn,0.034170903,0.78173625,0.9727408676315403,1.0,0.0003796687390252005
CG43317,0.034167726,0.7409654,0.9727434027318599,1.0,0.0003796687390252005
CG4041,0.034136727,-0.014611007,0.972768119974403,1.0,0.01461724645247022
wisp,0.03413355,-0.09828584,0.9727706550776815,1.0,0.005457738123487257
snoRNA:Psi28S-3571,0.03409739,2.245844,0.97279949189683,1.0,0.00033221014664705045
Dnali1,0.034093414,1.8704621,0.9728026607802243,1.0,0.00033221014664705045
lncRNA:CR45461,0.034093414,1.747374,0.9728026607802243,1.0,0.00033221014664705045
CG33509,0.03409103,1.5437416,0.9728045621104668,1.0,0.00033221014664705045
lncRNA:CR40341,0.03409103,1.3796448,0.9728045621104668,1.0,0.00033221014664705045
CG14132,0.034088645,1.2029147,0.972806463440864,1.0,0.00033221014664705045
TwdlC,0.034088645,1.0000373,0.972806463440864,1.0,0.00033221014664705045
CG12590,0.03408785,1.090411,0.9728070972176973,1.0,0.00033221014664705045
CG14957,0.03408626,0.7356083,0.9728083647714156,1.0,0.00033221014664705045
Fign,0.03408626,1.1710643,0.9728083647714156,1.0,0.00033221014664705045
CG10793,0.03408626,0.6493833,0.9728083647714156,1.0,0.00033221014664705045
CG14692,0.03408626,1.047215,0.9728083647714156,1.0,0.00033221014664705045
lncRNA:CR44655,0.03408467,0.7550505,0.9728096323252027,1.0,0.00033221014664705045
CG4546,0.03408308,0.8874001,0.9728108998790582,1.0,0.00033221014664705045
lncRNA:CR45482,0.034008767,2.273377,0.9728701580984047,1.0,0.0002847515542689004
CG30037,0.034007974,2.4146113,0.9728707918769618,1.0,0.0002847515542689004
lncRNA:CR45680,0.03400718,2.0703862,0.972871425655536,1.0,0.0002847515542689004
CG6106,0.03400718,2.025362,0.972871425655536,1.0,0.0002847515542689004
CG31226,0.034006383,2.0182145,0.9728720594341272,1.0,0.0002847515542689004
lncRNA:CR46247,0.03400559,1.8881458,0.9728726932127357,1.0,0.0002847515542689004
Cad86C,0.034004,1.4319319,0.9728739607700039,1.0,0.0002847515542689004
CG34283,0.034004,1.5041604,0.9728739607700039,1.0,0.0002847515542689004
Ptp52F,0.034004,1.6637759,0.9728739607700039,1.0,0.0002847515542689004
CG7071,0.034003206,1.5877657,0.9728745945486638,1.0,0.0002847515542689004
Lcp65Ad,0.034003206,1.2443508,0.9728745945486638,1.0,0.0002847515542689004
CG31807,0.034003206,1.5931624,0.9728745945486638,1.0,0.0002847515542689004
Cyp313a4,0.034002412,1.2903066,0.9728752283273406,1.0,0.0002847515542689004
Obp28a,0.034002412,1.3069935,0.9728752283273406,1.0,0.0002847515542689004
CG18635,0.034001615,1.2709554,0.9728758621060347,1.0,0.0002847515542689004
CG31495,0.03400082,0.8302423,0.9728764958847459,1.0,0.0002847515542689004
CG17764,0.03400082,0.8073009,0.9728764958847459,1.0,0.0002847515542689004
CG42656,0.034000028,0.82593995,0.9728771296634743,1.0,0.0002847515542689004
lncRNA:CR43751,0.03399923,-0.07595516,0.9728777634422197,1.0,0.0002847515542689004
CG42857,0.03399923,1.1939323,0.9728777634422197,1.0,0.0002847515542689004
asRNA:CR44958,0.033920944,3.6763735,0.972940190732506,1.0,0.00023729296189075032
CG1441,0.033920944,3.9643536,0.972940190732506,1.0,0.00023729296189075032
lncRNA:CR32553,0.033920944,2.8804116,0.972940190732506,1.0,0.00023729296189075032
CG15169,0.03392015,2.8485997,0.9729408245129536,1.0,0.00023729296189075032
lncRNA:CR44679,0.03392015,2.6598995,0.9729408245129536,1.0,0.00023729296189075032
Crtp,0.03392015,2.925623,0.9729408245129536,1.0,0.00023729296189075032
lncRNA:CR43144,0.03392015,2.9359086,0.9729408245129536,1.0,0.00023729296189075032
lncRNA:CR45159,0.033919357,2.4788516,0.9729414582934182,1.0,0.00023729296189075032
Gr5a,0.033919357,2.5300322,0.9729414582934182,1.0,0.00023729296189075032
CG13694,0.03391856,2.8198135,0.9729420920738999,1.0,0.00023729296189075032
Rsph9,0.03391856,2.281972,0.9729420920738999,1.0,0.00023729296189075032
CG11825,0.033917766,2.0131328,0.9729427258543987,1.0,0.00023729296189075032
spz3,0.033917766,1.7020818,0.9729427258543987,1.0,0.00023729296189075032
asRNA:CR45908,0.033917766,2.0300064,0.9729427258543987,1.0,0.00023729296189075032
CG43091,0.033917766,1.9153105,0.9729427258543987,1.0,0.00023729296189075032
asRNA:CR43866,0.033916973,1.740119,0.9729433596349145,1.0,0.00023729296189075032
Or43a,0.033916973,1.7572365,0.9729433596349145,1.0,0.00023729296189075032
Vago,0.033916973,1.7233777,0.9729433596349145,1.0,0.00023729296189075032
CG5819,0.033833917,18.637753,0.9730095897929228,1.0,0.00018983436951260026
CG7742,0.033833917,18.21942,0.9730095897929228,1.0,0.00018983436951260026
eIF4E7,0.033833917,18.366287,0.9730095897929228,1.0,0.00018983436951260026
shd,0.033833917,18.056192,0.9730095897929228,1.0,0.00018983436951260026
lncRNA:CR44066,0.033833917,18.23746,0.9730095897929228,1.0,0.00018983436951260026
asp,0.033833917,17.61207,0.9730095897929228,1.0,0.00018983436951260026
Ass,0.033833917,18.275677,0.9730095897929228,1.0,0.00018983436951260026
CG17298,0.033833917,18.293476,0.9730095897929228,1.0,0.00018983436951260026
CG6576,0.033833917,18.104994,0.9730095897929228,1.0,0.00018983436951260026
lncRNA:CR33938,0.033833917,18.599607,0.9730095897929228,1.0,0.00018983436951260026
asRNA:CR46101,0.033833917,18.207672,0.9730095897929228,1.0,0.00018983436951260026
CG44014,0.033833917,17.808327,0.9730095897929228,1.0,0.00018983436951260026
CG14540,0.033833917,18.0971,0.9730095897929228,1.0,0.00018983436951260026
Pcp,0.033833917,17.900799,0.9730095897929228,1.0,0.00018983436951260026
CG10750,0.033833917,18.06862,0.9730095897929228,1.0,0.00018983436951260026
CG1387,0.033833917,18.307774,0.9730095897929228,1.0,0.00018983436951260026
CG7916,0.033833917,17.795774,0.9730095897929228,1.0,0.00018983436951260026
Ir85a,0.033833917,17.735708,0.9730095897929228,1.0,0.00018983436951260026
CG12920,0.033833917,17.779606,0.9730095897929228,1.0,0.00018983436951260026
Psf3,0.033814445,-0.055779196,0.9730251174645721,1.0,0.015376583930520622
Elmod,0.033805702,-0.060941488,0.9730320890755774,1.0,0.0361159887997722
ppk28,0.033764374,0.26861808,0.9730650458100318,1.0,0.004366190498789806
tfc,0.033582766,-0.038903557,0.9732098658509224,1.0,0.004935693607327606
asRNA:CR45874,0.03341904,0.035085823,0.9733404264699357,1.0,0.03288880451805799
CG31174,0.032310713,-0.08545455,0.9742242644150637,1.0,0.004318731906411656
C901,0.032112017,0.027513044,0.9743827184815743,1.0,0.003939063167386455
CG9795,0.032093737,-0.051408306,0.974397296306574,1.0,0.07683546106022496
CG1674,0.031970944,-0.057143703,0.974495221482905,1.0,0.0040339803521427554
Rbf,0.031967368,-0.05766698,0.9744980736782758,1.0,0.050543400882729815
CG9518,0.031502817,0.001005855,0.9748685449245557,1.0,0.0036068530207394047
CG7006,0.031211132,-0.038606405,0.9751011618106418,1.0,0.019410564282663377
Lst8,0.030870568,-0.0553828,0.975372762133933,1.0,0.025627639884201036
Asciz,0.030839968,-0.044881627,0.9753971651037193,1.0,0.018888519766503725
CG15912,0.030647233,0.005597544,0.9755508726496156,1.0,0.02985145460585639
CG14985,0.030274877,-0.07390478,0.9758478318562376,1.0,0.008115419296663661
lncRNA:CR45669,0.030065453,-0.050229147,0.9760148530756515,1.0,0.0076408333728821606
HSPBAP1,0.030044788,-0.089212775,0.9760313334048983,1.0,0.013905367566797968
CG14102,0.029913649,-0.074588224,0.9761359203479476,1.0,0.01385790897441982
Cp7Fa,0.029615605,0.09454278,0.976373619468786,1.0,0.0025153053960419534
Sas-4,0.029518245,-0.11766168,0.9764512683039248,1.0,0.00778320915001661
asRNA:CR42547,0.0294642,-0.13987343,0.9764943714271436,1.0,0.00787812633477291
Polr2C,0.02932233,-0.026440877,0.9766075174518329,1.0,0.05400787812633477
CG2129,0.029279413,-0.058781084,0.9766417465941563,1.0,0.00740354041099141
en,0.029062437,0.008897503,0.9768147945818938,1.0,0.002230553841773053
t-cup,0.028844666,-0.015279721,0.9769884775422546,1.0,0.0020881780646386026
CG17048,0.028820425,0.09302548,0.977007810932116,1.0,0.0020881780646386026
inv,0.028791415,-0.034082025,0.9770309476295391,1.0,0.0020881780646386026
CG13096,0.028747305,-0.09769783,0.9770661281242897,1.0,0.025390346922310285
Tbc1d15-17,0.02864279,-0.11403816,0.9771494838888971,1.0,0.0407669308528309
CG15399,0.028598282,0.23691678,0.977184981476633,1.0,0.0018983436951260026
CycE,0.028580401,0.04452561,0.9771992439130048,1.0,0.006454368563428408
Tsp42El,0.02854821,0.02271777,0.9772249163168403,1.0,0.0019458022875041526
dunk,0.028316533,-0.14432745,0.9774096949301471,1.0,0.00740354041099141
CG44405,0.027802706,0.14846247,0.9778195084129107,1.0,0.001471216363722652
Art8,0.027758991,0.061228648,0.9778543729407264,1.0,0.005979782639646908
CG14892,0.02765249,-0.13021052,0.9779393157854588,1.0,0.001471216363722652
TTLL3A,0.027554335,-0.15799414,0.9780176028825601,1.0,0.0014237577713445018
CG5597,0.027549963,-0.0056459745,0.9780210893574018,1.0,0.0013762991789663518
lncRNA:CR45199,0.02751102,0.25408602,0.9780521506972448,1.0,0.0013288405865882018
CG6414,0.027480023,0.38743335,0.9780768730119273,1.0,0.0012813819942100518
TwdlE,0.02742121,0.12093311,0.9781237820771393,1.0,0.0012813819942100518
Efhc1.2,0.027376702,0.048069905,0.9781592808794883,1.0,0.0012813819942100518
scra,0.027313119,0.093885064,0.9782099935292884,1.0,0.0012339234018319016
mRpL32,0.027308747,0.0054799523,0.9782134800272,1.0,0.03977030041288975
lncRNA:CR44771,0.02729007,0.029167019,0.9782283768866008,1.0,0.0012339234018319016
plh,0.0271788,0.23712812,0.9783171242912775,1.0,0.0011390062170756016
Porin2,0.027136676,0.1293623,0.9783507215931415,1.0,0.0011390062170756016
asRNA:CR45925,0.02712873,0.046875246,0.9783570607110093,1.0,0.0011390062170756016
Tsp3A,0.027119987,-0.03380521,0.9783640337422425,1.0,0.04423140809643586
lncRNA:CR45640,0.027106475,-0.013585581,0.9783748102483092,1.0,0.0011390062170756016
CG3597,0.027003948,0.27862805,0.9784565850404575,1.0,0.0010440890323193013
Hmgcl,0.02697613,0.15832278,0.9784787720386505,1.0,0.0010440890323193013
iav,0.026863271,0.00079055585,0.9785687880305126,1.0,0.0009966304399411513
CG14636,0.026779024,-0.13726732,0.9786359832446508,1.0,0.0009491718475630013
snoRNA:2R:9445410,0.026763923,-0.19536808,0.9786480276858621,1.0,0.0009491718475630013
knk,0.026759155,0.40880087,0.9786518311946245,1.0,0.0009017132551848512
DhpD,0.026725376,-0.053195935,0.9786787727289146,1.0,0.01580371126192397
Cpr73D,0.02672498,0.11782014,0.9786790896882863,1.0,0.0009017132551848512
Klp67A,0.02672021,0.16572095,0.9786828932010099,1.0,0.0009017132551848512
lncRNA:CR44445,0.026719019,0.13109098,0.9786838440792665,1.0,0.0009017132551848512
ec,0.026714647,0.08895129,0.9786873306331333,1.0,0.0009017132551848512
CG12869,0.02670352,-0.12263694,0.9786962054993583,1.0,0.0009017132551848512
CG8476,0.026659807,0.2671059,0.9787310710707613,1.0,0.0008542546628067012
lncRNA:CR43818,0.026649475,0.1698824,0.9787393120299415,1.0,0.0008542546628067012
vrs,0.026644707,0.123624764,0.9787431155503284,1.0,0.0008542546628067012
eater,0.02661053,-0.10042525,0.9787703741272391,1.0,0.0008542546628067012
CG42831,0.026606556,-0.21399145,0.9787735437308149,1.0,0.0008542546628067012
CG34450,0.026604967,-0.10910818,0.978774811572339,1.0,0.0008542546628067012
blanks,0.026582712,0.40777493,0.9787925613593058,1.0,0.000806796070428551
Snmp1,0.026545359,0.025225915,0.9788223556681724,1.0,0.000806796070428551
CG34316,0.026539795,0.03072138,0.9788267931209579,1.0,0.000806796070428551
lncRNA:CR46075,0.02649926,0.47141194,0.9788591231538771,1.0,0.000759337478050401
ND-B8,0.026481776,0.31537035,0.9788730694533115,1.0,0.000759337478050401
modSP,0.026423756,0.646805,0.9789193458567664,1.0,0.0007118788856722509
CG31875,0.026381632,0.054161042,0.9789529438379829,1.0,0.0007118788856722509
BCL7-like,0.026369315,-0.0604615,0.9789627696697373,1.0,0.028759906981158937
hkb,0.026367327,0.018378336,0.9789643544816096,1.0,0.0007118788856722509
CG14118,0.026311692,0.37453774,0.9790087292477198,1.0,0.0006644202932941009
sncRNA:CR43603,0.026310103,0.38496014,0.9790099970991353,1.0,0.0006644202932941009
CG42495,0.026293412,-0.016804425,0.979023309542198,1.0,0.04774334393241896
CG15130,0.026287848,-0.0057413313,0.9790277470245172,1.0,0.0006644202932941009
ZnT35C,0.026235392,0.5876236,0.9790695861754157,1.0,0.0006169617009159508
CG3288,0.026234599,0.46657485,0.9790702201023875,1.0,0.0006169617009159508
lncRNA:CR43907,0.026233803,0.47017443,0.9790708540293727,1.0,0.0006169617009159508
borr,0.026229035,0.42903,0.9790746575915608,1.0,0.0006169617009159508
lncRNA:CR46021,0.02622506,0.33803776,0.9790778272270808,1.0,0.0006169617009159508
Mst36Fb,0.026223471,0.29061085,0.9790790950813815,1.0,0.0006169617009159508
CG13330,0.026211549,0.114167206,0.9790886039903199,1.0,0.0006169617009159508
lncRNA:CR44974,0.026198832,-0.16419931,0.979098746829796,1.0,0.0006169617009159508
lncRNA:CR44133,0.026144788,0.5032576,0.9791418539352488,1.0,0.0005695031085378008
CG34025,0.026143992,0.5326843,0.9791424878637249,1.0,0.0005695031085378008
CG9649,0.026141608,0.48048675,0.9791443896492323,1.0,0.0005695031085378008
lncRNA:CR44051,0.02614002,0.35661107,0.9791456575063032,1.0,0.0005695031085378008
Ppm1,0.026136044,0.35064352,0.9791488271492107,1.0,0.0005695031085378008
Ccdc85,0.026134456,0.25650853,0.9791500950064659,1.0,0.0005695031085378008
CG15870,0.026124123,0.030518005,0.9791583360799081,1.0,0.0005695031085378008
CG33178,0.02611856,-0.18094395,0.979162773581914,1.0,0.0005695031085378008
snoRNA:Psi28S-1135a,0.02611856,-0.12467208,0.979162773581914,1.0,0.0005695031085378008
Rbp4,0.02606372,0.741606,0.9792065147075958,1.0,0.0005220445161596507
lncRNA:CR43941,0.026058156,0.56440675,0.979210952216595,1.0,0.0005220445161596507
Ublcp1,0.026055375,-0.07775121,0.9792131709713359,1.0,0.05021119073608277
betaNACtes6,0.026054183,0.44988596,0.979214121866274,1.0,0.0005220445161596507
CG4586,0.026053388,0.46657884,0.9792147557962493,1.0,0.0005220445161596507
Cht10,0.026050605,0.17279726,0.9792169745512658,1.0,0.0005220445161596507
CG34008,0.02604544,0.11121079,0.9792210950967231,1.0,0.0005220445161596507
lncRNA:CR45563,0.02597232,0.46409768,0.9792794167226023,1.0,0.00047458592378150065
CG13305,0.025969936,0.35145098,0.979281318516617,1.0,0.00047458592378150065
CG18636,0.025969936,0.5701253,0.979281318516617,1.0,0.00047458592378150065
CG14990,0.02596914,0.53364456,0.9792819524479814,1.0,0.00047458592378150065
Nplp4,0.025966756,0.3808199,0.9792838542421531,1.0,0.00047458592378150065
CG12581,0.025966756,0.40985247,0.9792838542421531,1.0,0.00047458592378150065
sut2,0.025963577,0.23624031,0.9792863899678985,1.0,0.00047458592378150065
Taf12L,0.025958808,0.06178744,0.979290193556909,1.0,0.00047458592378150065
lncRNA:CR45457,0.025956424,-0.016076785,0.9792920953515909,1.0,0.00047458592378150065
AkhR,0.025951656,0.06492309,0.9792958989413076,1.0,0.00047458592378150065
Hsc70-1,0.02595086,-0.20279168,0.9792965328729728,1.0,0.00047458592378150065
l(2)03659,0.025888072,0.5931924,0.97934661351581,1.0,0.0004271273314033506
lncRNA:CR45670,0.025886483,0.63298625,0.979347881381243,1.0,0.0004271273314033506
Gyc76C,0.025883304,0.45118037,0.9793504171122654,1.0,0.0004271273314033506
CG10185,0.025882509,0.3667727,0.9793510510450536,1.0,0.0004271273314033506
Tmhs,0.02580621,1.1512645,0.9794119086533806,1.0,0.0003796687390252005
CG43291,0.02580462,0.8093541,0.9794131765214962,1.0,0.0003796687390252005
CG7881,0.025803825,0.86431813,0.9794138104555735,1.0,0.0003796687390252005
CG7910,0.025799852,0.7426754,0.979416980126155,1.0,0.0003796687390252005
lncRNA:CR45339,0.025799852,0.7055573,0.979416980126155,1.0,0.0003796687390252005
CG13457,0.025799852,0.57055885,0.979416980126155,1.0,0.0003796687390252005
Cad99C,0.025799057,0.5335714,0.9794176140603102,1.0,0.0003796687390252005
RabX5,0.025795877,0.5058417,0.9794201497970615,1.0,0.0003796687390252005
CG30323,0.025795877,0.45473376,0.9794201497970615,1.0,0.0003796687390252005
CG11458,0.02578952,0.12546766,0.9794252212711876,1.0,0.0003796687390252005
CtsL2,0.02578952,-0.28762147,0.9794252212711876,1.0,0.0003796687390252005
asRNA:CR44995,0.025784751,0.013375488,0.979429024877328,1.0,0.0003796687390252005
lncRNA:CR44661,0.025720373,1.214757,0.9794803736059631,1.0,0.00033221014664705045
CG14545,0.025718784,1.1768324,0.9794816414768823,1.0,0.00033221014664705045
Spn42Dc,0.025717989,0.892574,0.9794822754123614,1.0,0.00033221014664705045
Glyat,0.025717195,0.76749724,0.9794829093478535,1.0,0.00033221014664705045
Hsp60C,0.025717195,1.0909503,0.9794829093478535,1.0,0.00033221014664705045
Rpt6R,0.025715604,0.77624285,0.9794841772188765,1.0,0.00033221014664705045
CG17782,0.025715604,0.8239031,0.9794841772188765,1.0,0.00033221014664705045
asRNA:CR45366,0.025715604,0.96920997,0.9794841772188765,1.0,0.00033221014664705045
robl62A,0.02571481,0.6385242,0.9794848111544074,1.0,0.00033221014664705045
CNMa,0.02571481,0.7386821,0.9794848111544074,1.0,0.00033221014664705045
Crys,0.025710836,0.49787346,0.9794879808322563,1.0,0.00033221014664705045
lncRNA:CR43695,0.025709247,0.5543946,0.9794892487034866,1.0,0.00033221014664705045
asRNA:CR45713,0.025708452,0.39338523,0.9794898826391212,1.0,0.00033221014664705045
CG6974,0.025707657,0.34189358,0.9794905165747687,1.0,0.00033221014664705045
asRNA:CR44382,0.025706068,0.045773007,0.9794917844461025,1.0,0.00033221014664705045
Snrnp65,0.025651624,-0.0069801765,0.9795352090705404,1.0,0.005078069384462057
ArgRS-m,0.025639305,-0.029458513,0.979545035088868,1.0,0.01456978786009207
Gpo2,0.025636127,1.490844,0.979547570836037,1.0,0.0002847515542689004
CG10063,0.025636127,1.569088,0.979547570836037,1.0,0.0002847515542689004
snoRNA:SC35-a,0.025633741,1.2580537,0.9795494726465495,1.0,0.0002847515542689004
CG31008,0.025633741,1.4035624,0.9795494726465495,1.0,0.0002847515542689004
lncRNA:CR44041,0.025632948,1.4846987,0.9795501065834128,1.0,0.0002847515542689004
CheB53a,0.025632152,1.173458,0.979550740520289,1.0,0.0002847515542689004
CG42818,0.025630563,1.1138858,0.9795520083940802,1.0,0.0002847515542689004
Xrcc2,0.025630563,0.9429965,0.9795520083940802,1.0,0.0002847515542689004
lncRNA:CR45542,0.025629768,1.1659403,0.9795526423309951,1.0,0.0002847515542689004
asRNA:CR45144,0.025629768,0.9655974,0.9795526423309951,1.0,0.0002847515542689004
Cpr49Ac,0.025629768,0.8761795,0.9795526423309951,1.0,0.0002847515542689004
CG13833,0.025628973,0.8387168,0.9795532762679231,1.0,0.0002847515542689004
et,0.025628973,0.6939141,0.9795532762679231,1.0,0.0002847515542689004
Lsp2,0.02562818,0.7571328,0.9795539102048638,1.0,0.0002847515542689004
Root,0.025627384,0.778507,0.9795545441418175,1.0,0.0002847515542689004
asRNA:CR43454,0.025627384,0.6882861,0.9795545441418175,1.0,0.0002847515542689004
Lip3,0.025626589,0.5068616,0.9795551780787841,1.0,0.0002847515542689004
lncRNA:CR32385,0.025625795,-0.13324201,0.9795558120157637,1.0,0.0002847515542689004
CG30427,0.025549496,2.4773002,0.9796166700258545,1.0,0.00023729296189075032
CG31924,0.0255487,1.8665745,0.9796173039640846,1.0,0.00023729296189075032
CG7848,0.025547905,1.7007794,0.9796179379023275,1.0,0.00023729296189075032
hpRNA:LINR-1,0.025547905,1.6702942,0.9796179379023275,1.0,0.00023729296189075032
Nazo,0.025547905,1.7814013,0.9796179379023275,1.0,0.00023729296189075032
CG13843,0.025547905,1.8055501,0.9796179379023275,1.0,0.00023729296189075032
CG15115,0.025547905,1.9949521,0.9796179379023275,1.0,0.00023729296189075032
Cby,0.025547111,2.0151002,0.9796185718405833,1.0,0.00023729296189075032
lncRNA:CR43945,0.025547111,1.4188583,0.9796185718405833,1.0,0.00023729296189075032
snoRNA:CD11c,0.025546316,1.4833491,0.9796192057788521,1.0,0.00023729296189075032
Eh,0.025546316,1.3531972,0.9796192057788521,1.0,0.00023729296189075032
CG43175,0.025546316,1.4615244,0.9796192057788521,1.0,0.00023729296189075032
CG13331,0.025546316,1.4842157,0.9796192057788521,1.0,0.00023729296189075032
CG15545,0.025546316,1.6066252,0.9796192057788521,1.0,0.00023729296189075032
CG2839,0.02554552,1.3870492,0.9796198397171336,1.0,0.00023729296189075032
CheB38c,0.02554552,1.3484817,0.9796198397171336,1.0,0.00023729296189075032
DptA,0.02554552,1.2639773,0.9796198397171336,1.0,0.00023729296189075032
CanA1,0.02554552,1.1491731,0.9796198397171336,1.0,0.00023729296189075032
dgo,0.02554552,1.4033874,0.9796198397171336,1.0,0.00023729296189075032
lncRNA:CR46063,0.025544727,1.3733469,0.979620473655428,1.0,0.00023729296189075032
asRNA:CR45885,0.025543932,1.1405727,0.9796211075937353,1.0,0.00023729296189075032
CG34247,0.025543932,0.97734463,0.9796211075937353,1.0,0.00023729296189075032
LUBEL,0.025543932,0.7501943,0.9796211075937353,1.0,0.00023729296189075032
FANCI,0.025543137,0.81798947,0.9796217415320555,1.0,0.00023729296189075032
obst-B,0.025543137,0.98596764,0.9796217415320555,1.0,0.00023729296189075032
lncRNA:flam,0.025543137,0.6373455,0.9796217415320555,1.0,0.00023729296189075032
solo,0.025542341,0.5921093,0.9796223754703886,1.0,0.00023729296189075032
lncRNA:CR32835,0.025541548,-0.04304334,0.9796230094087344,1.0,0.00023729296189075032
CG14627,0.025462069,3.2610548,0.9796864033082463,1.0,0.00018983436951260026
CG17104,0.025462069,2.2643373,0.9796864033082463,1.0,0.00018983436951260026
tRNA:Gln-CTG-1-1,0.025462069,2.4831696,0.9796864033082463,1.0,0.00018983436951260026
Gr39b,0.025462069,2.5419025,0.9796864033082463,1.0,0.00018983436951260026
asRNA:CR43469,0.025462069,2.6173706,0.9796864033082463,1.0,0.00018983436951260026
CG13031,0.025462069,3.0789208,0.9796864033082463,1.0,0.00018983436951260026
lncRNA:CR44048,0.025462069,2.6741414,0.9796864033082463,1.0,0.00018983436951260026
asRNA:CR43868,0.025462069,3.3159966,0.9796864033082463,1.0,0.00018983436951260026
ppk23,0.025462069,2.352274,0.9796864033082463,1.0,0.00018983436951260026
GstD4,0.025462069,2.5075421,0.9796864033082463,1.0,0.00018983436951260026
Cpr66D,0.025461273,2.6874142,0.97968703724789,1.0,0.00018983436951260026
CG9701,0.025461273,2.4764466,0.97968703724789,1.0,0.00018983436951260026
Ir60a,0.025461273,2.2768548,0.97968703724789,1.0,0.00018983436951260026
CG14655,0.025461273,2.1914902,0.97968703724789,1.0,0.00018983436951260026
lncRNA:CR45247,0.025461273,2.7575107,0.97968703724789,1.0,0.00018983436951260026
lncRNA:CR45150,0.025461273,2.425527,0.97968703724789,1.0,0.00018983436951260026
snoRNA:CD9b,0.025461273,2.9191804,0.97968703724789,1.0,0.00018983436951260026
asRNA:CR45140,0.02546048,1.8679135,0.9796876711875464,1.0,0.00018983436951260026
lncRNA:CR43404,0.02546048,2.2028408,0.9796876711875464,1.0,0.00018983436951260026
asRNA:TS15,0.02546048,1.7023624,0.9796876711875464,1.0,0.00018983436951260026
Send2,0.02546048,1.8496407,0.9796876711875464,1.0,0.00018983436951260026
Obp57b,0.02546048,2.1127708,0.9796876711875464,1.0,0.00018983436951260026
qua,0.02546048,2.1194549,0.9796876711875464,1.0,0.00018983436951260026
Drsl4,0.025459684,1.9870688,0.9796883051272157,1.0,0.00018983436951260026
CG7691,0.025459684,1.3533949,0.9796883051272157,1.0,0.00018983436951260026
CG30047,0.025459684,1.7939192,0.9796883051272157,1.0,0.00018983436951260026
lncRNA:CR43498,0.025459684,2.025935,0.9796883051272157,1.0,0.00018983436951260026
CG32985,0.025459684,1.7482309,0.9796883051272157,1.0,0.00018983436951260026
CG14111,0.025459684,1.8939509,0.9796883051272157,1.0,0.00018983436951260026
asRNA:CR43833,0.025459684,1.7140986,0.9796883051272157,1.0,0.00018983436951260026
CG7016,0.025459684,1.8303901,0.9796883051272157,1.0,0.00018983436951260026
ds,0.025459684,2.0292928,0.9796883051272157,1.0,0.00018983436951260026
mt:tRNA:Ser-GCT,0.02545889,1.2648762,0.9796889390668978,1.0,0.00018983436951260026
pre-mod(mdg4)-O,0.02545889,1.3087157,0.9796889390668978,1.0,0.00018983436951260026
CG11333,0.02545889,1.4179783,0.9796889390668978,1.0,0.00018983436951260026
CG31321,0.02545889,1.2557322,0.9796889390668978,1.0,0.00018983436951260026
CG42470,0.02545889,0.84372485,0.9796889390668978,1.0,0.00018983436951260026
asRNA:CR45271,0.02545889,1.216559,0.9796889390668978,1.0,0.00018983436951260026
CG9624,0.02545889,1.3110205,0.9796889390668978,1.0,0.00018983436951260026
CG15625,0.02545889,1.7672188,0.9796889390668978,1.0,0.00018983436951260026
CG7173,0.025375437,17.587984,0.9797555028048284,1.0,0.0001423757771344502
CG3457,0.025375437,17.337095,0.9797555028048284,1.0,0.0001423757771344502
CG42815,0.025375437,17.568249,0.9797555028048284,1.0,0.0001423757771344502
scaRNA:PsiU5-44,0.025375437,17.541079,0.9797555028048284,1.0,0.0001423757771344502
mms4,0.025375437,17.675198,0.9797555028048284,1.0,0.0001423757771344502
Sfp26Ad,0.025375437,16.7769,0.9797555028048284,1.0,0.0001423757771344502
CG4781,0.025375437,17.984705,0.9797555028048284,1.0,0.0001423757771344502
Pburs,0.025375437,17.770302,0.9797555028048284,1.0,0.0001423757771344502
CG13949,0.025375437,17.447561,0.9797555028048284,1.0,0.0001423757771344502
antr,0.025375437,18.001894,0.9797555028048284,1.0,0.0001423757771344502
asRNA:CR45927,0.025375437,16.982885,0.9797555028048284,1.0,0.0001423757771344502
CG30393,0.025375437,17.185019,0.9797555028048284,1.0,0.0001423757771344502
CG15676,0.025375437,17.979788,0.9797555028048284,1.0,0.0001423757771344502
CG14644,0.025375437,17.599974,0.9797555028048284,1.0,0.0001423757771344502
inaF-C,0.025375437,17.059092,0.9797555028048284,1.0,0.0001423757771344502
moat,0.025375437,17.70299,0.9797555028048284,1.0,0.0001423757771344502
CG3746,0.025375437,17.667784,0.9797555028048284,1.0,0.0001423757771344502
CG15531,0.025375437,17.311506,0.9797555028048284,1.0,0.0001423757771344502
Est-P,0.025375437,17.81826,0.9797555028048284,1.0,0.0001423757771344502
CG7367,0.025375437,17.198957,0.9797555028048284,1.0,0.0001423757771344502
CG8541,0.025375437,17.491444,0.9797555028048284,1.0,0.0001423757771344502
rho-6,0.025375437,17.466135,0.9797555028048284,1.0,0.0001423757771344502
CG12224,0.025375437,17.653606,0.9797555028048284,1.0,0.0001423757771344502
CG34382,0.025375437,17.518738,0.9797555028048284,1.0,0.0001423757771344502
mil,0.025375437,17.714495,0.9797555028048284,1.0,0.0001423757771344502
TwdlD,0.025375437,18.124405,0.9797555028048284,1.0,0.0001423757771344502
UK114,0.02512826,-0.27809894,0.9799526590824532,1.0,0.005837406862512458
CG5850,0.024728484,-0.072209165,0.9802715350056301,1.0,0.02159365953205828
Dbct,0.024545286,-0.10010644,0.9804176611122641,1.0,0.004508566275924256
lncRNA:CR44738,0.02454012,-0.03415433,0.9804217818146248,1.0,0.004508566275924256
CG4497,0.024473358,-0.009388177,0.9804750340151686,1.0,0.0356414028759907
CG2202,0.02434818,-0.04085184,0.9805748821255154,1.0,0.020976697831142328
lncRNA:CR44493,0.023951584,0.026716175,0.9808912282993466,1.0,0.004128897536899056
CG12814,0.02394443,-0.07301769,0.980896933969498,1.0,0.0042238147216553555
CG9578,0.023934497,-0.04565122,0.9809048585129961,1.0,0.03692278487020075
CG4707,0.02330463,-0.108559884,0.9814072783844063,1.0,0.024061506335722082
B-H1,0.022879023,-0.0305108,0.9817467725922782,1.0,0.003559394428361255
Imzf,0.022790406,-0.15401956,0.9818174613466097,1.0,0.017274927625646624
Ac13E,0.022465736,-0.14432111,0.9820764433346657,1.0,0.0674861183617294
CG32856,0.022389438,-0.060874127,0.9821373059619519,1.0,0.03844145982630155
CG10208,0.022309164,-0.23156247,0.9822013386299714,1.0,0.0033695600588486544
CG18327,0.022264259,0.06770426,0.9822371589348962,1.0,0.003037349912201604
btd,0.022170475,-0.042818896,0.9823119695986512,1.0,0.003132267096957904
Tnpo-SR,0.022167694,-0.018234877,0.9823141885613954,1.0,0.017227469033268474
CG18336,0.02207828,0.10834615,0.9823855124366756,1.0,0.002894974135067154
Ist1,0.022048078,-0.06953177,0.9824096040886104,1.0,0.09221204499074558
CG8314,0.02179176,-0.058056213,0.9826140667782431,1.0,0.09738503155996393
Cyp4s3,0.021765532,-0.058498573,0.9826349886064696,1.0,0.002894974135067154
wda,0.021608166,-0.0018672955,0.9827605198261382,1.0,0.020217360353091927
RpL37-2,0.021542199,0.03289634,0.9828131416261806,1.0,0.002705139765554554
EndoU,0.021405099,0.05967049,0.9829225064495514,1.0,0.0026102225807982534
Lgr1,0.021372512,-0.08708692,0.9829485004548538,1.0,0.014047743343932419
CG5854,0.02128588,-0.083887614,0.9830176065569166,1.0,0.013430781643016467
CG10359,0.02127674,0.081177354,0.9830248975751253,1.0,0.0025153053960419534
CG32022,0.021145603,-0.05207508,0.9831295079921974,1.0,0.048597598595225666
Fcp3C,0.02106374,0.25394338,0.9831948103997284,1.0,0.0023254710265293533
CG4610,0.020519312,-0.05627257,0.9836291059536421,1.0,0.02278012434151203
bt,0.020501828,0.08647742,0.9836430542131159,1.0,0.0020881780646386026
CG14298,0.020494675,0.17510279,0.9836487603207058,1.0,0.002040719472260453
CG31659,0.020322207,0.2257776,0.9837863411673711,1.0,0.0019458022875041526
lncRNA:CR43654,0.020197028,-0.09971005,0.983886198535743,1.0,0.0019932608798823026
lncRNA:CR45464,0.020120729,-0.16813564,0.9839470641032604,1.0,0.0019932608798823026
Taf11,0.020084566,-0.073552944,0.9839759118788585,1.0,0.049024725926629015
MtnE,0.02006748,-0.14271225,0.9839895432526418,1.0,0.0018983436951260026
CG44006,0.0200492,0.1694685,0.9840041256576776,1.0,0.0018034265103697023
dpy,0.019827852,-0.3266855,0.9841806999848622,1.0,0.0018508851027478526
GstE4,0.019709032,-0.11223731,0.9842754861647245,1.0,0.0017085093256134023
Dmel_CR42735,0.019696712,-0.28087744,0.984285313507132,1.0,0.0017559679179915523
Prat,0.019658562,-0.044576894,0.9843157465826107,1.0,0.0016610507332352523
asRNA:CR45896,0.019643461,0.06017289,0.9843277930146287,1.0,0.001613592140857102
CG31883,0.019638296,0.06725495,0.9843319141632448,1.0,0.001613592140857102
lncRNA:CR45416,0.019621605,-0.020820856,0.9843452286462461,1.0,0.001613592140857102
trk,0.019536166,-0.035678156,0.984413386186965,1.0,0.001566133548478952
Cdk7,0.019530602,-0.0216091,0.9844178243563576,1.0,0.024203882112856533
CG12868,0.019407809,-0.0544508,0.984515781217635,1.0,0.0389635043424612
CG14246,0.019366082,0.040430203,0.9845490675829348,1.0,0.001471216363722652
CG43750,0.019314818,0.12371357,0.9845899622971196,1.0,0.0014237577713445018
DIP-iota,0.019172553,0.22676913,0.9847034532660953,1.0,0.0013288405865882018
CG33293,0.019021146,0.050777853,0.9848242358942825,1.0,0.0012813819942100518
Nadk2,0.018958358,-0.018759111,0.9848743243304753,1.0,0.019932608798823026
CG34163,0.018949617,-0.08401503,0.9848812986744255,1.0,0.017891889326562573
lncRNA:CR45217,0.018912261,-0.05570458,0.9849110981570396,1.0,0.0012339234018319016
CG5768,0.018828413,0.28750932,0.9849779885616369,1.0,0.0011390062170756016
CG9300,0.018828413,-0.13479425,0.9849779885616369,1.0,0.012244316833562717
hpRNA:CR46342,0.01879225,-0.08224242,0.9850068370625914,1.0,0.024203882112856533
Hsp70Ba,0.018778738,-0.13903153,0.9850176156284204,1.0,0.006739120117697309
CG34180,0.01873264,0.29219747,0.985054389579466,1.0,0.0010915476246974515
Ugt35E2,0.018726282,0.21571933,0.9850594618510695,1.0,0.0010915476246974515
CG5958,0.018702041,-0.20442069,0.9850787998920969,1.0,0.0011390062170756016
CG7768,0.01864879,-0.12081213,0.9851212802097101,1.0,0.0010915476246974515
CG15614,0.018642433,0.22440715,0.9851263524892617,1.0,0.0010440890323193013
CG7457,0.018585209,-0.037667856,0.9851720030322567,1.0,0.0010440890323193013
smp-30,0.018500565,-0.0268192,0.9852395278827463,1.0,0.0009966304399411513
eggpl,0.018457249,0.2299645,0.9852740828941167,1.0,0.0009491718475630013
CG6652,0.018446917,0.11503596,0.9852823253779763,1.0,0.0009491718475630013
Duox,0.018433405,0.044762094,0.9852931040130862,1.0,0.0009491718475630013
Ada,0.01841433,-0.32057926,0.9853083209142817,1.0,0.0009491718475630013
CG4702,0.018371014,0.22472508,0.9853428759805873,1.0,0.0009017132551848512
hmw,0.01835353,0.14233702,0.9853568248224863,1.0,0.0009017132551848512
nerfin-1,0.018342402,0.091122106,0.9853657013605711,1.0,0.0009017132551848512
IntS9,0.018315379,-0.010478352,0.9853872586748889,1.0,0.005505196715865407
Mos,0.01826809,0.15338005,0.9854249840006085,1.0,0.0008542546628067012
lncRNA:CR43966,0.018221993,-0.27781957,0.9854617582990657,1.0,0.0008542546628067012
lncRNA:CR44595,0.01821921,0.39516345,0.9854639774387548,1.0,0.000806796070428551
CG12206,0.018204905,0.38962483,0.9854753901589318,1.0,0.000806796070428551
snoRNA:2R:9445205,0.01818583,0.15577778,0.9854906071237911,1.0,0.000806796070428551
CG33137,0.018145693,0.58381146,0.9855226261712483,1.0,0.000759337478050401
asRNA:CR45960,0.018141719,-0.27210882,0.9855257963752364,1.0,0.000806796070428551
CG13931,0.018129002,0.42778704,0.985535941029534,1.0,0.000759337478050401
lncRNA:CR32652,0.018083699,-0.101906866,0.9855720813794646,1.0,0.000759337478050401
CG4476,0.018075753,-0.11050589,0.985578421794788,1.0,0.000759337478050401
CG3494,0.018063035,-0.24165995,0.9855885664612,1.0,0.000759337478050401
Sgsh,0.01806065,-0.23685233,0.9855904685864117,1.0,0.000759337478050401
CG10560,0.018037206,0.36242023,0.9856091728220213,1.0,0.0007118788856722509
Lsd-1,0.018022105,0.18110994,0.9856212196220263,1.0,0.0007118788856722509
CG34214,0.018007798,0.111495845,0.9856326323829501,1.0,0.0007118788856722509
CG30345,0.017988723,-0.28901,0.9856478494020883,1.0,0.0007118788856722509
Or67d,0.01793587,0.27012044,0.985690013253211,1.0,0.0006644202932941009
Est-Q,0.017916001,-0.110467866,0.9857058643354056,1.0,0.0006644202932941009
Lst,0.017915206,-0.031956658,0.9857064983788109,1.0,0.0006644202932941009
Arpc3B,0.017912026,-0.0788666,0.9857090345525219,1.0,0.0006644202932941009
Ttc26,0.017855199,0.21890919,0.9857543686819459,1.0,0.0006169617009159508
lncRNA:CR32194,0.01784765,0.24397548,0.9857603921012086,1.0,0.0006169617009159508
fs(1)M3,0.017844867,0.043890815,0.9857626112558784,1.0,0.0006169617009159508
Nopp140,0.017840894,-0.04840387,0.9857657814770264,1.0,0.02164111812443643
ymp,0.017839303,-0.24101841,0.9857670495655485,1.0,0.0006169617009159508
SecCl,0.017778503,0.54157394,0.9858155539784828,1.0,0.0005695031085378008
CG11396,0.017776914,0.005752872,0.9858168220684138,1.0,0.048834891557116414
CG34222,0.017772146,0.3072808,0.9858206263384222,1.0,0.0005695031085378008
CG34107,0.017766582,0.25987807,0.9858250646538393,1.0,0.0005695031085378008
yellow-f,0.017765786,0.27667034,0.9858256986989348,1.0,0.0005695031085378008
CG13716,0.017764991,0.21774499,0.9858263327440391,1.0,0.0005695031085378008
CG8563,0.017761813,0.16282415,0.985828868924546,1.0,0.0005695031085378008
ImpL1,0.017745122,0.044567734,0.9858421838745567,1.0,0.0005695031085378008
CG34330,0.01770737,0.9525888,0.9858723010379323,1.0,0.0005220445161596507
CG34396,0.01768591,0.35175705,0.985889420276618,1.0,0.0005220445161596507
CG43085,0.017681142,0.17804936,0.9858932245527641,1.0,0.0005220445161596507
fzr2,0.017670015,-0.07373429,0.9859021011983522,1.0,0.0005220445161596507
CG30484,0.017669221,0.036236856,0.9859027352445324,1.0,0.0005220445161596507
kipf,0.017666835,0.014019859,0.9859046373831265,1.0,0.0005220445161596507
CG17190,0.017665247,-0.036438964,0.9859059054755671,1.0,0.0005220445161596507
niki,0.017663658,-0.087295696,0.9859071735680434,1.0,0.0005220445161596507
CG42763,0.017654914,-0.29818213,0.9859141480772988,1.0,0.0005220445161596507
ftz,0.017610803,0.609018,0.9859493376631311,1.0,0.00047458592378150065
CG12105,0.017599678,0.42930478,0.9859582143197334,1.0,0.00047458592378150065
CG31445,0.017598087,0.3410417,0.9859594824136756,1.0,0.00047458592378150065
CG30376,0.017597293,0.31897268,0.9859601164606601,1.0,0.00047458592378150065
tw,0.017597293,0.37988046,0.9859601164606601,1.0,0.00047458592378150065
CG8854,0.017596498,0.21065845,0.9859607505076533,1.0,0.00047458592378150065
CG5023,0.017592523,0.19760494,0.9859639207427527,1.0,0.00047458592378150065
CG13950,0.017590934,0.14134589,0.9859651888368547,1.0,0.00047458592378150065
CG9747,0.017582191,-0.17481847,0.9859721633550486,1.0,0.00047458592378150065
CG6409,0.017581398,-0.1635398,0.9859727974022102,1.0,0.00047458592378150065
lncRNA:CR46023,0.017522981,0.67097914,0.9860193998928262,1.0,0.0004271273314033506
Pstk,0.017522981,0.66274107,0.9860193998928262,1.0,0.0004271273314033506
CG15143,0.017515827,0.510546,0.98602510632353,1.0,0.0004271273314033506
lncRNA:CR43436,0.017514238,0.37630314,0.986026374419339,1.0,0.0004271273314033506
lncRNA:CR44608,0.017512647,0.4164519,0.9860276425151835,1.0,0.0004271273314033506
lncRNA:CR44363,0.017507879,0.036250237,0.9860314468029283,1.0,0.0004271273314033506
sro,0.017504701,0.027395261,0.9860339829949347,1.0,0.0004271273314033506
CG16824,0.017499138,-0.2104138,0.9860384213312855,1.0,0.0004271273314033506
CG32500,0.017498342,-0.18573175,0.9860390553793709,1.0,0.0004271273314033506
CG6733,0.017496753,-0.06483925,0.9860403234755681,1.0,0.0004271273314033506
l(3)mbn,0.01743913,1.0345329,0.9860862919865042,1.0,0.0003796687390252005
lncRNA:CR44170,0.017438335,0.92281985,0.9860869260352543,1.0,0.0003796687390252005
lncRNA:CR45329,0.017430387,0.63838917,0.9860932665232377,1.0,0.0003796687390252005
Myo10A,0.017430387,0.56644917,0.9860932665232377,1.0,0.0003796687390252005
lncRNA:CR44109,0.01742721,0.46569958,0.986095802718677,1.0,0.0003796687390252005
Skel,0.017426414,0.39943525,0.9860964367675588,1.0,0.0003796687390252005
CG13947,0.017423235,0.22824447,0.9860989729631738,1.0,0.0003796687390252005
knon,0.017423235,0.21594803,0.9860989729631738,1.0,0.0003796687390252005
lncRNA:CR44991,0.017420055,0.021282272,0.9861015091589292,1.0,0.0003796687390252005
CG34375,0.017416878,0.118352614,0.9861040453548252,1.0,0.0003796687390252005
ect,0.017352898,1.2612165,0.9861550863270472,1.0,0.00033221014664705045
CG7094,0.017351307,1.2109993,0.9861563544264582,1.0,0.00033221014664705045
asRNA:CR45163,0.017348127,0.8349326,0.9861588906253853,1.0,0.00033221014664705045
P5CDh2,0.017348127,0.8232242,0.9861588906253853,1.0,0.00033221014664705045
CG12824,0.017348127,0.89718956,0.9861588906253853,1.0,0.00033221014664705045
CG33270,0.01734495,0.6047015,0.9861614268244522,1.0,0.00033221014664705045
CalpC,0.017344154,0.5420086,0.9861620608742407,1.0,0.00033221014664705045
Jhbp15,0.017343359,0.60128,0.9861626949240381,1.0,0.00033221014664705045
stg,0.017343359,0.7065978,0.9861626949240381,1.0,0.00033221014664705045
BomBc1,0.017343359,0.6574248,0.9861626949240381,1.0,0.00033221014664705045
RnrS,0.017342566,0.55835766,0.9861633289738442,1.0,0.00033221014664705045
CG13033,0.01734177,0.45940524,0.9861639630236589,1.0,0.00033221014664705045
CG33477,0.017340975,0.5160163,0.9861645970734825,1.0,0.00033221014664705045
verm,0.017340975,0.4215099,0.9861645970734825,1.0,0.00033221014664705045
lncRNA:CR43899,0.017340975,0.47658274,0.9861645970734825,1.0,0.00033221014664705045
CG32260,0.01734018,0.15335774,0.9861652311233148,1.0,0.00033221014664705045
OS9,0.01734018,0.30978242,0.9861652311233148,1.0,0.00033221014664705045
asRNA:CR45952,0.017339386,0.35253617,0.9861658651731557,1.0,0.00033221014664705045
CG13891,0.017339386,0.2610188,0.9861658651731557,1.0,0.00033221014664705045
Acp36DE,0.01733859,0.18270095,0.9861664992230055,1.0,0.00033221014664705045
CG1077,0.017337795,0.032987837,0.986167133272864,1.0,0.00033221014664705045
CG7886,0.017337002,0.2800164,0.9861677673227311,1.0,0.00033221014664705045
CG8526,0.017335411,0.10223308,0.9861690354224919,1.0,0.00033221014664705045
CG7227,0.017333822,-0.10956472,0.9861703035222875,1.0,0.00033221014664705045
lncRNA:CR44754,0.017332232,-0.0017451944,0.986171571622118,1.0,0.00033221014664705045
CG11034,0.017331438,-0.23649947,0.9861722056720463,1.0,0.00033221014664705045
CG43679,0.017264279,1.3179541,0.9862257829225036,1.0,0.0002847515542689004
Lrt,0.017261894,1.0864816,0.9862276850745507,1.0,0.0002847515542689004
CG13101,0.017261894,1.0817006,0.9862276850745507,1.0,0.0002847515542689004
lncRNA:CR43884,0.017261894,0.9590984,0.9862276850745507,1.0,0.0002847515542689004
CG31675,0.017260306,1.0261831,0.9862289531759589,1.0,0.0002847515542689004
Edg84A,0.017258715,0.7660047,0.986230221277402,1.0,0.0002847515542689004
CG8519,0.01725792,0.71557826,0.9862308553281366,1.0,0.0002847515542689004
CG6138,0.01725792,0.6914522,0.9862308553281366,1.0,0.0002847515542689004
lncRNA:CR44714,0.01725792,0.8054682,0.9862308553281366,1.0,0.0002847515542689004
CG6481,0.017257126,0.45573565,0.9862314893788798,1.0,0.0002847515542689004
CG15580,0.017257126,0.66727984,0.9862314893788798,1.0,0.0002847515542689004
Cyp4ac2,0.017257126,0.52545977,0.9862314893788798,1.0,0.0002847515542689004
tilB,0.01725633,0.6375747,0.9862321234296317,1.0,0.0002847515542689004
lncRNA:CR44423,0.017255535,0.44003204,0.9862327574803924,1.0,0.0002847515542689004
lncRNA:CR44185,0.017254742,0.27460265,0.9862333915311617,1.0,0.0002847515542689004
CG32811,0.017254742,0.13150649,0.9862333915311617,1.0,0.0002847515542689004
CG44261,0.017253947,0.23209572,0.9862340255819398,1.0,0.0002847515542689004
RhoGEF4,0.017253151,0.45524874,0.9862346596327265,1.0,0.0002847515542689004
CG45061,0.017252358,0.30953127,0.9862352936835219,1.0,0.0002847515542689004
lncRNA:CR43904,0.017249972,0.04244979,0.9862371958359604,1.0,0.0002847515542689004
CG12998,0.017249178,-0.2602629,0.9862378298867907,1.0,0.0002847515542689004
lncRNA:CR44946,0.017248383,0.0615888,0.9862384639376295,1.0,0.0002847515542689004
CG7110,0.017242422,-0.09255328,0.9862432193191982,1.0,0.0051729865692183566
CG15550,0.017176455,1.7488306,0.9862958455744885,1.0,0.00023729296189075032
CG9616,0.017174866,1.0738261,0.9862971136777622,1.0,0.00023729296189075032
CecA2,0.017174866,1.1627746,0.9862971136777622,1.0,0.00023729296189075032
edin,0.017174866,0.9284674,0.9862971136777622,1.0,0.00023729296189075032
CG14851,0.017174866,1.1599975,0.9862971136777622,1.0,0.00023729296189075032
Dhc93AB,0.017173275,1.1171601,0.9862983817810707,1.0,0.00023729296189075032
Obp57c,0.017173275,0.92911243,0.9862983817810707,1.0,0.00023729296189075032
RpL7-like,0.017172482,0.62774295,0.9862990158327378,1.0,0.00023729296189075032
CG5653,0.017172482,0.5193148,0.9862990158327378,1.0,0.00023729296189075032
dysf,0.017171687,0.45322827,0.9862996498844137,1.0,0.00023729296189075032
CG8664,0.017171687,0.70044196,0.9862996498844137,1.0,0.00023729296189075032
CG12896,0.017170891,0.4913502,0.9863002839360981,1.0,0.00023729296189075032
asRNA:CR44035,0.017170098,0.3857125,0.9863009179877913,1.0,0.00023729296189075032
CG14079,0.017170098,0.5215922,0.9863009179877913,1.0,0.00023729296189075032
CG8630,0.017170098,0.54311585,0.9863009179877913,1.0,0.00023729296189075032
CG4408,0.017168507,0.416712,0.9863021860912035,1.0,0.00023729296189075032
btv,0.017168507,0.45263514,0.9863021860912035,1.0,0.00023729296189075032
asRNA:CR46144,0.017168507,0.5266687,0.9863021860912035,1.0,0.00023729296189075032
CG13607,0.017168507,0.19629227,0.9863021860912035,1.0,0.00023729296189075032
asRNA:CR45167,0.017167712,0.2263159,0.9863028201429226,1.0,0.00023729296189075032
lncRNA:CR44582,0.017167712,0.1351192,0.9863028201429226,1.0,0.00023729296189075032
CG33766,0.017167712,0.06796971,0.9863028201429226,1.0,0.00023729296189075032
lncRNA:CR44761,0.017166918,-0.029681956,0.9863034541946504,1.0,0.00023729296189075032
Targ2,0.017137907,-0.140127,0.9863265970886304,1.0,0.018983436951260025
CG17224,0.017089427,1.557695,0.9863652742795848,1.0,0.00018983436951260026
Cpr65Az,0.017089427,1.8056171,0.9863652742795848,1.0,0.00018983436951260026
lncRNA:CR46253,0.017088631,1.1929255,0.9863659083321626,1.0,0.00018983436951260026
CG33500,0.017088631,1.1769323,0.9863659083321626,1.0,0.00018983436951260026
CG15824,0.017088631,1.3598069,0.9863659083321626,1.0,0.00018983436951260026
CG13086,0.017087836,1.3789686,0.9863665423847492,1.0,0.00018983436951260026
saturn,0.017087836,1.5348458,0.9863665423847492,1.0,0.00018983436951260026
Dic4,0.017087836,1.2607746,0.9863665423847492,1.0,0.00018983436951260026
lncRNA:CR45463,0.017087836,1.2267412,0.9863665423847492,1.0,0.00018983436951260026
CG7213,0.017087836,1.0494375,0.9863665423847492,1.0,0.00018983436951260026
Sp212,0.017087042,0.61477673,0.9863671764373444,1.0,0.00018983436951260026
mt:tRNA:Tyr-GTA,0.017087042,0.50711185,0.9863671764373444,1.0,0.00018983436951260026
CG34138,0.017087042,1.0040544,0.9863671764373444,1.0,0.00018983436951260026
snoRNA:Psi28S-3436b,0.017087042,1.152167,0.9863671764373444,1.0,0.00018983436951260026
lncRNA:CR43495,0.017087042,1.0782646,0.9863671764373444,1.0,0.00018983436951260026
CG45428,0.017087042,1.0015424,0.9863671764373444,1.0,0.00018983436951260026
CG44625,0.017086247,1.0794315,0.9863678104899481,1.0,0.00018983436951260026
CG30325,0.017086247,0.8200165,0.9863678104899481,1.0,0.00018983436951260026
cuff,0.017086247,0.9078091,0.9863678104899481,1.0,0.00018983436951260026
CG43060,0.017085452,0.7613875,0.9863684445425606,1.0,0.00018983436951260026
Cyp313b1,0.017085452,0.88657135,0.9863684445425606,1.0,0.00018983436951260026
CG32240,0.017085452,0.73904085,0.9863684445425606,1.0,0.00018983436951260026
CG14062,0.017083863,0.102086626,0.9863697126478111,1.0,0.00018983436951260026
lncRNA:CR45884,0.017083863,0.29961717,0.9863697126478111,1.0,0.00018983436951260026
CG6244,0.017003192,2.762059,0.9864340690344304,1.0,0.0001423757771344502
CG31230,0.017003192,2.6022618,0.9864340690344304,1.0,0.0001423757771344502
SmydA-2,0.017003192,2.1487792,0.9864340690344304,1.0,0.0001423757771344502
lncRNA:CR45387,0.017003192,2.3257687,0.9864340690344304,1.0,0.0001423757771344502
CG31698,0.017003192,2.4759355,0.9864340690344304,1.0,0.0001423757771344502
asRNA:CR44512,0.017003192,2.2802846,0.9864340690344304,1.0,0.0001423757771344502
CG43315,0.017003192,2.3452506,0.9864340690344304,1.0,0.0001423757771344502
CG42571,0.017003192,2.1527224,0.9864340690344304,1.0,0.0001423757771344502
snoRNA:CD68,0.017003192,2.4640634,0.9864340690344304,1.0,0.0001423757771344502
lncRNA:CR44558,0.017003192,2.1013963,0.9864340690344304,1.0,0.0001423757771344502
CG14292,0.017003192,2.7479548,0.9864340690344304,1.0,0.0001423757771344502
Vm34Ca,0.017003192,2.0663543,0.9864340690344304,1.0,0.0001423757771344502
CG15422,0.017003192,2.999972,0.9864340690344304,1.0,0.0001423757771344502
CG11630,0.017003192,2.621701,0.9864340690344304,1.0,0.0001423757771344502
CG15330,0.017002398,2.0547185,0.9864347030879405,1.0,0.0001423757771344502
lncRNA:CR45658,0.017002398,2.129369,0.9864347030879405,1.0,0.0001423757771344502
CG15546,0.017002398,2.039106,0.9864347030879405,1.0,0.0001423757771344502
CG14515,0.017002398,1.4335572,0.9864347030879405,1.0,0.0001423757771344502
lncRNA:CR45553,0.017002398,1.856914,0.9864347030879405,1.0,0.0001423757771344502
snoRNA:CD61,0.017002398,1.7018216,0.9864347030879405,1.0,0.0001423757771344502
CheA87a,0.017002398,1.8194456,0.9864347030879405,1.0,0.0001423757771344502
CG13481,0.017002398,1.8337227,0.9864347030879405,1.0,0.0001423757771344502
lncRNA:CR45575,0.017002398,2.2921202,0.9864347030879405,1.0,0.0001423757771344502
CG45105,0.017002398,2.0193386,0.9864347030879405,1.0,0.0001423757771344502
kni,0.017002398,1.6814936,0.9864347030879405,1.0,0.0001423757771344502
tHMG2,0.017002398,1.9936577,0.9864347030879405,1.0,0.0001423757771344502
CG13074,0.017002398,1.8265108,0.9864347030879405,1.0,0.0001423757771344502
CG8927,0.017002398,2.3801537,0.9864347030879405,1.0,0.0001423757771344502
CG42792,0.017002398,1.7876545,0.9864347030879405,1.0,0.0001423757771344502
CG32236,0.017002398,1.9264091,0.9864347030879405,1.0,0.0001423757771344502
CG42692,0.017002398,2.0778933,0.9864347030879405,1.0,0.0001423757771344502
CG8960,0.017002398,1.5695308,0.9864347030879405,1.0,0.0001423757771344502
snoRNA:Psi18S-1377c,0.017002398,2.2310984,0.9864347030879405,1.0,0.0001423757771344502
CG11841,0.017001603,1.274397,0.9864353371414589,1.0,0.0001423757771344502
Prosbeta2R1,0.017001603,1.4728595,0.9864353371414589,1.0,0.0001423757771344502
lncRNA:CR44581,0.017001603,1.6877134,0.9864353371414589,1.0,0.0001423757771344502
CG15128,0.017001603,2.0685184,0.9864353371414589,1.0,0.0001423757771344502
CG5172,0.017001603,1.5100498,0.9864353371414589,1.0,0.0001423757771344502
AOX2,0.017001603,1.273377,0.9864353371414589,1.0,0.0001423757771344502
Lsp1gamma,0.017001603,1.1631491,0.9864353371414589,1.0,0.0001423757771344502
Tim13,0.017001603,1.0234544,0.9864353371414589,1.0,0.0001423757771344502
CG34203,0.017001603,1.833839,0.9864353371414589,1.0,0.0001423757771344502
Tsp42Eh,0.017001603,1.3848977,0.9864353371414589,1.0,0.0001423757771344502
lncRNA:CR44948,0.017001603,1.4728837,0.9864353371414589,1.0,0.0001423757771344502
asRNA:CR46138,0.017001603,1.5553209,0.9864353371414589,1.0,0.0001423757771344502
Vha16-5,0.017001603,1.4481145,0.9864353371414589,1.0,0.0001423757771344502
CG7142,0.017001603,1.5291592,0.9864353371414589,1.0,0.0001423757771344502
CG5162,0.017001603,1.0949963,0.9864353371414589,1.0,0.0001423757771344502
CG34185,0.017001603,1.1903098,0.9864353371414589,1.0,0.0001423757771344502
CG7091,0.017001603,1.6067964,0.9864353371414589,1.0,0.0001423757771344502
Mst89B,0.017000807,0.35507652,0.986435971194986,1.0,0.0001423757771344502
snoRNA:Psi28S-1192a,0.017000807,0.9502403,0.986435971194986,1.0,0.0001423757771344502
asRNA:CR45016,0.017000807,1.2044168,0.986435971194986,1.0,0.0001423757771344502
CG44250,0.017000807,0.5141521,0.986435971194986,1.0,0.0001423757771344502
CG31268,0.017000807,0.9000811,0.986435971194986,1.0,0.0001423757771344502
Cpr65Au,0.017000807,0.610927,0.986435971194986,1.0,0.0001423757771344502
asRNA:CR44386,0.017000807,0.9275772,0.986435971194986,1.0,0.0001423757771344502
CG11951,0.017000807,0.39265725,0.986435971194986,1.0,0.0001423757771344502
slbo,0.017000807,1.2629097,0.986435971194986,1.0,0.0001423757771344502
CG13678,0.017000807,0.9645172,0.986435971194986,1.0,0.0001423757771344502
CG15905,0.017000807,0.44488588,0.986435971194986,1.0,0.0001423757771344502
CG2444,0.017000807,0.8243355,0.986435971194986,1.0,0.0001423757771344502
TbCMF46,0.017000807,1.2001513,0.986435971194986,1.0,0.0001423757771344502
asRNA:CR46092,0.017000807,0.77614194,0.986435971194986,1.0,0.0001423757771344502
CG8958,0.017000807,0.8774383,0.986435971194986,1.0,0.0001423757771344502
asRNA:CR45264,0.017000807,0.58862054,0.986435971194986,1.0,0.0001423757771344502
Smyd4-2,0.017000807,1.373791,0.986435971194986,1.0,0.0001423757771344502
Ir56c,0.017000807,1.0620043,0.986435971194986,1.0,0.0001423757771344502
CG10348,0.017000807,0.3283524,0.986435971194986,1.0,0.0001423757771344502
lncRNA:CR45375,0.017000807,0.73201424,0.986435971194986,1.0,0.0001423757771344502
Cpr97Eb,0.017000807,0.9458411,0.986435971194986,1.0,0.0001423757771344502
Esp,0.017000807,1.1133988,0.986435971194986,1.0,0.0001423757771344502
Obp19a,0.016916959,16.85089,0.9865028638901467,1.0,9.491718475630013e-05
lncRNA:CR43279,0.016916959,16.901342,0.9865028638901467,1.0,9.491718475630013e-05
CG14854,0.016916959,16.664644,0.9865028638901467,1.0,9.491718475630013e-05
Mzt1,0.016916959,17.088207,0.9865028638901467,1.0,9.491718475630013e-05
CG9702,0.016916959,17.317205,0.9865028638901467,1.0,9.491718475630013e-05
Cs2,0.016916959,17.301867,0.9865028638901467,1.0,9.491718475630013e-05
Fa2h,0.016916959,16.483065,0.9865028638901467,1.0,9.491718475630013e-05
CG11382,0.016916959,17.766115,0.9865028638901467,1.0,9.491718475630013e-05
CG5111,0.016916959,16.554228,0.9865028638901467,1.0,9.491718475630013e-05
CG12860,0.016916959,16.813211,0.9865028638901467,1.0,9.491718475630013e-05
Trf5,0.016916959,17.376364,0.9865028638901467,1.0,9.491718475630013e-05
CG11674,0.016916959,17.490135,0.9865028638901467,1.0,9.491718475630013e-05
CG8252,0.016916959,16.867775,0.9865028638901467,1.0,9.491718475630013e-05
CG12395,0.016916959,17.68968,0.9865028638901467,1.0,9.491718475630013e-05
CG44163,0.016916959,16.817244,0.9865028638901467,1.0,9.491718475630013e-05
CG30286,0.016916959,16.52173,0.9865028638901467,1.0,9.491718475630013e-05
CG43814,0.016916959,17.335133,0.9865028638901467,1.0,9.491718475630013e-05
Pgam2,0.016916959,16.43476,0.9865028638901467,1.0,9.491718475630013e-05
CG13243,0.016916959,16.969034,0.9865028638901467,1.0,9.491718475630013e-05
CG15506,0.016916959,16.337418,0.9865028638901467,1.0,9.491718475630013e-05
CG13545,0.016916959,16.684052,0.9865028638901467,1.0,9.491718475630013e-05
Ir64a,0.016916959,17.117777,0.9865028638901467,1.0,9.491718475630013e-05
CG33346,0.016916959,17.09872,0.9865028638901467,1.0,9.491718475630013e-05
Spag1,0.016916959,17.144697,0.9865028638901467,1.0,9.491718475630013e-05
CG8564,0.016916959,17.205769,0.9865028638901467,1.0,9.491718475630013e-05
CG42753,0.016916959,17.309805,0.9865028638901467,1.0,9.491718475630013e-05
CG30026,0.016916959,16.8534,0.9865028638901467,1.0,9.491718475630013e-05
asRNA:CR44847,0.016916959,16.745043,0.9865028638901467,1.0,9.491718475630013e-05
scpr-A,0.016916959,16.708782,0.9865028638901467,1.0,9.491718475630013e-05
CG42682,0.016916959,16.663624,0.9865028638901467,1.0,9.491718475630013e-05
CG13838,0.016916959,16.66003,0.9865028638901467,1.0,9.491718475630013e-05
CG32074,0.016916959,16.385136,0.9865028638901467,1.0,9.491718475630013e-05
CG4306,0.016916959,17.058983,0.9865028638901467,1.0,9.491718475630013e-05
asRNA:CR44896,0.016916959,17.154184,0.9865028638901467,1.0,9.491718475630013e-05
lncRNA:CR45650,0.016916959,17.015978,0.9865028638901467,1.0,9.491718475630013e-05
TotX,0.016916959,17.639925,0.9865028638901467,1.0,9.491718475630013e-05
lncRNA:CR43853,0.016916959,17.46903,0.9865028638901467,1.0,9.491718475630013e-05
CG12974,0.016916959,17.107494,0.9865028638901467,1.0,9.491718475630013e-05
CG8028,0.016916959,17.339432,0.9865028638901467,1.0,9.491718475630013e-05
CG3091,0.016673358,-0.36978325,0.9866972019723731,1.0,0.006169617009159509
PIG-Wa,0.01654818,0.03506877,0.9867970660581004,1.0,0.004508566275924256
CG5776,0.016434524,-0.005797978,0.9868877364865809,1.0,0.004508566275924256
CG30271,0.016387235,-0.1374203,0.9869254630434972,1.0,0.0047933178301931565
BCAS2,0.01624656,-0.06942621,0.9870376917970936,1.0,0.03682786768544445
vimar,0.015974345,-0.05605745,0.9872548583320202,1.0,0.042475440178444304
Boh1,0.015653253,-0.062503636,0.9875110209464735,1.0,0.01423757771344502
CG8086,0.015650075,-0.110267505,0.9875135572164635,1.0,0.004318731906411656
asRNA:CR44119,0.015285268,0.10922885,0.9878045950293943,1.0,0.003701770205495705
CG18596,0.015284474,-0.09752657,0.9878052291004893,1.0,0.009206966921361113
rod,0.014920463,0.00041243364,0.9880956344652,1.0,0.0036068530207394047
ppk8,0.014181315,0.013113684,0.9886853270268776,1.0,0.003227184281714204
GstD11,0.014097465,-0.20789655,0.988752222654724,1.0,0.013905367566797968
RNaseZ,0.013803395,-0.05280402,0.9889868335353834,1.0,0.008115419296663661
Hf,0.013775181,0.051479507,0.9890093435486482,1.0,0.002989891319823454
CG10914,0.013720738,-0.08609909,0.9890527783876881,1.0,0.019505481467419677
Rpe,0.013718751,-0.062265325,0.9890543636014062,1.0,0.013003654311613117
CG33914,0.013605495,-0.05548592,0.9891447208545725,1.0,0.002894974135067154
kermit,0.013361894,-0.07438436,0.9893390686799226,1.0,0.0028475155426890037
CG8159,0.013282415,-0.06936753,0.9894024775695027,1.0,0.013240947273503868
Idgf2,0.013095244,-0.23256892,0.9895518057681908,1.0,0.0028475155426890037
CG6293,0.012796802,-0.12122864,0.9897899073239952,1.0,0.0025627639884201036
CG10979,0.012795214,-0.101760186,0.9897911755105008,1.0,0.05884865454890608
CG15638,0.0126283085,0.03348473,0.9899243352365114,1.0,0.002372929618907503
Cyp9c1,0.012523795,-0.014291347,0.9900077187318873,1.0,0.01670542451710882
CG34234,0.012272643,-0.021827538,0.9902080932033182,1.0,0.002183095249394903
Ldsdh1,0.012271054,-0.00378254,0.9902093613981555,1.0,0.002230553841773053
CG32650,0.012168924,-0.062075313,0.9902908429681649,1.0,0.00726116463385696
CG7720,0.011979765,-0.03888246,0.9904417585164178,1.0,0.002040719472260453
Grip75,0.011845845,-0.043462403,0.9905486043952715,1.0,0.02828532105737744
Mtap,0.011834717,-0.029602278,0.9905574818053218,1.0,0.03099046082293199
CG32797,0.011798157,-0.24205019,0.9905866504465692,1.0,0.0019932608798823026
lncRNA:CR44171,0.011644765,-0.03435164,0.9907090320563112,1.0,0.0018508851027478526
nclb,0.011391627,-0.058448173,0.9909109938941403,1.0,0.017417303402781074
Try29F,0.011355861,-0.040584613,0.9909395285809616,1.0,0.016373214370461773
asRNA:CR44165,0.011271217,0.027880572,0.9910070607192092,1.0,0.001613592140857102
Mccc1,0.0111281555,-0.10493904,0.9911211996906333,1.0,0.001566133548478952
Daxx,0.011069342,-0.08580945,0.9911681235428366,1.0,0.09695790422856058
tous,0.010987479,-0.05648057,0.9912334365230719,1.0,0.001471216363722652
lncRNA:CR44779,0.010977942,-0.05466241,0.9912410458061518,1.0,0.001471216363722652
Cp7Fc,0.010953303,-0.21688159,0.9912607031244608,1.0,0.001471216363722652
lncRNA:CR44753,0.01079832,0.15757972,0.9913843541188504,1.0,0.0013288405865882018
lncRNA:CR44855,0.01074666,-0.0024356898,0.9914255711631128,1.0,0.0013288405865882018
lncRNA:CR43700,0.010679103,0.10818318,0.9914794704093512,1.0,0.0012813819942100518
lft,0.010537632,-0.099724144,0.991592341897749,1.0,0.0012339234018319016
nesd,0.010532863,-0.16880491,0.9915961465576055,1.0,0.0012339234018319016
mth,0.010467294,-0.07716954,0.9916484606499738,1.0,0.0011864648094537516
Tpp,0.010420798,-0.16080056,0.9916855561190595,1.0,0.0011864648094537516
CG14787,0.0104009295,-0.029800085,0.9917014088891123,1.0,0.0011390062170756016
CG10993,0.010373112,-0.09159154,0.9917236027726889,1.0,0.0011390062170756016
Adgf-C,0.010372316,-0.061868887,0.9917242368837423,1.0,0.0011390062170756016
CG11626,0.0103596,0.12294897,0.9917343826613092,1.0,0.0010915476246974515
Oadh,0.010276148,-0.2077218,0.9918009643596829,1.0,0.0010915476246974515
asRNA:CR44114,0.010275354,-0.27071694,0.9918015984713712,1.0,0.0010915476246974515
CG14050,0.010242768,0.006509249,0.9918275970550459,1.0,0.0010440890323193013
Spn42Dd,0.010229654,-0.02488305,0.9918380599021458,1.0,0.0010440890323193013
CG1208,0.010127524,-0.12023214,0.9919195433350272,1.0,0.0009966304399411513
asRNA:CR45171,0.010090566,0.121390566,0.9919490295786326,1.0,0.0009491718475630013
qjt,0.0100798365,0.052777585,0.9919575901030311,1.0,0.0009491718475630013
CG32115,0.009965388,-0.050727252,0.9920489024206917,1.0,0.0009017132551848512
CG7794,0.009925649,-0.29899147,0.9920806081109654,1.0,0.0009017132551848512
CG14866,0.00992247,0.10615492,0.9920831445667283,1.0,0.0008542546628067012
Obp83cd,0.00990101,0.023832193,0.9921002656452188,1.0,0.0008542546628067012
CG7497,0.009893858,-0.035629984,0.9921059726721911,1.0,0.0008542546628067012
rha,0.009891473,-0.0017619394,0.992107875014605,1.0,0.0008542546628067012
Caf1-180,0.009861271,-0.3768056,0.9921319713557271,1.0,0.0008542546628067012
Spn47C,0.009857298,-0.23788756,0.9921351419274621,1.0,0.0008542546628067012
RpS10a,0.009816764,-0.12143142,0.9921674817662446,1.0,0.000806796070428551
Lfg,0.009815174,0.044916928,0.992168749995479,1.0,0.000806796070428551
CG42493,0.00981279,0.072752625,0.9921706523393677,1.0,0.000806796070428551
CG16959,0.0098016625,-0.06918332,0.9921795299447702,1.0,0.000806796070428551
Amus,0.009767884,-0.10185518,0.9922064798242398,1.0,0.025959850030848084
snRNA:U4:39B,0.009749207,0.0982211,0.992221381526119,1.0,0.000759337478050401
lncRNA:CR32657,0.009740464,0.15551525,0.9922283567917611,1.0,0.000759337478050401
CG13488,0.009716621,-0.09816974,0.9922473802465298,1.0,0.000759337478050401
Pop1,0.009711057,-0.31067607,0.9922518190532771,1.0,0.000759337478050401
CG31019,0.0097102625,-0.15103571,0.9922524531685463,1.0,0.000759337478050401
asRNA:CR17025,0.009672113,0.40445426,0.992282890707215,1.0,0.0007118788856722509
asRNA:CR45804,0.00966496,0.1773568,0.992288597746967,1.0,0.0007118788856722509
LSm1,0.009653833,-0.091779165,0.9922974753651432,1.0,0.047316216601015613
Ude,0.009649859,0.17591798,0.9923006459432945,1.0,0.0007118788856722509
lncRNA:CR43883,0.009637937,-0.04431494,0.9923101576784774,1.0,0.0007118788856722509
CG32812,0.009632374,-0.20662875,0.9923145964886037,1.0,0.0007118788856722509
eve,0.009629195,-0.044597562,0.9923171329516397,1.0,0.0007118788856722509
COX7AL2,0.009625221,-0.08729751,0.9923203035305439,1.0,0.0007118788856722509
CG30082,0.0096188625,-0.27346793,0.992325376457043,1.0,0.0007118788856722509
lncRNA:CR45921,0.009616478,-0.25396702,0.9923272788045601,1.0,0.0007118788856722509
CG11741,0.009581508,0.33800325,0.9923551799064838,1.0,0.0006644202932941009
snoRNA:Psi28S-1175b,0.009574355,0.26030755,0.9923608869512119,1.0,0.0006644202932941009
Obp57e,0.00957197,0.23997855,0.9923627892995415,1.0,0.0006644202932941009
CG13334,0.00955528,0.04449118,0.9923761057390635,1.0,0.0006644202932941009
Gasp,0.009552895,-0.22613896,0.9923780080877401,1.0,0.0006644202932941009
ovo,0.009544948,-0.0862922,0.9923843492503084,1.0,0.0006644202932941009
lncRNA:CR45321,0.009520309,-0.4266987,0.9924040068573253,1.0,0.0006644202932941009
CG31029,0.009490107,0.3420193,0.9924281032851189,1.0,0.0006169617009159508
CG30274,0.009471827,0.12513955,0.9924426879684558,1.0,0.0006169617009159508
ACXD,0.00940745,0.34720197,0.9924940514385425,1.0,0.0005695031085378008
Dhc1,0.009398707,0.16476965,0.9925010267270076,1.0,0.0005695031085378008
Vajk2,0.00939076,-0.10410723,0.9925073678988366,1.0,0.0005695031085378008
CG14416,0.00938917,0.02510888,0.9925086361332593,1.0,0.0005695031085378008
lncRNA:CR44103,0.009385991,-0.012034127,0.9925111726021614,1.0,0.0005695031085378008
CG8046,0.009382812,0.0345462,0.9925137090711391,1.0,0.0005695031085378008
Hpd,0.009382017,0.033772893,0.9925143431883954,1.0,0.0005695031085378008
CG33307,0.009382017,-0.061620634,0.9925143431883954,1.0,0.0005695031085378008
asRNA:CR45538,0.009380427,-0.2032232,0.9925156114229221,1.0,0.0005695031085378008
lncRNA:CR44272,0.009366121,-0.2693594,0.992527025534513,1.0,0.0005695031085378008
CG33258,0.009315255,0.20275854,0.9925676090547619,1.0,0.0005220445161596507
trabl,0.009310487,0.2210343,0.9925714137607727,1.0,0.0005220445161596507
Cht9,0.009296181,-0.1893898,0.9925828278798186,1.0,0.0005220445161596507
lncRNA:CR45504,0.009234983,0.4939387,0.9926316549617327,1.0,0.00047458592378150065
lncRNA:CR46041,0.009230213,0.21391362,0.9926354596705755,1.0,0.00047458592378150065
CG31199,0.009222265,0.17733471,0.9926418008523524,1.0,0.00047458592378150065
CG32259,0.009218291,-0.002567884,0.9926449714434152,1.0,0.00047458592378150065
Takl2,0.009214318,-0.19436492,0.9926481420345942,1.0,0.00047458592378150065
CG9270,0.009209549,-0.19173318,0.9926519467441621,1.0,0.00047458592378150065
asRNA:CR44897,0.009209549,-0.25913173,0.9926519467441621,1.0,0.00047458592378150065
CG32036,0.009146761,0.3664214,0.9927020421023582,1.0,0.0004271273314033506
CG4563,0.009146761,0.40792176,0.9927020421023582,1.0,0.0004271273314033506
CG15144,0.009146761,0.24535395,0.9927020421023582,1.0,0.0004271273314033506
CG34302,0.009139609,0.17084235,0.992707749170311,1.0,0.0004271273314033506
Adgf-A,0.009137224,0.14748822,0.9927096515263782,1.0,0.0004271273314033506
lncRNA:CR46060,0.009134045,-0.025563078,0.992712188001199,1.0,0.0004271273314033506
lncRNA:CR45020,0.009134045,0.10970065,0.992712188001199,1.0,0.0004271273314033506
CG14237,0.00913325,0.12112363,0.9927128221199156,1.0,0.0004271273314033506
asRNA:CR45926,0.0091292765,-0.08535585,0.9927159927135681,1.0,0.0004271273314033506
28SrRNA-Psi:CR45853,0.009127687,-0.014939317,0.9927172609510613,1.0,0.0004271273314033506
CG13314,0.009126097,-0.25216758,0.992718529188573,1.0,0.0004271273314033506
CG12398,0.009124507,-0.2598081,0.992719797426103,1.0,0.0004271273314033506
CG1246,0.009124507,-0.20980863,0.992719797426103,1.0,0.0004271273314033506
CG42395,0.009123713,-0.2608851,0.9927204315448749,1.0,0.0004271273314033506
betaNACtes4,0.009065693,0.6988092,0.9927667222276175,1.0,0.0003796687390252005
Nepl9,0.009063309,0.3310029,0.9927686245849645,1.0,0.0003796687390252005
asRNA:CR43981,0.009056951,0.3856692,0.9927736975380906,1.0,0.0003796687390252005
b6,0.0090561565,0.26523736,0.992774331657252,1.0,0.0003796687390252005
ATPsynepsilonL,0.009052977,0.23843992,0.992776868133943,1.0,0.0003796687390252005
TotM,0.009052183,-0.019408852,0.992777502253127,1.0,0.0003796687390252005
lncRNA:CR44448,0.009049003,0.07348671,0.9927800387299093,1.0,0.0003796687390252005
CG43788,0.009046619,-0.010293704,0.9927819410875437,1.0,0.0003796687390252005
lncRNA:CR42719,0.009046619,-0.23003906,0.9927819410875437,1.0,0.0003796687390252005
lncRNA:CR46118,0.009039465,-0.44721976,0.9927876481606934,1.0,0.0003796687390252005
psh,0.008979857,0.7969457,0.9928352071179306,1.0,0.00033221014664705045
CG5506,0.008976677,1.0614927,0.9928377435963665,1.0,0.00033221014664705045
CG18810,0.008971115,0.29965317,0.9928421824338034,1.0,0.00033221014664705045
mthl11,0.008971115,0.27306184,0.9928421824338034,1.0,0.00033221014664705045
meru,0.008970319,0.27544397,0.9928428165534554,1.0,0.00033221014664705045
Gr10b,0.0089687295,0.26630795,0.9928440847927729,1.0,0.00033221014664705045
CG9550,0.008967935,0.090229236,0.9928447189124383,1.0,0.00033221014664705045
CecB,0.008967141,0.2659084,0.9928453530321083,1.0,0.00033221014664705045
sti,0.008967141,0.17320229,0.9928453530321083,1.0,0.00033221014664705045
ppk21,0.008966345,0.24930578,0.9928459871517828,1.0,0.00033221014664705045
Cad96Cb,0.008966345,0.10925774,0.9928459871517828,1.0,0.00033221014664705045
CG13674,0.008965551,-0.2396082,0.992846621271462,1.0,0.00033221014664705045
asRNA:CR44911,0.008965551,-0.22763225,0.992846621271462,1.0,0.00033221014664705045
CG18304,0.008963961,-0.066157855,0.9928478895108336,1.0,0.00033221014664705045
lncRNA:CR42765,0.008960783,-0.08855595,0.9928504259896311,1.0,0.00033221014664705045
CG17047,0.008960783,-0.15944438,0.9928504259896311,1.0,0.00033221014664705045
CG31626,0.0089544235,-0.6338266,0.9928554989474431,1.0,0.00033221014664705045
CG30148,0.008890841,0.72978544,0.9929062285414132,1.0,0.0002847515542689004
CG13501,0.008890047,0.65251064,0.9929068626615197,1.0,0.0002847515542689004
BBS8,0.008886867,0.51557064,0.9929093991419907,1.0,0.0002847515542689004
snoRNA:Psi28S-3436a,0.008886867,0.43015525,0.9929093991419907,1.0,0.0002847515542689004
CG17781,0.008885277,0.29127905,0.992910667382253,1.0,0.0002847515542689004
CG17109,0.008884483,0.52767235,0.9929113015023909,1.0,0.0002847515542689004
Orc2,0.008883689,0.29237762,0.9929119356225332,1.0,0.0002847515542689004
CG13869,0.008883689,0.21609868,0.9929119356225332,1.0,0.0002847515542689004
CG15153,0.008880509,0.055441383,0.9929144721031474,1.0,0.0002847515542689004
lncRNA:CR45577,0.008880509,0.15753894,0.9929144721031474,1.0,0.0002847515542689004
lncRNA:CR43631,0.008880509,0.009176629,0.9929144721031474,1.0,0.0002847515542689004
Jon44E,0.008880509,0.109759055,0.9929144721031474,1.0,0.0002847515542689004
CG14760,0.008880509,0.01983435,0.9929144721031474,1.0,0.0002847515542689004
snoRNA:Psi18S-176,0.008879715,0.07687056,0.9929151062233122,1.0,0.0002847515542689004
lncRNA:CR45412,0.0088773295,-0.3620895,0.9929170085838334,1.0,0.0002847515542689004
CG14418,0.0088773295,-0.28730327,0.9929170085838334,1.0,0.0002847515542689004
DZIP1,0.0088773295,-0.3225885,0.9929170085838334,1.0,0.0002847515542689004
CG12744,0.008876535,-0.3848545,0.992917642704016,1.0,0.0002847515542689004
Or94a,0.008872561,-0.3828369,0.9929208133049963,1.0,0.0002847515542689004
CG12723,0.008802621,0.72765183,0.9929766159005026,1.0,0.00023729296189075032
lncRNA:CR45976,0.008801825,0.58792824,0.9929772500211039,1.0,0.00023729296189075032
CG5084,0.008801031,0.5909923,0.9929778841417098,1.0,0.00023729296189075032
lncRNA:CR44632,0.008801031,0.6113876,0.9929778841417098,1.0,0.00023729296189075032
Osi5,0.008800236,0.3969775,0.9929785182623201,1.0,0.00023729296189075032
scaRNA:MeU4-A65,0.008800236,0.52012706,0.9929785182623201,1.0,0.00023729296189075032
CG15452,0.008800236,0.4158481,0.9929785182623201,1.0,0.00023729296189075032
asRNA:CR45623,0.008799441,0.22511077,0.9929791523829348,1.0,0.00023729296189075032
CG42762,0.008799441,0.24078706,0.9929791523829348,1.0,0.00023729296189075032
lncRNA:CR46043,0.008798647,0.30705106,0.992979786503554,1.0,0.00023729296189075032
eIF4E3,0.008798647,0.23419762,0.992979786503554,1.0,0.00023729296189075032
CG14107,0.008798647,0.28541186,0.992979786503554,1.0,0.00023729296189075032
snoRNA:Psi18S-1389a,0.008798647,0.2546797,0.992979786503554,1.0,0.00023729296189075032
NijC,0.008798647,0.3215717,0.992979786503554,1.0,0.00023729296189075032
CG7715,0.008798647,0.22336271,0.992979786503554,1.0,0.00023729296189075032
lncRNA:CR46079,0.008797851,0.2513614,0.9929804206241776,1.0,0.00023729296189075032
asRNA:CR45806,0.008797851,0.24790043,0.9929804206241776,1.0,0.00023729296189075032
CG16704,0.008797851,0.33854467,0.9929804206241776,1.0,0.00023729296189075032
robls54B,0.008797057,0.32198855,0.9929810547448056,1.0,0.00023729296189075032
CG30036,0.008797057,0.28628272,0.9929810547448056,1.0,0.00023729296189075032
lncRNA:CR44913,0.008797057,0.1421153,0.9929810547448056,1.0,0.00023729296189075032
CG31104,0.008796262,0.049045287,0.992981688865438,1.0,0.00023729296189075032
Cpr65Ea,0.008795467,0.11629419,0.9929823229860749,1.0,0.00023729296189075032
CG6661,0.008794673,-0.053872574,0.9929829571067162,1.0,0.00023729296189075032
asRNA:CR46251,0.008793083,-0.15320969,0.9929842253480122,1.0,0.00023729296189075032
CG9570,0.008792288,-0.34453315,0.9929848594686669,1.0,0.00023729296189075032
CG33253,0.008790699,-0.4759651,0.9929861277099894,1.0,0.00023729296189075032
CG6431,0.008718373,1.2014717,0.993043832708862,1.0,0.00018983436951260026
CG8539,0.008717579,1.1022074,0.9930444668299314,1.0,0.00018983436951260026
CG32625,0.0087167835,0.9171644,0.9930451009510052,1.0,0.00018983436951260026
snoRNA:Psi18S-841b,0.008715989,0.72829115,0.9930457350720834,1.0,0.00018983436951260026
CG43064,0.008715989,1.0096171,0.9930457350720834,1.0,0.00018983436951260026
asRNA:CR43257,0.008715989,0.61053944,0.9930457350720834,1.0,0.00018983436951260026
CG4744,0.008715194,0.20767392,0.993046369193166,1.0,0.00018983436951260026
yellow-d2,0.008715194,0.53912574,0.993046369193166,1.0,0.00018983436951260026
lncRNA:CR44230,0.008715194,0.6715521,0.993046369193166,1.0,0.00018983436951260026
CG31244,0.008714399,0.6489566,0.993047003314253,1.0,0.00018983436951260026
CG14856,0.008714399,0.49859157,0.993047003314253,1.0,0.00018983436951260026
CG30222,0.008714399,0.13800812,0.993047003314253,1.0,0.00018983436951260026
CG33285,0.008713605,0.32912675,0.9930476374353443,1.0,0.00018983436951260026
CG13856,0.008713605,0.5660891,0.9930476374353443,1.0,0.00018983436951260026
Apc2,0.008713605,0.47153187,0.9930476374353443,1.0,0.00018983436951260026
mwh,0.008713605,0.57956916,0.9930476374353443,1.0,0.00018983436951260026
CG17470,0.008713605,0.4418159,0.9930476374353443,1.0,0.00018983436951260026
CG2574,0.008713605,0.41891477,0.9930476374353443,1.0,0.00018983436951260026
CG34212,0.008713605,0.544414,0.9930476374353443,1.0,0.00018983436951260026
gNacalpha,0.008713605,0.31444892,0.9930476374353443,1.0,0.00018983436951260026
5.8SrRNA-Psi:CR45857,0.008713605,0.38368922,0.9930476374353443,1.0,0.00018983436951260026
CG10814,0.0087128095,0.33091983,0.99304827155644,1.0,0.00018983436951260026
CG3526,0.0087128095,0.030036345,0.99304827155644,1.0,0.00018983436951260026
Sclp,0.0087128095,0.22241753,0.99304827155644,1.0,0.00018983436951260026
CG3108,0.0087128095,-0.011166398,0.99304827155644,1.0,0.00018983436951260026
TfIIA-S-2,0.008712015,-0.0930145,0.9930489056775402,1.0,0.00018983436951260026
CG32170,0.008712015,0.04323605,0.9930489056775402,1.0,0.00018983436951260026
lncRNA:CR33218,0.008712015,0.06040184,0.9930489056775402,1.0,0.00018983436951260026
CG44329,0.008712015,-0.13095413,0.9930489056775402,1.0,0.00018983436951260026
CG32591,0.00871122,0.014534242,0.9930495397986447,1.0,0.00018983436951260026
pnr,0.00871122,-0.113675386,0.9930495397986447,1.0,0.00018983436951260026
CG17570,0.00871122,0.04835788,0.9930495397986447,1.0,0.00018983436951260026
CG8665,0.00871122,-0.21522254,0.9930495397986447,1.0,0.00018983436951260026
CG33191,0.00871122,0.14969863,0.9930495397986447,1.0,0.00018983436951260026
dtr,0.008710425,-0.17747672,0.9930501739197537,1.0,0.00018983436951260026
CG7730,0.008710425,-0.2313663,0.9930501739197537,1.0,0.00018983436951260026
CG7264,0.008710425,-0.09312459,0.9930501739197537,1.0,0.00018983436951260026
lncRNA:CR43285,0.008710425,0.09730513,0.9930501739197537,1.0,0.00018983436951260026
CG32371,0.008710425,-0.5268117,0.9930501739197537,1.0,0.00018983436951260026
Muc11A,0.008710425,0.013754084,0.9930501739197537,1.0,0.00018983436951260026
CG14983,0.008709631,-0.28510877,0.9930508080408671,1.0,0.00018983436951260026
Obp57a,0.008630947,1.3936998,0.9931135860527497,1.0,0.0001423757771344502
CG10205,0.008630947,1.2530576,0.9931135860527497,1.0,0.0001423757771344502
CG32718,0.008630947,1.0816519,0.9931135860527497,1.0,0.0001423757771344502
CG2816,0.008630947,1.1976745,0.9931135860527497,1.0,0.0001423757771344502
CG1889,0.008630947,1.6116798,0.9931135860527497,1.0,0.0001423757771344502
CG42449,0.008630153,0.8796423,0.9931142201743,1.0,0.0001423757771344502
lncRNA:CR43417,0.008630153,1.0670631,0.9931142201743,1.0,0.0001423757771344502
Cpr62Ba,0.008630153,1.2830596,0.9931142201743,1.0,0.0001423757771344502
CG6938,0.008630153,1.0482056,0.9931142201743,1.0,0.0001423757771344502
lncRNA:CR44183,0.008630153,0.9239557,0.9931142201743,1.0,0.0001423757771344502
spz6,0.008630153,1.1933416,0.9931142201743,1.0,0.0001423757771344502
Cyp313a1,0.008630153,0.96590155,0.9931142201743,1.0,0.0001423757771344502
dah,0.008629357,0.8204833,0.9931148542958547,1.0,0.0001423757771344502
CG13407,0.008629357,0.7354107,0.9931148542958547,1.0,0.0001423757771344502
CG43137,0.008629357,1.0851582,0.9931148542958547,1.0,0.0001423757771344502
asRNA:CR46109,0.008629357,0.7683756,0.9931148542958547,1.0,0.0001423757771344502
CG15212,0.008629357,0.6623017,0.9931148542958547,1.0,0.0001423757771344502
asRNA:CR44019,0.008629357,0.88497204,0.9931148542958547,1.0,0.0001423757771344502
CG32040,0.008629357,0.8791515,0.9931148542958547,1.0,0.0001423757771344502
CG12699,0.008629357,0.9107657,0.9931148542958547,1.0,0.0001423757771344502
CG9021,0.008629357,0.70412534,0.9931148542958547,1.0,0.0001423757771344502
Nep7,0.008629357,1.1733435,0.9931148542958547,1.0,0.0001423757771344502
lncRNA:CR45436,0.008629357,0.7280682,0.9931148542958547,1.0,0.0001423757771344502
lncRNA:CR44470,0.008629357,0.77366143,0.9931148542958547,1.0,0.0001423757771344502
CG6602,0.008629357,1.19603,0.9931148542958547,1.0,0.0001423757771344502
lncRNA:CR44494,0.008629357,0.76361275,0.9931148542958547,1.0,0.0001423757771344502
lncRNA:CR43761,0.008629357,0.66885203,0.9931148542958547,1.0,0.0001423757771344502
dsx-c73A,0.008629357,0.95736146,0.9931148542958547,1.0,0.0001423757771344502
lncRNA:CR45406,0.008629357,0.8312286,0.9931148542958547,1.0,0.0001423757771344502
lncRNA:CR43752,0.008628563,0.2804706,0.9931154884174136,1.0,0.0001423757771344502
CG17564,0.008628563,0.6631035,0.9931154884174136,1.0,0.0001423757771344502
BG642312,0.008628563,0.16246694,0.9931154884174136,1.0,0.0001423757771344502
alphaTub85E,0.008628563,0.44006115,0.9931154884174136,1.0,0.0001423757771344502
lncRNA:CR45378,0.008628563,0.32509664,0.9931154884174136,1.0,0.0001423757771344502
CG43376,0.008628563,0.6282771,0.9931154884174136,1.0,0.0001423757771344502
lncRNA:CR44236,0.008628563,0.40352774,0.9931154884174136,1.0,0.0001423757771344502
lncRNA:CR45655,0.008628563,0.5135534,0.9931154884174136,1.0,0.0001423757771344502
Cyp4e1,0.008628563,0.83256626,0.9931154884174136,1.0,0.0001423757771344502
CG14564,0.008628563,0.6154445,0.9931154884174136,1.0,0.0001423757771344502
CG13786,0.008628563,0.9314887,0.9931154884174136,1.0,0.0001423757771344502
CG30485,0.008628563,0.6442176,0.9931154884174136,1.0,0.0001423757771344502
Dhc62B,0.008628563,0.6105116,0.9931154884174136,1.0,0.0001423757771344502
Mur89F,0.008628563,0.6454984,0.9931154884174136,1.0,0.0001423757771344502
CG14313,0.008628563,0.68433297,0.9931154884174136,1.0,0.0001423757771344502
CG10064,0.008628563,0.5821436,0.9931154884174136,1.0,0.0001423757771344502
CG31551,0.008627768,0.4093992,0.993116122538977,1.0,0.0001423757771344502
CG43997,0.008627768,0.0008843371,0.993116122538977,1.0,0.0001423757771344502
l(2)34Fc,0.008627768,-0.05877221,0.993116122538977,1.0,0.0001423757771344502
CG32241,0.008627768,0.4537021,0.993116122538977,1.0,0.0001423757771344502
CG13840,0.008627768,0.40417275,0.993116122538977,1.0,0.0001423757771344502
CG32719,0.008627768,0.53520393,0.993116122538977,1.0,0.0001423757771344502
CG5235,0.008627768,-0.08744259,0.993116122538977,1.0,0.0001423757771344502
lncRNA:CR44803,0.008627768,0.22881365,0.993116122538977,1.0,0.0001423757771344502
lncRNA:CR46214,0.008627768,-0.04228678,0.993116122538977,1.0,0.0001423757771344502
Sid,0.008627768,0.12110689,0.993116122538977,1.0,0.0001423757771344502
Tim17a2,0.008627768,0.53014433,0.993116122538977,1.0,0.0001423757771344502
CG15140,0.008627768,0.16117838,0.993116122538977,1.0,0.0001423757771344502
Cdk1,0.008627768,-0.06667104,0.993116122538977,1.0,0.0001423757771344502
CG15876,0.008627768,0.38436487,0.993116122538977,1.0,0.0001423757771344502
CG43110,0.008627768,0.17445102,0.993116122538977,1.0,0.0001423757771344502
lncRNA:CR46039,0.008627768,0.41243315,0.993116122538977,1.0,0.0001423757771344502
CG43139,0.008627768,0.32003835,0.993116122538977,1.0,0.0001423757771344502
CG13177,0.008627768,0.10520554,0.993116122538977,1.0,0.0001423757771344502
vas,0.008627768,0.31103992,0.993116122538977,1.0,0.0001423757771344502
lncRNA:CR44126,0.008627768,0.58642185,0.993116122538977,1.0,0.0001423757771344502
CG44438,0.008627768,0.35496193,0.993116122538977,1.0,0.0001423757771344502
sna,0.008627768,0.38042754,0.993116122538977,1.0,0.0001423757771344502
asRNA:CR45053,0.008627768,0.3752665,0.993116122538977,1.0,0.0001423757771344502
CG34205,0.008627371,0.43314108,0.9931164395997603,1.0,0.0001423757771344502
lncRNA:CR44553,0.008626973,0.3688524,0.9931167566605447,1.0,0.0001423757771344502
Or35a,0.008626973,0.4079995,0.9931167566605447,1.0,0.0001423757771344502
CG11226,0.008626973,0.009611481,0.9931167566605447,1.0,0.0001423757771344502
asRNA:CR44030,0.008626973,0.13093375,0.9931167566605447,1.0,0.0001423757771344502
eIF3g2,0.008626973,-0.25239682,0.9931167566605447,1.0,0.0001423757771344502
Mst33A,0.008626973,-0.13496451,0.9931167566605447,1.0,0.0001423757771344502
snoRNA:Psi28S-3405b,0.008626973,-0.057167135,0.9931167566605447,1.0,0.0001423757771344502
snoRNA:Psi28S-3316c,0.008626973,0.21359958,0.9931167566605447,1.0,0.0001423757771344502
Fancl,0.008626973,-0.08337459,0.9931167566605447,1.0,0.0001423757771344502
CG14835,0.008626973,0.057945527,0.9931167566605447,1.0,0.0001423757771344502
lncRNA:CR44759,0.008626973,0.26004013,0.9931167566605447,1.0,0.0001423757771344502
Or22b,0.008626973,0.41197696,0.9931167566605447,1.0,0.0001423757771344502
CG8813,0.008626973,0.013106509,0.9931167566605447,1.0,0.0001423757771344502
asRNA:CR45485,0.008626973,-0.40555418,0.9931167566605447,1.0,0.0001423757771344502
Phlpp,0.008626973,0.066744626,0.9931167566605447,1.0,0.0001423757771344502
CG32712,0.008626179,0.14955243,0.9931173907821167,1.0,0.0001423757771344502
Daao2,0.008626179,0.12012212,0.9931173907821167,1.0,0.0001423757771344502
CG43277,0.008626179,-0.381311,0.9931173907821167,1.0,0.0001423757771344502
Cpr31A,0.008626179,-0.35453945,0.9931173907821167,1.0,0.0001423757771344502
CG14052,0.008626179,-0.29057452,0.9931173907821167,1.0,0.0001423757771344502
BBS5,0.008626179,-0.012614562,0.9931173907821167,1.0,0.0001423757771344502
Wnt2,0.008626179,-0.2805661,0.9931173907821167,1.0,0.0001423757771344502
asRNA:CR44807,0.008626179,0.26830357,0.9931173907821167,1.0,0.0001423757771344502
asRNA:CR43614,0.008626179,-0.03854292,0.9931173907821167,1.0,0.0001423757771344502
Ir100a,0.008626179,-0.5183601,0.9931173907821167,1.0,0.0001423757771344502
Ance-3,0.008626179,-0.5714211,0.9931173907821167,1.0,0.0001423757771344502
CG9512,0.008586439,-0.27830842,0.9931490968662534,1.0,0.005979782639646908
CG11723,0.008562596,-0.09430725,0.9931681205219317,1.0,0.023302168857671682
CG10912,0.008544316,1.8235208,0.9931827053272492,1.0,9.491718475630013e-05
CheA29a,0.008544316,1.3837217,0.9931827053272492,1.0,9.491718475630013e-05
CG14931,0.008544316,1.5383229,0.9931827053272492,1.0,9.491718475630013e-05
Dmel_CR34530,0.008544316,1.6677909,0.9931827053272492,1.0,9.491718475630013e-05
CG11911,0.008544316,1.6720362,0.9931827053272492,1.0,9.491718475630013e-05
Alms1b,0.008544316,1.2923938,0.9931827053272492,1.0,9.491718475630013e-05
CG15878,0.008544316,1.5152968,0.9931827053272492,1.0,9.491718475630013e-05
CG30398,0.008544316,2.19768,0.9931827053272492,1.0,9.491718475630013e-05
CG43168,0.008544316,2.0934048,0.9931827053272492,1.0,9.491718475630013e-05
Obp56i,0.008544316,1.1829656,0.9931827053272492,1.0,9.491718475630013e-05
Tsp33B,0.008544316,1.7479379,0.9931827053272492,1.0,9.491718475630013e-05
narya,0.008544316,1.3478999,0.9931827053272492,1.0,9.491718475630013e-05
cad,0.008544316,1.4595383,0.9931827053272492,1.0,9.491718475630013e-05
CG4650,0.008544316,1.9554999,0.9931827053272492,1.0,9.491718475630013e-05
snoRNA:Psi28S-1135f,0.008544316,1.4812602,0.9931827053272492,1.0,9.491718475630013e-05
Muc68Ca,0.008544316,1.6928718,0.9931827053272492,1.0,9.491718475630013e-05
lncRNA:CR45605,0.008544316,2.0992527,0.9931827053272492,1.0,9.491718475630013e-05
CG4194,0.008544316,1.351132,0.9931827053272492,1.0,9.491718475630013e-05
CG4367,0.008544316,2.1907866,0.9931827053272492,1.0,9.491718475630013e-05
lncRNA:CR45357,0.008544316,1.8195859,0.9931827053272492,1.0,9.491718475630013e-05
Spn42Db,0.008544316,1.5039641,0.9931827053272492,1.0,9.491718475630013e-05
Cyp313a3,0.008544316,1.5131059,0.9931827053272492,1.0,9.491718475630013e-05
Cyp318a1,0.008544316,1.579594,0.9931827053272492,1.0,9.491718475630013e-05
sens,0.008544316,2.4370732,0.9931827053272492,1.0,9.491718475630013e-05
CG13042,0.008544316,1.8338438,0.9931827053272492,1.0,9.491718475630013e-05
lncRNA:CR45537,0.008544316,1.660357,0.9931827053272492,1.0,9.491718475630013e-05
CG33795,0.008544316,1.4091733,0.9931827053272492,1.0,9.491718475630013e-05
CG31207,0.008544316,1.1387428,0.9931827053272492,1.0,9.491718475630013e-05
Cyp6a8,0.008543521,0.9606235,0.9931833394492712,1.0,9.491718475630013e-05
lncRNA:CR45562,0.008543521,0.70930815,0.9931833394492712,1.0,9.491718475630013e-05
lncRNA:CR45415,0.008543521,0.86723393,0.9931833394492712,1.0,9.491718475630013e-05
CG13230,0.008543521,1.3711146,0.9931833394492712,1.0,9.491718475630013e-05
CG32235,0.008543521,1.2474915,0.9931833394492712,1.0,9.491718475630013e-05
CG33136,0.008543521,0.8783318,0.9931833394492712,1.0,9.491718475630013e-05
CG3927,0.008543521,1.1686721,0.9931833394492712,1.0,9.491718475630013e-05
E(spl)mdelta-HLH,0.008543521,0.7344712,0.9931833394492712,1.0,9.491718475630013e-05
CG6055,0.008543521,0.892661,0.9931833394492712,1.0,9.491718475630013e-05
Ir48c,0.008543521,0.6835627,0.9931833394492712,1.0,9.491718475630013e-05
CG17290,0.008543521,0.97672826,0.9931833394492712,1.0,9.491718475630013e-05
CG31525,0.008543521,0.5564441,0.9931833394492712,1.0,9.491718475630013e-05
lncRNA:CR45823,0.008543521,2.1280193,0.9931833394492712,1.0,9.491718475630013e-05
CG33308,0.008543521,0.9118464,0.9931833394492712,1.0,9.491718475630013e-05
hll,0.008543521,1.1106093,0.9931833394492712,1.0,9.491718475630013e-05
lncRNA:CR46221,0.008543521,0.7607168,0.9931833394492712,1.0,9.491718475630013e-05
CG16741,0.008543521,0.94312364,0.9931833394492712,1.0,9.491718475630013e-05
Chs2,0.008543521,1.1264923,0.9931833394492712,1.0,9.491718475630013e-05
CG34332,0.008543521,0.99345917,0.9931833394492712,1.0,9.491718475630013e-05
CG13581,0.008543521,1.0533416,0.9931833394492712,1.0,9.491718475630013e-05
CCDC151,0.008543521,0.7349023,0.9931833394492712,1.0,9.491718475630013e-05
CG13476,0.008543521,0.94329876,0.9931833394492712,1.0,9.491718475630013e-05
lncRNA:CR43878,0.008543521,0.6276557,0.9931833394492712,1.0,9.491718475630013e-05
lncRNA:CR46030,0.008542726,-0.39929718,0.9931839735712975,1.0,9.491718475630013e-05
CG9815,0.008542726,-0.060168378,0.9931839735712975,1.0,9.491718475630013e-05
lncRNA:CR45346,0.008542726,0.57288706,0.9931839735712975,1.0,9.491718475630013e-05
CG9095,0.008542726,0.60457087,0.9931839735712975,1.0,9.491718475630013e-05
CG33640,0.008542726,0.8449119,0.9931839735712975,1.0,9.491718475630013e-05
CG7296,0.008542726,0.5678436,0.9931839735712975,1.0,9.491718475630013e-05
snRNA:U7,0.008542726,-0.12702815,0.9931839735712975,1.0,9.491718475630013e-05
fw,0.008542726,0.4417791,0.9931839735712975,1.0,9.491718475630013e-05
js,0.008542726,-0.004664972,0.9931839735712975,1.0,9.491718475630013e-05
CG1941,0.008542726,0.24309005,0.9931839735712975,1.0,9.491718475630013e-05
Tsp42Ei,0.008542726,0.77285814,0.9931839735712975,1.0,9.491718475630013e-05
CG32762,0.008542726,-0.10541157,0.9931839735712975,1.0,9.491718475630013e-05
CG8170,0.008542726,0.5039678,0.9931839735712975,1.0,9.491718475630013e-05
pHCl-2,0.008542726,0.6741435,0.9931839735712975,1.0,9.491718475630013e-05
lncRNA:CR44078,0.008542726,0.25931883,0.9931839735712975,1.0,9.491718475630013e-05
Or9a,0.008542726,0.61141384,0.9931839735712975,1.0,9.491718475630013e-05
snoRNA:Psi28S-1180,0.008542726,-0.43677866,0.9931839735712975,1.0,9.491718475630013e-05
esg,0.008542726,0.1692505,0.9931839735712975,1.0,9.491718475630013e-05
hiro,0.008542726,-0.012881837,0.9931839735712975,1.0,9.491718475630013e-05
CG1632,0.008542726,-0.03261678,0.9931839735712975,1.0,9.491718475630013e-05
CG12971,0.008542726,-0.0581769,0.9931839735712975,1.0,9.491718475630013e-05
Ktch,0.008542726,0.9202748,0.9931839735712975,1.0,9.491718475630013e-05
Phf7,0.008542726,0.7275866,0.9931839735712975,1.0,9.491718475630013e-05
CG2901,0.008542726,-1.4660795,0.9931839735712975,1.0,9.491718475630013e-05
CG32182,0.008542726,-0.33979407,0.9931839735712975,1.0,9.491718475630013e-05
Lasp,0.008542726,-0.16026276,0.9931839735712975,1.0,9.491718475630013e-05
CG14826,0.008542726,0.8465583,0.9931839735712975,1.0,9.491718475630013e-05
CG15368,0.008542726,0.45892122,0.9931839735712975,1.0,9.491718475630013e-05
CG11068,0.008542726,0.51592827,0.9931839735712975,1.0,9.491718475630013e-05
Traf-like,0.008542726,0.24882913,0.9931839735712975,1.0,9.491718475630013e-05
lncRNA:CR45393,0.008542726,-0.5511782,0.9931839735712975,1.0,9.491718475630013e-05
snoRNA:CD3a,0.008542726,0.28611228,0.9931839735712975,1.0,9.491718475630013e-05
CG4362,0.008542726,0.26668125,0.9931839735712975,1.0,9.491718475630013e-05
spn-E,0.008542726,0.5745626,0.9931839735712975,1.0,9.491718475630013e-05
mRF1,0.008476759,-0.056357548,0.9932366057144545,1.0,0.032556594371410945
lncRNA:CR46106,0.008458479,15.898041,0.9932511905304264,1.0,4.7458592378150065e-05
snoRNA:Irbp-a,0.008458479,16.181067,0.9932511905304264,1.0,4.7458592378150065e-05
DptB,0.008458479,17.02402,0.9932511905304264,1.0,4.7458592378150065e-05
CG14423,0.008458479,16.918346,0.9932511905304264,1.0,4.7458592378150065e-05
CG14664,0.008458479,15.255407,0.9932511905304264,1.0,4.7458592378150065e-05
Gnmt,0.008458479,17.104767,0.9932511905304264,1.0,4.7458592378150065e-05
CG13806,0.008458479,16.821264,0.9932511905304264,1.0,4.7458592378150065e-05
CG4962,0.008458479,15.760856,0.9932511905304264,1.0,4.7458592378150065e-05
S-Lap3,0.008458479,16.210737,0.9932511905304264,1.0,4.7458592378150065e-05
Obp56e,0.008458479,15.835548,0.9932511905304264,1.0,4.7458592378150065e-05
Dmel_CR43610,0.008458479,16.754713,0.9932511905304264,1.0,4.7458592378150065e-05
CG7856,0.008458479,15.429279,0.9932511905304264,1.0,4.7458592378150065e-05
S-Lap5,0.008458479,16.400648,0.9932511905304264,1.0,4.7458592378150065e-05
Lectin-galC1,0.008458479,16.308458,0.9932511905304264,1.0,4.7458592378150065e-05
salto,0.008458479,15.786836,0.9932511905304264,1.0,4.7458592378150065e-05
CG34227,0.008458479,16.51055,0.9932511905304264,1.0,4.7458592378150065e-05
CG34461,0.008458479,16.237206,0.9932511905304264,1.0,4.7458592378150065e-05
CG5849,0.008458479,16.952711,0.9932511905304264,1.0,4.7458592378150065e-05
jb,0.008458479,15.35296,0.9932511905304264,1.0,4.7458592378150065e-05
Vha100-3,0.008458479,16.398241,0.9932511905304264,1.0,4.7458592378150065e-05
CG31468,0.008458479,15.982132,0.9932511905304264,1.0,4.7458592378150065e-05
CG7896,0.008458479,15.750696,0.9932511905304264,1.0,4.7458592378150065e-05
CG33342,0.008458479,16.792425,0.9932511905304264,1.0,4.7458592378150065e-05
CG33340,0.008458479,16.664879,0.9932511905304264,1.0,4.7458592378150065e-05
asRNA:CR42738,0.008458479,16.212158,0.9932511905304264,1.0,4.7458592378150065e-05
CG30440,0.008458479,16.12037,0.9932511905304264,1.0,4.7458592378150065e-05
CG17237,0.008458479,15.107285,0.9932511905304264,1.0,4.7458592378150065e-05
CG15200,0.008458479,15.240027,0.9932511905304264,1.0,4.7458592378150065e-05
CG4218,0.008458479,15.286468,0.9932511905304264,1.0,4.7458592378150065e-05
CG13983,0.008458479,16.135714,0.9932511905304264,1.0,4.7458592378150065e-05
CG31546,0.008458479,15.637822,0.9932511905304264,1.0,4.7458592378150065e-05
CG11106,0.008458479,15.883879,0.9932511905304264,1.0,4.7458592378150065e-05
CG13946,0.008458479,16.516388,0.9932511905304264,1.0,4.7458592378150065e-05
asRNA:CR46074,0.008458479,15.986956,0.9932511905304264,1.0,4.7458592378150065e-05
CG4374,0.008458479,15.017284,0.9932511905304264,1.0,4.7458592378150065e-05
CG4770,0.008458479,16.462572,0.9932511905304264,1.0,4.7458592378150065e-05
insb,0.008458479,16.012104,0.9932511905304264,1.0,4.7458592378150065e-05
CatB,0.008458479,14.97808,0.9932511905304264,1.0,4.7458592378150065e-05
CG43938,0.008458479,15.425395,0.9932511905304264,1.0,4.7458592378150065e-05
lncRNA:CR44528,0.008458479,15.088657,0.9932511905304264,1.0,4.7458592378150065e-05
lncRNA:CR44895,0.008458479,15.738954,0.9932511905304264,1.0,4.7458592378150065e-05
lncRNA:CR43912,0.008458479,15.82852,0.9932511905304264,1.0,4.7458592378150065e-05
CG14634,0.008458479,16.241001,0.9932511905304264,1.0,4.7458592378150065e-05
CG31709,0.008458479,15.215158,0.9932511905304264,1.0,4.7458592378150065e-05
asRNA:CR44160,0.008458479,16.101913,0.9932511905304264,1.0,4.7458592378150065e-05
CG33290,0.008458479,15.841201,0.9932511905304264,1.0,4.7458592378150065e-05
CG5639,0.008458479,15.118679,0.9932511905304264,1.0,4.7458592378150065e-05
Lip2,0.008458479,15.721829,0.9932511905304264,1.0,4.7458592378150065e-05
Edg91,0.008458479,16.364828,0.9932511905304264,1.0,4.7458592378150065e-05
CG18302,0.008458479,16.410688,0.9932511905304264,1.0,4.7458592378150065e-05
CG8192,0.008458479,16.065437,0.9932511905304264,1.0,4.7458592378150065e-05
CG15247,0.008458479,16.05265,0.9932511905304264,1.0,4.7458592378150065e-05
CG10317,0.008458479,16.029434,0.9932511905304264,1.0,4.7458592378150065e-05
CG30270,0.008458479,14.803,0.9932511905304264,1.0,4.7458592378150065e-05
lncRNA:CR43641,0.007912066,-0.2471994,0.9936871507229997,1.0,0.0051729865692183566
dpa,0.007776953,-0.04003968,0.9937949520844833,1.0,0.004413649091167956
vig,0.0074582445,0.04198686,0.9940492369176512,1.0,0.5757676427317165
CG18787,0.0072269626,-0.058040347,0.994233768186507,1.0,0.009112049736604812
CG7544,0.0070906575,-0.10129791,0.9943425212958844,1.0,0.009444259883251862
CG7988,0.0070238956,-0.10548948,0.9943957881634414,1.0,0.016135921408571022
Sec6,0.006664256,-0.06586596,0.994682732129662,1.0,0.019932608798823026
PolD3,0.006447678,-0.055908516,0.9948555329738632,1.0,0.019410564282663377
Polr3B,0.0060566445,-0.036528546,0.9951675262963662,1.0,0.012766361349722368
MED7,0.00567952,-0.042318854,0.9954684229958959,1.0,0.10251055953680414
stw,0.0054224078,-0.089317754,0.9956735657964232,1.0,0.0030848085045797544
Gem2,0.0054132678,-0.07938629,0.9956808583588188,1.0,0.014000284751554268
CG13376,0.0053369687,-0.012662726,0.9957417354154461,1.0,0.002989891319823454
blo,0.005203048,-0.25530654,0.9958485873922719,1.0,0.014474870675335769
CG7841,0.0049177203,-0.04106573,0.9960762425917565,1.0,0.07640833372882161
CG34213,0.0046176896,-0.013098545,0.9963156296707999,1.0,0.01665796592473067
CG31777,0.0043116985,-0.2167817,0.9965597731259873,1.0,0.0025627639884201036
lncRNA:CR44157,0.004272754,0.09186847,0.9965908459529584,1.0,0.0023254710265293533
lncRNA:CR45967,0.00400372,-0.332264,0.9968055022534896,1.0,0.0024203882112856533
Nepl19,0.0035705632,0.085009165,0.9971511088886174,1.0,0.0019458022875041526
CG5096,0.003402069,-0.10796867,0.9972855468469487,1.0,0.0019458022875041526
CG3165,0.0033690855,-0.037852075,0.9973118637205725,1.0,0.01594608703905842
CG34386,0.0033619325,0.25967374,0.9973175709947573,1.0,0.0018508851027478526
CG17777,0.0031497255,0.30477533,0.9974868868567363,1.0,0.0017085093256134023
lncRNA:CR44471,0.0029184436,-0.13869256,0.9976714222506649,1.0,0.00711878885672251
CG15080,0.0028965871,-0.077584505,0.997688861169058,1.0,0.001613592140857102
asRNA:CR45175,0.0028361834,-0.36661792,0.997737056003788,1.0,0.0016610507332352523
SmD1,0.002678419,-0.082110606,0.9978629333408908,1.0,0.0407669308528309
nrv2,0.002674445,-0.15163296,0.9978661040553717,1.0,0.2078686346162973
CG18367,0.0026537809,0.06988414,0.9978825917712142,1.0,0.001471216363722652
CG18094,0.0025476771,-0.23044595,0.9979672498647236,1.0,0.001471216363722652
CG31955,0.0024062057,-0.19568005,0.9980801273581696,1.0,0.0013762991789663518
CG15332,0.0023219588,-0.14683297,0.9981473465580589,1.0,0.0013288405865882018
CG3982,0.0022583762,-0.10367225,0.9981980780384062,1.0,0.0012813819942100518
asRNA:CR44046,0.0020143779,0.17760903,0.9983927601600546,1.0,0.0010915476246974515
CG7342,0.0019484108,-0.5756673,0.9984453941056248,1.0,0.0011864648094537516
lncRNA:CR45659,0.0019396682,-0.031141076,0.9984523696892854,1.0,0.0010915476246974515
Sodh1,0.0018975447,-0.18880369,0.9984859793212982,1.0,0.0010915476246974515
CG6125,0.0018808543,-0.37994567,0.9984992963460497,1.0,0.0010915476246974515
fd96Ca,0.0018363463,0.27273193,0.9985348084140876,1.0,0.0009966304399411513
fs(2)ltoPP43,0.0018276038,-0.069111064,0.998541783999224,1.0,0.053438375017796975
CG33288,0.0018200533,-0.34711355,0.9985478083682952,1.0,0.0010440890323193013
CG32694,0.0017934281,0.0015771576,0.9985690521967308,1.0,0.0009966304399411513
TwdlT,0.0017735584,-0.065181755,0.9985849058007028,1.0,0.0009966304399411513
asRNA:CR43460,0.0017648159,-0.10670645,0.9985918813866278,1.0,0.0009966304399411513
CG31636,0.0016797741,0.37282512,0.9986597348188876,1.0,0.0009017132551848512
HipHop,0.0016352662,0.064098485,0.9986952468994793,1.0,0.013288405865882019
asRNA:CR31144,0.001606654,-0.05364362,0.9987180760955147,1.0,0.0009017132551848512
inaF-D,0.001599501,-0.07610884,0.9987237833946881,1.0,0.0009017132551848512
CG3434,0.001577247,-0.0764714,0.9987415394369777,1.0,0.010868017654596364
CPT2,0.0015605566,-0.44279397,0.9987548564691043,1.0,0.0009017132551848512
asRNA:CR45162,0.0015220096,0.0128029855,0.9987856124731924,1.0,0.0008542546628067012
CG33632,0.0014397496,-0.02705075,0.9988512464260372,1.0,0.000806796070428551
CG14947,0.0014333914,-0.03576764,0.9988563195821419,1.0,0.000806796070428551
gas,0.0014031896,-0.36401293,0.9988804170742674,1.0,0.000806796070428551
CG17919,0.0013749747,0.18059531,0.998902929205992,1.0,0.000759337478050401
CG43229,0.0013527209,-0.044684738,0.9989206852541663,1.0,0.000759337478050401
snsl,0.0013288774,-0.2828501,0.9989397095920889,1.0,0.000759337478050401
CG43366,0.0013280825,-0.28776783,0.9989403437366967,1.0,0.000759337478050401
lncRNA:CR45226,0.0012887408,0.10254214,0.9989717338956144,1.0,0.0007118788856722509
Dmel_CG43885,0.0012672817,-0.15829675,0.9989888558011525,1.0,0.006027241232025058
CG33767,0.0012672817,-0.09825414,0.9989888558011525,1.0,0.0007118788856722509
CG5921,0.0012529755,-0.26051864,0.9990002704051038,1.0,0.0007118788856722509
Ipk1,0.001233106,-0.5346196,0.9990161240220415,1.0,0.0007118788856722509
asRNA:CR46107,0.001231119,0.523452,0.9990177093837568,1.0,0.0006644202932941009
CG32855,0.0011353476,0.38614643,0.9990941238229135,1.0,0.0006169617009159508
lncRNA:CR45566,0.0010940189,-0.21611029,0.9991270993511322,1.0,0.0006169617009159508
Vdup1,0.0010924294,-0.24154535,0.9991283676407092,1.0,0.0006169617009159508
baf,0.0010781232,-0.08239353,0.999139782247001,1.0,0.11152769208865265
Notum,0.0010757389,-0.27126047,0.9991416846814001,1.0,0.0006169617009159508
ACXB,0.0010276545,0.16636777,0.9991800504428096,1.0,0.0005695031085378008
CG6865,0.0010244754,-0.057908554,0.999182587022144,1.0,0.0005695031085378008
lncRNA:CR45112,0.0010093745,-0.1605366,0.9991946357740954,1.0,0.0005695031085378008
lncRNA:CR44178,0.001000632,-0.026780924,0.9992016113674146,1.0,0.005267903753974657
lncRNA:CR46351,0.0009871207,-0.5572861,0.9992123918299367,1.0,0.0005695031085378008
dgt5,0.0009501632,0.28673312,0.9992418795663878,1.0,0.0005220445161596507
Rpt3R,0.0009422154,0.12281357,0.9992482210152236,1.0,0.0005220445161596507
lncRNA:CR46265,0.000921551,-0.16947353,0.9992647087824179,1.0,0.0005220445161596507
lncRNA:CR44411,0.0008639292,0.31069425,0.9993106842887307,1.0,0.00047458592378150065
CG43680,0.00085598143,0.13609165,0.9993170257380604,1.0,0.00047458592378150065
Cht5,0.0008551866,0.057575513,0.9993176598829957,1.0,0.00047458592378150065
Incenp,0.0008512127,0.0925592,0.9993208306076788,1.0,0.00047458592378150065
CG30154,0.00085041794,0.10651925,0.9993214647526167,1.0,0.00047458592378150065
PGRP-LF,0.00084882835,0.016138447,0.9993227330424939,1.0,0.00047458592378150065
Mcm7,0.0008321379,-0.44585136,0.9993360500863065,1.0,0.00047458592378150065
CG13461,0.0008297536,-0.4079398,0.9993379525211521,1.0,0.00047458592378150065
lobo,0.000771337,0.012872879,0.9993845621760176,1.0,0.0004271273314033506
Ir93a,0.00076895265,-0.2499841,0.9993864646109557,1.0,0.0004271273314033506
CG32507,0.00076497876,0.08788666,0.9993896353358603,1.0,0.0004271273314033506
CG15631,0.00076179963,-0.16488546,0.9993921719157911,1.0,0.0004271273314033506
Dmel_CR43428,0.00075941527,0.023912363,0.9993940743507431,1.0,0.0004271273314033506
Dnaaf6,0.00075941527,-0.13122156,0.9993940743507431,1.0,0.0004271273314033506
lncRNA:CR45582,0.00075941527,-0.26390475,0.9993940743507431,1.0,0.0004271273314033506
lncRNA:CR44186,0.0007474935,-0.4606206,0.9994035865255548,1.0,0.0004271273314033506
asRNA:CR31514,0.00074510917,-0.36945823,0.9994054889605273,1.0,0.0004271273314033506
asRNA:CR46262,0.00068748737,0.15242584,0.9994514644733664,1.0,0.0003796687390252005
lncRNA:CR44219,0.0006827187,0.19205952,0.9994552693434782,1.0,0.0003796687390252005
asRNA:CR43979,0.00068033434,-0.037014287,0.9994571717785387,1.0,0.0003796687390252005
LysX,0.00067795,-0.25742427,0.9994590742136022,1.0,0.0003796687390252005
CG6435,0.0006739761,-0.13440557,0.9994622449387152,1.0,0.0003796687390252005
Ptth,0.00067000213,-0.4778974,0.9994654156638365,1.0,0.0003796687390252005
CG15629,0.00066761783,-0.4260164,0.9994673180989133,1.0,0.0003796687390252005
janB,0.00066046475,-0.5469276,0.999473025404162,1.0,0.0003796687390252005
snoRNA:Psi28S-2442a,0.0006036378,0.33721787,0.9995183667745718,1.0,0.00033221014664705045
CG15347,0.000602843,0.27064347,0.999519000919624,1.0,0.00033221014664705045
lncRNA:CR45602,0.0006012534,0.26289752,0.999520269209729,1.0,0.00033221014664705045
Jhbp3,0.00060045865,0.41049206,0.9995209033547819,1.0,0.00033221014664705045
nmdyn-D7,0.00060045865,0.2447239,0.9995209033547819,1.0,0.00033221014664705045
lncRNA:CR43937,0.0005980743,0.16035898,0.9995228057899427,1.0,0.00033221014664705045
asRNA:CR45149,0.0005972795,0.0018708052,0.9995234399349969,1.0,0.00033221014664705045
COX4L,0.0005941004,-0.0008469615,0.9995259765152167,1.0,0.00033221014664705045
CG30380,0.0005925108,-0.11718689,0.9995272448053283,1.0,0.00033221014664705045
lncRNA:CR45401,0.00059092126,-0.08127375,0.9995285130954412,1.0,0.00033221014664705045
hec,0.00058933167,-0.13717373,0.9995297813855553,1.0,0.010820559062218215
lncRNA:CR43399,0.0005885369,-0.22263466,0.9995304155306127,1.0,0.00033221014664705045
asRNA:CR43466,0.0005885369,-0.35908794,0.9995304155306127,1.0,0.00033221014664705045
Dmel_CR44404,0.0005877421,-0.5660284,0.9995310496756705,1.0,0.00033221014664705045
dob,0.0005877421,-0.28905827,0.9995310496756705,1.0,0.00033221014664705045
CG9294,0.0005869473,-0.25988266,0.9995316838207285,1.0,0.00033221014664705045
bond,0.0005774099,-0.73063856,0.9995392935614483,1.0,0.00033221014664705045
CG16995,0.0005197881,0.79430056,0.9995852690791636,1.0,0.0002847515542689004
lncRNA:CR45876,0.00051581423,0.49130455,0.9995884398045758,1.0,0.0002847515542689004
Fam161,0.00051501946,0.2763863,0.999589073949659,1.0,0.0002847515542689004
CR43309,0.00051501946,0.08545778,0.999589073949659,1.0,0.0002847515542689004
lncRNA:CR45574,0.0005142247,0.076588266,0.9995897080947425,1.0,0.0002847515542689004
CG18754,0.00051342987,0.30053386,0.9995903422398262,1.0,0.0002847515542689004
Pig1,0.00051025074,-0.0013004512,0.9995928788201638,1.0,0.0002847515542689004
lncRNA:CR34044,0.000509456,-0.021147903,0.9995935129652488,1.0,0.0002847515542689004
CG13309,0.000509456,-0.09057293,0.9995935129652488,1.0,0.0002847515542689004
ppk15,0.000509456,-0.112037,0.9995935129652488,1.0,0.0002847515542689004
CG32365,0.000509456,-0.110433094,0.9995935129652488,1.0,0.010962934839352664
asRNA:CR45142,0.00050468725,-0.4229258,0.9995973178357643,1.0,0.0002847515542689004
Gr63a,0.00050468725,-0.57653844,0.9995973178357643,1.0,0.0002847515542689004
PeriA,0.00050468725,-0.39660892,0.9995973178357643,1.0,0.0002847515542689004
CG15046,0.0005023029,-0.5046839,0.9995992202710255,1.0,0.0002847515542689004
CG13708,0.00050071336,-0.47761804,0.9996004885612009,1.0,0.0002847515542689004
CG13516,0.00050071336,-1.0219376,0.9996004885612009,1.0,0.0002847515542689004
CG13318,0.00049912377,-0.645548,0.9996017568513773,1.0,0.0002847515542689004
CG14086,0.00048640725,-0.05816686,0.9996119031728246,1.0,0.0051729865692183566
CG11444,0.00047845943,-0.033889055,0.9996182446237611,1.0,0.11632100991884581
snoRNA:lola-b,0.00043037505,0.30100113,0.9996566104024269,1.0,0.00023729296189075032
Lip1,0.00042958028,0.4223935,0.9996572445475357,1.0,0.00023729296189075032
CG12963,0.00042958028,0.32437202,0.9996572445475357,1.0,0.00023729296189075032
CG8661,0.00042799072,0.37178522,0.9996585128377541,1.0,0.00023729296189075032
lncRNA:CR45014,0.00042560635,0.13032302,0.9996604152730831,1.0,0.00023729296189075032
Sardh,0.00042481156,0.041476704,0.9996610494181932,1.0,0.00023729296189075032
CG31220,0.00042481156,-0.07870799,0.9996610494181932,1.0,0.00023729296189075032
CG13700,0.00042481156,0.008509821,0.9996610494181932,1.0,0.00023729296189075032
CG12362,0.0004240168,-0.20236655,0.9996616835633035,1.0,0.00023729296189075032
CG43244,0.0004240168,-0.11810515,0.9996616835633035,1.0,0.00023729296189075032
lncRNA:CR44333,0.0004240168,-0.04797192,0.9996616835633035,1.0,0.00023729296189075032
lncRNA:CR45262,0.0004240168,-0.11167959,0.9996616835633035,1.0,0.00023729296189075032
phr6-4,0.000423222,-0.23766693,0.9996623177084141,1.0,0.00023729296189075032
lncRNA:CR44042,0.000423222,-0.27639696,0.9996623177084141,1.0,0.00023729296189075032
CG3640,0.00042242723,-0.20947628,0.9996629518535248,1.0,0.00023729296189075032
CG30281,0.00042242723,-0.09840718,0.9996629518535248,1.0,0.00023729296189075032
CG16826,0.00042242723,-0.14263299,0.9996629518535248,1.0,0.00023729296189075032
CG14154,0.00042163243,-0.2632721,0.9996635859986358,1.0,0.00023729296189075032
snoRNA:Psi28S-3305b,0.00042163243,-0.3012982,0.9996635859986358,1.0,0.00023729296189075032
CG2861,0.00042083766,-0.29952666,0.999664220143747,1.0,0.00023729296189075032
lncRNA:CR44949,0.0004192481,-0.45172554,0.9996654884339701,1.0,0.00023729296189075032
rib,0.00041686374,-1.0033404,0.9996673908693061,1.0,0.00023729296189075032
CG15461,0.0003433463,0.17984673,0.9997260492930445,1.0,0.00018983436951260026
lncRNA:CR45425,0.00034255153,0.24337684,0.9997266834381746,1.0,0.00018983436951260026
CG12057,0.00034175673,0.38471332,0.999727317583305,1.0,0.00018983436951260026
CG13711,0.00034175673,0.2601881,0.999727317583305,1.0,0.00018983436951260026
CG15484,0.00034175673,0.26580614,0.999727317583305,1.0,0.00018983436951260026
CG7255,0.00034175673,0.067242496,0.999727317583305,1.0,0.00018983436951260026
CG34457,0.00034175673,0.3369208,0.999727317583305,1.0,0.00018983436951260026
BaraB,0.00034175673,0.30279264,0.999727317583305,1.0,0.00018983436951260026
lncRNA:CR46112,0.00034175673,0.21609585,0.999727317583305,1.0,0.00018983436951260026
snoRNA:Psi28S-3385a,0.00034175673,0.20131479,0.999727317583305,1.0,0.00018983436951260026
CG17258,0.00034096194,0.13258128,0.9997279517284355,1.0,0.00018983436951260026
Hayan,0.00034096194,-0.16834691,0.9997279517284355,1.0,0.00018983436951260026
lncRNA:CR43263,0.00034096194,0.09738723,0.9997279517284355,1.0,0.00018983436951260026
Obp83ef,0.00034096194,0.12562265,0.9997279517284355,1.0,0.00018983436951260026
Zip89B,0.00034096194,0.21960318,0.9997279517284355,1.0,0.00018983436951260026
Cyp4c3,0.00034016717,-0.34960413,0.9997285858735662,1.0,0.00018983436951260026
asRNA:CR45895,0.00034016717,0.08837713,0.9997285858735662,1.0,0.00018983436951260026
Cyp309a1,0.00034016717,-0.17540076,0.9997285858735662,1.0,0.00018983436951260026
CG14258,0.00034016717,0.039310474,0.9997285858735662,1.0,0.00018983436951260026
lncRNA:CR45439,0.00033937237,-0.08563744,0.999729220018697,1.0,0.00018983436951260026
CG9733,0.00033937237,-0.13297415,0.999729220018697,1.0,0.00018983436951260026
asRNA:CR45969,0.00033937237,-0.19908956,0.999729220018697,1.0,0.00018983436951260026
CG3492,0.00033937237,0.017834758,0.999729220018697,1.0,0.00018983436951260026
lncRNA:CR44605,0.0003385776,0.018935047,0.999729854163828,1.0,0.00018983436951260026
w-cup,0.0003385776,-0.17702687,0.999729854163828,1.0,0.00018983436951260026
CG31087,0.0003385776,-0.233732,0.999729854163828,1.0,0.00018983436951260026
asRNA:CR43971,0.0003385776,-0.11798131,0.999729854163828,1.0,0.00018983436951260026
mir-4968,0.0003385776,-0.29510045,0.999729854163828,1.0,0.00018983436951260026
CG12766,0.0003377828,-0.5582945,0.9997304883089593,1.0,0.00018983436951260026
lncRNA:CR44845,0.00033698804,-0.22646096,0.9997311224540906,1.0,0.00018983436951260026
CG8072,0.00033698804,-0.41053963,0.9997311224540906,1.0,0.00018983436951260026
lncRNA:CR44867,0.00033698804,-0.16869599,0.9997311224540906,1.0,0.00018983436951260026
CG34453,0.00033619325,-0.5637964,0.9997317565992221,1.0,0.00018983436951260026
lncRNA:CR45013,0.00033619325,-0.3705536,0.9997317565992221,1.0,0.00018983436951260026
AttA,0.00033619325,-0.6422206,0.9997317565992221,1.0,0.00018983436951260026
CG5418,0.00033539848,-0.7055674,0.9997323907443538,1.0,0.00018983436951260026
CG15172,0.00033539848,-0.5320935,0.9997323907443538,1.0,0.00018983436951260026
asRNA:CR44959,0.00033380892,-0.49953708,0.9997336590346177,1.0,0.00018983436951260026
CG3347,0.00025790712,0.30441597,0.999794219895444,1.0,0.0001423757771344502
CG9672,0.00025790712,0.8339266,0.999794219895444,1.0,0.0001423757771344502
CG31528,0.00025790712,0.32597226,0.999794219895444,1.0,0.0001423757771344502
hh,0.00025711235,0.40789348,0.9997948540405904,1.0,0.0001423757771344502
CG32436,0.00025711235,0.60995555,0.9997948540405904,1.0,0.0001423757771344502
Twdlbeta,0.00025711235,0.9418598,0.9997948540405904,1.0,0.0001423757771344502
asRNA:CR44873,0.00025631755,0.09248899,0.999795488185737,1.0,0.0001423757771344502
CG1324,0.00025631755,0.2795002,0.999795488185737,1.0,0.0001423757771344502
CG13193,0.00025631755,0.31056163,0.999795488185737,1.0,0.0001423757771344502
asRNA:CR43864,0.00025631755,0.730506,0.999795488185737,1.0,0.0001423757771344502
loopin-1,0.00025631755,0.16288202,0.999795488185737,1.0,0.0001423757771344502
snoRNA:Psi28S-2626,0.00025631755,0.24180792,0.999795488185737,1.0,0.0001423757771344502
Srg1,0.00025631755,0.10194014,0.999795488185737,1.0,0.0001423757771344502
CG16978,0.00025631755,0.49697968,0.999795488185737,1.0,0.0001423757771344502
CNT2,0.00025631755,0.32504332,0.999795488185737,1.0,0.0001423757771344502
dgt3,0.00025552275,0.26559553,0.9997961223308837,1.0,0.0001423757771344502
Cpr47Ea,0.00025552275,0.39337733,0.9997961223308837,1.0,0.0001423757771344502
CG15705,0.00025552275,-0.03046307,0.9997961223308837,1.0,0.0001423757771344502
CG46298,0.00025552275,0.0773079,0.9997961223308837,1.0,0.0001423757771344502
CG7384,0.00025552275,0.36203554,0.9997961223308837,1.0,0.0001423757771344502
asRNA:CR44021,0.00025552275,-0.13969159,0.9997961223308837,1.0,0.0001423757771344502
CG13065,0.000254728,-0.057800904,0.9997967564760305,1.0,0.0001423757771344502
CG13871,0.000254728,-0.1090199,0.9997967564760305,1.0,0.0001423757771344502
CG3491,0.000254728,-0.08838289,0.9997967564760305,1.0,0.0001423757771344502
lncRNA:CR46220,0.000254728,-0.36183837,0.9997967564760305,1.0,0.0001423757771344502
CG7126,0.0002539332,-0.12617649,0.9997973906211775,1.0,0.0001423757771344502
lncRNA:CR45588,0.0002539332,-0.0017302579,0.9997973906211775,1.0,0.0001423757771344502
CG14383,0.0002539332,0.074348204,0.9997973906211775,1.0,0.0001423757771344502
asRNA:CR43637,0.0002539332,-0.09766591,0.9997973906211775,1.0,0.0001423757771344502
lncRNA:CR43626,0.0002539332,-0.67051387,0.9997973906211775,1.0,0.0001423757771344502
lncRNA:CR44301,0.0002539332,-0.3937753,0.9997973906211775,1.0,0.0001423757771344502
lncRNA:CR43817,0.0002539332,-0.050613053,0.9997973906211775,1.0,0.0001423757771344502
lncRNA:CR44068,0.0002539332,-0.38423967,0.9997973906211775,1.0,0.0001423757771344502
CG30195,0.00025313842,-0.26048207,0.9997980247663245,1.0,0.0001423757771344502
scaRNA:PsiU2-38.40.42,0.00025313842,-0.47492948,0.9997980247663245,1.0,0.0001423757771344502
asRNA:CR45867,0.00025313842,-0.48932928,0.9997980247663245,1.0,0.0001423757771344502
CG44426,0.00025313842,-0.36194652,0.9997980247663245,1.0,0.0001423757771344502
mex1,0.00025313842,-0.48435712,0.9997980247663245,1.0,0.0001423757771344502
lncRNA:CR44430,0.00025313842,-0.34145054,0.9997980247663245,1.0,0.0001423757771344502
lncRNA:CR43826,0.00025234363,-0.9123458,0.9997986589114717,1.0,0.0001423757771344502
CG31787,0.00025234363,-0.51407164,0.9997986589114717,1.0,0.0001423757771344502
Ndc80,0.00025234363,-0.39758152,0.9997986589114717,1.0,0.0001423757771344502
Gr68a,0.00025234363,-0.77649504,0.9997986589114717,1.0,0.0001423757771344502
lncRNA:CR45174,0.00025234363,-0.9035481,0.9997986589114717,1.0,0.0001423757771344502
CheB42a,0.00025234363,-0.4633492,0.9997986589114717,1.0,0.0001423757771344502
pot,0.00025234363,-0.5235719,0.9997986589114717,1.0,0.0001423757771344502
CG12693,0.00025154886,-0.72710073,0.9997992930566191,1.0,0.0001423757771344502
spdt,0.00025154886,-0.60566586,0.9997992930566191,1.0,0.0001423757771344502
CG45063,0.00025154886,-0.8442747,0.9997992930566191,1.0,0.0001423757771344502
CG15296,0.00025154886,-1.1032562,0.9997992930566191,1.0,0.0001423757771344502
Cubn2,0.00025154886,-0.76346976,0.9997992930566191,1.0,0.0001423757771344502
CG12617,0.00025154886,-0.7554967,0.9997992930566191,1.0,0.0001423757771344502
CG15202,0.00022532101,-0.08602939,0.9998202198465495,1.0,0.0049831521997057565
sa,0.00017167315,0.7179395,0.9998630246445038,1.0,9.491718475630013e-05
CG32686,0.00017167315,0.34088355,0.9998630246445038,1.0,9.491718475630013e-05
CG31668,0.00017167315,1.2169802,0.9998630246445038,1.0,9.491718475630013e-05
lncRNA:CR44538,0.00017167315,0.84745413,0.9998630246445038,1.0,9.491718475630013e-05
krimp,0.00017167315,0.98493755,0.9998630246445038,1.0,9.491718475630013e-05
CG34054,0.00017167315,0.49127018,0.9998630246445038,1.0,9.491718475630013e-05
Sox100B,0.00017167315,0.77616405,0.9998630246445038,1.0,9.491718475630013e-05
grnd,0.00017167315,0.9342927,0.9998630246445038,1.0,9.491718475630013e-05
Obp22a,0.00017167315,0.7955392,0.9998630246445038,1.0,9.491718475630013e-05
GluRIIC,0.00017167315,0.78473365,0.9998630246445038,1.0,9.491718475630013e-05
CG10505,0.00017167315,0.1836981,0.9998630246445038,1.0,9.491718475630013e-05
lncRNA:CR44772,0.00017167315,0.5454927,0.9998630246445038,1.0,9.491718475630013e-05
fan,0.00017167315,0.41709813,0.9998630246445038,1.0,9.491718475630013e-05
asRNA:CR45026,0.00017167315,0.5229266,0.9998630246445038,1.0,9.491718475630013e-05
Gdap1,0.00017167315,0.72956604,0.9998630246445038,1.0,9.491718475630013e-05
snoRNA:Psi18S-841c,0.00017167315,0.9342572,0.9998630246445038,1.0,9.491718475630013e-05
CG12607,0.00017087837,0.2594712,0.999863658789662,1.0,9.491718475630013e-05
CG3515,0.00017087837,0.3807071,0.999863658789662,1.0,9.491718475630013e-05
Btnd,0.00017087837,0.15513301,0.999863658789662,1.0,9.491718475630013e-05
lncRNA:CR45881,0.00017087837,0.4839516,0.999863658789662,1.0,9.491718475630013e-05
Chd3,0.00017087837,0.9164906,0.999863658789662,1.0,9.491718475630013e-05
asRNA:CR44375,0.00017087837,0.26027343,0.999863658789662,1.0,9.491718475630013e-05
CG2887,0.00017087837,0.27857283,0.999863658789662,1.0,9.491718475630013e-05
Cpr76Bc,0.00017087837,0.14950831,0.999863658789662,1.0,9.491718475630013e-05
lncRNA:CR42646,0.00017087837,0.45419088,0.999863658789662,1.0,9.491718475630013e-05
p-cup,0.00017087837,0.5044166,0.999863658789662,1.0,9.491718475630013e-05
Tdc1,0.00017087837,0.295148,0.999863658789662,1.0,9.491718475630013e-05
lncRNA:CR43991,0.00017087837,0.50990903,0.999863658789662,1.0,9.491718475630013e-05
CG33458,0.00017087837,0.36044207,0.999863658789662,1.0,9.491718475630013e-05
CG34189,0.00017008359,0.0704149,0.9998642929348202,1.0,9.491718475630013e-05
CG30178,0.00017008359,0.14525127,0.9998642929348202,1.0,9.491718475630013e-05
CG10764,0.00017008359,-0.4202359,0.9998642929348202,1.0,9.491718475630013e-05
Doc3,0.00017008359,-0.23611845,0.9998642929348202,1.0,9.491718475630013e-05
mir-4969,0.00017008359,0.4231684,0.9998642929348202,1.0,9.491718475630013e-05
CG11052,0.00017008359,-0.45572963,0.9998642929348202,1.0,9.491718475630013e-05
CheB42b,0.00017008359,-0.13129531,0.9998642929348202,1.0,9.491718475630013e-05
lncRNA:CR43974,0.00017008359,-0.053503726,0.9998642929348202,1.0,9.491718475630013e-05
lncRNA:CR45984,0.00017008359,0.033077363,0.9998642929348202,1.0,9.491718475630013e-05
lncRNA:CR45314,0.00017008359,0.5683109,0.9998642929348202,1.0,9.491718475630013e-05
CG12729,0.00017008359,-0.24150573,0.9998642929348202,1.0,9.491718475630013e-05
CG7968,0.00017008359,-0.04846196,0.9998642929348202,1.0,9.491718475630013e-05
CG31810,0.00017008359,-0.14864317,0.9998642929348202,1.0,9.491718475630013e-05
lncRNA:CR44504,0.00017008359,0.2219796,0.9998642929348202,1.0,9.491718475630013e-05
snoRNA:Psi18S-525a,0.00017008359,-0.7122757,0.9998642929348202,1.0,9.491718475630013e-05
CG17780,0.00017008359,-0.37912235,0.9998642929348202,1.0,9.491718475630013e-05
brv3,0.00017008359,0.07676998,0.9998642929348202,1.0,9.491718475630013e-05
snoRNA:Psi18S-640c,0.00017008359,-0.02691868,0.9998642929348202,1.0,9.491718475630013e-05
CG4704,0.00017008359,0.0365263,0.9998642929348202,1.0,9.491718475630013e-05
Spn28B,0.00017008359,0.03765748,0.9998642929348202,1.0,9.491718475630013e-05
alpha-Est5,0.00017008359,-0.41317725,0.9998642929348202,1.0,9.491718475630013e-05
Cpr78Cb,0.00017008359,0.7511559,0.9998642929348202,1.0,9.491718475630013e-05
Listericin,0.00017008359,-0.05552326,0.9998642929348202,1.0,9.491718475630013e-05
GstD5,0.00017008359,-0.39681154,0.9998642929348202,1.0,9.491718475630013e-05
snoRNA:Psi28S-2876,0.00017008359,-0.40722373,0.9998642929348202,1.0,9.491718475630013e-05
CG15731,0.00017008359,-0.19831933,0.9998642929348202,1.0,9.491718475630013e-05
lncRNA:CR44284,0.00017008359,-0.06696797,0.9998642929348202,1.0,9.491718475630013e-05
knrl,0.00017008359,-0.3330374,0.9998642929348202,1.0,9.491718475630013e-05
lncRNA:CR43452,0.00017008359,-0.44433448,0.9998642929348202,1.0,9.491718475630013e-05
CG30431,0.00017008359,-0.2643722,0.9998642929348202,1.0,9.491718475630013e-05
lky,0.00017008359,0.48028538,0.9998642929348202,1.0,9.491718475630013e-05
CG3604,0.00017008359,0.36534348,0.9998642929348202,1.0,9.491718475630013e-05
Cyp310a1,0.00017008359,-0.20937376,0.9998642929348202,1.0,9.491718475630013e-05
fs(1)N,0.00017008359,0.025014225,0.9998642929348202,1.0,9.491718475630013e-05
Cpr35B,0.00017008359,-0.023681838,0.9998642929348202,1.0,9.491718475630013e-05
CG32086,0.0001692888,-0.49379462,0.9998649270799785,1.0,9.491718475630013e-05
lncRNA:CR45578,0.0001692888,-0.19922484,0.9998649270799785,1.0,9.491718475630013e-05
CG8907,0.0001692888,-0.4053238,0.9998649270799785,1.0,9.491718475630013e-05
lncRNA:CR46245,0.0001692888,-0.4256843,0.9998649270799785,1.0,9.491718475630013e-05
lectin-24A,0.0001692888,-0.4077972,0.9998649270799785,1.0,9.491718475630013e-05
tin,0.0001692888,-0.18020728,0.9998649270799785,1.0,9.491718475630013e-05
lncRNA:CR44478,0.0001692888,-0.28748667,0.9998649270799785,1.0,9.491718475630013e-05
LManVI,0.0001692888,-0.54545295,0.9998649270799785,1.0,9.491718475630013e-05
CG8750,0.0001692888,-0.09779675,0.9998649270799785,1.0,9.491718475630013e-05
lncRNA:CR46350,0.0001692888,-0.59990156,0.9998649270799785,1.0,9.491718475630013e-05
mt:tRNA:Cys-GCA,0.0001692888,-0.38814154,0.9998649270799785,1.0,9.491718475630013e-05
CG31128,0.0001692888,-0.27090704,0.9998649270799785,1.0,9.491718475630013e-05
CG31697,0.0001692888,-0.28886986,0.9998649270799785,1.0,9.491718475630013e-05
CG33269,0.0001692888,-0.42841583,0.9998649270799785,1.0,9.491718475630013e-05
CG11409,0.0001692888,-0.5349044,0.9998649270799785,1.0,9.491718475630013e-05
Loxl2,0.0001692888,-0.41112912,0.9998649270799785,1.0,9.491718475630013e-05
Mdr50,0.0001692888,-0.10209328,0.9998649270799785,1.0,9.491718475630013e-05
CG30002,0.0001692888,-0.25577232,0.9998649270799785,1.0,9.491718475630013e-05
5.8SrRNA-Psi:CR45863,0.0001692888,-0.6420358,0.9998649270799785,1.0,9.491718475630013e-05
AttD,0.00016849402,-0.8751608,0.9998655612251369,1.0,9.491718475630013e-05
CG14424,0.00016849402,-0.6584771,0.9998655612251369,1.0,9.491718475630013e-05
CG43106,0.00016849402,-1.0114026,0.9998655612251369,1.0,9.491718475630013e-05
CG12609,0.00016849402,-1.2002649,0.9998655612251369,1.0,9.491718475630013e-05
snRNA:U4:38AB,0.00016849402,-0.301285,0.9998655612251369,1.0,9.491718475630013e-05
snoRNA:Psi28S-2566,0.00016849402,-0.48785555,0.9998655612251369,1.0,9.491718475630013e-05
CG33771,0.00016849402,-1.1347038,0.9998655612251369,1.0,9.491718475630013e-05
Mov10,0.00016849402,-1.0959196,0.9998655612251369,1.0,9.491718475630013e-05
lncRNA:CR46077,0.00016849402,-0.5020693,0.9998655612251369,1.0,9.491718475630013e-05
Gba1a,0.00016849402,-0.49559024,0.9998655612251369,1.0,9.491718475630013e-05
CG31089,0.00016849402,-1.0685393,0.9998655612251369,1.0,9.491718475630013e-05
CG18577,0.00016849402,-0.7714289,0.9998655612251369,1.0,9.491718475630013e-05
CG13144,0.00016849402,-1.0252496,0.9998655612251369,1.0,9.491718475630013e-05
Obp99b,0.00016849402,-0.54748005,0.9998655612251369,1.0,9.491718475630013e-05
CG33927,0.00016849402,-0.2935798,0.9998655612251369,1.0,9.491718475630013e-05
asRNA:CR45974,0.00016849402,-1.0357974,0.9998655612251369,1.0,9.491718475630013e-05
CG7333,0.00016849402,-1.1778305,0.9998655612251369,1.0,9.491718475630013e-05
SPH93,8.5439184e-05,0.21705736,0.9999318293945821,1.0,4.7458592378150065e-05
CG34327,8.5439184e-05,0.53717065,0.9999318293945821,1.0,4.7458592378150065e-05
CG17127,8.5439184e-05,0.3692611,0.9999318293945821,1.0,4.7458592378150065e-05
SteXh:CG42398,8.5439184e-05,0.048934948,0.9999318293945821,1.0,4.7458592378150065e-05
CG5883,8.5439184e-05,0.48720536,0.9999318293945821,1.0,4.7458592378150065e-05
CG8303,8.5439184e-05,0.15873697,0.9999318293945821,1.0,4.7458592378150065e-05
CG1791,8.5439184e-05,0.9729743,0.9999318293945821,1.0,4.7458592378150065e-05
CheB74a,8.5439184e-05,0.6364874,0.9999318293945821,1.0,4.7458592378150065e-05
PpN58A,8.5439184e-05,0.671012,0.9999318293945821,1.0,4.7458592378150065e-05
CG18605,8.5439184e-05,0.5779622,0.9999318293945821,1.0,4.7458592378150065e-05
CG11816,8.5439184e-05,1.3214712,0.9999318293945821,1.0,4.7458592378150065e-05
CG3323,8.5439184e-05,0.34641483,0.9999318293945821,1.0,4.7458592378150065e-05
CG45546,8.5439184e-05,0.3296592,0.9999318293945821,1.0,4.7458592378150065e-05
lncRNA:CR43704,8.5439184e-05,1.0055201,0.9999318293945821,1.0,4.7458592378150065e-05
ppk7,8.5439184e-05,1.2999285,0.9999318293945821,1.0,4.7458592378150065e-05
lncRNA:CR45356,8.5439184e-05,1.245109,0.9999318293945821,1.0,4.7458592378150065e-05
lncRNA:CR45183,8.5439184e-05,0.5564266,0.9999318293945821,1.0,4.7458592378150065e-05
lncRNA:CR44339,8.5439184e-05,0.3106505,0.9999318293945821,1.0,4.7458592378150065e-05
CG14326,8.5439184e-05,0.6003453,0.9999318293945821,1.0,4.7458592378150065e-05
Tsf3,8.5439184e-05,0.34405705,0.9999318293945821,1.0,4.7458592378150065e-05
lncRNA:CR44804,8.5439184e-05,0.18590847,0.9999318293945821,1.0,4.7458592378150065e-05
CG14829,8.5439184e-05,0.32681245,0.9999318293945821,1.0,4.7458592378150065e-05
CG33272,8.5439184e-05,0.30094495,0.9999318293945821,1.0,4.7458592378150065e-05
CG31294,8.5439184e-05,1.2183071,0.9999318293945821,1.0,4.7458592378150065e-05
CG4691,8.5439184e-05,1.0463187,0.9999318293945821,1.0,4.7458592378150065e-05
Z600,8.5439184e-05,0.46661234,0.9999318293945821,1.0,4.7458592378150065e-05
Ccp84Ag,8.5439184e-05,1.195926,0.9999318293945821,1.0,4.7458592378150065e-05
snoRNA:Psi18S-1389b,8.5439184e-05,0.7507744,0.9999318293945821,1.0,4.7458592378150065e-05
lncRNA:CR44058,8.5439184e-05,0.2714492,0.9999318293945821,1.0,4.7458592378150065e-05
mir-4976,8.5439184e-05,0.36814478,0.9999318293945821,1.0,4.7458592378150065e-05
CG42355,8.5439184e-05,0.15781817,0.9999318293945821,1.0,4.7458592378150065e-05
gskt,8.5439184e-05,1.8601393,0.9999318293945821,1.0,4.7458592378150065e-05
Prosbeta2R2,8.5439184e-05,1.0877283,0.9999318293945821,1.0,4.7458592378150065e-05
COX7AL,8.5439184e-05,0.19341223,0.9999318293945821,1.0,4.7458592378150065e-05
CG32148,8.5439184e-05,1.1553148,0.9999318293945821,1.0,4.7458592378150065e-05
CG2750,8.5439184e-05,0.69593173,0.9999318293945821,1.0,4.7458592378150065e-05
Gem4b,8.5439184e-05,0.01915733,0.9999318293945821,1.0,4.7458592378150065e-05
lncRNA:CR45571,8.5439184e-05,0.051537607,0.9999318293945821,1.0,4.7458592378150065e-05
lncRNA:CR44412,8.5439184e-05,0.47556013,0.9999318293945821,1.0,4.7458592378150065e-05
CG31219,8.5439184e-05,0.5308339,0.9999318293945821,1.0,4.7458592378150065e-05
lncRNA:CR45240,8.5439184e-05,0.08489568,0.9999318293945821,1.0,4.7458592378150065e-05
CG7330,8.5439184e-05,0.4055525,0.9999318293945821,1.0,4.7458592378150065e-05
CG4835,8.5439184e-05,0.7795322,0.9999318293945821,1.0,4.7458592378150065e-05
lncRNA:CR45168,8.5439184e-05,0.2067726,0.9999318293945821,1.0,4.7458592378150065e-05
CG2291,8.5439184e-05,0.08892882,0.9999318293945821,1.0,4.7458592378150065e-05
CG13313,8.5439184e-05,0.5956366,0.9999318293945821,1.0,4.7458592378150065e-05
lncRNA:CR43839,8.5439184e-05,0.19751643,0.9999318293945821,1.0,4.7458592378150065e-05
CG16898,8.46444e-05,-0.68411684,0.9999324635397473,1.0,4.7458592378150065e-05
ProtB,8.46444e-05,-0.104598016,0.9999324635397473,1.0,4.7458592378150065e-05
snoRNA:CD56a,8.46444e-05,-1.4521677,0.9999324635397473,1.0,4.7458592378150065e-05
CG4213,8.46444e-05,-0.48079243,0.9999324635397473,1.0,4.7458592378150065e-05
CG13855,8.46444e-05,-1.2799277,0.9999324635397473,1.0,4.7458592378150065e-05
CG32483,8.46444e-05,-0.31981078,0.9999324635397473,1.0,4.7458592378150065e-05
S-Lap2,8.46444e-05,-0.7630184,0.9999324635397473,1.0,4.7458592378150065e-05
CG13062,8.46444e-05,-1.1147652,0.9999324635397473,1.0,4.7458592378150065e-05
CG31327,8.46444e-05,-0.702687,0.9999324635397473,1.0,4.7458592378150065e-05
CAH9,8.46444e-05,-0.56190336,0.9999324635397473,1.0,4.7458592378150065e-05
CG11269,8.46444e-05,-0.6931494,0.9999324635397473,1.0,4.7458592378150065e-05
lncRNA:CR45982,8.46444e-05,-1.6352048,0.9999324635397473,1.0,4.7458592378150065e-05
CG43149,8.46444e-05,-0.82089305,0.9999324635397473,1.0,4.7458592378150065e-05
asRNA:CR31429,8.46444e-05,-0.02242113,0.9999324635397473,1.0,4.7458592378150065e-05
lncRNA:CR44539,8.46444e-05,-0.3463224,0.9999324635397473,1.0,4.7458592378150065e-05
CG44303,8.46444e-05,-0.65668756,0.9999324635397473,1.0,4.7458592378150065e-05
scaRNA:MeU2-G25,8.46444e-05,-0.43644983,0.9999324635397473,1.0,4.7458592378150065e-05
CG17717,8.46444e-05,-0.032351814,0.9999324635397473,1.0,4.7458592378150065e-05
lncRNA:CR43686,8.46444e-05,-0.85357857,0.9999324635397473,1.0,4.7458592378150065e-05
CG5103,8.46444e-05,-0.5629647,0.9999324635397473,1.0,4.7458592378150065e-05
asRNA:CR44975,8.46444e-05,-1.6645458,0.9999324635397473,1.0,4.7458592378150065e-05
CG10164,8.46444e-05,-1.9631873,0.9999324635397473,1.0,4.7458592378150065e-05
Prosalpha4T1,8.46444e-05,-0.27873975,0.9999324635397473,1.0,4.7458592378150065e-05
ppk12,8.46444e-05,0.005511436,0.9999324635397473,1.0,4.7458592378150065e-05
lncRNA:CR45698,8.46444e-05,-0.49345553,0.9999324635397473,1.0,4.7458592378150065e-05
CG1924,8.46444e-05,-0.14843403,0.9999324635397473,1.0,4.7458592378150065e-05
CG7295,8.46444e-05,-0.4614477,0.9999324635397473,1.0,4.7458592378150065e-05
lncRNA:CR43488,8.46444e-05,-0.09634521,0.9999324635397473,1.0,4.7458592378150065e-05
TTLL4B,8.46444e-05,-0.7872707,0.9999324635397473,1.0,4.7458592378150065e-05
CG6830,8.46444e-05,-0.634765,0.9999324635397473,1.0,4.7458592378150065e-05
CAH4,8.46444e-05,-0.1673095,0.9999324635397473,1.0,4.7458592378150065e-05
CG18662,8.46444e-05,-0.36808565,0.9999324635397473,1.0,4.7458592378150065e-05
rhi,8.46444e-05,-0.9556676,0.9999324635397473,1.0,4.7458592378150065e-05
tono,8.46444e-05,-0.6908604,0.9999324635397473,1.0,4.7458592378150065e-05
CG43920,8.46444e-05,-0.7808502,0.9999324635397473,1.0,4.7458592378150065e-05
Sfp33A4,8.46444e-05,-0.43150625,0.9999324635397473,1.0,4.7458592378150065e-05
CG13428,8.46444e-05,-0.65123343,0.9999324635397473,1.0,4.7458592378150065e-05
lncRNA:CR43807,8.46444e-05,-0.056528326,0.9999324635397473,1.0,4.7458592378150065e-05
CG3216,8.46444e-05,-0.3692604,0.9999324635397473,1.0,4.7458592378150065e-05
CG45080,8.46444e-05,-0.3006505,0.9999324635397473,1.0,4.7458592378150065e-05
CG18581,8.46444e-05,-0.34351185,0.9999324635397473,1.0,4.7458592378150065e-05
CG13793,8.46444e-05,-0.21194734,0.9999324635397473,1.0,4.7458592378150065e-05
Acp1,8.46444e-05,-0.5714427,0.9999324635397473,1.0,4.7458592378150065e-05
f,8.46444e-05,-0.4384103,0.9999324635397473,1.0,4.7458592378150065e-05
CG44037,8.46444e-05,-0.29946014,0.9999324635397473,1.0,4.7458592378150065e-05
lncRNA:CR42657,0.0,0.0,1.0,1.0,0.0
CG12861,0.0,0.0,1.0,1.0,0.0
CG14304,0.0,0.0,1.0,1.0,0.0
CG4318,0.0,0.0,1.0,1.0,0.0
CG3513,0.0,0.0,1.0,1.0,0.0
CG13023,0.0,0.0,1.0,1.0,0.0
lncRNA:CR9284,0.0,0.0,1.0,1.0,0.0
Gr9a,0.0,0.0,1.0,1.0,0.0
lncRNA:CR43905,0.0,0.0,1.0,1.0,0.0
png,0.0,0.0,1.0,1.0,0.0
CG30395,0.0,0.0,1.0,1.0,0.0
CG31948,0.0,0.0,1.0,1.0,0.0
CG31740,0.0,0.0,1.0,1.0,0.0
CG15375,0.0,0.0,1.0,1.0,0.0
CG34168,0.0,0.0,1.0,1.0,0.0
CG5614,0.0,0.0,1.0,1.0,0.0
asRNA:CR45326,0.0,0.0,1.0,1.0,0.0
CG13196,0.0,0.0,1.0,1.0,0.0
Acsf3,0.0,0.0,1.0,1.0,0.0
yellow-e,0.0,0.0,1.0,1.0,0.0
MtnD,0.0,0.0,1.0,1.0,0.0
CG14205,0.0,0.0,1.0,1.0,0.0
Jhbp11,0.0,0.0,1.0,1.0,0.0
Cyp4d21,0.0,0.0,1.0,1.0,0.0
CG17751,0.0,0.0,1.0,1.0,0.0
Mst84Da,0.0,0.0,1.0,1.0,0.0
Mst84Dd,0.0,0.0,1.0,1.0,0.0
CG42688,0.0,0.0,1.0,1.0,0.0
CG42383,0.0,0.0,1.0,1.0,0.0
CG3124,0.0,0.0,1.0,1.0,0.0
CG31954,0.0,0.0,1.0,1.0,0.0
S-Lap7,0.0,0.0,1.0,1.0,0.0
CG15025,0.0,0.0,1.0,1.0,0.0
ocn,0.0,0.0,1.0,1.0,0.0
Xport-B,0.0,0.0,1.0,1.0,0.0
CG13049,0.0,0.0,1.0,1.0,0.0
CG9920,0.0,0.0,1.0,1.0,0.0
dj,0.0,0.0,1.0,1.0,0.0
lncRNA:CR44164,0.0,0.0,1.0,1.0,0.0
CG10730,0.0,0.0,1.0,1.0,0.0
l(2)gd1,-8.742614e-05,-0.055323705,0.9999302440316694,1.0,0.027003939063167386
Tsp42En,-0.0004319646,-0.20207627,0.9996553421122099,1.0,0.005078069384462057
CG10516,-0.00079438573,-0.03944628,0.9993661719717973,1.0,0.013715533197285369
CG10514,-0.0011715103,-0.16890912,0.9990652702369895,1.0,0.011247686393621566
Cyt-c-d,-0.001285959,-0.16232532,0.9989739534018613,1.0,0.004271273314033506
CG17193,-0.0018808543,-0.12653144,0.9984992963460497,1.0,0.06739120117697309
CG7744,-0.0020159674,-0.23513938,0.9983914918722949,1.0,0.003891604575008305
CG7101,-0.0023712353,-0.057758696,0.9981080296659307,1.0,0.019410564282663377
SMC6,-0.0026970964,-0.053106282,0.9978480309832837,1.0,0.04641450334583076
CG9752,-0.0028039948,0.12516497,0.9977627387809421,1.0,0.002942432727445304
CG44008,-0.0029681176,-0.2458461,0.997631788349376,1.0,0.0032746428740923544
Edg78E,-0.0033221934,-0.142992,0.9973492780760529,1.0,0.002942432727445304
HPS4,-0.0033293464,-0.035674445,0.9973435708011092,1.0,0.06259788334677993
Taf7,-0.003354382,-0.09540426,0.997323595339879,1.0,0.0388685871577049
Mst85C,-0.0035232734,-0.05954476,0.997188840288734,1.0,0.04631958616107446
mRpS25,-0.0035689736,-0.018657137,0.9971523771708712,1.0,0.14792843244269374
CG15539,-0.0035876508,-0.03983639,0.9971374748548437,1.0,0.002705139765554554
dsf,-0.003690178,0.009499041,0.9970556706698935,1.0,0.0025627639884201036
Orai,-0.003756145,-0.06957186,0.9970030369858084,1.0,0.1051207821176024
RIOK2,-0.003801845,-0.025930509,0.9969665738990452,1.0,0.022590289971999432
asRNA:CR46093,-0.0041932757,-0.13784403,0.9966542599015454,1.0,0.0024203882112856533
INPP5E,-0.004230233,-0.081293985,0.9966247724127993,1.0,0.0389635043424612
CG40045,-0.0042497055,-0.05156525,0.9966092359958494,1.0,0.32072516729153816
Ilp7,-0.0043180566,-0.04595555,0.996554700011874,1.0,0.002278012434151203
CG12011,-0.0043828315,-0.014400979,0.9965030176698176,1.0,0.002230553841773053
Ssk,-0.004692002,-0.36700058,0.9962563377400172,1.0,0.010583266100327464
CG33978,-0.0048549324,-0.10707662,0.9961263394619121,1.0,0.00711878885672251
CG14257,-0.004963818,-0.2019847,0.9960394626209721,1.0,0.0019458022875041526
CG6847,-0.0049797134,-0.22420454,0.9960267798743732,1.0,0.0019932608798823026
lncRNA:CR45922,-0.005055218,-0.033167474,0.9959665368417926,1.0,0.0018508851027478526
CG13482,-0.005075882,-0.20171674,0.9959500492789743,1.0,0.0018983436951260026
CG11164,-0.005118006,-0.009436215,0.9959164400216696,1.0,0.0018034265103697023
BomS2,-0.005206227,-0.33873188,0.9958460508459577,1.0,0.0018983436951260026
CG44257,-0.005240005,-0.2158039,0.9958191000439665,1.0,0.007688291965260311
CG42534,-0.0052658357,-0.2577416,0.9957984906103667,1.0,0.0018034265103697023
LSm3,-0.0053389557,-0.034454692,0.9957401500751139,1.0,0.020786863461629727
ppan,-0.0053401478,-0.070728146,0.9957391988709225,1.0,0.022685207156755732
natalisin,-0.0053775026,-0.010243195,0.9957093944760037,1.0,0.0017085093256134023
Cyp6a2,-0.0054820166,-0.47318316,0.9956260056157784,1.0,0.0017559679179915523
lncRNA:CR45381,-0.0055138078,-0.09535339,0.9956006401924452,1.0,0.001613592140857102
CG9896,-0.005520166,-0.20397525,0.9955955671083113,1.0,0.13539936405486214
lncRNA:CR45997,-0.0057228357,-0.050935503,0.995433862645942,1.0,0.001471216363722652
CG42846,-0.005938222,-0.11146596,0.9952620122269535,1.0,0.0013762991789663518
CG30099,-0.006029622,-0.14846477,0.9951890868383655,1.0,0.0013288405865882018
mir-4962,-0.0060749245,-0.35014343,0.9951529412258371,1.0,0.0013288405865882018
CG10866,-0.0061742724,-0.04893134,0.9950736745666268,1.0,0.041431351146125006
Hph,-0.006254943,-0.074497536,0.995009310075082,1.0,0.08120165155901476
CG13455,-0.006261699,-0.08945685,0.9950039199467161,1.0,0.0011864648094537516
CG14907,-0.0062950794,-0.5245608,0.994977286374613,1.0,0.0012339234018319016
lncRNA:CR44353,-0.006379327,-0.22204947,0.9949100683366399,1.0,0.0011390062170756016
Trax,-0.006419463,-0.03262754,0.9948780446614134,1.0,0.019505481467419677
Cap-D2,-0.006497749,-0.4308967,0.9948155826652063,1.0,0.0010915476246974515
Cul6,-0.0066026608,-0.19150363,0.9947318772988578,1.0,0.0009966304399411513
IFT46,-0.0066066347,-0.20228986,0.9947287066421755,1.0,0.0009966304399411513
lncRNA:CR44809,-0.006743337,0.033694126,0.994619636103329,1.0,0.0009017132551848512
CG34454,-0.0068458645,-0.07747633,0.9945378332650651,1.0,0.0008542546628067012
Tmlh,-0.006857786,-0.16004571,0.9945283213108373,1.0,0.0008542546628067012
asRNA:CR43936,-0.0068585807,-0.16703199,0.9945276871805832,1.0,0.0008542546628067012
CG42697,-0.0069483914,-0.2886788,0.9944560304842175,1.0,0.000806796070428551
CG31677,-0.0069984626,-0.02031187,0.9944160803100464,1.0,0.000759337478050401
stan,-0.0070962207,-0.07436108,0.9943380823913895,1.0,0.07560153765839306
Obp56a,-0.0071168854,-0.2774849,0.9943215950333728,1.0,0.0007118788856722509
AttC,-0.0071208593,-0.2481289,0.9943184243878781,1.0,0.0007118788856722509
CG6761,-0.0071319863,-0.37280545,0.9943095465809704,1.0,0.0007118788856722509
lncRNA:CR43661,-0.0071327807,-0.3874964,0.9943089124519325,1.0,0.0007118788856722509
PK1-R,-0.0072599463,-0.07828735,0.994207451852446,1.0,0.0006169617009159508
CG14857,-0.007271868,-0.21688935,0.9941979399260211,1.0,0.0006169617009159508
CG11362,-0.0072726626,-0.10290231,0.9941973057976221,1.0,0.0006169617009159508
Cyp6g2,-0.007286969,-0.2013407,0.9941858914870669,1.0,0.0006169617009159508
asRNA:CR45535,-0.0072965063,-0.42634365,0.9941782819473577,1.0,0.0006169617009159508
Ir25a,-0.0072965063,-0.46123475,0.9941782819473577,1.0,0.0006169617009159508
lncRNA:CR45531,-0.007334656,0.22087264,0.9941478437938233,1.0,0.0005695031085378008
CG14770,-0.0073386296,0.054041933,0.9941446731533191,1.0,0.0005695031085378008
CG33284,-0.0073537305,-0.031917617,0.9941326247202472,1.0,0.0005695031085378008
CG17994,-0.0073537305,-0.13068952,0.9941326247202472,1.0,0.0005695031085378008
sxe2,-0.007359294,-0.30558273,0.9941281858241894,1.0,0.0005695031085378008
CG14354,-0.007364063,-0.20483907,0.9941243810562844,1.0,0.0005695031085378008
timeout,-0.007364063,-0.29224807,0.9941243810562844,1.0,0.0005695031085378008
Dnah3,-0.0073759845,-0.45334807,0.9941148691371069,1.0,0.0005695031085378008
snoRNA:Psi28S-3305c,-0.0073791635,-0.48244777,0.9941123326254675,1.0,0.0005695031085378008
Or71a,-0.007425261,0.08514782,0.994075553213395,1.0,0.0005220445161596507
CG10445,-0.0074268505,0.008303843,0.9940742849580304,1.0,0.0005220445161596507
lncRNA:CR44851,-0.0074451305,-0.34768876,0.9940597000224143,1.0,0.0005220445161596507
Vps37B,-0.0074530784,-0.021810874,0.9940533587466782,1.0,0.040482179298562
lncRNA:CR44138,-0.0075198403,-0.092538446,0.9940000920453648,1.0,0.00047458592378150065
CG44836,-0.0075269933,-0.16407825,0.9939943849003774,1.0,0.00047458592378150065
ms(3)76Cc,-0.007529378,-0.3512436,0.9939924825187831,1.0,0.00047458592378150065
thr,-0.007531762,-0.40769628,0.9939905801372231,1.0,0.00047458592378150065
lncRNA:CR44410,-0.007531762,-0.34321347,0.9939905801372231,1.0,0.00047458592378150065
CG3339,-0.007595345,-0.03768354,0.9939398499749253,1.0,0.0004271273314033506
dila,-0.007599319,0.018881254,0.993936679340593,1.0,0.0004271273314033506
lncRNA:CR44596,-0.0076001133,0.14847538,0.993936045213738,1.0,0.0004271273314033506
lncRNA:CR45340,-0.007604882,0.07680805,0.9939322404526887,1.0,0.0004271273314033506
CG14780,-0.0076112403,-0.19760613,0.9939271674381709,1.0,0.0004271273314033506
CG11425,-0.007619983,-0.4413227,0.9939201920436097,1.0,0.0004271273314033506
CG10252,-0.007627136,-0.5434091,0.9939144849029508,1.0,0.0004271273314033506
Cyp4d14,-0.007685155,-0.00466959,0.9938681936624701,1.0,0.0003796687390252005
CG31664,-0.007688334,0.01464817,0.9938656571567375,1.0,0.0003796687390252005
Ir76b,-0.007692308,-0.15113074,0.9938624865246589,1.0,0.0003796687390252005
CG33468,-0.007697872,-0.38649473,0.9938580476399117,1.0,0.0003796687390252005
CG32161,-0.007710986,-0.6635316,0.9938475845551885,1.0,0.0003796687390252005
snoRNA:CD54b,-0.007712178,-0.72909814,0.9938466333657207,1.0,0.0003796687390252005
CG18095,-0.007769402,0.283265,0.9938009762815734,1.0,0.00033221014664705045
CG15109,-0.007770197,0.040058915,0.9938003421555472,1.0,0.00033221014664705045
asRNA:CR45807,-0.007770992,0.03612821,0.9937997080295251,1.0,0.00033221014664705045
CG15927,-0.0077757607,-0.14935176,0.993795903273474,1.0,0.00033221014664705045
CG43647,-0.007776555,-0.14546168,0.9937952691474792,1.0,0.00033221014664705045
CG33281,-0.00777735,-0.3302851,0.9937946350214883,1.0,0.00033221014664705045
CG32454,-0.00777735,-0.26102945,0.9937946350214883,1.0,0.00033221014664705045
lncRNA:CR45639,-0.00777894,-0.110054106,0.9937933667695183,1.0,0.00033221014664705045
CG44259,-0.007779734,-0.25724944,0.9937927326435393,1.0,0.00033221014664705045
lncRNA:CR42715,-0.007779734,-0.15698089,0.9937927326435393,1.0,0.00033221014664705045
lncRNA:CR44947,-0.007780529,-0.10786713,0.993792098517564,1.0,0.00033221014664705045
CG11159,-0.007782119,-0.3204169,0.9937908302656254,1.0,0.00033221014664705045
CG2104,-0.007784503,-0.4024283,0.9937889278877469,1.0,0.00033221014664705045
Psf1,-0.007785298,-0.4053749,0.9937882937617952,1.0,0.00033221014664705045
lncRNA:CR44060,-0.007786093,-0.7070041,0.9937876596358475,1.0,0.00033221014664705045
lncRNA:CR43989,-0.007786093,-0.52027357,0.9937876596358475,1.0,0.00033221014664705045
CG43191,-0.007790861,-0.74755555,0.9937838548802436,1.0,0.00033221014664705045
GC2,-0.007798014,-1.0027208,0.9937781477471026,1.0,0.00033221014664705045
asRNA:CR43152,-0.00785206,-0.02939611,0.9937350271959031,1.0,0.005030610792083907
CG13643,-0.007856431,0.093888715,0.9937315395050602,1.0,0.0002847515542689004
lncRNA:CR42874,-0.007858418,0.12626755,0.9937299541910803,1.0,0.0002847515542689004
CG17687,-0.007860008,-0.09533121,0.9937286859399141,1.0,0.0002847515542689004
CG7912,-0.007861597,-0.292745,0.9937274176887639,1.0,0.0002847515542689004
CG10553,-0.007866366,-0.29404935,0.9937236129354082,1.0,0.0002847515542689004
lncRNA:CR45878,-0.00786875,-0.38666767,0.9937217105587839,1.0,0.0002847515542689004
Gr36a,-0.007869544,-0.51319206,0.9937210764332504,1.0,0.0002847515542689004
COX6CL,-0.007869544,-0.7056159,0.9937210764332504,1.0,0.0002847515542689004
FucTC,-0.00787034,-0.5969597,0.9937204423077208,1.0,0.0002847515542689004
snoRNA:Or-aca5,-0.007874314,-0.84773076,0.9937172716801326,1.0,0.0002847515542689004
lncRNA:CR44868,-0.007874314,-0.92659,0.9937172716801326,1.0,0.0002847515542689004
snoRNA:Psi28S-1175a,-0.007874314,-0.6136605,0.9937172716801326,1.0,0.0002847515542689004
ninaD,-0.0078759035,-0.9838066,0.993716003429125,1.0,0.0002847515542689004
lncRNA:CR44447,-0.007939486,0.22286317,0.9936652734018782,1.0,0.00023729296189075032
lncRNA:CR45454,-0.007942665,-0.014414917,0.9936627369011863,1.0,0.00023729296189075032
CG15650,-0.007945844,-0.21998487,0.9936602004005586,1.0,0.00023729296189075032
Nnf1b,-0.007947434,-0.30388325,0.9936589321502688,1.0,0.00023729296189075032
Cpr78Ca,-0.007947434,-0.30673403,0.9936589321502688,1.0,0.00023729296189075032
CG14260,-0.007947434,-0.16579552,0.9936589321502688,1.0,0.00023729296189075032
asRNA:CR45028,-0.007947434,-0.15150057,0.9936589321502688,1.0,0.00023729296189075032
CG10936,-0.007948228,-0.19788778,0.9936582980251298,1.0,0.00023729296189075032
lncRNA:CR43253,-0.007948228,-0.18424107,0.9936582980251298,1.0,0.00023729296189075032
Or2a,-0.0079490235,-0.3960103,0.9936576638999949,1.0,0.00023729296189075032
lncRNA:CR45595,-0.007950612,-0.28312165,0.9936563956497372,1.0,0.00023729296189075032
asRNA:CR46089,-0.007950612,-0.5442516,0.9936563956497372,1.0,0.00023729296189075032
CG12592,-0.007950612,-0.34078193,0.9936563956497372,1.0,0.00023729296189075032
snoRNA:Psi28S-3186,-0.007950612,-0.3830892,0.9936563956497372,1.0,0.00023729296189075032
Poc1,-0.007951408,-0.38457167,0.9936557615246142,1.0,0.00023729296189075032
asRNA:CR46097,-0.007951408,-0.6489106,0.9936557615246142,1.0,0.00023729296189075032
asRNA:CR44053,-0.007952997,-0.6855446,0.9936544932743805,1.0,0.00023729296189075032
lncRNA:CR44636,-0.007952997,-0.52059656,0.9936544932743805,1.0,0.00023729296189075032
CG42486,-0.007952997,-0.6094761,0.9936544932743805,1.0,0.00023729296189075032
CG15286,-0.007953792,-0.64922416,0.9936538591492696,1.0,0.00023729296189075032
asRNA:CR45870,-0.007955382,-0.9083538,0.9936525908990599,1.0,0.00023729296189075032
asRNA:CR44083,-0.007955382,-0.64135176,0.9936525908990599,1.0,0.00023729296189075032
sphinx2,-0.007955382,-0.71566415,0.9936525908990599,1.0,0.00023729296189075032
CG32447,-0.007957766,-1.1563791,0.9936506885237754,1.0,0.00023729296189075032
Cpr50Cb,-0.00796015,-1.079105,0.993648786148527,1.0,0.00023729296189075032
CG43092,-0.008027706,0.4786071,0.9935948855315342,1.0,0.00018983436951260026
Cyp4p2,-0.008028502,0.10932471,0.9935942514068019,1.0,0.00018983436951260026
PGRP-SB1,-0.008028502,0.36159295,0.9935942514068019,1.0,0.00018983436951260026
BomT1,-0.008029296,-0.028475067,0.9935936172820736,1.0,0.00018983436951260026
lncRNA:CR43874,-0.008029296,0.08053156,0.9935936172820736,1.0,0.00018983436951260026
Gr47b,-0.008030091,0.079632685,0.9935929831573495,1.0,0.00018983436951260026
Or42b,-0.008030091,0.10106114,0.9935929831573495,1.0,0.00018983436951260026
Pif1,-0.00803168,-0.15738112,0.9935917149079132,1.0,0.00018983436951260026
AOX4,-0.008032476,-0.2593348,0.9935910807832011,1.0,0.00018983436951260026
lncRNA:CR43909,-0.008032476,-0.34742707,0.9935910807832011,1.0,0.00018983436951260026
CG3588,-0.008032476,-0.019766703,0.9935910807832011,1.0,0.00018983436951260026
lncRNA:CR44673,-0.008032476,-0.25000685,0.9935910807832011,1.0,0.00018983436951260026
asRNA:CR45396,-0.00803327,-0.36122397,0.993590446658493,1.0,0.00018983436951260026
sing,-0.00803327,-0.78615046,0.993590446658493,1.0,0.00018983436951260026
CG18744,-0.00803486,-0.5612059,0.9935891784090892,1.0,0.00018983436951260026
CG12715,-0.008035654,-0.5090931,0.9935885442843934,1.0,0.00018983436951260026
Amy-p,-0.008035654,-0.89005274,0.9935885442843934,1.0,0.00018983436951260026
CG42568,-0.00803645,-0.76705885,0.9935879101597015,1.0,0.00018983436951260026
bgcn,-0.008037244,-0.92636067,0.9935872760350137,1.0,0.00018983436951260026
dmGlut,-0.008037244,-0.9865789,0.9935872760350137,1.0,0.00018983436951260026
asRNA:CR43865,-0.008038039,-0.8775222,0.99358664191033,1.0,0.00018983436951260026
snoRNA:Psi28S-2442b,-0.008038039,-0.68285996,0.99358664191033,1.0,0.00018983436951260026
ND-51L2,-0.008114338,0.06974289,0.9935257659596135,1.0,0.0001423757771344502
lncRNA:CR44149,-0.008115133,0.35664183,0.9935251318353246,1.0,0.0001423757771344502
CG17300,-0.008115133,-0.12023278,0.9935251318353246,1.0,0.0001423757771344502
gwl,-0.008115133,0.25852457,0.9935251318353246,1.0,0.0001423757771344502
CG33773,-0.008115928,-0.061215322,0.9935244977110398,1.0,0.0001423757771344502
lncRNA:CR41257,-0.008115928,-0.25525638,0.9935244977110398,1.0,0.0001423757771344502
CG11131,-0.008116722,-0.1981454,0.993523863586759,1.0,0.0001423757771344502
CG43108,-0.008116722,-0.07362544,0.993523863586759,1.0,0.0001423757771344502
CG42272,-0.008116722,0.07628573,0.993523863586759,1.0,0.0001423757771344502
lncRNA:CR46225,-0.008116722,-0.14623223,0.993523863586759,1.0,0.0001423757771344502
CG14325,-0.008116722,-0.13905676,0.993523863586759,1.0,0.0001423757771344502
CG30284,-0.008116722,-0.28347158,0.993523863586759,1.0,0.0001423757771344502
CG15034,-0.008116722,-0.10817802,0.993523863586759,1.0,0.0001423757771344502
mir-4984,-0.008117517,-0.43429446,0.9935232294624824,1.0,0.0001423757771344502
Spn43Aa,-0.008117517,-0.265783,0.9935232294624824,1.0,0.0001423757771344502
lncRNA:CR43151,-0.008117517,-0.33746466,0.9935232294624824,1.0,0.0001423757771344502
CG14736,-0.008118312,-0.20939833,0.9935225953382099,1.0,0.0001423757771344502
Vajk3,-0.008118312,-0.4270946,0.9935225953382099,1.0,0.0001423757771344502
lncRNA:CR43792,-0.008118312,-0.34870148,0.9935225953382099,1.0,0.0001423757771344502
CG9312,-0.008118312,-0.4860135,0.9935225953382099,1.0,0.0001423757771344502
CG31704,-0.008118312,-0.45594418,0.9935225953382099,1.0,0.0001423757771344502
CG31407,-0.008118312,-0.3706968,0.9935225953382099,1.0,0.0001423757771344502
asRNA:CR46263,-0.008118312,-0.44215837,0.9935225953382099,1.0,0.0001423757771344502
Ser8,-0.008118312,-0.5409562,0.9935225953382099,1.0,0.0001423757771344502
lncRNA:CR45898,-0.008119107,-0.56504256,0.9935219612139414,1.0,0.0001423757771344502
lncRNA:CR45188,-0.008119107,-0.33292896,0.9935219612139414,1.0,0.0001423757771344502
CG15822,-0.008119107,-0.9125968,0.9935219612139414,1.0,0.0001423757771344502
Jon99Cii,-0.008119902,-0.9450707,0.9935213270896771,1.0,0.0001423757771344502
CG14693,-0.008119902,-0.5843805,0.9935213270896771,1.0,0.0001423757771344502
CG7251,-0.008119902,-0.51469064,0.9935213270896771,1.0,0.0001423757771344502
spo,-0.008119902,-0.62513345,0.9935213270896771,1.0,0.0001423757771344502
lncRNA:CR44957,-0.008119902,-0.94855714,0.9935213270896771,1.0,0.0001423757771344502
CG18088,-0.008119902,-0.63175416,0.9935213270896771,1.0,0.0001423757771344502
CG30280,-0.008119902,-0.5554516,0.9935213270896771,1.0,0.0001423757771344502
asRNA:CR46050,-0.008119902,-0.63314754,0.9935213270896771,1.0,0.0001423757771344502
lncRNA:CR43765,-0.008120696,-0.8504093,0.9935206929654168,1.0,0.0001423757771344502
Dmel_CG6279,-0.008120696,-0.6693398,0.9935206929654168,1.0,0.0001423757771344502
CG43094,-0.008120696,-0.62862986,0.9935206929654168,1.0,0.0001423757771344502
lncRNA:CR46085,-0.008120696,-0.74611425,0.9935206929654168,1.0,0.0001423757771344502
CG12995,-0.008120696,-0.9818994,0.9935206929654168,1.0,0.0001423757771344502
lncRNA:CR45811,-0.008120696,-0.9516303,0.9935206929654168,1.0,0.0001423757771344502
CG17855,-0.008121491,-1.2357695,0.9935200588411607,1.0,0.0001423757771344502
CG6527,-0.008121491,-1.2230518,0.9935200588411607,1.0,0.0001423757771344502
asRNA:CR44207,-0.008121491,-0.9700098,0.9935200588411607,1.0,0.0001423757771344502
CG32199,-0.008121491,-1.0641052,0.9935200588411607,1.0,0.0001423757771344502
NimA,-0.008122286,-1.0162971,0.9935194247169086,1.0,0.0001423757771344502
Spn88Eb,-0.008122286,-1.0935036,0.9935194247169086,1.0,0.0001423757771344502
Cpr97Ea,-0.008122286,-1.0158207,0.9935194247169086,1.0,0.0001423757771344502
CG42237,-0.00812308,-1.1532782,0.9935187905926606,1.0,0.0001423757771344502
lncRNA:CR45833,-0.00812308,-0.99154514,0.9935187905926606,1.0,0.0001423757771344502
asRNA:CR44031,-0.008158448,-0.11546273,0.9934905720677758,1.0,0.005030610792083907
CG13965,-0.00820097,0.6409294,0.9934566464362807,1.0,9.491718475630013e-05
mir-317,-0.00820097,-0.05583397,0.9934566464362807,1.0,9.491718475630013e-05
Odc2,-0.00820097,0.55416864,0.9934566464362807,1.0,9.491718475630013e-05
CG43095,-0.00820097,-0.15326497,0.9934566464362807,1.0,9.491718475630013e-05
CG2127,-0.00820097,0.58071744,0.9934566464362807,1.0,9.491718475630013e-05
lncRNA:CR43424,-0.00820097,0.21823055,0.9934566464362807,1.0,9.491718475630013e-05
pre-mod(mdg4)-I,-0.00820097,0.20709956,0.9934566464362807,1.0,9.491718475630013e-05
mei-38,-0.008201764,-0.15632008,0.9934560123124401,1.0,9.491718475630013e-05
Spc25,-0.008201764,-0.11292793,0.9934560123124401,1.0,9.491718475630013e-05
swa,-0.008201764,-0.110669896,0.9934560123124401,1.0,9.491718475630013e-05
Rab9E,-0.008201764,0.16413637,0.9934560123124401,1.0,9.491718475630013e-05
CG11656,-0.008201764,0.18848594,0.9934560123124401,1.0,9.491718475630013e-05
lncRNA:CR43420,-0.008202559,-0.9183674,0.9934553781886034,1.0,9.491718475630013e-05
CG34207,-0.008202559,-0.71395886,0.9934553781886034,1.0,9.491718475630013e-05
CG43255,-0.008202559,-0.111934535,0.9934553781886034,1.0,9.491718475630013e-05
Takl1,-0.008202559,-0.62240726,0.9934553781886034,1.0,9.491718475630013e-05
CG15879,-0.008202559,-0.263932,0.9934553781886034,1.0,9.491718475630013e-05
asRNA:CR46105,-0.008202559,-0.43369865,0.9934553781886034,1.0,9.491718475630013e-05
CG14106,-0.008202559,-0.5919293,0.9934553781886034,1.0,9.491718475630013e-05
Ir51b,-0.008202559,-0.30136243,0.9934553781886034,1.0,9.491718475630013e-05
lncRNA:CR34052,-0.008202559,-0.49675804,0.9934553781886034,1.0,9.491718475630013e-05
snoRNA:Psi18S-525j,-0.008202559,-0.13445534,0.9934553781886034,1.0,9.491718475630013e-05
CG43295,-0.008202559,-0.3804993,0.9934553781886034,1.0,9.491718475630013e-05
ProtA,-0.008202559,-0.6876455,0.9934553781886034,1.0,9.491718475630013e-05
CG13066,-0.008202559,-0.17042243,0.9934553781886034,1.0,9.491718475630013e-05
Cpr47Ef,-0.008202559,-0.8204117,0.9934553781886034,1.0,9.491718475630013e-05
CG14491,-0.008202559,-0.42852312,0.9934553781886034,1.0,9.491718475630013e-05
CG34269,-0.008202559,-0.49869338,0.9934553781886034,1.0,9.491718475630013e-05
CG33110,-0.008202559,-0.49475336,0.9934553781886034,1.0,9.491718475630013e-05
CG42523,-0.008203354,-0.49008316,0.993454744064771,1.0,9.491718475630013e-05
CecA1,-0.008203354,-0.8154119,0.993454744064771,1.0,9.491718475630013e-05
CG42564,-0.008203354,-0.654751,0.993454744064771,1.0,9.491718475630013e-05
CG32726,-0.008203354,-0.48671347,0.993454744064771,1.0,9.491718475630013e-05
ppk,-0.008203354,-0.8636677,0.993454744064771,1.0,9.491718475630013e-05
CG13285,-0.008203354,-0.62295437,0.993454744064771,1.0,9.491718475630013e-05
CG42716,-0.008203354,-0.5349075,0.993454744064771,1.0,9.491718475630013e-05
CG14626,-0.008203354,-0.53909856,0.993454744064771,1.0,9.491718475630013e-05
asRNA:CR45912,-0.008203354,-0.60887325,0.993454744064771,1.0,9.491718475630013e-05
CG15125,-0.008203354,-0.57706827,0.993454744064771,1.0,9.491718475630013e-05
lncRNA:CR43410,-0.008204148,-0.8857616,0.9934541099409426,1.0,9.491718475630013e-05
lncRNA:CR44260,-0.008204148,-0.6656375,0.9934541099409426,1.0,9.491718475630013e-05
CG1806,-0.008204148,-0.5151302,0.9934541099409426,1.0,9.491718475630013e-05
CG9806,-0.008204148,-0.9204519,0.9934541099409426,1.0,9.491718475630013e-05
CG42537,-0.008204148,-0.68868464,0.9934541099409426,1.0,9.491718475630013e-05
CG31106,-0.008204148,-1.050085,0.9934541099409426,1.0,9.491718475630013e-05
CG10663,-0.008204148,-0.8729913,0.9934541099409426,1.0,9.491718475630013e-05
karr,-0.008204148,-1.5083108,0.9934541099409426,1.0,9.491718475630013e-05
TotB,-0.008204148,-1.0355827,0.9934541099409426,1.0,9.491718475630013e-05
lncRNA:CR45541,-0.008204148,-1.0534365,0.9934541099409426,1.0,9.491718475630013e-05
CG13250,-0.008204148,-0.8639719,0.9934541099409426,1.0,9.491718475630013e-05
CG10481,-0.008204148,-0.66983986,0.9934541099409426,1.0,9.491718475630013e-05
CG30350,-0.008204148,-0.70522535,0.9934541099409426,1.0,9.491718475630013e-05
Mst27D,-0.008204148,-1.0881306,0.9934541099409426,1.0,9.491718475630013e-05
lncRNA:CR43455,-0.008204148,-1.0710657,0.9934541099409426,1.0,9.491718475630013e-05
CG10182,-0.008204148,-1.0778469,0.9934541099409426,1.0,9.491718475630013e-05
CG6614,-0.008204148,-1.0734922,0.9934541099409426,1.0,9.491718475630013e-05
lcs,-0.008204148,-0.89689153,0.9934541099409426,1.0,9.491718475630013e-05
lncRNA:CR45043,-0.0082049435,-1.1918839,0.9934534758171184,1.0,9.491718475630013e-05
CG6059,-0.0082049435,-0.89562595,0.9934534758171184,1.0,9.491718475630013e-05
CG1571,-0.0082049435,-1.1428236,0.9934534758171184,1.0,9.491718475630013e-05
CG33476,-0.0082049435,-1.1571032,0.9934534758171184,1.0,9.491718475630013e-05
Vajk1,-0.0082049435,-1.1375506,0.9934534758171184,1.0,9.491718475630013e-05
CG43179,-0.0082049435,-0.8214145,0.9934534758171184,1.0,9.491718475630013e-05
snoRNA:Psi28S-3405c,-0.0082049435,-0.8642834,0.9934534758171184,1.0,9.491718475630013e-05
CG2336,-0.008205738,-1.5135912,0.9934528416932984,1.0,9.491718475630013e-05
CG40198,-0.008205738,-1.366584,0.9934528416932984,1.0,9.491718475630013e-05
CG6738,-0.008205738,-1.5199884,0.9934528416932984,1.0,9.491718475630013e-05
boly,-0.008205738,-1.083714,0.9934528416932984,1.0,9.491718475630013e-05
Acbp6,-0.008205738,-1.4898696,0.9934528416932984,1.0,9.491718475630013e-05
meso18E,-0.008205738,-1.4541389,0.9934528416932984,1.0,9.491718475630013e-05
asRNA:CR46134,-0.008205738,-1.7686989,0.9934528416932984,1.0,9.491718475630013e-05
lncRNA:CR42858,-0.008205738,-1.2205379,0.9934528416932984,1.0,9.491718475630013e-05
CG9458,-0.008205738,-1.7583196,0.9934528416932984,1.0,9.491718475630013e-05
Acsx4,-0.008205738,-1.4672475,0.9934528416932984,1.0,9.491718475630013e-05
Eglp2,-0.008287601,-0.2084256,0.9933875269620548,1.0,4.7458592378150065e-05
CG42264,-0.008287601,0.07787067,0.9933875269620548,1.0,4.7458592378150065e-05
CG34051,-0.008287601,0.58376473,0.9933875269620548,1.0,4.7458592378150065e-05
CG15468,-0.008287601,0.18394259,0.9933875269620548,1.0,4.7458592378150065e-05
CG17107,-0.008287601,-0.6665016,0.9933875269620548,1.0,4.7458592378150065e-05
lncRNA:CR44964,-0.008287601,-0.4166091,0.9933875269620548,1.0,4.7458592378150065e-05
CG42300,-0.008287601,-0.13623817,0.9933875269620548,1.0,4.7458592378150065e-05
Ugt303A1,-0.008287601,-0.47190237,0.9933875269620548,1.0,4.7458592378150065e-05
CG4286,-0.008287601,-0.7939431,0.9933875269620548,1.0,4.7458592378150065e-05
asRNA:CR45445,-0.008287601,-0.3378863,0.9933875269620548,1.0,4.7458592378150065e-05
CG31624,-0.008287601,-0.60102427,0.9933875269620548,1.0,4.7458592378150065e-05
lncRNA:CR44344,-0.008287601,-0.45531577,0.9933875269620548,1.0,4.7458592378150065e-05
Tsp47F,-0.008287601,-0.7341249,0.9933875269620548,1.0,4.7458592378150065e-05
CG14630,-0.008287601,-0.39079642,0.9933875269620548,1.0,4.7458592378150065e-05
CG31559,-0.008287601,-0.29130033,0.9933875269620548,1.0,4.7458592378150065e-05
ChLD3,-0.008287601,0.3995858,0.9933875269620548,1.0,4.7458592378150065e-05
Mur82C,-0.008287601,-0.3991025,0.9933875269620548,1.0,4.7458592378150065e-05
CG15446,-0.008287601,-0.2933664,0.9933875269620548,1.0,4.7458592378150065e-05
CG32984,-0.008287601,-0.32046738,0.9933875269620548,1.0,4.7458592378150065e-05
flz,-0.008287601,-0.4181674,0.9933875269620548,1.0,4.7458592378150065e-05
CG14963,-0.008287601,-0.6357895,0.9933875269620548,1.0,4.7458592378150065e-05
lncRNA:CR44970,-0.008287601,-0.72484756,0.9933875269620548,1.0,4.7458592378150065e-05
CG33919,-0.008287601,0.56573266,0.9933875269620548,1.0,4.7458592378150065e-05
Grl43a,-0.008287601,-0.2518276,0.9933875269620548,1.0,4.7458592378150065e-05
CG44569,-0.008287601,0.21259229,0.9933875269620548,1.0,4.7458592378150065e-05
CG12229,-0.008288396,-0.9930856,0.993386892838667,1.0,4.7458592378150065e-05
Or98a,-0.008288396,-1.2800708,0.993386892838667,1.0,4.7458592378150065e-05
lncRNA:CR44209,-0.008288396,-1.1364863,0.993386892838667,1.0,4.7458592378150065e-05
lncRNA:CR32661,-0.008288396,-0.95274913,0.993386892838667,1.0,4.7458592378150065e-05
CG13566,-0.008288396,-1.4555779,0.993386892838667,1.0,4.7458592378150065e-05
yl,-0.008288396,-1.3900889,0.993386892838667,1.0,4.7458592378150065e-05
asRNA:CR45330,-0.008288396,-1.2004545,0.993386892838667,1.0,4.7458592378150065e-05
Cpr92F,-0.008288396,-1.079027,0.993386892838667,1.0,4.7458592378150065e-05
Cyp309a2,-0.008288396,-1.3174069,0.993386892838667,1.0,4.7458592378150065e-05
CG1979,-0.008288396,-0.8214299,0.993386892838667,1.0,4.7458592378150065e-05
pav,-0.008288396,-1.2046673,0.993386892838667,1.0,4.7458592378150065e-05
Cpr64Ac,-0.008288396,-1.0548975,0.993386892838667,1.0,4.7458592378150065e-05
CG13872,-0.008288396,-0.8127777,0.993386892838667,1.0,4.7458592378150065e-05
Neurochondrin,-0.008288396,-1.1109811,0.993386892838667,1.0,4.7458592378150065e-05
Erasp,-0.008288396,-0.9054407,0.993386892838667,1.0,4.7458592378150065e-05
CG32832,-0.008288396,-1.3808732,0.993386892838667,1.0,4.7458592378150065e-05
lncRNA:CR44274,-0.008288396,-1.5842791,0.993386892838667,1.0,4.7458592378150065e-05
Cad74A,-0.008288396,-1.5342264,0.993386892838667,1.0,4.7458592378150065e-05
CG12003,-0.008288396,-0.8689026,0.993386892838667,1.0,4.7458592378150065e-05
snoRNA:Psi28S-2622,-0.008288396,-1.4379313,0.993386892838667,1.0,4.7458592378150065e-05
asRNA:CR46082,-0.008288396,-0.788355,0.993386892838667,1.0,4.7458592378150065e-05
Adgf-B,-0.008288396,-0.94352984,0.993386892838667,1.0,4.7458592378150065e-05
CG15498,-0.008288396,-1.184759,0.993386892838667,1.0,4.7458592378150065e-05
asRNA:CR46145,-0.008288396,-1.5062561,0.993386892838667,1.0,4.7458592378150065e-05
CG43396,-0.008288396,-0.5720715,0.993386892838667,1.0,4.7458592378150065e-05
FipoQ,-0.008288396,-0.75144255,0.993386892838667,1.0,4.7458592378150065e-05
CG34284,-0.008288396,-1.3259116,0.993386892838667,1.0,4.7458592378150065e-05
CG14689,-0.008288396,-1.2162784,0.993386892838667,1.0,4.7458592378150065e-05
Dnai2,-0.008288396,-1.2499909,0.993386892838667,1.0,4.7458592378150065e-05
CG32462,-0.008288396,-1.830318,0.993386892838667,1.0,4.7458592378150065e-05
CG11498,-0.008288396,-0.8840604,0.993386892838667,1.0,4.7458592378150065e-05
CG18179,-0.008288396,-1.030944,0.993386892838667,1.0,4.7458592378150065e-05
CG44038,-0.008288396,-1.4227434,0.993386892838667,1.0,4.7458592378150065e-05
CG31805,-0.008288396,-1.1780242,0.993386892838667,1.0,4.7458592378150065e-05
asRNA:CR45894,-0.008288396,-0.6434995,0.993386892838667,1.0,4.7458592378150065e-05
CG3868,-0.008288396,-0.8891982,0.993386892838667,1.0,4.7458592378150065e-05
CG13044,-0.00828919,-2.6163895,0.9933862587152833,1.0,4.7458592378150065e-05
lncRNA:CR46032,-0.00828919,-2.1517448,0.9933862587152833,1.0,4.7458592378150065e-05
CG9452,-0.00828919,-1.8556577,0.9933862587152833,1.0,4.7458592378150065e-05
CG33770,-0.00828919,-1.3527247,0.9933862587152833,1.0,4.7458592378150065e-05
CG11370,-0.00828919,-1.6604679,0.9933862587152833,1.0,4.7458592378150065e-05
lncRNA:CR45052,-0.00828919,-1.7045444,0.9933862587152833,1.0,4.7458592378150065e-05
mir-4980,-0.00828919,-1.5166112,0.9933862587152833,1.0,4.7458592378150065e-05
lncRNA:CR44530,-0.00828919,-1.842203,0.9933862587152833,1.0,4.7458592378150065e-05
asRNA:CR46195,-0.00828919,-1.4189162,0.9933862587152833,1.0,4.7458592378150065e-05
CG15403,-0.00828919,-1.1724439,0.9933862587152833,1.0,4.7458592378150065e-05
lncRNA:CR43278,-0.00828919,-1.2972502,0.9933862587152833,1.0,4.7458592378150065e-05
CG31347,-0.00828919,-1.4254649,0.9933862587152833,1.0,4.7458592378150065e-05
lncRNA:CR45824,-0.00828919,-2.16007,0.9933862587152833,1.0,4.7458592378150065e-05
CG11786,-0.00828919,-1.4697366,0.9933862587152833,1.0,4.7458592378150065e-05
CG10953,-0.00828919,-1.8692505,0.9933862587152833,1.0,4.7458592378150065e-05
CG12540,-0.00828919,-1.551778,0.9933862587152833,1.0,4.7458592378150065e-05
CG33673,-0.00828919,-2.3098714,0.9933862587152833,1.0,4.7458592378150065e-05
Mayo,-0.00828919,-1.1851959,0.9933862587152833,1.0,4.7458592378150065e-05
mir-4982,-0.00828919,-1.9541202,0.9933862587152833,1.0,4.7458592378150065e-05
CG15865,-0.00828919,-1.7390751,0.9933862587152833,1.0,4.7458592378150065e-05
CG6034,-0.00828919,-1.8410037,0.9933862587152833,1.0,4.7458592378150065e-05
lncRNA:CR45963,-0.00828919,-1.7119976,0.9933862587152833,1.0,4.7458592378150065e-05
lncRNA:CR45888,-0.008373437,-17.111856,0.9933190416603885,1.0,0.0
CG31741,-0.008373437,-14.5188465,0.9933190416603885,1.0,0.0
Osi9,-0.008373437,-15.854483,0.9933190416603885,1.0,0.0
lncRNA:CR45123,-0.008373437,-15.382553,0.9933190416603885,1.0,0.0
Osi15,-0.008373437,-16.220007,0.9933190416603885,1.0,0.0
CG42841,-0.008373437,-16.254303,0.9933190416603885,1.0,0.0
moon,-0.008373437,-15.079184,0.9933190416603885,1.0,0.0
CG42866,-0.008373437,-16.534828,0.9933190416603885,1.0,0.0
Cdc6,-0.008373437,-15.860304,0.9933190416603885,1.0,0.0
CG4836,-0.008373437,-15.356692,0.9933190416603885,1.0,0.0
CG4970,-0.008373437,-15.240704,0.9933190416603885,1.0,0.0
CG13670,-0.008373437,-16.826153,0.9933190416603885,1.0,0.0
CG31189,-0.008373437,-15.847454,0.9933190416603885,1.0,0.0
Dmel_CR34568,-0.008373437,-15.095743,0.9933190416603885,1.0,0.0
CG17376,-0.008373437,-14.982805,0.9933190416603885,1.0,0.0
CG12523,-0.008373437,-15.63094,0.9933190416603885,1.0,0.0
CG44094,-0.008373437,-14.5188465,0.9933190416603885,1.0,0.0
CG15155,-0.008373437,-16.199572,0.9933190416603885,1.0,0.0
Spn100A,-0.008373437,-15.557053,0.9933190416603885,1.0,0.0
CG15482,-0.008373437,-17.097902,0.9933190416603885,1.0,0.0
lncRNA:CR45259,-0.008373437,-15.67871,0.9933190416603885,1.0,0.0
Cyp4e3,-0.008373437,-16.966473,0.9933190416603885,1.0,0.0
CG14891,-0.008373437,-16.625765,0.9933190416603885,1.0,0.0
Spn28Db,-0.008373437,-16.833145,0.9933190416603885,1.0,0.0
CG32806,-0.008373437,-15.982322,0.9933190416603885,1.0,0.0
CG32246,-0.008373437,-15.303318,0.9933190416603885,1.0,0.0
Diedel,-0.008373437,-15.742315,0.9933190416603885,1.0,0.0
Lime,-0.008373437,-16.955275,0.9933190416603885,1.0,0.0
CG5327,-0.008373437,-15.161535,0.9933190416603885,1.0,0.0
vilya,-0.008373437,-15.279384,0.9933190416603885,1.0,0.0
lncRNA:CR43458,-0.008373437,-15.971687,0.9933190416603885,1.0,0.0
CG42299,-0.008373437,-15.814543,0.9933190416603885,1.0,0.0
CG45078,-0.008373437,-16.894156,0.9933190416603885,1.0,0.0
CG7402,-0.008373437,-16.473745,0.9933190416603885,1.0,0.0
CG30430,-0.008373437,-15.573636,0.9933190416603885,1.0,0.0
Sfp24Bc,-0.008373437,-16.953886,0.9933190416603885,1.0,0.0
Sfp24Ba,-0.008373437,-16.624414,0.9933190416603885,1.0,0.0
S-Lap8,-0.008373437,-16.548717,0.9933190416603885,1.0,0.0
CG6262,-0.008373437,-15.854068,0.9933190416603885,1.0,0.0
CG33644,-0.008373437,-16.360922,0.9933190416603885,1.0,0.0
CG15219,-0.008373437,-16.066303,0.9933190416603885,1.0,0.0
CG16852,-0.008373437,-15.378766,0.9933190416603885,1.0,0.0
CG31391,-0.008373437,-15.277183,0.9933190416603885,1.0,0.0
Skadu,-0.008373437,-16.231113,0.9933190416603885,1.0,0.0
lncRNA:CR44507,-0.008373437,-15.576094,0.9933190416603885,1.0,0.0
CG11756,-0.008373437,-15.473538,0.9933190416603885,1.0,0.0
inaF-A,-0.008373437,-16.88845,0.9933190416603885,1.0,0.0
CG3502,-0.008373437,-15.456892,0.9933190416603885,1.0,0.0
Spindly,-0.008373437,-16.555122,0.9933190416603885,1.0,0.0
E(spl)m7-HLH,-0.008373437,-16.432302,0.9933190416603885,1.0,0.0
CG33235,-0.008373437,-16.85152,0.9933190416603885,1.0,0.0
CG32037,-0.008373437,-16.036606,0.9933190416603885,1.0,0.0
Or49b,-0.008373437,-15.907319,0.9933190416603885,1.0,0.0
lncRNA:CR43605,-0.008373437,-16.532398,0.9933190416603885,1.0,0.0
CG18539,-0.008373437,-15.949591,0.9933190416603885,1.0,0.0
CG31913,-0.008373437,-15.4078045,0.9933190416603885,1.0,0.0
CG18649,-0.008373437,-15.692715,0.9933190416603885,1.0,0.0
CG33939,-0.008373437,-15.909711,0.9933190416603885,1.0,0.0
APC7,-0.008373437,-16.158518,0.9933190416603885,1.0,0.0
CG33784,-0.008373437,-15.685513,0.9933190416603885,1.0,0.0
CG17744,-0.008373437,-15.4028,0.9933190416603885,1.0,0.0
Nepl10,-0.008373437,-15.356004,0.9933190416603885,1.0,0.0
CG13251,-0.008373437,-16.618587,0.9933190416603885,1.0,0.0
Cyp6a21,-0.008373437,-16.03222,0.9933190416603885,1.0,0.0
snoRNA:Psi28S-3091b,-0.008373437,-16.308065,0.9933190416603885,1.0,0.0
Naa80,-0.008594785,-0.06137585,0.9931424385876857,1.0,0.19861420910255803
ATPsynF,-0.008854281,0.13430929,0.9929353980709448,1.0,0.8331355891984243
Obp83a,-0.009172989,-0.13603118,0.9926811161897281,1.0,0.004461107683546106
CG5835,-0.009567202,-0.2034112,0.9923665939963309,1.0,0.004461107683546106
CG42259,-0.009644296,0.046876546,0.9923050847529105,1.0,0.0038441459826301554
Cbs,-0.009680061,-0.09359136,0.992276549552398,1.0,0.06819799724740164
Balat,-0.009692777,-0.2639339,0.9922664037057057,1.0,0.004556024868302406
CG14043,-0.00975636,-0.05622479,0.9922156744910359,1.0,0.05253666176261212
Su(var)3-9,-0.009822724,-0.14844136,0.9921627259067918,1.0,0.004081438944520906
crim,-0.0098878965,-0.07071237,0.99211072852831,1.0,0.0388685871577049
28SrRNA-Psi:CR45855,-0.009963004,-0.08877901,0.9920508047617544,1.0,0.003891604575008305
CG6153,-0.010166468,-0.02859573,0.9918884718214505,1.0,0.017939347918940723
CG31759,-0.010325822,0.020928135,0.9917613323894572,1.0,0.003464477243604955
NC2beta,-0.010354434,-0.06719356,0.9917385043838276,1.0,0.07560153765839306
CG32243,-0.010435104,-0.064952716,0.9916741421266536,1.0,0.06316738645531773
Ac76E,-0.011165113,-0.14024806,0.9910917137721806,1.0,0.06387926534098999
CG1236,-0.01126764,-0.006549897,0.9910099141912615,1.0,0.012101941056428266
CG32373,-0.011352285,-0.12400427,0.9909423820502816,1.0,0.0030848085045797544
lncRNA:CR43943,-0.011417854,-0.26659676,0.9908900684645247,1.0,0.0032746428740923544
SdhAL,-0.011647943,-0.06906546,0.9907064956476633,1.0,0.0028475155426890037
CG30377,-0.011911017,-0.14298615,0.9904966081599388,1.0,0.002705139765554554
lncRNA:CR44943,-0.012007186,-0.058870114,0.990419882081589,1.0,0.0026102225807982534
CG11168,-0.012358877,-0.19544849,0.9901392936705552,1.0,0.008257795073798112
lncRNA:CR44500,-0.0126283085,-0.16129994,0.9899243352365114,1.0,0.002372929618907503
Dhfr,-0.012765012,-0.30323353,0.9898152710590044,1.0,0.002372929618907503
Membrin,-0.012770575,-0.0818394,0.989810832404634,1.0,0.03331593184946134
CG6000,-0.012788458,0.11150589,0.9897965653034373,1.0,0.002135636657016753
CG30466,-0.012938672,-0.1609544,0.9896767217826434,1.0,0.00773575055763846
CG9084,-0.01294662,-0.111937806,0.9896703808620816,1.0,0.002135636657016753
scrib,-0.0129533755,-0.09216042,0.989664991080117,1.0,0.2117602391913056
eIF2D,-0.012976424,-0.1511904,0.9896466024157888,1.0,0.024061506335722082
Nha1,-0.012999075,-0.14038174,0.9896285308027558,1.0,0.002135636657016753
Rsph1,-0.013034046,0.031415015,0.9896006307790519,1.0,0.002040719472260453
lncRNA:CR46036,-0.013405606,-0.16241987,0.9893041938193312,1.0,0.0018983436951260026
CG15317,-0.013481508,-0.05232057,0.9892436384281664,1.0,0.011912106686915665
Alp6,-0.01353913,-0.10486021,0.9891976670992683,1.0,0.0018034265103697023
CG9760,-0.013632517,0.059294768,0.9891231619183195,1.0,0.010203597361302264
NtR,-0.013810151,-0.27572733,0.9889814438151977,1.0,0.0017085093256134023
S-Lap4,-0.013900359,-0.036105983,0.9889094752468827,1.0,0.001566133548478952
Cyp6g1,-0.013956391,-0.017100528,0.9888647723489666,1.0,0.001518674956100802
CG42382,-0.013959571,-0.047052678,0.9888622360153797,1.0,0.02221062123297423
CG4950,-0.013983414,-0.41492006,0.9888432135170678,1.0,0.0016610507332352523
CG42766,-0.013993349,-0.1533151,0.9888352874779758,1.0,0.001566133548478952
Cyp317a1,-0.014002886,-0.5230227,0.988827678481484,1.0,0.0016610507332352523
LanB2,-0.01402514,-0.25841108,0.9888099241602898,1.0,0.001566133548478952
Kif19A,-0.014041433,-0.24548118,0.9887969254643572,1.0,0.001566133548478952
Rpp30,-0.014092299,-0.046978142,0.9887563441888884,1.0,0.011152769208865265
Fatp3,-0.014124091,-0.26471835,0.9887309809064857,1.0,0.001518674956100802
lncRNA:CR45472,-0.014143165,0.00034793984,0.988715762942509,1.0,0.0014237577713445018
lncRNA:CR46080,-0.014275099,-0.27585357,0.9886105054710375,1.0,0.0014237577713445018
CG5641,-0.014292982,-0.04018971,0.9885962386603002,1.0,0.09928337525508993
eIF4E6,-0.014314839,-0.36690822,0.9885788014521295,1.0,0.0014237577713445018
CG8870,-0.014416571,-0.25164217,0.9884976392460261,1.0,0.0013288405865882018
Argk2,-0.014435248,-0.116564736,0.9884827383851575,1.0,0.0012813819942100518
CG13898,-0.014517508,-0.09883057,0.9884171112372993,1.0,0.0012339234018319016
CG32228,-0.014603345,-0.3700721,0.9883486308187509,1.0,0.0012339234018319016
CG3699,-0.014616459,-0.44720608,0.9883381685401303,1.0,0.0012339234018319016
Loxl1,-0.014624009,-0.44669926,0.9883321448048644,1.0,0.0012339234018319016
ms(3)76Ba,-0.014629573,-0.45957428,0.9883277062635152,1.0,0.0012339234018319016
GstT4,-0.014726536,-0.19113427,0.9882503488867064,1.0,0.0011390062170756016
lncRNA:CR45693,-0.014729715,-0.18708944,0.9882478125811363,1.0,0.0011390062170756016
Fbxo42,-0.014730907,-0.049425434,0.988246861466578,1.0,0.04565516586778036
ato,-0.014937154,-0.38396567,0.9880823189005818,1.0,0.0010440890323193013
lncRNA:CR45200,-0.0150396805,-0.004825018,0.9880005233623249,1.0,0.0009491718475630013
Idgf1,-0.015060742,-0.5241768,0.9879837204185036,1.0,0.0009966304399411513
CG15767,-0.015168833,-0.3994592,0.9878974865266948,1.0,0.0009017132551848512
CG15864,-0.015170422,-0.3458642,0.9878962183822795,1.0,0.0009017132551848512
CG3505,-0.015184728,-0.4717105,0.9878848050839181,1.0,0.0009017132551848512
Npc2e,-0.015191484,-0.07505402,0.9878794154716646,1.0,0.0008542546628067012
nonA-l,-0.0152081745,-0.062102333,0.9878660999614104,1.0,0.06226567320013288
CG8399,-0.01522566,-0.19241557,0.9878521503828646,1.0,0.0008542546628067012
Or13a,-0.015231224,-0.2382754,0.9878477118813785,1.0,0.0008542546628067012
sug,-0.0152773205,-0.50991344,0.9878109357406906,1.0,0.0008542546628067012
Dhc98D,-0.015311894,-0.2812529,0.9877833536521669,1.0,0.000806796070428551
lncRNA:CR43827,-0.015373887,-0.034170195,0.9877338961507103,1.0,0.000759337478050401
rasp,-0.015378258,-0.082544774,0.9877304087645639,1.0,0.000759337478050401
ppk13,-0.015401307,-0.34467062,0.9877120207323977,1.0,0.000759337478050401
GluRIIE,-0.015497078,-0.39002863,0.9876356153584173,1.0,0.0007118788856722509
Muc91C,-0.0155332405,0.0021526008,0.9876067652259134,1.0,0.0006644202932941009
Vm32E,-0.0155332405,-0.072144575,0.9876067652259134,1.0,0.005505196715865407
CG14006,-0.015550726,-0.09529711,0.987592815717106,1.0,0.0006644202932941009
alpha-Est10,-0.01555311,-0.12874942,0.9875909135116534,1.0,0.0006644202932941009
CG9876,-0.015555494,-0.36185497,0.9875890113062712,1.0,0.0006644202932941009
piwi,-0.015596028,-0.77788985,0.9875566738255783,1.0,0.0006644202932941009
EMC6,-0.015597221,-0.06617061,0.9875557227235142,1.0,0.12087703478714822
Cpr11B,-0.015641728,-0.2094015,0.9875202149257873,1.0,0.0006169617009159508
asRNA:CR45275,-0.015700145,0.09631567,0.9874736109787962,1.0,0.0005695031085378008
lncRNA:CR46238,-0.015714452,-0.09217697,0.9874621977737976,1.0,0.0005695031085378008
asRNA:CR43767,-0.015731936,-0.3005919,0.9874482483045062,1.0,0.0005695031085378008
CG11263,-0.01573432,-0.3365841,0.9874463461044455,1.0,0.0005695031085378008
Or1a,-0.01580466,-0.1796415,0.9873902312348054,1.0,0.0005220445161596507
lncRNA:CR44979,-0.015812607,-0.31141767,0.9873838905754866,1.0,0.0005220445161596507
CG14837,-0.015823735,-0.30096832,0.9873750136537792,1.0,0.0005220445161596507
CG34041,-0.015825324,-0.4093259,0.9873737455222343,1.0,0.0005220445161596507
lncRNA:CR44904,-0.015894072,-0.0827462,0.9873188988634852,1.0,0.00047458592378150065
asRNA:CR45882,-0.015895663,-0.35828674,0.987317630733355,1.0,0.00047458592378150065
CG13258,-0.01590202,-0.38067493,0.9873125582131543,1.0,0.00047458592378150065
NimC2,-0.015906788,-0.50123334,0.9873087538233405,1.0,0.00047458592378150065
CG32572,-0.015907584,-0.42248446,0.9873081197583996,1.0,0.00047458592378150065
Whamy,-0.015909173,-0.46390522,0.9873068516285417,1.0,0.00047458592378150065
Dlish,-0.015983485,-0.48566315,0.9872475665935382,1.0,0.0004271273314033506
CG43996,-0.01599064,-0.42758927,0.9872418600163388,1.0,0.0004271273314033506
CG11438,-0.015991433,-0.5454016,0.987241225952246,1.0,0.0004271273314033506
Gr39a,-0.015992228,-0.53721476,0.9872405918881609,1.0,0.0004271273314033506
CG13231,-0.016058592,-0.12283442,0.987187647565541,1.0,0.0003796687390252005
Spn31A,-0.016060976,-0.16787532,0.9871857453753577,1.0,0.0003796687390252005
byn,-0.016061772,-0.2932856,0.9871851113119795,1.0,0.0003796687390252005
Efhc1.1,-0.016062567,-0.41113317,0.9871844772486094,1.0,0.0003796687390252005
CG43331,-0.01606813,-0.34352675,0.9871800388052452,1.0,0.0003796687390252005
lncRNA:CR33942,-0.016074488,-0.66678226,0.987174966299029,1.0,0.0003796687390252005
snoRNA:Psi28S-1060,-0.016079256,-0.8058796,0.9871711619197071,1.0,0.0003796687390252005
asRNA:CR44351,-0.016085615,-0.885667,0.9871660894143984,1.0,0.0003796687390252005
lncRNA:CR45897,-0.016098332,-1.543949,0.9871559444053375,1.0,0.0003796687390252005
asRNA:CR45827,-0.016143236,0.0050776675,0.9871201198587182,1.0,0.00033221014664705045
Cyp4g1,-0.016148007,-0.2482217,0.9871163154836101,1.0,0.00033221014664705045
Lip4,-0.016149595,-0.41001016,0.9871150473586392,1.0,0.00033221014664705045
CG13622,-0.01615039,-0.3952003,0.9871144132961659,1.0,0.00033221014664705045
lncRNA:CR45810,-0.016151184,-0.2991813,0.9871137792337008,1.0,0.00033221014664705045
CG17707,-0.01615198,-0.48887596,0.9871131451712438,1.0,0.00033221014664705045
CG43272,-0.016153568,-0.4595939,0.9871118770463543,1.0,0.00033221014664705045
His1:CG33834,-0.016153568,-0.45338792,0.9871118770463543,1.0,0.00033221014664705045
CG12990,-0.016156748,-0.57015383,0.9871093407966729,1.0,0.00033221014664705045
CG32266,-0.016159132,-0.5156815,0.9871074386094973,1.0,0.00033221014664705045
lncRNA:CR45954,-0.016160723,-0.7443875,0.9871061704847545,1.0,0.00033221014664705045
asRNA:CR46128,-0.016160723,-0.6221446,0.9871061704847545,1.0,0.00033221014664705045
Nek2,-0.016161516,-0.6800069,0.9871055364223952,1.0,0.00033221014664705045
TotC,-0.016163107,-0.79037875,0.987104268297701,1.0,0.00033221014664705045
asRNA:CR45160,-0.016229471,-0.07330233,0.9870513241208363,1.0,0.0002847515542689004
CG14759,-0.01623265,-0.30064943,0.9870487878742722,1.0,0.0002847515542689004
CG5909,-0.016233444,-0.5602755,0.9870481538126517,1.0,0.0002847515542689004
asRNA:CR45798,-0.016235035,-0.24859309,0.987046885689435,1.0,0.0002847515542689004
CG12698,-0.016235035,-0.3389443,0.987046885689435,1.0,0.0002847515542689004
asRNA:CR45467,-0.016235035,-0.36632225,0.987046885689435,1.0,0.0002847515542689004
Cpr50Ca,-0.016235828,-0.39728224,0.987046251627839,1.0,0.0002847515542689004
lncRNA:CR44822,-0.016236624,-0.47748134,0.9870456175662512,1.0,0.0002847515542689004
lncRNA:CR44953,-0.016236624,-0.4700563,0.9870456175662512,1.0,0.0002847515542689004
lncRNA:CR45564,-0.016238214,-0.55842847,0.9870443494431,1.0,0.0002847515542689004
asRNA:CR42871,-0.016238214,-0.42251515,0.9870443494431,1.0,0.0002847515542689004
melt,-0.016239008,-0.5580608,0.9870437153815367,1.0,0.0002847515542689004
asRNA:CR45812,-0.016240599,-0.6229992,0.9870424472584346,1.0,0.0002847515542689004
PGRP-SD,-0.016242983,-0.61149293,0.987040545073843,1.0,0.0002847515542689004
CG34215,-0.016248547,-0.86109895,0.9870361066434155,1.0,0.0002847515542689004
CG45263,-0.016275568,-0.030998994,0.9870145485584776,1.0,0.47553509562906365
CG10841,-0.016312527,-0.035407122,0.9869850647223726,1.0,0.00023729296189075032
CG14763,-0.016315704,-0.22067383,0.9869825284792363,1.0,0.00023729296189075032
Cyp4e2,-0.016317295,-0.07696734,0.9869812603577174,1.0,0.00023729296189075032
lncRNA:CR33987,-0.016317295,-0.40083227,0.9869812603577174,1.0,0.00023729296189075032
cDIP,-0.016318088,-0.35221344,0.9869806262969704,1.0,0.00023729296189075032
CG11475,-0.016318884,-0.26072147,0.9869799922362315,1.0,0.00023729296189075032
ppk9,-0.016320474,-0.44035238,0.9869787241147784,1.0,0.00023729296189075032
mthl13,-0.016321268,-0.61500907,0.9869780900540642,1.0,0.00023729296189075032
lncRNA:CR44781,-0.016321268,-0.4436048,0.9869780900540642,1.0,0.00023729296189075032
CG13332,-0.016321268,-0.46309096,0.9869780900540642,1.0,0.00023729296189075032
Ugt36A1,-0.016322063,-0.5994878,0.9869774559933583,1.0,0.00023729296189075032
CG30479,-0.016322063,-0.5469828,0.9869774559933583,1.0,0.00023729296189075032
lncRNA:CR44034,-0.016322859,-0.5809852,0.9869768219326606,1.0,0.00023729296189075032
CG13527,-0.016324447,-0.8228987,0.9869755538112898,1.0,0.00023729296189075032
Or67a,-0.016324447,-0.6579758,0.9869755538112898,1.0,0.00023729296189075032
lncRNA:CR32773,-0.016326036,-0.8005128,0.9869742856899518,1.0,0.00023729296189075032
lncRNA:CR44728,-0.016326036,-0.8448462,0.9869742856899518,1.0,0.00023729296189075032
Tim17b1,-0.016329216,-0.76176196,0.9869717494473749,1.0,0.00023729296189075032
lncRNA:CR43821,-0.016330408,-1.251745,0.9869707983564424,1.0,0.00023729296189075032
snoRNA:CD51a,-0.016330807,-1.1291808,0.9869704813261356,1.0,0.00023729296189075032
CG4757,-0.01633478,-1.5803252,0.9869673110231818,1.0,0.00023729296189075032
CG15406,-0.01640035,-0.003052456,0.9869150010541923,1.0,0.00018983436951260026
CG7992,-0.016403528,-0.08321207,0.9869124648146995,1.0,0.00018983436951260026
28SrRNA-Psi:CR45851,-0.016403528,-0.3342373,0.9869124648146995,1.0,0.00018983436951260026
Dmel_CG43189,-0.016404323,-0.3122736,0.986911830754847,1.0,0.00018983436951260026
lncRNA:CR43419,-0.016405912,-0.61244226,0.9869105626351669,1.0,0.00018983436951260026
Tsp2A,-0.016405912,-0.5550098,0.9869105626351669,1.0,0.00018983436951260026
CG43072,-0.016405912,-0.78168947,0.9869105626351669,1.0,0.00018983436951260026
Cpr47Ee,-0.016406707,-0.53279203,0.9869099285753391,1.0,0.00018983436951260026
CG17211,-0.016408296,-0.71553886,0.9869086604557085,1.0,0.00018983436951260026
lncRNA:CR46125,-0.016408296,-0.73457354,0.9869086604557085,1.0,0.00018983436951260026
CG5386,-0.016409092,-0.6718815,0.9869080263959056,1.0,0.00018983436951260026
lncRNA:CR45552,-0.016409887,-0.85878927,0.9869073923361109,1.0,0.00018983436951260026
CG12934,-0.016409887,-0.9303086,0.9869073923361109,1.0,0.00018983436951260026
lncRNA:CR45256,-0.016409887,-1.0493546,0.9869073923361109,1.0,0.00018983436951260026
snoRNA:Psi18S-1854a,-0.016410682,-0.8552776,0.9869067582763246,1.0,0.00018983436951260026
lncRNA:CR43656,-0.016411476,-0.9408833,0.9869061242165464,1.0,0.00018983436951260026
lncRNA:CR44977,-0.016411476,-0.77684426,0.9869061242165464,1.0,0.00018983436951260026
Cluap1,-0.01641386,-1.1635424,0.9869042220372618,1.0,0.00018983436951260026
CG8157,-0.01641386,-1.2397007,0.9869042220372618,1.0,0.00018983436951260026
snoRNA:Psi18S-1377e,-0.01641386,-1.4785899,0.9869042220372618,1.0,0.00018983436951260026
TTLL1B,-0.016414655,-1.1862108,0.9869035879775168,1.0,0.00018983436951260026
CG34109,-0.016414655,-1.2693343,0.9869035879775168,1.0,0.00018983436951260026
CG32846,-0.01641545,-1.4264802,0.98690295391778,1.0,0.00018983436951260026
CG42460,-0.016486583,-0.30545732,0.9868462056048918,1.0,0.0001423757771344502
lncRNA:CR44022,-0.016488172,-0.17096892,0.9868449374869271,1.0,0.0001423757771344502
CG4325,-0.016488967,-0.3841386,0.9868443034279573,1.0,0.0001423757771344502
lncRNA:CR45940,-0.016488967,0.021214921,0.9868443034279573,1.0,0.0001423757771344502
CG12446,-0.016488967,-0.39890462,0.9868443034279573,1.0,0.0001423757771344502
CG42710,-0.016489763,-0.4834858,0.9868436693689957,1.0,0.0001423757771344502
CG31952,-0.016491352,-0.73824984,0.9868424012510976,1.0,0.0001423757771344502
lncRNA:CR43973,-0.016491352,-0.6763522,0.9868424012510976,1.0,0.0001423757771344502
CG3222,-0.016491352,-0.6967896,0.9868424012510976,1.0,0.0001423757771344502
snoRNA:Psi18S-1397,-0.016491352,-0.5401498,0.9868424012510976,1.0,0.0001423757771344502
lncRNA:CR45225,-0.016491352,-0.8673457,0.9868424012510976,1.0,0.0001423757771344502
lncRNA:CR45306,-0.016491352,-0.78125334,0.9868424012510976,1.0,0.0001423757771344502
CG15120,-0.016491352,-0.6291811,0.9868424012510976,1.0,0.0001423757771344502
vanin-like,-0.016492147,-0.58563066,0.986841767192161,1.0,0.0001423757771344502
CG13405,-0.016492942,-0.7810252,0.9868411331332327,1.0,0.0001423757771344502
asRNA:CR46069,-0.016492942,-0.7634566,0.9868411331332327,1.0,0.0001423757771344502
CG9864,-0.016492942,-0.8457614,0.9868411331332327,1.0,0.0001423757771344502
CG32568,-0.016493736,-1.0646721,0.9868404990743127,1.0,0.0001423757771344502
ouib,-0.016493736,-0.9796083,0.9868404990743127,1.0,0.0001423757771344502
asRNA:CR45044,-0.016493736,-0.87996393,0.9868404990743127,1.0,0.0001423757771344502
CG12911,-0.016493736,-1.0634699,0.9868404990743127,1.0,0.0001423757771344502
CG43646,-0.016493736,-0.86321,0.9868404990743127,1.0,0.0001423757771344502
SkpB,-0.016493736,-0.971948,0.9868404990743127,1.0,0.0001423757771344502
lncRNA:CR43196,-0.016494531,-1.188888,0.986839865015401,1.0,0.0001423757771344502
Pepck2,-0.016494531,-1.2211696,0.986839865015401,1.0,0.0001423757771344502
sphinx1,-0.016494531,-0.90414196,0.986839865015401,1.0,0.0001423757771344502
CG11664,-0.016494531,-1.2040287,0.986839865015401,1.0,0.0001423757771344502
CG9826,-0.016494531,-1.1775703,0.986839865015401,1.0,0.0001423757771344502
CG14598,-0.016494531,-0.9407115,0.986839865015401,1.0,0.0001423757771344502
asRNA:CR43430,-0.016494531,-1.144436,0.986839865015401,1.0,0.0001423757771344502
snoRNA:CG32479-b,-0.016495327,-1.0934947,0.9868392309564976,1.0,0.0001423757771344502
CG44088,-0.016495327,-1.1463016,0.9868392309564976,1.0,0.0001423757771344502
asRNA:CR45968,-0.016495327,-1.497889,0.9868392309564976,1.0,0.0001423757771344502
CG13996,-0.01649612,-1.4584575,0.9868385968976026,1.0,0.0001423757771344502
asRNA:CR45682,-0.01649612,-1.3546156,0.9868385968976026,1.0,0.0001423757771344502
CG11060,-0.016496915,-1.4281721,0.9868379628387158,1.0,0.0001423757771344502
CG10734,-0.016496915,-1.6421479,0.9868379628387158,1.0,0.0001423757771344502
lncRNA:CR43803,-0.016496915,-1.4662161,0.9868379628387158,1.0,0.0001423757771344502
CG13442,-0.016496915,-1.1654472,0.9868379628387158,1.0,0.0001423757771344502
CG9497,-0.016496915,-1.1564344,0.9868379628387158,1.0,0.0001423757771344502
Osi20,-0.016573612,-0.65224,0.9867767761953152,1.0,9.491718475630013e-05
CG14668,-0.016574407,0.061876655,0.986776142137241,1.0,9.491718475630013e-05
CG32006,-0.016574407,-0.63156825,0.986776142137241,1.0,9.491718475630013e-05
lncRNA:CR45337,-0.016575202,-0.6120802,0.986775508079175,1.0,9.491718475630013e-05
CG34299,-0.016575202,-0.48602358,0.986775508079175,1.0,9.491718475630013e-05
asRNA:CR44304,-0.016575202,-1.0919054,0.986775508079175,1.0,9.491718475630013e-05
CG15773,-0.016575996,-0.83539575,0.9867748740211174,1.0,9.491718475630013e-05
Cpr62Bc,-0.016575996,-0.76619035,0.9867748740211174,1.0,9.491718475630013e-05
asRNA:CR45834,-0.016575996,-0.75595665,0.9867748740211174,1.0,9.491718475630013e-05
lncRNA:CR44613,-0.016575996,-0.6363121,0.9867748740211174,1.0,9.491718475630013e-05
asRNA:CR45133,-0.016575996,-0.61916167,0.9867748740211174,1.0,9.491718475630013e-05
CG43125,-0.016575996,-0.9625322,0.9867748740211174,1.0,9.491718475630013e-05
CG31205,-0.016575996,-0.7347609,0.9867748740211174,1.0,9.491718475630013e-05
c(2)M,-0.016575996,-0.85624504,0.9867748740211174,1.0,9.491718475630013e-05
FASN2,-0.016576791,-1.0672224,0.9867742399630682,1.0,9.491718475630013e-05
CG43124,-0.016576791,-1.1279144,0.9867742399630682,1.0,9.491718475630013e-05
lncRNA:CR44763,-0.016576791,-0.9858735,0.9867742399630682,1.0,9.491718475630013e-05
CG43703,-0.016576791,-0.7903213,0.9867742399630682,1.0,9.491718475630013e-05
CG43999,-0.016576791,-0.9849989,0.9867742399630682,1.0,9.491718475630013e-05
Sb,-0.016576791,-0.964761,0.9867742399630682,1.0,9.491718475630013e-05
TwdlM,-0.016576791,-1.0269533,0.9867742399630682,1.0,9.491718475630013e-05
Ntf-2r,-0.016576791,-0.8756123,0.9867742399630682,1.0,9.491718475630013e-05
lncRNA:CR45906,-0.016576791,-1.0436103,0.9867742399630682,1.0,9.491718475630013e-05
CG13445,-0.016576791,-1.1754358,0.9867742399630682,1.0,9.491718475630013e-05
CG14302,-0.016576791,-0.91538244,0.9867742399630682,1.0,9.491718475630013e-05
Cralbp,-0.016577587,-1.281211,0.9867736059050274,1.0,9.491718475630013e-05
CG8840,-0.016577587,-1.4614891,0.9867736059050274,1.0,9.491718475630013e-05
Sans,-0.016577587,-1.3556192,0.9867736059050274,1.0,9.491718475630013e-05
lncRNA:CR45966,-0.01657838,-1.3846791,0.9867729718469949,1.0,9.491718475630013e-05
CG14072,-0.01657838,-1.545137,0.9867729718469949,1.0,9.491718475630013e-05
Mp20,-0.01657838,-1.788488,0.9867729718469949,1.0,9.491718475630013e-05
CG34167,-0.01657838,-1.5664839,0.9867729718469949,1.0,9.491718475630013e-05
CG34206,-0.01657838,-1.6999921,0.9867729718469949,1.0,9.491718475630013e-05
Act87E,-0.01657838,-1.2387393,0.9867729718469949,1.0,9.491718475630013e-05
Nox,-0.01657838,-1.27825,0.9867729718469949,1.0,9.491718475630013e-05
lncRNA:CR45959,-0.01657838,-1.9900657,0.9867729718469949,1.0,9.491718475630013e-05
asRNA:CR32252,-0.01657838,-1.4970579,0.9867729718469949,1.0,9.491718475630013e-05
CG17821,-0.01657838,-1.3794599,0.9867729718469949,1.0,9.491718475630013e-05
CG32639,-0.016579175,-1.8186448,0.9867723377889707,1.0,9.491718475630013e-05
CG42269,-0.016579175,-1.6313719,0.9867723377889707,1.0,9.491718475630013e-05
CG31287,-0.016579175,-1.6975819,0.9867723377889707,1.0,9.491718475630013e-05
CG43185,-0.016579175,-1.2785105,0.9867723377889707,1.0,9.491718475630013e-05
CG43844,-0.01657997,-1.5680709,0.9867717037309548,1.0,9.491718475630013e-05
lncRNA:CR45746,-0.01657997,-2.3832679,0.9867717037309548,1.0,9.491718475630013e-05
lncRNA:CR45628,-0.01657997,-1.8988277,0.9867717037309548,1.0,9.491718475630013e-05
CG45076,-0.01657997,-1.8513129,0.9867717037309548,1.0,9.491718475630013e-05
CG31910,-0.01657997,-1.9166923,0.9867717037309548,1.0,9.491718475630013e-05
CG10257,-0.016602224,-0.12943102,0.9867539501099056,1.0,0.0375397465711167
lncRNA:TS9,-0.01666064,-1.2496796,0.9867073468858824,1.0,4.7458592378150065e-05
ItgaPS5,-0.01666064,-0.59525746,0.9867073468858824,1.0,4.7458592378150065e-05
CG33460,-0.01666064,-1.1309087,0.9867073468858824,1.0,4.7458592378150065e-05
CG12831,-0.01666064,-0.77949923,0.9867073468858824,1.0,4.7458592378150065e-05
CG15554,-0.01666064,-1.0795667,0.9867073468858824,1.0,4.7458592378150065e-05
lncRNA:CR45276,-0.01666064,-1.108629,0.9867073468858824,1.0,4.7458592378150065e-05
lncRNA:CR44886,-0.01666064,-0.96202856,0.9867073468858824,1.0,4.7458592378150065e-05
CG30379,-0.01666064,-1.05861,0.9867073468858824,1.0,4.7458592378150065e-05
lncRNA:CR44073,-0.01666064,-0.931325,0.9867073468858824,1.0,4.7458592378150065e-05
CG31404,-0.01666064,-0.66180414,0.9867073468858824,1.0,4.7458592378150065e-05
AgmNAT,-0.01666064,-1.0453857,0.9867073468858824,1.0,4.7458592378150065e-05
lncRNA:CR44677,-0.01666064,-0.8204996,0.9867073468858824,1.0,4.7458592378150065e-05
snoRNA:Psi18S-1854b,-0.01666064,-1.3142385,0.9867073468858824,1.0,4.7458592378150065e-05
CG14932,-0.01666064,-0.97786343,0.9867073468858824,1.0,4.7458592378150065e-05
Gr93d,-0.01666064,-0.6214455,0.9867073468858824,1.0,4.7458592378150065e-05
yellow-d,-0.016661435,-1.4845194,0.986706712828725,1.0,4.7458592378150065e-05
lncRNA:CR43793,-0.016661435,-1.4926758,0.986706712828725,1.0,4.7458592378150065e-05
asRNA:CR45712,-0.016661435,-1.3450869,0.986706712828725,1.0,4.7458592378150065e-05
Ir56d,-0.016661435,-1.0081956,0.986706712828725,1.0,4.7458592378150065e-05
CG32391,-0.016661435,-1.1066389,0.986706712828725,1.0,4.7458592378150065e-05
asRNA:CR43429,-0.016661435,-1.5118675,0.986706712828725,1.0,4.7458592378150065e-05
CG42284,-0.016661435,-1.753465,0.986706712828725,1.0,4.7458592378150065e-05
CG15142,-0.016661435,-1.296662,0.986706712828725,1.0,4.7458592378150065e-05
CG34198,-0.016661435,-1.2591945,0.986706712828725,1.0,4.7458592378150065e-05
CG42471,-0.016661435,-1.8412539,0.986706712828725,1.0,4.7458592378150065e-05
asRNA:CR45686,-0.016661435,-1.717774,0.986706712828725,1.0,4.7458592378150065e-05
tum,-0.016661435,-1.5337695,0.986706712828725,1.0,4.7458592378150065e-05
lncRNA:CR44923,-0.016661435,-1.010885,0.986706712828725,1.0,4.7458592378150065e-05
CG13460,-0.016661435,-1.2482859,0.986706712828725,1.0,4.7458592378150065e-05
Nep5,-0.01666223,-1.950147,0.9867060787715761,1.0,4.7458592378150065e-05
wbl,-0.01666223,-2.1509297,0.9867060787715761,1.0,4.7458592378150065e-05
CG31809,-0.01666223,-1.8556671,0.9867060787715761,1.0,4.7458592378150065e-05
CG6280,-0.01666223,-1.8757286,0.9867060787715761,1.0,4.7458592378150065e-05
CG30355,-0.01666223,-2.0328476,0.9867060787715761,1.0,4.7458592378150065e-05
sand,-0.01666223,-2.2152748,0.9867060787715761,1.0,4.7458592378150065e-05
Dmel_CR34702,-0.01666223,-2.261358,0.9867060787715761,1.0,4.7458592378150065e-05
CG30339,-0.01666223,-2.1986704,0.9867060787715761,1.0,4.7458592378150065e-05
CG12951,-0.01666223,-1.7438151,0.9867060787715761,1.0,4.7458592378150065e-05
CG34292,-0.01666223,-1.5459919,0.9867060787715761,1.0,4.7458592378150065e-05
lncRNA:CR45117,-0.01666223,-2.0774627,0.9867060787715761,1.0,4.7458592378150065e-05
CG17267,-0.01666223,-2.3436456,0.9867060787715761,1.0,4.7458592378150065e-05
Mco1,-0.01666223,-2.3231678,0.9867060787715761,1.0,4.7458592378150065e-05
mir-4964,-0.01666223,-2.129663,0.9867060787715761,1.0,4.7458592378150065e-05
CG42828,-0.01666223,-1.6183643,0.9867060787715761,1.0,4.7458592378150065e-05
mir-4974,-0.01666223,-1.6192992,0.9867060787715761,1.0,4.7458592378150065e-05
CG16837,-0.01666223,-2.0211272,0.9867060787715761,1.0,4.7458592378150065e-05
CG31820,-0.01666223,-1.8641441,0.9867060787715761,1.0,4.7458592378150065e-05
BigH1,-0.01666223,-2.3359597,0.9867060787715761,1.0,4.7458592378150065e-05
CG7882,-0.01666223,-1.5751736,0.9867060787715761,1.0,4.7458592378150065e-05
CG18231,-0.01666223,-1.9442286,0.9867060787715761,1.0,4.7458592378150065e-05
gudu,-0.01666223,-1.8511118,0.9867060787715761,1.0,4.7458592378150065e-05
Tsp42Ec,-0.01666223,-1.879415,0.9867060787715761,1.0,4.7458592378150065e-05
CG11069,-0.01666223,-2.0835695,0.9867060787715761,1.0,4.7458592378150065e-05
Sgs1,-0.01666223,-1.5995716,0.9867060787715761,1.0,4.7458592378150065e-05
CG43312,-0.01666223,-1.942335,0.9867060787715761,1.0,4.7458592378150065e-05
asRNA:CR44962,-0.016663026,-2.5322342,0.9867054447144356,1.0,4.7458592378150065e-05
CG14000,-0.016663026,-2.0057354,0.9867054447144356,1.0,4.7458592378150065e-05
lncRNA:CR43961,-0.016663026,-2.5122788,0.9867054447144356,1.0,4.7458592378150065e-05
CG18233,-0.016663026,-1.9400398,0.9867054447144356,1.0,4.7458592378150065e-05
snoRNA:Psi28S-1135c,-0.016663026,-2.0738945,0.9867054447144356,1.0,4.7458592378150065e-05
snoRNA:Psi18S-525h,-0.016663026,-2.8633952,0.9867054447144356,1.0,4.7458592378150065e-05
CG15708,-0.016663026,-2.4718404,0.9867054447144356,1.0,4.7458592378150065e-05
lncRNA:CR45355,-0.016663026,-2.9488304,0.9867054447144356,1.0,4.7458592378150065e-05
Trxr2,-0.016663026,-2.1773632,0.9867054447144356,1.0,4.7458592378150065e-05
CG13282,-0.016663026,-1.9271454,0.9867054447144356,1.0,4.7458592378150065e-05
CG14054,-0.016663026,-2.4651246,0.9867054447144356,1.0,4.7458592378150065e-05
CG11044,-0.016663026,-2.9756289,0.9867054447144356,1.0,4.7458592378150065e-05
CG33792,-0.016663026,-2.440159,0.9867054447144356,1.0,4.7458592378150065e-05
CG43799,-0.016663026,-2.0367644,0.9867054447144356,1.0,4.7458592378150065e-05
lncRNA:CR45615,-0.016663026,-1.7504886,0.9867054447144356,1.0,4.7458592378150065e-05
CG34169,-0.016663026,-2.9826612,0.9867054447144356,1.0,4.7458592378150065e-05
snoRNA:Pi4KIIalpha-a,-0.016663026,-2.5628433,0.9867054447144356,1.0,4.7458592378150065e-05
CG8851,-0.016663026,-2.0062468,0.9867054447144356,1.0,4.7458592378150065e-05
CG12637,-0.016746875,-16.882067,0.9866385517333627,1.0,0.0
asRNA:CR45202,-0.016746875,-17.721466,0.9866385517333627,1.0,0.0
Tssk,-0.016746875,-17.30908,0.9866385517333627,1.0,0.0
CG17362,-0.016746875,-17.427992,0.9866385517333627,1.0,0.0
asRNA:bsAS,-0.016746875,-17.150824,0.9866385517333627,1.0,0.0
lncRNA:CR45253,-0.016746875,-17.533236,0.9866385517333627,1.0,0.0
lncRNA:CR44610,-0.016746875,-16.649666,0.9866385517333627,1.0,0.0
Lcp4,-0.016746875,-16.550844,0.9866385517333627,1.0,0.0
CheB98a,-0.016746875,-17.00323,0.9866385517333627,1.0,0.0
wg,-0.016746875,-17.370241,0.9866385517333627,1.0,0.0
lush,-0.016746875,-16.934336,0.9866385517333627,1.0,0.0
CG34175,-0.016746875,-16.796204,0.9866385517333627,1.0,0.0
CG43980,-0.016746875,-17.540516,0.9866385517333627,1.0,0.0
CG6337,-0.016746875,-17.463215,0.9866385517333627,1.0,0.0
CG17658,-0.016746875,-17.088585,0.9866385517333627,1.0,0.0
CG12020,-0.016746875,-16.350636,0.9866385517333627,1.0,0.0
asRNA:CR46269,-0.016746875,-17.494854,0.9866385517333627,1.0,0.0
CG43797,-0.016746875,-16.542814,0.9866385517333627,1.0,0.0
sisRNA:CR46361,-0.016746875,-17.131432,0.9866385517333627,1.0,0.0
lncRNA:CR44150,-0.016746875,-17.366331,0.9866385517333627,1.0,0.0
snoRNA:Psi18S-525g,-0.016746875,-17.62505,0.9866385517333627,1.0,0.0
Mst84Dc,-0.016746875,-16.573725,0.9866385517333627,1.0,0.0
CG18130,-0.016746875,-16.592123,0.9866385517333627,1.0,0.0
CG11356,-0.016746875,-16.859474,0.9866385517333627,1.0,0.0
lncRNA:CR44039,-0.016746875,-17.313368,0.9866385517333627,1.0,0.0
CG4017,-0.016746875,-16.534258,0.9866385517333627,1.0,0.0
asRNA:CR44071,-0.016746875,-16.431765,0.9866385517333627,1.0,0.0
pwn,-0.016746875,-17.52138,0.9866385517333627,1.0,0.0
lncRNA:CR45335,-0.016746875,-17.317,0.9866385517333627,1.0,0.0
CG43049,-0.016746875,-17.032988,0.9866385517333627,1.0,0.0
E(spl)m2-BFM,-0.016746875,-16.197197,0.9866385517333627,1.0,0.0
CG5391,-0.016746875,-17.419043,0.9866385517333627,1.0,0.0
CG3679,-0.016746875,-16.398462,0.9866385517333627,1.0,0.0
snoRNA:Psi18S-640g,-0.016746875,-17.06126,0.9866385517333627,1.0,0.0
lncRNA:CR43607,-0.016746875,-17.315397,0.9866385517333627,1.0,0.0
CG14402,-0.016746875,-17.069021,0.9866385517333627,1.0,0.0
CG14297,-0.016746875,-16.66532,0.9866385517333627,1.0,0.0
CG3581,-0.016746875,-17.311329,0.9866385517333627,1.0,0.0
CG13026,-0.016746875,-17.307566,0.9866385517333627,1.0,0.0
Sfp33A2,-0.016746875,-17.49256,0.9866385517333627,1.0,0.0
asRNA:CR46068,-0.016746875,-17.343966,0.9866385517333627,1.0,0.0
CG6403,-0.016746875,-16.805582,0.9866385517333627,1.0,0.0
lncRNA:CR44343,-0.016746875,-17.721529,0.9866385517333627,1.0,0.0
CG31533,-0.016746875,-17.008156,0.9866385517333627,1.0,0.0
CG11598,-0.016746875,-16.5334,0.9866385517333627,1.0,0.0
snRNA:U1:95Cc,-0.016746875,-16.872868,0.9866385517333627,1.0,0.0
Jon99Ci,-0.016746875,-17.419153,0.9866385517333627,1.0,0.0
CG12826,-0.016746875,-16.425009,0.9866385517333627,1.0,0.0
CG1773,-0.016746875,-17.718287,0.9866385517333627,1.0,0.0
Pgant8,-0.016746875,-16.682348,0.9866385517333627,1.0,0.0
ATPsynbetaL,-0.016746875,-16.439163,0.9866385517333627,1.0,0.0
lncRNA:CR44166,-0.016746875,-17.47533,0.9866385517333627,1.0,0.0
lncRNA:CR44241,-0.016746875,-16.656527,0.9866385517333627,1.0,0.0
CG45011,-0.016746875,-17.472095,0.9866385517333627,1.0,0.0
CG18641,-0.016746875,-16.769392,0.9866385517333627,1.0,0.0
mt:tRNA:His-GTG,-0.016746875,-17.309187,0.9866385517333627,1.0,0.0
CG12521,-0.016746875,-17.518356,0.9866385517333627,1.0,0.0
snoRNA:CD74,-0.016746875,-17.912888,0.9866385517333627,1.0,0.0
CG8006,-0.016746875,-16.41206,0.9866385517333627,1.0,0.0
CG11404,-0.016746875,-17.65826,0.9866385517333627,1.0,0.0
Act88F,-0.016746875,-16.650164,0.9866385517333627,1.0,0.0
Npc1b,-0.016746875,-17.243286,0.9866385517333627,1.0,0.0
CG43077,-0.016746875,-16.522356,0.9866385517333627,1.0,0.0
CG44403,-0.016746875,-16.947617,0.9866385517333627,1.0,0.0
Wdr81,-0.017248383,-0.06931246,0.9862384639376295,1.0,0.03027858193725974
side-II,-0.017415287,-0.041954182,0.9861053134528258,1.0,0.44549380665369465
Rrp40,-0.017453438,-0.078759305,0.9860748791105071,1.0,0.015329125338142471
asRNA:CR45134,-0.017623521,0.043175425,0.9859391929148585,1.0,0.008115419296663661
CG31676,-0.017809102,-0.2230265,0.9857911432542974,1.0,0.028997199943049688
scro,-0.018584017,-0.11356997,0.9851729540857526,1.0,0.2149874234730198
asRNA:CR44989,-0.018651573,-0.04781255,0.9851190610875955,1.0,0.003654311613117555
Argl,-0.01871277,-0.21203682,0.9850702404302322,1.0,0.003796687390252005
CG8152,-0.018814502,-0.071803674,0.9849890841366046,1.0,0.020074984575957477
CG42526,-0.018815298,0.021520087,0.984988450103671,1.0,0.0034170186512268047
Ada2a,-0.018982202,-0.12888622,0.9848553033983063,1.0,0.008779839589957763
eEF1delta,-0.019440394,-0.05196776,0.9844897861701435,1.0,0.1126192397133501
Wdr33,-0.01945788,-0.06572257,0.9844758376148619,1.0,0.025105595368041383
tos,-0.019519873,-0.06667898,0.9844263836844053,1.0,0.003132267096957904
Sp7,-0.019564778,-0.28641185,0.984390561323425,1.0,0.003464477243604955
p38a,-0.020398904,-0.29220456,0.9837251588416753,1.0,0.002800056950310854
Fitm,-0.020576537,-0.076949246,0.9835834571394669,1.0,0.019078354136016325
Fam114A,-0.02062502,-0.056125727,0.9835447824917337,1.0,0.05960799202695648
RhoGAP54D,-0.020820139,-0.13302399,0.9833891332768124,1.0,0.0024203882112856533
CG30357,-0.021147588,-0.2975373,0.9831279229837093,1.0,0.0023254710265293533
Ote,-0.021426955,-0.035258934,0.9829050714561521,1.0,0.002040719472260453
CG14230,-0.021689234,-0.121383704,0.9826958521746227,1.0,0.019837691614066726
CG41520,-0.021747252,-0.047263462,0.9826495704938125,1.0,0.011105310616487115
CG15529,-0.02190621,-0.47075385,0.9825227716679262,1.0,0.0019458022875041526
RYBP,-0.022000788,-0.06610712,0.9824473265758303,1.0,0.05514688434341038
NimC4,-0.022033375,-0.35342115,0.9824213329249651,1.0,0.0018034265103697023
CG7130,-0.022043707,-0.21934618,0.9824130910395621,1.0,0.0017559679179915523
SCCRO3,-0.02209497,-0.038849298,0.982372198635918,1.0,0.04375682217265436
Ugt36E1,-0.022218559,-0.4437761,0.9822736132642873,1.0,0.0017085093256134023
CG46335,-0.022587338,-0.23200613,0.981979443738203,1.0,0.0014237577713445018
Cpes,-0.022664431,-0.11737891,0.9819179473999219,1.0,0.02857007261164634
CG32817,-0.022759806,-0.2076808,0.9818418696043864,1.0,0.0013288405865882018
asRNA:CR43959,-0.022802725,-0.15487315,0.9818076346502315,1.0,0.006454368563428408
CG4666,-0.023015726,-0.22320186,0.981637728337714,1.0,0.0011864648094537516
CG11357,-0.023048313,-0.079521954,0.9816117352810836,1.0,0.15163020264818947
tomb,-0.023117458,-0.3139028,0.9815565793475655,1.0,0.0011390062170756016
CG43218,-0.023162762,-0.12649442,0.9815204427492554,1.0,0.0010915476246974515
lncRNA:CR43951,-0.023285953,-0.44674277,0.9814221767528394,1.0,0.0010440890323193013
Pvf1,-0.02329549,-0.010218374,0.9814145690745317,1.0,0.0009966304399411513
RYa,-0.023360662,0.0869976,0.9813625833180368,1.0,0.0009491718475630013
CG16825,-0.023409938,-0.14700593,0.9813232770668782,1.0,0.0009491718475630013
Osi3,-0.023446897,-0.3239758,0.9812937974082598,1.0,0.0009491718475630013
CG42553,-0.023464778,-0.0706945,0.9812795330664837,1.0,0.010915476246974514
asRNA:CR44054,-0.02347988,-0.5592417,0.9812674876269784,1.0,0.0009491718475630013
vnd,-0.023498954,-0.16935164,0.9812522723410765,1.0,0.0009017132551848512
lncRNA:CR46127,-0.023550218,0.017893642,0.9812113812940249,1.0,0.0008542546628067012
lncRNA:CR43650,-0.023559358,-0.49226364,0.9812040906474073,1.0,0.0009017132551848512
LManI,-0.023598302,-0.24932432,0.9811730261707271,1.0,0.0008542546628067012
CG11597,-0.023622146,-0.034624532,0.981154007117459,1.0,0.025532722699444736
CG13056,-0.023643605,-0.69838226,0.9811368899786763,1.0,0.0008542546628067012
snoRNA:Psi28S-3308,-0.023703214,-0.37815857,0.9810893424165393,1.0,0.000806796070428551
CG30324,-0.02374931,-0.16992086,0.9810525723478764,1.0,0.000759337478050401
CG14752,-0.023764413,-0.28922445,0.9810405269893054,1.0,0.000759337478050401
CecC,-0.023768386,-0.41099218,0.9810373571588209,1.0,0.000759337478050401
CG42514,-0.023768783,0.026976313,0.9810370401757889,1.0,0.005125527976840207
CG13437,-0.023838326,-0.21833567,0.9809815681913441,1.0,0.0007118788856722509
Gld,-0.023848658,-0.27694204,0.9809733266472094,1.0,0.0007118788856722509
fd96Cb,-0.023882834,-0.497453,0.9809460661695439,1.0,0.0007118788856722509
azot,-0.02388681,-0.014791199,0.9809428963480031,1.0,0.0006644202932941009
AttB,-0.024013974,-0.34059417,0.9808414622178382,1.0,0.0006169617009159508
lncRNA:CR46094,-0.024033844,-0.42271575,0.9808256131629389,1.0,0.0006169617009159508
CG4927,-0.024040997,-0.59900695,0.9808199075050277,1.0,0.0006169617009159508
nompC,-0.024114912,-0.5362554,0.9807609490974514,1.0,0.0005695031085378008
asRNA:CR44065,-0.024123654,-0.68491244,0.9807539755293055,1.0,0.0005695031085378008
CG8738,-0.024178494,-0.3114213,0.9807102322717782,1.0,0.0005220445161596507
lncRNA:CR44606,-0.024178494,-0.19322789,0.9807102322717782,1.0,0.0005220445161596507
Strica,-0.024192005,-0.3460796,0.9806994549563604,1.0,0.0005220445161596507
CG4975,-0.024269894,-0.4407939,0.9806373269715227,1.0,0.00047458592378150065
CG46025,-0.024291353,-0.74186,0.9806202100983608,1.0,0.00047458592378150065
asRNA:CR45828,-0.024296122,-0.87130606,0.9806164063499807,1.0,0.00047458592378150065
wupA,-0.02430248,-1.055267,0.9806113346861594,1.0,0.00047458592378150065
CG12589,-0.024358116,-0.42165464,0.9805669576611747,1.0,0.0004271273314033506
CG15425,-0.024377985,-0.736563,0.9805511087382474,1.0,0.0004271273314033506
CG6294,-0.02442885,-0.21751367,0.9805105355305501,1.0,0.0003796687390252005
Lcp3,-0.024434414,-0.3802405,0.980506097839015,1.0,0.0003796687390252005
comm3,-0.024434414,-0.425013,0.980506097839015,1.0,0.0003796687390252005
CG5882,-0.02443521,-0.40563947,0.9805054638831306,1.0,0.0003796687390252005
CG13841,-0.024437593,-0.4780515,0.9805035620155516,1.0,0.0003796687390252005
nvd,-0.024443157,-0.7018116,0.9804991243249646,1.0,0.0003796687390252005
CG14642,-0.024446337,-0.59098274,0.9804965885020429,1.0,0.0003796687390252005
CG12659,-0.024458656,-0.09912501,0.9804867621900832,1.0,0.010820559062218215
Nuf2,-0.024521045,-0.31852055,0.9804369967201737,1.0,0.00033221014664705045
Fmo-1,-0.024521045,-0.52398485,0.9804369967201737,1.0,0.00033221014664705045
comm2,-0.024528198,-0.5676258,0.9804312911297586,1.0,0.00033221014664705045
Lsp1beta,-0.02453853,-0.94665,0.9804230497231486,1.0,0.00033221014664705045
CG3225,-0.024540517,-0.17797166,0.9804214648375016,1.0,0.005410279531109108
asRNA:CR44069,-0.0245433,-0.98775357,0.9804192459977257,1.0,0.00033221014664705045
Fum2,-0.024597345,-0.15234008,0.9803761371407328,1.0,0.0002847515542689004
CG43093,-0.024601318,0.085548125,0.9803729673740965,1.0,0.0002847515542689004
Nepl17,-0.024604497,-0.32914558,0.9803704315610107,1.0,0.0002847515542689004
snoRNA:Psi28S-3091a,-0.024606088,-0.4866945,0.9803691636545421,1.0,0.0002847515542689004
Desat2,-0.024606882,-0.5440267,0.9803685297013264,1.0,0.0002847515542689004
CG15199,-0.024608472,-0.6170617,0.9803672617949323,1.0,0.0002847515542689004
tbrd-1,-0.024610061,-0.5594756,0.9803659938885877,1.0,0.0002847515542689004
CG32845,-0.024610857,-0.6300082,0.9803653599354339,1.0,0.0002847515542689004
asRNA:CR45612,-0.02461324,-0.7668585,0.9803634580760473,1.0,0.0002847515542689004
lncRNA:CR44232,-0.02461483,-0.7945472,0.9803621901698515,1.0,0.0002847515542689004
CG16965,-0.02461642,-0.8505872,0.9803609222637054,1.0,0.0002847515542689004
asRNA:CR44205,-0.024617214,-0.9751887,0.9803602883106509,1.0,0.0002847515542689004
insc,-0.02461801,-0.91387707,0.9803596543576089,1.0,0.0002847515542689004
mir-4955,-0.024625957,-1.1957278,0.9803533148278704,1.0,0.0002847515542689004
CG14456,-0.02468795,-0.38238898,0.9803038665385257,1.0,0.00023729296189075032
dec2,-0.02469113,-0.50922775,0.9803013307308541,1.0,0.00023729296189075032
Ttc30,-0.024691924,-0.69545805,0.9803006967789674,1.0,0.00023729296189075032
CG11997,-0.024691924,-0.52455264,0.9803006967789674,1.0,0.00023729296189075032
CG33752,-0.024694309,-0.50254685,0.9802987949233816,1.0,0.00023729296189075032
Rtnl2,-0.024694309,-0.71724415,0.9802987949233816,1.0,0.00023729296189075032
asRNA:CR43476,-0.024695897,-0.7870067,0.98029752701972,1.0,0.00023729296189075032
ETH,-0.024696693,-0.7176732,0.9802968930679078,1.0,0.00023729296189075032
lncRNA:CR44908,-0.024697488,-0.88327456,0.9802962591161082,1.0,0.00023729296189075032
lncRNA:CR44097,-0.024697488,-0.6121346,0.9802962591161082,1.0,0.00023729296189075032
asRNA:CR46091,-0.024702257,-1.124166,0.9802924554055713,1.0,0.00023729296189075032
GstD8,-0.02470464,-1.3288281,0.9802905535504709,1.0,0.00023729296189075032
CG4854,-0.02471537,-0.07897923,0.9802819952039055,1.0,0.010013762991789663
CG3706,-0.024772992,-0.5602251,0.9802360337519382,1.0,0.00018983436951260026
Cc2d2a,-0.024774581,-0.48936346,0.9802347658507442,1.0,0.00018983436951260026
CG11041,-0.024776965,-0.6108169,0.9802328639990467,1.0,0.00018983436951260026
CG42615,-0.02477776,-0.5954719,0.9802322300485059,1.0,0.00018983436951260026
CG7953,-0.02477776,-0.6844543,0.9802322300485059,1.0,0.00018983436951260026
CG5561,-0.02477776,-0.70892924,0.9802322300485059,1.0,0.00018983436951260026
CG34026,-0.02477935,-0.7240686,0.9802309621474616,1.0,0.00018983436951260026
CG43742,-0.02477935,-0.8173641,0.9802309621474616,1.0,0.00018983436951260026
ft,-0.024780145,-0.8366045,0.9802303281969583,1.0,0.00018983436951260026
CG30076,-0.02478094,-0.77048695,0.9802296942464674,1.0,0.00018983436951260026
CG7778,-0.02478094,-0.93319774,0.9802296942464674,1.0,0.00018983436951260026
lncRNA:CR45793,-0.02478253,-1.0255793,0.9802284263455231,1.0,0.00018983436951260026
TrxT,-0.024783324,-1.251892,0.9802277923950696,1.0,0.00018983436951260026
asRNA:CR45818,-0.02478412,-1.1581601,0.9802271584446287,1.0,0.00018983436951260026
CG9411,-0.02478412,-1.0222634,0.9802271584446287,1.0,0.00018983436951260026
CG14212,-0.024785709,-1.2519137,0.9802258905437842,1.0,0.00018983436951260026
CG30334,-0.024785709,-1.3823415,0.9802258905437842,1.0,0.00018983436951260026
CG1631,-0.024788093,-1.0880861,0.9802239886926112,1.0,0.00018983436951260026
lncRNA:CR45551,-0.024788888,-1.5788959,0.9802233547422452,1.0,0.00018983436951260026
asRNA:CR43465,-0.024790477,-1.5967402,0.9802220868415507,1.0,0.00018983436951260026
Rtc1,-0.024801206,0.0025235624,0.9802135285131692,1.0,0.009206966921361113
CG10934,-0.024860417,-0.66558236,0.980166299260498,1.0,0.0001423757771344502
asRNA:CR43723,-0.024861213,-0.75816715,0.9801656653112703,1.0,0.0001423757771344502
dpn,-0.024862008,-0.76297945,0.980165031362055,1.0,0.0001423757771344502
lncRNA:CR45610,-0.024863597,-0.7443142,0.980163763463662,1.0,0.0001423757771344502
shu,-0.024864392,-0.9103958,0.9801631295144844,1.0,0.0001423757771344502
CG14113,-0.024865188,-0.837415,0.9801624955653192,1.0,0.0001423757771344502
snoRNA:Psi28S-1192b,-0.024865981,-1.1811793,0.9801618616161665,1.0,0.0001423757771344502
CG13137,-0.024865981,-1.1047106,0.9801618616161665,1.0,0.0001423757771344502
CG13575,-0.024865981,-1.2090093,0.9801618616161665,1.0,0.0001423757771344502
Cda4,-0.024866777,-1.2486682,0.9801612276670264,1.0,0.0001423757771344502
CG9416,-0.024867572,-1.279202,0.9801605937178989,1.0,0.0001423757771344502
mElo,-0.024867572,-1.1497132,0.9801605937178989,1.0,0.0001423757771344502
CG42694,-0.024867572,-1.1481428,0.9801605937178989,1.0,0.0001423757771344502
CG13068,-0.024867572,-1.3277769,0.9801605937178989,1.0,0.0001423757771344502
CG14244,-0.024868365,-1.201922,0.9801599597687838,1.0,0.0001423757771344502
asRNA:CR45367,-0.02486916,-1.640464,0.9801593258196812,1.0,0.0001423757771344502
CG14221,-0.02486916,-1.4396726,0.9801593258196812,1.0,0.0001423757771344502
CG15124,-0.02486916,-1.5114337,0.9801593258196812,1.0,0.0001423757771344502
Acsx2,-0.02487075,-1.730034,0.9801580579215138,1.0,0.0001423757771344502
snoRNA:Psi18S-640f,-0.02487075,-1.829215,0.9801580579215138,1.0,0.0001423757771344502
NAAT1,-0.024871545,-1.6724987,0.9801574239724489,1.0,0.0001423757771344502
pon,-0.024871545,-1.4646453,0.9801574239724489,1.0,0.0001423757771344502
lncRNA:CR44161,-0.02487234,-2.0349998,0.9801567900233965,1.0,0.0001423757771344502
alpha-Est1,-0.02487234,-1.5933479,0.9801567900233965,1.0,0.0001423757771344502
lncRNA:CR44220,-0.02494705,-0.46502805,0.9800971988684822,1.0,9.491718475630013e-05
Pgm2b,-0.024947844,-1.0798153,0.9800965649206221,1.0,9.491718475630013e-05
geko,-0.024947844,-0.9248857,0.9800965649206221,1.0,9.491718475630013e-05
CG9308,-0.024947844,-0.6916601,0.9800965649206221,1.0,9.491718475630013e-05
CG16956,-0.024947844,-0.6244043,0.9800965649206221,1.0,9.491718475630013e-05
CG34282,-0.02494864,-1.381324,0.9800959309727747,1.0,9.491718475630013e-05
CG7634,-0.02494864,-0.8053616,0.9800959309727747,1.0,9.491718475630013e-05
CG5002,-0.02494864,-1.0801752,0.9800959309727747,1.0,9.491718475630013e-05
lncRNA:CR46008,-0.024949433,-1.2653489,0.9800952970249397,1.0,9.491718475630013e-05
m,-0.024949433,-1.2511063,0.9800952970249397,1.0,9.491718475630013e-05
lncRNA:CR45118,-0.024949433,-1.3082744,0.9800952970249397,1.0,9.491718475630013e-05
FDY,-0.024949433,-1.1315745,0.9800952970249397,1.0,9.491718475630013e-05
lncRNA:CR44473,-0.024949433,-1.5356035,0.9800952970249397,1.0,9.491718475630013e-05
lncRNA:CR46248,-0.024949433,-1.1676041,0.9800952970249397,1.0,9.491718475630013e-05
CG33463,-0.024949433,-0.998496,0.9800952970249397,1.0,9.491718475630013e-05
ItgaPS4,-0.024950229,-1.554088,0.9800946630771173,1.0,9.491718475630013e-05
Sr-CII,-0.024950229,-1.2995839,0.9800946630771173,1.0,9.491718475630013e-05
lncRNA:CR43606,-0.024950229,-1.3458784,0.9800946630771173,1.0,9.491718475630013e-05
lncRNA:CR44817,-0.024951024,-1.3141774,0.9800940291293075,1.0,9.491718475630013e-05
lncRNA:CR44177,-0.024951024,-1.35605,0.9800940291293075,1.0,9.491718475630013e-05
mthl4,-0.024951024,-1.6438255,0.9800940291293075,1.0,9.491718475630013e-05
lncRNA:CR43992,-0.024951024,-1.5158212,0.9800940291293075,1.0,9.491718475630013e-05
CG17264,-0.024951024,-1.7110866,0.9800940291293075,1.0,9.491718475630013e-05
ODA-Dnal1,-0.024951024,-1.566776,0.9800940291293075,1.0,9.491718475630013e-05
CG9568,-0.024951817,-1.5605725,0.9800933951815104,1.0,9.491718475630013e-05
CG13324,-0.024951817,-1.9689301,0.9800933951815104,1.0,9.491718475630013e-05
Bfc,-0.024952613,-1.6069028,0.9800927612337257,1.0,9.491718475630013e-05
CG13082,-0.024953408,-2.0221374,0.9800921272859536,1.0,9.491718475630013e-05
CG43055,-0.024954202,-2.4028685,0.9800914933381941,1.0,9.491718475630013e-05
lncRNA:CR45125,-0.024954202,-1.8387556,0.9800914933381941,1.0,9.491718475630013e-05
CG12347,-0.024954202,-2.428968,0.9800914933381941,1.0,9.491718475630013e-05
lncRNA:CR44377,-0.024954202,-2.0502048,0.9800914933381941,1.0,9.491718475630013e-05
Mco3,-0.02503368,-0.8737218,0.9800280986258058,1.0,4.7458592378150065e-05
HP1D3csd,-0.02503368,-1.5510377,0.9800280986258058,1.0,4.7458592378150065e-05
Obp83b,-0.025034476,-1.8069034,0.9800274646793182,1.0,4.7458592378150065e-05
Sfp78E,-0.025034476,-1.8193208,0.9800274646793182,1.0,4.7458592378150065e-05
Ccdc114,-0.025034476,-1.3913156,0.9800274646793182,1.0,4.7458592378150065e-05
CG42749,-0.025034476,-1.7855245,0.9800274646793182,1.0,4.7458592378150065e-05
Toll-4,-0.025034476,-1.5793346,0.9800274646793182,1.0,4.7458592378150065e-05
asRNA:CR43903,-0.025034476,-1.6448486,0.9800274646793182,1.0,4.7458592378150065e-05
Amt,-0.025034476,-1.6985462,0.9800274646793182,1.0,4.7458592378150065e-05
lncRNA:CR9162,-0.025034476,-2.0831301,0.9800274646793182,1.0,4.7458592378150065e-05
lncRNA:CR44670,-0.025034476,-1.7867346,0.9800274646793182,1.0,4.7458592378150065e-05
CG4763,-0.025034476,-1.599595,0.9800274646793182,1.0,4.7458592378150065e-05
seq,-0.025034476,-2.0505528,0.9800274646793182,1.0,4.7458592378150065e-05
Dmel_CR44541,-0.02503527,-2.0961955,0.9800268307328432,1.0,4.7458592378150065e-05
CG31076,-0.02503527,-2.286562,0.9800268307328432,1.0,4.7458592378150065e-05
TwdlF,-0.02503527,-2.1740382,0.9800268307328432,1.0,4.7458592378150065e-05
CG5326,-0.02503527,-2.0096698,0.9800268307328432,1.0,4.7458592378150065e-05
lncRNA:CR45681,-0.02503527,-1.964864,0.9800268307328432,1.0,4.7458592378150065e-05
CG16723,-0.02503527,-1.7399492,0.9800268307328432,1.0,4.7458592378150065e-05
CG13558,-0.02503527,-2.1223576,0.9800268307328432,1.0,4.7458592378150065e-05
CG42751,-0.02503527,-2.3835669,0.9800268307328432,1.0,4.7458592378150065e-05
RabX2,-0.025036065,-2.1677983,0.9800261967863809,1.0,4.7458592378150065e-05
CG15719,-0.025036065,-2.07353,0.9800261967863809,1.0,4.7458592378150065e-05
PPO3,-0.025036065,-2.4075773,0.9800261967863809,1.0,4.7458592378150065e-05
Su(Ste):CR42439,-0.025036065,-2.0800214,0.9800261967863809,1.0,4.7458592378150065e-05
mt:tRNA:Ile-GAT,-0.025036065,-2.8338718,0.9800261967863809,1.0,4.7458592378150065e-05
Fatp2,-0.025036065,-2.3710592,0.9800261967863809,1.0,4.7458592378150065e-05
yip7,-0.025036065,-3.2811928,0.9800261967863809,1.0,4.7458592378150065e-05
Gr47a,-0.025036065,-2.4611459,0.9800261967863809,1.0,4.7458592378150065e-05
CG32201,-0.025036065,-2.3613353,0.9800261967863809,1.0,4.7458592378150065e-05
CG34286,-0.02503686,-2.9793968,0.9800255628399311,1.0,4.7458592378150065e-05
CG6333,-0.02503686,-2.5339162,0.9800255628399311,1.0,4.7458592378150065e-05
Qsox3,-0.02503686,-2.5792446,0.9800255628399311,1.0,4.7458592378150065e-05
CG32119,-0.02503686,-2.577781,0.9800255628399311,1.0,4.7458592378150065e-05
spirit,-0.02503686,-4.0612826,0.9800255628399311,1.0,4.7458592378150065e-05
lncRNA:CR44256,-0.02503686,-2.6140761,0.9800255628399311,1.0,4.7458592378150065e-05
CG45062,-0.02503686,-2.9574077,0.9800255628399311,1.0,4.7458592378150065e-05
lncRNA:dntRL,-0.02503686,-2.4903631,0.9800255628399311,1.0,4.7458592378150065e-05
lncRNA:CR46113,-0.02503686,-2.4551945,0.9800255628399311,1.0,4.7458592378150065e-05
lncRNA:CR44131,-0.025120312,-17.83324,0.9799589985329871,1.0,0.0
lncRNA:CR46019,-0.025120312,-18.09731,0.9799589985329871,1.0,0.0
Tpt,-0.025120312,-17.410162,0.9799589985329871,1.0,0.0
lncRNA:CR45435,-0.025120312,-17.122112,0.9799589985329871,1.0,0.0
mAChR-C,-0.025120312,-17.811304,0.9799589985329871,1.0,0.0
B9d1,-0.025120312,-17.927816,0.9799589985329871,1.0,0.0
CG32681,-0.025120312,-16.986881,0.9799589985329871,1.0,0.0
lncRNA:CR44633,-0.025120312,-17.468496,0.9799589985329871,1.0,0.0
fig,-0.025120312,-17.682917,0.9799589985329871,1.0,0.0
CG3330,-0.025120312,-17.875713,0.9799589985329871,1.0,0.0
lncRNA:CR44283,-0.025120312,-17.285358,0.9799589985329871,1.0,0.0
lncRNA:CR43766,-0.025120312,-17.63231,0.9799589985329871,1.0,0.0
atk,-0.025120312,-17.881443,0.9799589985329871,1.0,0.0
lncRNA:TS20,-0.025120312,-17.32932,0.9799589985329871,1.0,0.0
Hr83,-0.025120312,-17.112453,0.9799589985329871,1.0,0.0
Prm,-0.025120312,-18.332554,0.9799589985329871,1.0,0.0
PpD6,-0.025120312,-17.879019,0.9799589985329871,1.0,0.0
CG31245,-0.025120312,-17.91575,0.9799589985329871,1.0,0.0
lncRNA:CR46022,-0.025120312,-16.963062,0.9799589985329871,1.0,0.0
GstE10,-0.025120312,-18.181126,0.9799589985329871,1.0,0.0
CAH5,-0.025120312,-17.74143,0.9799589985329871,1.0,0.0
lncRNA:CR44848,-0.025120312,-16.836493,0.9799589985329871,1.0,0.0
CG9861,-0.025120312,-18.441887,0.9799589985329871,1.0,0.0
Os-C,-0.025120312,-18.347897,0.9799589985329871,1.0,0.0
asRNA:CR44907,-0.025120312,-18.091501,0.9799589985329871,1.0,0.0
snoRNA:CG31191-a,-0.025120312,-17.902754,0.9799589985329871,1.0,0.0
Or22a,-0.025120312,-17.366861,0.9799589985329871,1.0,0.0
lncRNA:CR46013,-0.025120312,-17.921797,0.9799589985329871,1.0,0.0
lncRNA:CR43608,-0.025120312,-16.802637,0.9799589985329871,1.0,0.0
lncRNA:CR42755,-0.025120312,-17.268812,0.9799589985329871,1.0,0.0
CG34434,-0.025120312,-17.384415,0.9799589985329871,1.0,0.0
lncRNA:CR45280,-0.025120312,-17.242857,0.9799589985329871,1.0,0.0
CG34216,-0.025120312,-17.258738,0.9799589985329871,1.0,0.0
asRNA:CR45130,-0.025120312,-18.190176,0.9799589985329871,1.0,0.0
Ir10a,-0.025120312,-17.734604,0.9799589985329871,1.0,0.0
TfIIEalpha,-0.025238337,-0.07672877,0.9798648578229356,1.0,0.05078069384462057
Rif1,-0.025358748,-0.0838708,0.9797688155693443,1.0,0.004603483460680556
CG9356,-0.025991792,-0.10671869,0.9792638854092253,1.0,0.015234208153386171
CG31612,-0.026194064,-0.2015321,0.9791025503954709,1.0,0.004413649091167956
Upf2,-0.026444023,-0.12168543,0.9789031808036532,1.0,0.02372929618907503
CG10038,-0.026870424,-0.059827078,0.9785630827834795,1.0,0.03094300223055384
lncRNA:CR43838,-0.027089784,-0.1359978,0.978388122408311,1.0,0.003654311613117555
asRNA:CR44137,-0.02719549,-0.33959845,0.9783038121634394,1.0,0.004081438944520906
CG32829,-0.027828934,0.0071580666,0.9777985897165556,1.0,0.003037349912201604
Cpsf5,-0.027869467,-0.0665066,0.9777662608522261,1.0,0.1496844003606853
Prx6a,-0.028163139,-0.079546124,0.9775320361547682,1.0,0.019220729913150776
ppk29,-0.028177047,-0.10274203,0.9775209430167143,1.0,0.002942432727445304
CG9547,-0.028444493,-0.29935685,0.977307638667321,1.0,0.003037349912201604
EndoG,-0.028705977,-0.070553884,0.9770990900697623,1.0,0.048834891557116414
CG13667,-0.02889871,-0.08847896,0.9769453736397722,1.0,0.00740354041099141
eIF3f1,-0.029157413,-0.029969163,0.9767390463352787,1.0,0.4075743913435528
Irk3,-0.029164566,-0.31966338,0.976733341454898,1.0,0.01471216363722652
CG8435,-0.029349353,-0.02570355,0.9765859657917247,1.0,0.020834322054007877
lncRNA:CR44233,-0.02937717,-0.08572853,0.9765637802771145,1.0,0.002230553841773053
CG2256,-0.029377965,-0.053257737,0.9765631464055349,1.0,0.002278012434151203
Sld5,-0.029490825,-0.3784507,0.9764731367916781,1.0,0.0024203882112856533
ste24b,-0.029569905,-0.34356192,0.9764100668533613,1.0,0.002278012434151203
CG11920,-0.029610837,-0.14277402,0.9763774226718291,1.0,0.00730862322623511
ncd,-0.0296164,-0.0025598446,0.9763729856016643,1.0,0.006596744340562859
lncRNA:CR45471,-0.029791253,-0.2930491,0.9762335351983266,1.0,0.002135636657016753
Sgf29,-0.029814698,-0.017456906,0.9762148362221091,1.0,0.05248920317023397
Pif1A,-0.029881857,-0.39476684,0.9761612748202391,1.0,0.002135636657016753
CG30094,-0.029902125,-0.05617431,0.9761451113413685,1.0,0.0749845759574771
px,-0.029909676,-0.029532045,0.976139089655666,1.0,0.4356698780314176
asRNA:CR45889,-0.030014984,-0.28372732,0.9760551031285624,1.0,0.0019932608798823026
CG33230,-0.030423502,-0.12409726,0.9757293013102687,1.0,0.012291775425940867
CG33278,-0.030580075,-0.10553806,0.9756044328121931,1.0,0.001613592140857102
B-H2,-0.030754928,-0.34792224,0.9754649864652907,1.0,0.001613592140857102
lncRNA:CR43828,-0.03077718,-0.19203329,0.9754472388021164,1.0,0.001518674956100802
CG12158,-0.030840367,0.3763911,0.9753968481818861,1.0,0.0013762991789663518
tn,-0.030963557,0.013695577,0.9752986026010815,1.0,0.0013762991789663518
lncRNA:CR44360,-0.03098144,-0.28248784,0.9752843411769162,1.0,0.0014237577713445018
fus,-0.031061713,-0.27261972,0.9752203233258455,1.0,0.0013762991789663518
CG4741,-0.03108794,-0.18954743,0.9751994066368056,1.0,0.0013288405865882018
lncRNA:CR44496,-0.031101849,-0.41793683,0.9751883144601431,1.0,0.0013762991789663518
Sgs4,-0.031184904,-0.42692032,0.975122078419451,1.0,0.0013288405865882018
Pkg21D,-0.031244116,-0.33124074,0.9750748576147803,1.0,0.0012813819942100518
Muc96D,-0.031382408,-0.2538202,0.9749645704384005,1.0,0.0011864648094537516
CG13984,-0.031421352,-0.38549453,0.9749335126416794,1.0,0.0011864648094537516
CG9313,-0.031518318,-0.20852757,0.9748561852313815,1.0,0.0010915476246974515
CG13008,-0.031557262,-0.13969877,0.9748251275674943,1.0,0.006027241232025058
lncRNA:CR46258,-0.03165224,-0.35720176,0.9747493850575477,1.0,0.0010440890323193013
asRNA:CR46104,-0.031690784,-0.078826554,0.9747186444385159,1.0,0.005695031085378007
Obp56h,-0.031748407,0.08955459,0.974672692036805,1.0,0.0009491718475630013
CG17169,-0.03183504,-0.4052197,0.9746036051359317,1.0,0.0009491718475630013
OdsH,-0.031855304,-0.1715078,0.9745874426315583,1.0,0.0009017132551848512
soti,-0.031874377,-0.68668777,0.9745722308722682,1.0,0.0009491718475630013
lncRNA:CR44450,-0.031959817,-0.26389202,0.9745040949806848,1.0,0.0008542546628067012
CG3500,-0.031967368,-0.08433799,0.9744980736782758,1.0,0.05272649613212472
CG43245,-0.03197611,0.12414446,0.9744911016457231,1.0,0.000806796070428551
CG34221,-0.031990815,-0.4753031,0.9744793759590076,1.0,0.0008542546628067012
lncRNA:CR44905,-0.032050822,-0.34302002,0.9744315225380022,1.0,0.000806796070428551
lncRNA:CR44082,-0.03210725,-0.7560575,0.974386521391619,1.0,0.000806796070428551
lncRNA:CR45231,-0.032141823,-0.40607193,0.9743589503069923,1.0,0.000759337478050401
lncRNA:CR44472,-0.032179974,-0.64253,0.9743285270767549,1.0,0.000759337478050401
snoRNA:Psi18S-1377b,-0.032205805,-0.2502387,0.9743079280358177,1.0,0.0007118788856722509
CG32801,-0.032215342,-0.37817162,0.974300322240418,1.0,0.0007118788856722509
IFT57,-0.03222488,-0.45420387,0.9742927164473552,1.0,0.0007118788856722509
lncRNA:CR44741,-0.032229647,-0.44074813,0.9742889135517003,1.0,0.0007118788856722509
CG32668,-0.032233622,-0.42606953,0.9742857444724344,1.0,0.0007118788856722509
qin,-0.032246336,-0.55629563,0.9742756034215116,1.0,0.0007118788856722509
msd5,-0.032263424,0.007230062,0.9742619763908829,1.0,0.009539177068008163
MFS15,-0.032283694,-0.04558877,0.9742458141084814,1.0,0.024963219590906933
CG14778,-0.032301575,-0.34787503,0.97423155327985,1.0,0.0006644202932941009
CG10337,-0.032307934,-0.45145267,0.9742264827649882,1.0,0.0006644202932941009
slf,-0.032339726,-0.7096806,0.9742011302063073,1.0,0.0006644202932941009
CG9114,-0.03235403,-0.73437667,0.9741897215634032,1.0,0.0006644202932941009
Hsp60D,-0.03235403,-0.78395075,0.9741897215634032,1.0,0.0006644202932941009
CG4582,-0.032443445,-1.0242724,0.974118417664984,1.0,0.0006169617009159508
asRNA:CR45132,-0.032467686,-0.29741317,0.9740990864214734,1.0,0.0005695031085378008
Uros2,-0.032478813,-0.61685795,0.9740902130688904,1.0,0.0005695031085378008
CG34342,-0.032482784,-0.56389755,0.9740870440151735,1.0,0.0005695031085378008
CG13323,-0.032487553,-0.6810853,0.9740832411512533,1.0,0.0005695031085378008
TAF1C-like,-0.03251895,-0.17432757,0.9740582056451557,1.0,0.012149399648806417
Pex2,-0.03252451,-0.053964138,0.9740537689758543,1.0,0.025675098476579186
lncRNA:CR44985,-0.032538023,-0.26842713,0.9740429942108936,1.0,0.0005220445161596507
Prx6c,-0.032565046,-0.5301162,0.9740214446951849,1.0,0.0005220445161596507
SmydA-5,-0.032611936,-1.1820072,0.9739840499923519,1.0,0.0005220445161596507
lectin-30A,-0.03262823,-0.19796504,0.9739710569310213,1.0,0.00047458592378150065
qsm,-0.032636974,-0.48098356,0.973964085047301,1.0,0.00047458592378150065
CG31802,-0.032638565,-0.36982518,0.9739628174322928,1.0,0.00047458592378150065
lncRNA:CR42767,-0.032642536,-0.40703872,0.9739596483950601,1.0,0.00047458592378150065
lncRNA:CR45950,-0.032644127,-0.42875332,0.9739583807802822,1.0,0.00047458592378150065
Tpl94D,-0.03266479,-0.8907484,0.9739419017941554,1.0,0.00047458592378150065
snoRNA:lola-a,-0.03267592,-1.1666377,0.9739330284985401,1.0,0.00047458592378150065
snoRNA:CD20,-0.032724,-0.508905,0.9738946832224543,1.0,0.0004271273314033506
snoRNA:Psi28S-1135d,-0.032727975,-0.384579,0.9738915141940709,1.0,0.0004271273314033506
lncRNA:CR44492,-0.03273036,-0.53421926,0.9738896127772388,1.0,0.0004271273314033506
CG11760,-0.032735128,-0.7338508,0.9738858099440196,1.0,0.0004271273314033506
St1,-0.032735128,-0.6384185,0.9738858099440196,1.0,0.0004271273314033506
Dmel_CR45045,-0.032740694,-0.71735376,0.9738813733060141,1.0,0.0004271273314033506
CG11893,-0.032747846,-1.0120988,0.9738756690583376,1.0,0.0004271273314033506
Sfp53D,-0.032798313,-0.25421178,0.9738354224599415,1.0,0.0003796687390252005
Abd-B,-0.032799903,-0.20804337,0.9738341548516248,1.0,0.0003796687390252005
Prim2,-0.032811824,-0.5367685,0.9738246477913567,1.0,0.0003796687390252005
asRNA:CR46067,-0.03282375,-0.671131,0.9738151407348075,1.0,0.0003796687390252005
Nlg1,-0.032824542,-0.710259,0.9738145069311698,1.0,0.0003796687390252005
CG10035,-0.03282931,-0.93465006,0.973810704109691,1.0,0.0003796687390252005
spok,-0.03283249,-0.91697836,0.9738081688957024,1.0,0.0003796687390252005
CG14186,-0.032836065,-0.07567345,0.9738053167802817,1.0,0.21565184376631388
Skp2,-0.032836463,-1.1869811,0.9738049998785889,1.0,0.0003796687390252005
lncRNA:CR43978,-0.032877397,-0.032829672,0.9737723590263938,1.0,0.00033221014664705045
ttm2,-0.03289806,-0.64561313,0.9737558801662397,1.0,0.00033221014664705045
CG33666,-0.032899648,-0.6392233,0.9737546125620764,1.0,0.00033221014664705045
Nse1,-0.032904416,-0.9485165,0.9737508097499842,1.0,0.00033221014664705045
CG13563,-0.032907598,-0.93020517,0.9737482745422543,1.0,0.00033221014664705045
lncRNA:CR44111,-0.032974757,-0.5314011,0.9736947183409814,1.0,0.0002847515542689004
CG5267,-0.03297714,-0.5477297,0.9736928169395647,1.0,0.0002847515542689004
CG9083,-0.03297714,-0.6126702,0.9736928169395647,1.0,0.0002847515542689004
CG9593,-0.032985087,-0.9603156,0.9736864789359219,1.0,0.0002847515542689004
snRNA:U2:34ABa,-0.032985087,-1.1320722,0.9736864789359219,1.0,0.0002847515542689004
CG32461,-0.032985885,-0.7327473,0.973685845135649,1.0,0.0002847515542689004
lncRNA:CR44299,-0.032989062,-1.2981337,0.9736833099347235,1.0,0.0002847515542689004
CG34288,-0.032989062,-0.919096,0.9736833099347235,1.0,0.0002847515542689004
CG7362,-0.032996215,-1.2717633,0.9736776057336135,1.0,0.0002847515542689004
hlk,-0.03299701,-1.186447,0.9736769719335733,1.0,0.0002847515542689004
Mthfs,-0.033014894,-0.12685023,0.9736627114370631,1.0,0.005078069384462057
asRNA:CR45000,-0.033058606,-0.4168596,0.9736278524810471,1.0,0.00023729296189075032
asRNA:CR44321,-0.0330594,-0.45399264,0.9736272186823128,1.0,0.00023729296189075032
ddbt,-0.033060197,-0.46748334,0.9736265848835953,1.0,0.00023729296189075032
lncRNA:CR44915,-0.033061784,-0.697419,0.9736253172862102,1.0,0.00023729296189075032
lncRNA:CR44567,-0.033063374,-0.59278685,0.9736240496888916,1.0,0.00023729296189075032
lncRNA:CR43174,-0.033063374,-0.7693295,0.9736240496888916,1.0,0.00023729296189075032
lncRNA:CR45687,-0.03306576,-0.7835439,0.9736221482930387,1.0,0.00023729296189075032
CG30046,-0.033072118,-0.87032795,0.9736170779048305,1.0,0.00023729296189075032
lncRNA:CR43684,-0.03307291,-1.0975575,0.9736164441063795,1.0,0.00023729296189075032
CG15333,-0.03307291,-0.74788266,0.9736164441063795,1.0,0.00023729296189075032
CG34445,-0.03307291,-1.003092,0.9736164441063795,1.0,0.00023729296189075032
CG43163,-0.033074502,-1.1005872,0.9736151765095273,1.0,0.00023729296189075032
lncRNA:CR32690,-0.033078477,-1.4157276,0.9736120075176885,1.0,0.00023729296189075032
Drsl2,-0.03314802,-0.6947639,0.9735565502279863,1.0,0.00018983436951260026
snoRNA:Psi18S-1377a,-0.033150405,-0.9558415,0.9735546488374616,1.0,0.00018983436951260026
lncRNA:CR45196,-0.033150405,-0.72816664,0.9735546488374616,1.0,0.00018983436951260026
CG5892,-0.03315279,-0.824441,0.9735527474470873,1.0,0.00018983436951260026
CG33700,-0.03315676,-1.2763456,0.9735495784634641,1.0,0.00018983436951260026
CG33667,-0.03315835,-1.3692335,0.9735483108701317,1.0,0.00018983436951260026
lncRNA:CR46122,-0.033159144,-1.533055,0.9735476770734905,1.0,0.00018983436951260026
lncRNA:CR44660,-0.033159144,-1.384426,0.9735476770734905,1.0,0.00018983436951260026
asRNA:CR44368,-0.033160735,-1.5276235,0.9735464094802585,1.0,0.00018983436951260026
Atx-1,-0.033233456,-0.8319667,0.9734884171613926,1.0,0.0001423757771344502
ppk25,-0.033234254,-0.8727921,0.9734877833663316,1.0,0.0001423757771344502
Jhbp5,-0.033234254,-0.7188364,0.9734877833663316,1.0,0.0001423757771344502
lncRNA:CR44830,-0.033235047,-0.91366154,0.9734871495712875,1.0,0.0001423757771344502
lncRNA:CR44676,-0.033235047,-0.9531312,0.9734871495712875,1.0,0.0001423757771344502
asRNA:CR44724,-0.033235844,-0.9909668,0.97348651577626,1.0,0.0001423757771344502
CG6052,-0.033235844,-1.1826535,0.97348651577626,1.0,0.0001423757771344502
lncRNA:CR44564,-0.033235844,-0.90483564,0.97348651577626,1.0,0.0001423757771344502
CG6553,-0.033236638,-1.1386347,0.9734858819812494,1.0,0.0001423757771344502
CG10116,-0.03323743,-0.8164474,0.9734852481862555,1.0,0.0001423757771344502
CG45066,-0.03323743,-1.1026411,0.9734852481862555,1.0,0.0001423757771344502
CG42544,-0.03323743,-1.2258196,0.9734852481862555,1.0,0.0001423757771344502
CG13473,-0.033239815,-1.4081073,0.973483346801374,1.0,0.0001423757771344502
lncRNA:CR45761,-0.033239815,-1.3475087,0.973483346801374,1.0,0.0001423757771344502
CG14419,-0.033239815,-1.5698862,0.973483346801374,1.0,0.0001423757771344502
uif,-0.0332422,-1.6032907,0.9734814454166434,1.0,0.0001423757771344502
alpha-Est2,-0.03324379,-1.7619979,0.9734801778269068,1.0,0.0001423757771344502
lncRNA:CR45880,-0.033320487,-1.3098507,0.9734190167017571,1.0,9.491718475630013e-05
asRNA:CR45999,-0.033320487,-1.3445866,0.9734190167017571,1.0,9.491718475630013e-05
asRNA:CR44704,-0.03332128,-1.169017,0.9734183829085318,1.0,9.491718475630013e-05
lncRNA:CR43970,-0.03332128,-1.3393596,0.9734183829085318,1.0,9.491718475630013e-05
CG43111,-0.033322077,-1.502346,0.9734177491153232,1.0,9.491718475630013e-05
CG15594,-0.033322077,-1.3666543,0.9734177491153232,1.0,9.491718475630013e-05
tap,-0.033322077,-1.4924679,0.9734177491153232,1.0,9.491718475630013e-05
CG6927,-0.03332287,-1.5949568,0.9734171153221314,1.0,9.491718475630013e-05
upd3,-0.03332287,-1.5768598,0.9734171153221314,1.0,9.491718475630013e-05
GNBP-like3,-0.03332287,-1.4809997,0.9734171153221314,1.0,9.491718475630013e-05
Acp33A,-0.033323664,-1.5897685,0.9734164815289563,1.0,9.491718475630013e-05
CG5731,-0.033323664,-1.7232397,0.9734164815289563,1.0,9.491718475630013e-05
lncRNA:CR44188,-0.03332446,-1.6119171,0.9734158477357981,1.0,9.491718475630013e-05
whip,-0.03332446,-1.8214695,0.9734158477357981,1.0,9.491718475630013e-05
dachs,-0.033325255,-1.7428715,0.9734152139426566,1.0,9.491718475630013e-05
Ser,-0.033326052,-1.9166747,0.973414580149532,1.0,9.491718475630013e-05
lncRNA:CR45685,-0.033326052,-2.02344,0.973414580149532,1.0,9.491718475630013e-05
Andorra,-0.033326052,-1.745714,0.973414580149532,1.0,9.491718475630013e-05
lncRNA:CR46352,-0.033326846,-2.2551336,0.9734139463564242,1.0,9.491718475630013e-05
Ts,-0.033326846,-2.133921,0.9734139463564242,1.0,9.491718475630013e-05
CG32523,-0.033328436,-2.7855191,0.9734126787702587,1.0,9.491718475630013e-05
Cpr72Ea,-0.033328436,-2.6550307,0.9734126787702587,1.0,9.491718475630013e-05
CG13138,-0.03340672,-1.9509997,0.9733502502347736,1.0,4.7458592378150065e-05
lncRNA:CR44056,-0.03340672,-1.4849792,0.9733502502347736,1.0,4.7458592378150065e-05
CG6209,-0.03340672,-1.0533123,0.9733502502347736,1.0,4.7458592378150065e-05
pre-mod(mdg4)-E,-0.03340672,-1.5278252,0.9733502502347736,1.0,4.7458592378150065e-05
CG43919,-0.03340672,-1.711586,0.9733502502347736,1.0,4.7458592378150065e-05
CG12539,-0.033407517,-1.7816771,0.9733496164433718,1.0,4.7458592378150065e-05
CG13046,-0.033407517,-1.9588774,0.9733496164433718,1.0,4.7458592378150065e-05
CG4267,-0.033407517,-1.7928424,0.9733496164433718,1.0,4.7458592378150065e-05
CG34202,-0.03340831,-2.3700337,0.9733489826519868,1.0,4.7458592378150065e-05
CG14406,-0.03340831,-2.4184818,0.9733489826519868,1.0,4.7458592378150065e-05
CG33645,-0.03340831,-2.1486819,0.9733489826519868,1.0,4.7458592378150065e-05
lncRNA:CR45047,-0.03340831,-2.249577,0.9733489826519868,1.0,4.7458592378150065e-05
CG12645,-0.033409104,-2.4575987,0.9733483488606185,1.0,4.7458592378150065e-05
CG4115,-0.033409104,-2.6739073,0.9733483488606185,1.0,4.7458592378150065e-05
lncRNA:CR46235,-0.033409104,-2.5019462,0.9733483488606185,1.0,4.7458592378150065e-05
CG15646,-0.033409104,-2.3705416,0.9733483488606185,1.0,4.7458592378150065e-05
His1:CG33807,-0.033409104,-2.501046,0.9733483488606185,1.0,4.7458592378150065e-05
CG9903,-0.0334099,-2.8058295,0.9733477150692671,1.0,4.7458592378150065e-05
CG3987,-0.0334099,-2.6865458,0.9733477150692671,1.0,4.7458592378150065e-05
CG18530,-0.0334099,-2.809494,0.9733477150692671,1.0,4.7458592378150065e-05
CG33189,-0.033410694,-3.0041647,0.9733470812779325,1.0,4.7458592378150065e-05
CG14756,-0.033410694,-4.077586,0.9733470812779325,1.0,4.7458592378150065e-05
CG7695,-0.033410694,-2.9291468,0.9733470812779325,1.0,4.7458592378150065e-05
Lsm11,-0.0334858,-0.121891126,0.9732871880728142,1.0,0.0047933178301931565
lncRNA:CR45695,-0.03349375,-17.688234,0.9732808501763182,1.0,0.0
lncRNA:CR44642,-0.03349375,-18.362421,0.9732808501763182,1.0,0.0
CG11854,-0.03349375,-18.226767,0.9732808501763182,1.0,0.0
asRNA:CR45205,-0.03349375,-18.200516,0.9732808501763182,1.0,0.0
Eo,-0.03349375,-17.92384,0.9732808501763182,1.0,0.0
mah,-0.03349375,-18.083715,0.9732808501763182,1.0,0.0
CG42854,-0.03349375,-17.401499,0.9732808501763182,1.0,0.0
CG10910,-0.03349375,-18.811699,0.9732808501763182,1.0,0.0
asRNA:CR45701,-0.03349375,-17.875406,0.9732808501763182,1.0,0.0
Obp83g,-0.03349375,-18.317394,0.9732808501763182,1.0,0.0
lncRNA:CR45651,-0.03349375,-17.974106,0.9732808501763182,1.0,0.0
PH4alphaMP,-0.03349375,-18.386667,0.9732808501763182,1.0,0.0
CG3610,-0.03349375,-18.710577,0.9732808501763182,1.0,0.0
CG5715,-0.03349375,-18.119833,0.9732808501763182,1.0,0.0
CG18540,-0.03349375,-17.658648,0.9732808501763182,1.0,0.0
Jon65Aiv,-0.03349375,-19.243034,0.9732808501763182,1.0,0.0
mir-4946,-0.03349375,-18.099098,0.9732808501763182,1.0,0.0
lncRNA:CR44602,-0.03349375,-17.999352,0.9732808501763182,1.0,0.0
eIF4E4,-0.03349375,-18.405083,0.9732808501763182,1.0,0.0
Mst87F,-0.03349375,-18.393637,0.9732808501763182,1.0,0.0
lncRNA:CR43918,-0.03349375,-17.954462,0.9732808501763182,1.0,0.0
lncRNA:CR44395,-0.03349375,-17.880869,0.9732808501763182,1.0,0.0
Ir21a,-0.03349375,-18.08596,0.9732808501763182,1.0,0.0
CG17672,-0.03349375,-18.735096,0.9732808501763182,1.0,0.0
Vha36-2,-0.03349375,-18.064228,0.9732808501763182,1.0,0.0
CG14280,-0.03349375,-17.819626,0.9732808501763182,1.0,0.0
Fbp1,-0.03349375,-18.635763,0.9732808501763182,1.0,0.0
CG13362,-0.03349375,-18.406935,0.9732808501763182,1.0,0.0
lncRNA:CR44710,-0.03349375,-17.965874,0.9732808501763182,1.0,0.0
Alp5,-0.03349375,-18.772799,0.9732808501763182,1.0,0.0
CG32450,-0.03349375,-18.316217,0.9732808501763182,1.0,0.0
CG11257,-0.03351243,-0.0561907,0.9732659561261943,1.0,0.009301884106117413
rudhira,-0.03356051,0.06540745,0.9732276119123995,1.0,0.6564947083669498
CG33107,-0.0338061,-0.02216819,0.9730317721841234,1.0,0.0692895448720991
Krn,-0.033903062,-0.067612976,0.9729544507967074,1.0,0.01428503630582317
IRSp53,-0.0340501,-0.13421756,0.9728372016370547,1.0,0.010583266100327464
CG11836,-0.034057252,-0.061302412,0.9728314976388351,1.0,0.004318731906411656
Spt,-0.034368407,-0.20688626,0.9725833750652149,1.0,0.004508566275924256
lncRNA:CR44347,-0.034696653,-0.09157923,0.972321629224164,1.0,0.009206966921361113
lncRNA:CR44603,-0.034783684,-0.037677675,0.9722522322178925,1.0,0.00840017085093256
dnk,-0.035814516,-0.047200643,0.9714302582322873,1.0,0.03606853020739405
Dtg,-0.03587333,-0.25637695,0.9713833616256526,1.0,0.003559394428361255
Kyat,-0.0359695,-0.0744766,0.9713066795496662,1.0,0.04513312135162071
Ret,-0.03606249,-0.12871554,0.9712325326705786,1.0,0.0032746428740923544
CG32026,-0.036502004,-0.27096748,0.9708820811391673,1.0,0.003227184281714204
Tmem70,-0.0369745,-0.04500188,0.9705053361726238,1.0,0.06430639267239334
run,-0.037124317,-0.13526042,0.9703858818218459,1.0,0.01551895970765507
CG31674,-0.037144586,-0.24503206,0.9703697222656699,1.0,0.002705139765554554
Xpd,-0.03716565,-0.002935708,0.9703529290142986,1.0,0.006976413079588059
CG3704,-0.03722446,-0.08312583,0.9703060347216084,1.0,0.03113283660006644
CG43845,-0.037287645,-0.00049282156,0.9702556551566996,1.0,0.019790233021688575
Bckdha,-0.03756582,-0.427568,0.9700338597443338,1.0,0.0026102225807982534
CycK,-0.03775657,-0.069278434,0.9698817728000749,1.0,0.09667315267429168
asRNA:CR45135,-0.037900425,-0.17426841,0.9697670746205012,1.0,0.002230553841773053
CG44437,-0.038302585,-0.24668837,0.9694464299962744,1.0,0.002040719472260453
CG11619,-0.038345505,-0.1580391,0.9694122112955201,1.0,0.0019458022875041526
bip1,-0.038366962,-0.038070347,0.969395101966257,1.0,0.02059702909211713
CG15914,-0.038452003,-0.2516963,0.9693272984666692,1.0,0.0019458022875041526
Dbp45A,-0.03852433,-0.036312714,0.9692696339825886,1.0,0.03635328176166295
asRNA:CR45185,-0.038527507,-0.36048734,0.9692670992836758,1.0,0.0019458022875041526
CG1172,-0.038784225,-0.075516894,0.9690624233734384,1.0,0.06013003654311613
CG2772,-0.038820785,-0.095388845,0.9690332746476593,1.0,0.0016610507332352523
SH3PX1,-0.03934693,-0.1006178,0.9686137910646475,1.0,0.025864932846091784
CG14445,-0.039347723,-0.42644736,0.9686131574101857,1.0,0.001471216363722652
asRNA:CR45350,-0.039406538,-0.4555925,0.9685662670350312,1.0,0.0014237577713445018
CG17122,-0.039521784,-0.3486198,0.968474387561129,1.0,0.0013288405865882018
CG34141,-0.03989533,-0.7669873,0.9681765742182217,1.0,0.0011864648094537516
asRNA:CR45928,-0.03991361,-0.40493816,0.968162000487353,1.0,0.0010915476246974515
CG9372,-0.03998196,-0.717244,0.9681075075009654,1.0,0.0011390062170756016
Art2,-0.04006621,-0.22727373,0.968040341931968,1.0,0.0009966304399411513
lncRNA:CR45030,-0.04013138,-0.19440943,0.9679883838171148,1.0,0.0009491718475630013
CG15322,-0.040180657,-0.40598148,0.9679490985034082,1.0,0.0009491718475630013
asRNA:CR45873,-0.04023232,-0.5859216,0.9679079123709471,1.0,0.0009491718475630013
CG13484,-0.040312987,-0.07744317,0.9678435988122711,1.0,0.0391533387119738
CG7789,-0.040347163,-0.04994721,0.9678163527371605,1.0,0.0759337478050401
lncRNA:CR44017,-0.040361073,-0.518014,0.9678052642289745,1.0,0.0008542546628067012
CG1698,-0.040386505,-0.69256353,0.9677849881158198,1.0,0.0008542546628067012
CG33098,-0.040440552,-0.51237136,0.9677419014445331,1.0,0.000806796070428551
asRNA:CR45604,-0.040446114,-0.4964657,0.9677374660572445,1.0,0.000806796070428551
CG8483,-0.040477112,-0.71176445,0.967712754632054,1.0,0.000806796070428551
CG43673,-0.040493403,-0.3039732,0.967699765305602,1.0,0.000759337478050401
CG42566,-0.040552616,-0.8415902,0.9676525602645869,1.0,0.000759337478050401
vret,-0.040581226,-0.44664234,0.9676297498155781,1.0,0.0007118788856722509
BomS5,-0.04062176,-0.42291266,0.9675974350581583,1.0,0.0007118788856722509
CG14556,-0.04065276,-0.23354019,0.9675727238089715,1.0,0.0006644202932941009
CG42633,-0.040667064,-0.43697524,0.96756131862754,1.0,0.0006644202932941009
asRNA:CR43875,-0.040702034,-0.6703954,0.9675334393230908,1.0,0.0006644202932941009
lncRNA:CR44717,-0.040824432,-0.3067231,0.9674358620702417,1.0,0.0005695031085378008
NimB3,-0.040861785,-0.7652833,0.9674060820966086,1.0,0.0005695031085378008
lncRNA:CR44544,-0.040862978,-0.7203505,0.9674051316726664,1.0,0.0005695031085378008
CG45067,-0.040868938,-0.77737325,0.9674003795536503,1.0,0.0005695031085378008
CG6220,-0.04087212,-0.8479327,0.9673978450906484,1.0,0.0005695031085378008
lncRNA:CR45918,-0.04090669,-0.11021822,0.9673702828267725,1.0,0.005267903753974657
CycH,-0.040930137,-0.018682564,0.9673515911987369,1.0,0.005030610792083907
CAH13,-0.04093252,-0.5971752,0.9673496903562125,1.0,0.0005220445161596507
lncRNA:acal,-0.040947624,-0.63962823,0.9673376516912,1.0,0.0005220445161596507
mcw,-0.040953983,-0.75053424,0.9673325827818426,1.0,0.0005220445161596507
lncRNA:CR45327,-0.04096908,-0.8668791,0.9673205441274093,1.0,0.0005220445161596507
CG8888,-0.041000873,-0.42196846,0.9672951996161085,1.0,0.00047458592378150065
CG8478,-0.04101677,-0.6153167,0.967282527372845,1.0,0.00047458592378150065
lncRNA:CR45284,-0.04107876,-0.25615245,0.9672331057030916,1.0,0.0004271273314033506
COX7CL,-0.04108353,-0.38835683,0.9672293040413982,1.0,0.0004271273314033506
CG32313,-0.04109784,-0.56422293,0.9672178990607868,1.0,0.0004271273314033506
CG2652,-0.041099425,-0.60547346,0.9672166318411327,1.0,0.0004271273314033506
CG10918,-0.041100223,-0.6468961,0.9672159982313367,1.0,0.0004271273314033506
CG14490,-0.041100223,-0.6263316,0.9672159982313367,1.0,0.0004271273314033506
Xkr,-0.041107375,-0.87695676,0.9672102957441043,1.0,0.0004271273314033506
lncRNA:CR43855,-0.041177314,0.07513164,0.967154538179562,1.0,0.0003796687390252005
CG30062,-0.041185264,-0.6151586,0.9671482021028377,1.0,0.0003796687390252005
GNBP1,-0.041190825,-0.7289059,0.9671437668503648,1.0,0.0003796687390252005
CG13693,-0.041209903,-1.4111162,0.9671285602781748,1.0,0.0003796687390252005
snoRNA:Psi18S-531,-0.04121944,-1.4327345,0.967120956996562,1.0,0.0003796687390252005
nxf2,-0.041265536,-0.6895443,0.9670842078442498,1.0,0.00033221014664705045
Hsp70Aa,-0.04126951,-0.762696,0.9670810398171498,1.0,0.00033221014664705045
lncRNA:CR46148,-0.04127984,-1.0133097,0.9670728029491217,1.0,0.00033221014664705045
Myo61F,-0.04128064,-1.0260952,0.9670721693440342,1.0,0.00033221014664705045
CG43068,-0.041281432,-1.035321,0.9670715357389675,1.0,0.00033221014664705045
CG8219,-0.041289378,-1.0844945,0.9670651996894446,1.0,0.00033221014664705045
Ktl,-0.04129216,-0.06640985,0.9670629820726027,1.0,0.3343457833040672
Mob3,-0.041310042,-0.022367142,0.9670487259704166,1.0,0.08262540933035926
CG13559,-0.04136091,-1.1015387,0.9670081753373513,1.0,0.0002847515542689004
snoRNA:Psi28S-3305a,-0.04136091,-1.1836203,0.9670081753373513,1.0,0.0002847515542689004
CG1494,-0.041363295,-1.1657296,0.9670062745285188,1.0,0.0002847515542689004
Nepl4,-0.041364886,-1.2163408,0.9670050073227346,1.0,0.0002847515542689004
lectin-46Ca,-0.041364886,-1.2015392,0.9670050073227346,1.0,0.0002847515542689004
asRNA:CR45797,-0.041364886,-1.1488225,0.9670050073227346,1.0,0.0002847515542689004
Pen,-0.04136727,-1.227578,0.9670031065142146,1.0,0.0002847515542689004
snoRNA:gcl-a,-0.04143085,-0.48962677,0.9669524183562083,1.0,0.00023729296189075032
CG3557,-0.041435618,-0.7329547,0.9669486167497381,1.0,0.00023729296189075032
lncRNA:CR43956,-0.04143721,-0.8922906,0.9669473495477483,1.0,0.00023729296189075032
btl,-0.041442774,-1.1149473,0.9669429143414412,1.0,0.00023729296189075032
CG33655,-0.04144516,-1.0190787,0.9669410135390513,1.0,0.00023729296189075032
CG30110,-0.04144913,-1.3899744,0.9669378455354853,1.0,0.00023729296189075032
lncRNA:CR45245,-0.041451514,-1.414449,0.9669359447335963,1.0,0.00023729296189075032
CG10041,-0.041520663,-0.7895121,0.9668808215605791,1.0,0.00018983436951260026
lncRNA:CR46061,-0.041523047,-1.0983002,0.9668789207643307,1.0,0.00018983436951260026
ppk30,-0.04152384,-1.0867745,0.966878287165623,1.0,0.00018983436951260026
Rpn12R,-0.041526224,-0.97998995,0.9668763863696256,1.0,0.00018983436951260026
pip,-0.04160491,-0.77759206,0.9668136602073556,1.0,0.0001423757771344502
CG18449,-0.04160491,-0.8340546,0.9668136602073556,1.0,0.0001423757771344502
CG14356,-0.041610472,-1.2562127,0.9668092250319331,1.0,0.0001423757771344502
yellow-f2,-0.041612063,-1.448373,0.9668079578391439,1.0,0.0001423757771344502
CG33127,-0.04161365,-1.469101,0.9668066906464384,1.0,0.0001423757771344502
lncRNA:CR45431,-0.04161365,-1.5345597,0.9668066906464384,1.0,0.0001423757771344502
Tppl,-0.041614447,-1.6222174,0.9668060570501171,1.0,0.0001423757771344502
Nepl13,-0.04161524,-1.748995,0.9668054234538167,1.0,0.0001423757771344502
lncRNA:CR42868,-0.04161524,-1.4943212,0.9668054234538167,1.0,0.0001423757771344502
Dmel_CG12688,-0.04161842,-1.9426402,0.9668028890688249,1.0,0.0001423757771344502
mim,-0.04166571,-0.10733111,0.9667651901316778,1.0,0.14792843244269374
CG2150,-0.041693926,-1.4895364,0.966742697523881,1.0,9.491718475630013e-05
CG33641,-0.041693926,-1.3088871,0.966742697523881,1.0,9.491718475630013e-05
CG8008,-0.041695513,-1.7348356,0.9667414303354965,1.0,9.491718475630013e-05
CG18537,-0.041697104,-2.0485551,0.966740163147196,1.0,9.491718475630013e-05
lncRNA:CR46073,-0.041699488,-2.1990476,0.9667382623649028,1.0,9.491718475630013e-05
lncRNA:CR44348,-0.041699488,-2.2708967,0.9667382623649028,1.0,9.491718475630013e-05
jhamt,-0.041699488,-2.1554117,0.9667382623649028,1.0,9.491718475630013e-05
lncRNA:CR46208,-0.04170028,-2.2098615,0.966737628770847,1.0,9.491718475630013e-05
Grl36b,-0.041780554,-1.9048823,0.96667363587945,1.0,4.7458592378150065e-05
asRNA:CR45970,-0.04178135,-2.429127,0.9666730022875383,1.0,4.7458592378150065e-05
snoRNA:Psi28S-1135b,-0.04178135,-2.636433,0.9666730022875383,1.0,4.7458592378150065e-05
mir-4975,-0.04178135,-2.4655876,0.9666730022875383,1.0,4.7458592378150065e-05
CG15239,-0.041782144,-2.6038442,0.9666723686956474,1.0,4.7458592378150065e-05
Gr33a,-0.041782144,-2.4684446,0.9666723686956474,1.0,4.7458592378150065e-05
dib,-0.041782144,-2.7378278,0.9666723686956474,1.0,4.7458592378150065e-05
asRNA:CR44115,-0.041782144,-2.5438685,0.9666723686956474,1.0,4.7458592378150065e-05
lncRNA:CR45224,-0.041782144,-2.7584195,0.9666723686956474,1.0,4.7458592378150065e-05
Obp56d,-0.04178294,-2.9107811,0.9666717351037778,1.0,4.7458592378150065e-05
lncRNA:CR45791,-0.04178294,-3.1563303,0.9666717351037778,1.0,4.7458592378150065e-05
CG5781,-0.04178294,-3.0785677,0.9666717351037778,1.0,4.7458592378150065e-05
asRNA:CR45056,-0.04178294,-3.2699718,0.9666717351037778,1.0,4.7458592378150065e-05
CG9289,-0.04178294,-2.5128577,0.9666717351037778,1.0,4.7458592378150065e-05
lncRNA:CR44151,-0.041783735,-3.4041922,0.966671101511929,1.0,4.7458592378150065e-05
conv,-0.041783735,-2.979917,0.966671101511929,1.0,4.7458592378150065e-05
CG34043,-0.041783735,-3.1356442,0.966671101511929,1.0,4.7458592378150065e-05
snoRNA:Psi28S-2562,-0.041783735,-2.9953277,0.966671101511929,1.0,4.7458592378150065e-05
betaNACtes3,-0.04178453,-3.8819888,0.9666704679201015,1.0,4.7458592378150065e-05
Sgs7,-0.04178453,-3.5714083,0.9666704679201015,1.0,4.7458592378150065e-05
CG17199,-0.041867185,-19.054998,0.9666045744849877,1.0,0.0
lncRNA:CR46007,-0.041867185,-18.925552,0.9666045744849877,1.0,0.0
CG10339,-0.041867185,-18.616385,0.9666045744849877,1.0,0.0
CG8708,-0.041867185,-18.47771,0.9666045744849877,1.0,0.0
CG42367,-0.041867185,-18.746357,0.9666045744849877,1.0,0.0
snoRNA:Psi28S-2648,-0.041867185,-18.20538,0.9666045744849877,1.0,0.0
CG31862,-0.041867185,-19.036379,0.9666045744849877,1.0,0.0
CG18536,-0.041867185,-18.579042,0.9666045744849877,1.0,0.0
Mal-B1,-0.041867185,-18.564459,0.9666045744849877,1.0,0.0
CG42714,-0.041867185,-18.933905,0.9666045744849877,1.0,0.0
Mlh1,-0.041951433,0.011330582,0.9665374141030851,1.0,0.004366190498789806
imd,-0.041955806,-0.11220632,0.9665339293727617,1.0,0.024203882112856533
mus81,-0.04224431,-0.24814534,0.9663039385876635,1.0,0.004840776422571307
alphaTub67C,-0.04239731,0.060378056,0.966181974913543,1.0,0.0040339803521427554
EMC2B,-0.04254116,-0.068954915,0.966067298102588,1.0,0.06307246927056144
mats,-0.042636935,-0.0866227,0.9659909528798614,1.0,0.08623226235109867
CG14803,-0.042809006,-0.16590138,0.9658537856907699,1.0,0.004271273314033506
CG15435,-0.043046646,-0.07985513,0.9656643509116164,1.0,0.008969673959470362
CG31441,-0.0438001,-0.17148632,0.9650637478194476,1.0,0.009159508328982963
betaTub65B,-0.0438307,0.0036531938,0.9650393566546895,1.0,0.0034170186512268047
Targ3,-0.043943558,-0.011100555,0.9649493947196333,1.0,0.0033221014664705046
defl,-0.043998,-0.19384557,0.9649059977484432,1.0,0.003654311613117555
Ada2b,-0.044106092,-0.08754099,0.9648198376466862,1.0,0.0353566513217218
Drice,-0.044471294,-0.19965047,0.9645287335825095,1.0,0.009301884106117413
alphaSnap,-0.04449951,0.09202426,0.9645062436932724,1.0,0.6779459921218737
Gfr,-0.044800334,-0.21397449,0.9642664588868137,1.0,0.009159508328982963
lncRNA:CR45128,-0.045130566,-0.084601305,0.9640032378077449,1.0,0.0027525983579327036
Pop4,-0.04519693,-0.20367342,0.9639503406626437,1.0,0.008542546628067011
lncRNA:CR44993,-0.04561459,-0.2918077,0.963617440723582,1.0,0.002705139765554554
CG3919,-0.045745727,-0.24236096,0.9635129158827243,1.0,0.0025627639884201036
Tsp29Fb,-0.045752883,-0.11361445,0.9635072145457863,1.0,0.0025153053960419534
Cyp305a1,-0.045854613,-0.2487613,0.963426129067006,1.0,0.0025153053960419534
Mf,-0.046041787,-0.22627255,0.9632769454444329,1.0,0.002372929618907503
Vps13B,-0.046216637,-0.20984916,0.9631375818628497,1.0,0.016230838593327322
CG31300,-0.04641414,-0.4132517,0.9629801657174604,1.0,0.0023254710265293533
IntS14,-0.046604093,-0.07715773,0.9628287688543752,1.0,0.017132551848512173
Rcd7,-0.046679996,-0.2386032,0.9627682738295691,1.0,0.0019932608798823026
mthl5,-0.04668278,-0.3304515,0.9627660567384886,1.0,0.002040719472260453
mTerf3,-0.046838954,-0.044957433,0.962641583373022,1.0,0.0391533387119738
Miga,-0.046863988,-0.03800264,0.9626216297120145,1.0,0.0789710977172417
CG32110,-0.046965722,-0.47843775,0.9625405484098504,1.0,0.0019458022875041526
aft,-0.046966515,-0.13086063,0.9625399149637013,1.0,0.006834037302453609
Cyp28c1,-0.047054738,-0.33868313,0.9624696025882171,1.0,0.0018508851027478526
asRNA:CR45214,-0.047295954,-0.38651565,0.9622773535757814,1.0,0.0017085093256134023
Pbp45,-0.047485508,-0.3675121,0.9621262796958641,1.0,0.001566133548478952
CG6951,-0.047568165,-0.2156457,0.9620604030416006,1.0,0.006739120117697309
Blos4,-0.047568962,-0.067328766,0.9620597696134892,1.0,0.027478524986948888
Dmel_CG14117,-0.047576513,-0.34737262,0.9620537520476254,1.0,0.001518674956100802
lncRNA:CR44565,-0.047611084,-0.1297489,0.9620261979578651,1.0,0.0014237577713445018
Ada1-2,-0.04762261,-0.42605227,0.9620170132713558,1.0,0.001518674956100802
nis,-0.047661155,-0.35836086,0.9619862921151833,1.0,0.001471216363722652
Naxd,-0.04772156,0.019366454,0.9619381518602825,1.0,0.02956670305158749
Drs,-0.047784746,-0.4865429,0.9618877947684612,1.0,0.0014237577713445018
CG7924,-0.047942907,-0.54335225,0.9617617443503347,1.0,0.0013288405865882018
CG10165,-0.04802914,-0.55456644,0.9616930187710226,1.0,0.0012813819942100518
pim,-0.048233002,-0.42212978,0.9615305488338146,1.0,0.0011390062170756016
ver,-0.048250884,-0.04086195,0.9615162971610527,1.0,0.0055526553082435575
CG31415,-0.048264,-0.5251306,0.9615058459421759,1.0,0.0011390062170756016
CG44815,-0.048356593,-0.5264462,0.9614320541911723,1.0,0.0010915476246974515
RYa-R,-0.048377257,-0.094838284,0.9614155856909582,1.0,0.005695031085378007
CG13875,-0.048382025,-0.4024376,0.9614117852701696,1.0,0.0010440890323193013
Rcd6,-0.04842057,-0.5178706,0.9613810652343259,1.0,0.0010440890323193013
Rep,-0.048429314,-0.09854482,0.9613740978114913,1.0,0.021736035309192728
CG8701,-0.04844322,-0.2796969,0.9613630132812436,1.0,0.0009966304399411513
naz,-0.04846031,-0.1201701,0.9613493951543066,1.0,0.005837406862512458
mus201,-0.048471835,-0.10312561,0.9613402108425069,1.0,0.04252289877082246
sud1,-0.048532236,-0.23109971,0.9612920724646049,1.0,0.0061221584167813585
link,-0.048543364,-0.37251318,0.9612832048840624,1.0,0.0009491718475630013
lncRNA:CR45380,-0.048625227,-0.40729687,0.9612179649745334,1.0,0.0009017132551848512
bisc,-0.048643507,-0.038744435,0.9612033968748498,1.0,0.039817759005267905
asRNA:CR45208,-0.048686028,-0.29556385,0.9611695102583139,1.0,0.0008542546628067012
CG42807,-0.048730537,-0.5659646,0.9611340402301698,1.0,0.0008542546628067012
lncRNA:CR43146,-0.04887121,-0.38258138,0.9610219301116826,1.0,0.000759337478050401
CG4186,-0.048877172,-0.051115178,0.961017179699939,1.0,0.03654311613117555
CG15043,-0.04888393,-0.47588313,0.9610117959016362,1.0,0.000759337478050401
Jhbp14,-0.04889744,-0.5516729,0.9610010283103647,1.0,0.000759337478050401
CG34112,-0.048899826,-0.61109614,0.9609991281479375,1.0,0.000759337478050401
CG13085,-0.04906673,-0.6916946,0.9608661173291994,1.0,0.0006644202932941009
CG14448,-0.049092956,-0.97885764,0.9608452157280533,1.0,0.0006644202932941009
rtv,-0.049123555,-0.5285645,0.960820830560732,1.0,0.0006169617009159508
CG14341,-0.049186345,-0.07632784,0.9607707935789485,1.0,0.06293009349342699
CG7460,-0.049220916,-0.6270489,0.9607432416359499,1.0,0.0005695031085378008
Ag5r2,-0.049242377,-0.7813355,0.9607261404535309,1.0,0.0005695031085378008
CG43232,-0.049398948,-0.9028481,0.9606013657070166,1.0,0.00047458592378150065
lncRNA:CR45996,-0.049462136,-0.5987354,0.9605510127195068,1.0,0.0004271273314033506
asRNA:CR44047,-0.049482003,-0.9484384,0.9605351784792197,1.0,0.0004271273314033506
lncRNA:CR44973,-0.04950108,-1.113214,0.9605199776231902,1.0,0.0004271273314033506
asRNA:CR45831,-0.049516976,-1.479103,0.9605073102541296,1.0,0.0004271273314033506
lncRNA:CR45010,-0.049552344,-0.565329,0.9604791253937468,1.0,0.0003796687390252005
asRNA:CR46136,-0.04957221,-1.065598,0.9604632912241884,1.0,0.0003796687390252005
CG14183,-0.049606785,-0.19030848,0.960435739806339,1.0,0.011722272317403066
barc,-0.04961553,-0.07115751,0.9604287727886197,1.0,0.2642969009539177
Acp53C14c,-0.049652882,-1.0388049,0.9603990046560491,1.0,0.00033221014664705045
CG6800,-0.04965606,-1.1207947,0.9603964712005069,1.0,0.00033221014664705045
CG32192,-0.049658448,-1.2635887,0.9603945711091126,1.0,0.00033221014664705045
Marf1,-0.04965924,-1.3446795,0.9603939377453645,1.0,0.00033221014664705045
CG42393,-0.049721632,-0.75337464,0.9603442187691749,1.0,0.0002847515542689004
Su(Ste):CR42418,-0.049721632,-0.72314674,0.9603442187691749,1.0,0.0002847515542689004
asRNA:CR44599,-0.049725603,-0.9358264,0.9603410519606277,1.0,0.0002847515542689004
asRNA:CR30267,-0.049740706,-1.3594711,0.9603290180938556,1.0,0.0002847515542689004
lncRNA:CR43314,-0.049813427,-1.0289758,0.9602710656515561,1.0,0.00023729296189075032
bcd,-0.04982058,-1.5353372,0.9602653654226652,1.0,0.00023729296189075032
asRNA:CR45481,-0.04982217,-1.4848429,0.9602640987054096,1.0,0.00023729296189075032
Unc-115b,-0.049822967,-1.375251,0.9602634653468196,1.0,0.00023729296189075032
snoRNA:Psi18S-920,-0.04982535,-1.4853173,0.9602615652711998,1.0,0.00023729296189075032
Cyp303a1,-0.049898867,-1.2536032,0.960202979717088,1.0,0.00018983436951260026
CG43445,-0.049909994,-1.8280933,0.9601941127330212,1.0,0.00018983436951260026
Fadd,-0.049914762,-0.07199947,0.9601903125985001,1.0,0.009539177068008163
CG34303,-0.049985103,-1.6784549,0.9601342607194259,1.0,0.0001423757771344502
Nepl6,-0.049989074,-1.8390379,0.9601310939524756,1.0,0.0001423757771344502
CG15198,-0.05006736,-1.7733462,0.9600687087718882,1.0,9.491718475630013e-05
CG42246,-0.05006736,-1.3939067,0.9600687087718882,1.0,9.491718475630013e-05
CG11449,-0.050068952,-1.7782695,0.9600674420702455,1.0,9.491718475630013e-05
CG1273,-0.05007054,-2.3157666,0.9600661753687035,1.0,9.491718475630013e-05
Kaz-m1,-0.050071336,-1.9482547,0.9600655420179703,1.0,9.491718475630013e-05
lncRNA:CR45179,-0.050071336,-2.1733892,0.9600655420179703,1.0,9.491718475630013e-05
TpnC25D,-0.050072923,-2.3820462,0.9600642753165796,1.0,9.491718475630013e-05
lncRNA:CR30121,-0.05007372,-2.5777647,0.960063641965922,1.0,9.491718475630013e-05
CG14143,-0.050153594,-2.7652445,0.9599999903534644,1.0,4.7458592378150065e-05
lncRNA:CR44419,-0.050153594,-2.467434,0.9599999903534644,1.0,4.7458592378150065e-05
CG5681,-0.050153594,-2.2551506,0.9599999903534644,1.0,4.7458592378150065e-05
CG33552,-0.05015439,-2.512728,0.9599993570053672,1.0,4.7458592378150065e-05
lncRNA:CR43406,-0.05015439,-2.593467,0.9599993570053672,1.0,4.7458592378150065e-05
Act57B,-0.05015439,-2.8983192,0.9599993570053672,1.0,4.7458592378150065e-05
asRNA:Eig63F-2,-0.050155185,-2.6097088,0.9599987236572953,1.0,4.7458592378150065e-05
clumsy,-0.05015598,-3.036186,0.9599980903092488,1.0,4.7458592378150065e-05
Hsp70Bbb,-0.050156776,-3.166983,0.9599974569612274,1.0,4.7458592378150065e-05
CG32679,-0.05015757,-3.362752,0.9599968236132312,1.0,4.7458592378150065e-05
CG42816,-0.05015757,-3.6270962,0.9599968236132312,1.0,4.7458592378150065e-05
CG15147,-0.050158363,-3.8284864,0.9599961902652604,1.0,4.7458592378150065e-05
lncRNA:CR44775,-0.050158363,-3.8662252,0.9599961902652604,1.0,4.7458592378150065e-05
CG14265,-0.050240625,-18.937605,0.9599306388868876,1.0,0.0
CG3517,-0.050240625,-19.02628,0.9599306388868876,1.0,0.0
Sprn,-0.050240625,-19.091978,0.9599306388868876,1.0,0.0
CG12783,-0.050240625,-18.867556,0.9599306388868876,1.0,0.0
asRNA:CR45129,-0.050240625,-19.037636,0.9599306388868876,1.0,0.0
lncRNA:CR44826,-0.050240625,-19.305756,0.9599306388868876,1.0,0.0
CG10801,-0.050240625,-18.757332,0.9599306388868876,1.0,0.0
Ada3,-0.05077154,-0.061720733,0.9595075698600891,1.0,0.040719472260452756
CG3358,-0.05089473,-0.10146529,0.9594094042714792,1.0,0.03179725689336054
lncRNA:CR46117,-0.05110058,-0.20234165,0.9592453741137512,1.0,0.004508566275924256
ple,-0.051245626,-0.12606451,0.9591297940538833,1.0,0.03013620616012529
CG5446,-0.051794425,-0.05645966,0.9586924975674266,1.0,0.1388638412984671
CG15514,-0.05192199,-0.02613338,0.9585908540336849,1.0,0.10241564235204784
CG3045,-0.05327312,-0.122031674,0.9575142975094407,1.0,0.00802050211190736
Atg6,-0.053424127,-0.03971561,0.9573939812641874,1.0,0.04238052299368801
CG30414,-0.053782973,-0.23916511,0.9571080757697483,1.0,0.002800056950310854
Alms1a,-0.054081813,-0.13524203,0.9568699837091253,1.0,0.013430781643016467
Tsp42Ep,-0.05424315,-0.34631085,0.9567414409235306,1.0,0.0025627639884201036
CG11700,-0.05424951,-0.32522476,0.9567363752210083,1.0,0.0025153053960419534
CycC,-0.055044293,-0.07252989,0.9561031762323682,1.0,0.038583835603436
CG6891,-0.055044293,-0.17780866,0.9561031762323682,1.0,0.0019932608798823026
CG6785,-0.055047076,-0.24347462,0.9561009600843213,1.0,0.0019932608798823026
MRG15,-0.05523027,-0.11491929,0.9559550116537062,1.0,0.057187603815670826
obst-A,-0.055461157,-0.012013886,0.9557710744123238,1.0,0.0016610507332352523
lncRNA:CR43859,-0.055606604,-0.31658742,0.9556552046564574,1.0,0.0017085093256134023
CG13337,-0.055678133,-0.13414662,0.9555982198742392,1.0,0.02932941008969674
Teh3,-0.055832323,-0.13746595,0.9554753867825878,1.0,0.012386692610697166
lncRNA:CR44129,-0.055969022,-0.40620786,0.9553664841010548,1.0,0.001518674956100802
CG17028,-0.05602307,-0.5192685,0.9553234297822528,1.0,0.001518674956100802
CG1092,-0.05609778,-0.50976866,0.955263913732705,1.0,0.001471216363722652
lncRNA:CR45821,-0.056196332,-0.4258238,0.9551854035808598,1.0,0.0013762991789663518
Cpr51A,-0.0562619,-0.6065068,0.9551331692448618,1.0,0.0013762991789663518
CG12075,-0.056317933,-0.25431192,0.9550885327831464,1.0,0.0012813819942100518
ssp2,-0.05632906,-0.5546459,0.9550796688216919,1.0,0.0013288405865882018
CG45081,-0.056397412,-0.3566893,0.9550252188946831,1.0,0.0012339234018319016
asRNA:CR45121,-0.056433972,-0.3881775,0.9549960946012644,1.0,0.0012339234018319016
Gr32a,-0.05658657,-0.19672556,0.954874532982361,1.0,0.0010915476246974515
CG42810,-0.056759834,-0.40573263,0.9547365111669088,1.0,0.0010440890323193013
prod,-0.056777317,-0.07153849,0.954722582435178,1.0,0.07284893930046035
lncRNA:CR46124,-0.056964092,-0.76755136,0.9545737991189278,1.0,0.0009491718475630013
CG43779,-0.056964885,-0.68310195,0.9545731660018117,1.0,0.0009491718475630013
CG42733,-0.057041187,-0.6281043,0.954512386892193,1.0,0.0009017132551848512
RabX6,-0.05713338,-0.05664924,0.9544389458210286,1.0,0.04465853542783921
Cyp6a14,-0.057197757,-0.6636838,0.9543876639230845,1.0,0.000806796070428551
CG8509,-0.057428245,-0.6079852,0.9542040636160156,1.0,0.0006644202932941009
PIG-N,-0.057454076,-0.029542178,0.9541834878707907,1.0,0.0051729865692183566
up,-0.057504147,-0.71759546,0.9541436026670264,1.0,0.0006169617009159508
Tbce,-0.057600316,-0.0809683,0.9540669980740463,1.0,0.0750794931422334
phu,-0.057653964,-1.0913013,0.9540242642912283,1.0,0.0005695031085378008
CG16710,-0.057662707,-0.67586803,0.9540173002798834,1.0,0.0005220445161596507
CG9676,-0.057667475,-0.61275214,0.9540135017297204,1.0,0.0005220445161596507
CG4594,-0.05767622,-0.824732,0.9540065377238014,1.0,0.0005220445161596507
CG30056,-0.05768337,-0.7750919,0.9540008399033887,1.0,0.0005220445161596507
CG13133,-0.057696085,-0.95597506,0.9539907104506822,1.0,0.0005220445161596507
dmrt11E,-0.057843123,-0.7612666,0.9538735891939378,1.0,0.0004271273314033506
lncRNA:CR46250,-0.057845507,-0.85408884,0.9538716899385156,1.0,0.0004271273314033506
lncRNA:CR44514,-0.05785862,-1.0605537,0.9538612440383762,1.0,0.0004271273314033506
snoRNA:CD71,-0.057934523,-0.9547396,0.9538007845902889,1.0,0.0003796687390252005
asRNA:CR43806,-0.057943266,-1.2256198,0.9537938206918708,1.0,0.0003796687390252005
CG14811,-0.057953596,-1.1145867,0.9537855906346521,1.0,0.0003796687390252005
CG5612,-0.05803546,-1.414033,0.9537203834325003,1.0,0.00033221014664705045
CG9514,-0.058038637,-1.5105021,0.9537178511202163,1.0,0.00033221014664705045
lncRNA:CR45877,-0.058089506,-0.7305986,0.9536773341872358,1.0,0.0002847515542689004
asRNA:CR43842,-0.058104604,-1.2094315,0.9536653057457989,1.0,0.0002847515542689004
snoRNA:Psi18S-1377d,-0.058191236,-1.2386464,0.9535963006805352,1.0,0.00023729296189075032
CG2898,-0.058192827,-1.6053803,0.9535950345357972,1.0,0.00023729296189075032
Nepl18,-0.05819362,-1.5659666,0.9535944014634721,1.0,0.00023729296189075032
lncRNA:CR43940,-0.058197595,-1.4990513,0.9535912361022858,1.0,0.00023729296189075032
CG8343,-0.058200773,-1.7241052,0.9535887038138637,1.0,0.00023729296189075032
ppk27,-0.05820157,-1.6565161,0.9535880707418314,1.0,0.00023729296189075032
can,-0.058204748,-1.9221551,0.9535855384539951,1.0,0.00023729296189075032
Hesr,-0.058264356,-1.3317331,0.9535380581438517,1.0,0.00018983436951260026
CG33475,-0.058269124,-1.1773494,0.9535342597261618,1.0,0.00018983436951260026
CG43968,-0.05827469,-1.478728,0.9535298282401908,1.0,0.00018983436951260026
asRNA:CR45518,-0.058277868,-1.6800572,0.9535272959631382,1.0,0.00018983436951260026
yellow-g,-0.058281843,-1.9363066,0.9535241306174822,1.0,0.00018983436951260026
CG34430,-0.058283433,-1.7985694,0.953522864479425,1.0,0.00018983436951260026
CG40813,-0.058283433,-1.9302185,0.953522864479425,1.0,0.00018983436951260026
lncRNA:CR45953,-0.058356553,-1.7559326,0.9534646222556517,1.0,0.0001423757771344502
Tpc2,-0.058360524,-1.9311446,0.9534614569245207,1.0,0.0001423757771344502
spz4,-0.05836132,-1.8073543,0.9534608238583825,1.0,0.0001423757771344502
lncRNA:CR44279,-0.05836291,-2.0823457,0.9534595577261944,1.0,0.0001423757771344502
asRNA:CR45832,-0.058440004,-1.6034497,0.9533981504561277,1.0,9.491718475630013e-05
CG34456,-0.058442388,-2.1504605,0.9533962512666168,1.0,9.491718475630013e-05
snoRNA:Psi28S-3385b,-0.05844398,-2.1425095,0.9533949851404233,1.0,9.491718475630013e-05
snoRNA:CD66,-0.058446363,-2.4319086,0.9533930859513535,1.0,9.491718475630013e-05
CG32107,-0.058446363,-2.7962532,0.9533930859513535,1.0,9.491718475630013e-05
CG4669,-0.05844954,-3.0429418,0.9533905536996722,1.0,9.491718475630013e-05
lncRNA:CR45539,-0.05845113,-2.970331,0.9533892875740079,1.0,9.491718475630013e-05
CG11550,-0.058526635,-2.2638538,0.9533291467405189,1.0,4.7458592378150065e-05
Targ,-0.05852743,-2.862766,0.9533285136805266,1.0,4.7458592378150065e-05
Vm26Ab,-0.058529813,-3.57652,0.9533266145007265,1.0,4.7458592378150065e-05
lncRNA:CR44899,-0.058531404,-4.0591493,0.953325348381007,1.0,4.7458592378150065e-05
CG9673,-0.0585322,-4.103946,0.9533247153211915,1.0,4.7458592378150065e-05
CG11368,-0.058840178,-0.17737763,0.9530794068632908,1.0,0.004698400645436856
CG32532,-0.05888985,-0.11970396,0.9530398413986921,1.0,0.025675098476579186
CG3589,-0.058905747,-0.1047795,0.9530271804744602,1.0,0.01461724645247022
Adi1,-0.059254657,-0.058025725,0.9527492761791704,1.0,0.04494328698210811
ptc,-0.059294,-0.25002006,0.9527179410888361,1.0,0.004650942053058707
jv,-0.059746627,-0.097829044,0.952357434562356,1.0,0.003939063167386455
mof,-0.059910353,-0.095276095,0.9522270342475643,1.0,0.01485453941436097
ldbr,-0.060187336,-0.104288235,0.9520064327456362,1.0,0.003749228797873855
Klp54D,-0.06040908,-0.2100744,0.951829827593308,1.0,0.003796687390252005
Kmn1,-0.060502864,-0.29856333,0.9517551350861118,1.0,0.0038441459826301554
Mms19,-0.06105325,-0.118947834,0.9513167999102856,1.0,0.02149874234730198
CG32638,-0.061526943,-0.13260515,0.9509395586087671,1.0,0.01385790897441982
BomBc3,-0.06194023,-0.14555672,0.9506104308806808,1.0,0.0027525983579327036
CG10747,-0.0623102,-0.050475415,0.9503158054155824,1.0,0.02762090076408334
asRNA:CR43820,-0.062343184,-0.35409173,0.9502895394572999,1.0,0.002705139765554554
Ppt1,-0.062451273,-0.07706499,0.9502034634425642,1.0,0.00711878885672251
CG15877,-0.06261937,-0.062360138,0.9500696037362093,1.0,0.017274927625646624
CG42562,-0.06277952,-0.33349887,0.9499420744045882,1.0,0.0024203882112856533
Shark,-0.06288801,-0.46996933,0.9498556842953213,1.0,0.002467846803663803
CG14089,-0.0631026,-0.17449655,0.9496848044974441,1.0,0.002135636657016753
CG42323,-0.06332196,-0.13085648,0.949510129762402,1.0,0.0019932608798823026
CG6321,-0.06378373,-0.6197003,0.9491424347271655,1.0,0.0019932608798823026
CG43117,-0.0638179,-0.32474563,0.9491152219268196,1.0,0.0018034265103697023
CG34331,-0.06382784,-0.4788525,0.9491073112401778,1.0,0.0018508851027478526
CG43342,-0.06383261,-0.1557927,0.9491035141123714,1.0,0.006739120117697309
insv,-0.06399912,-0.06921228,0.9489709317918386,1.0,0.006169617009159509
CG14797,-0.06410641,-0.39453322,0.9488854976319292,1.0,0.001613592140857102
CG15362,-0.06424709,-0.4096125,0.9487734848460736,1.0,0.001518674956100802
mtg,-0.064422734,-0.32070756,0.94863362849531,1.0,0.0014237577713445018
CG30156,-0.06452884,-0.11072213,0.9485491459005578,1.0,0.011390062170756015
CG12780,-0.06454275,-0.2032613,0.9485380714459798,1.0,0.0013288405865882018
lncRNA:CR45191,-0.06463812,-0.3964424,0.9484621325967998,1.0,0.0013288405865882018
Cht8,-0.06464487,-0.54872245,0.9484567536127294,1.0,0.0013762991789663518
ZnT77C,-0.0646572,-0.473073,0.9484469448831193,1.0,0.0013288405865882018
lncRNA:CR45684,-0.0647625,-0.5154497,0.9483630963844925,1.0,0.0012813819942100518
lncRNA:CR43849,-0.064768866,-0.26524663,0.9483580338519284,1.0,0.0012339234018319016
CG9992,-0.064822115,-0.052483466,0.9483156352235702,1.0,0.0378244981253856
CG17597,-0.06490239,-0.47412792,0.9482517211499947,1.0,0.0011864648094537516
CG12640,-0.064909935,-0.31697825,0.9482457094473298,1.0,0.0011390062170756016
Cpr62Bb,-0.064972326,-0.73131484,0.9481960339117853,1.0,0.0011864648094537516
Gpdh3,-0.06497948,-0.10060582,0.9481903386403185,1.0,0.02211570404821793
CG3437,-0.06504386,-0.039184704,0.9481390813162748,1.0,0.019932608798823026
fzo,-0.065194465,-0.75999683,0.9480191653290791,1.0,0.0010440890323193013
lncRNA:CR44776,-0.065248914,-0.64376014,0.9479758186787126,1.0,0.0009966304399411513
Khk,-0.065260835,-0.67120284,0.9479663267320257,1.0,0.0009966304399411513
mtrm,-0.06536336,-0.45691684,0.9478846962955093,1.0,0.0009017132551848512
pre-rRNA:CR45856,-0.065450385,-0.51159185,0.947815405772805,1.0,0.0008542546628067012
gcm,-0.065530665,-0.8138927,0.9477514943163781,1.0,0.0008542546628067012
CG45676,-0.065542586,-0.27092874,0.9477420025445814,1.0,0.006549285748184709
CG30480,-0.065616496,-0.4558925,0.9476831537250348,1.0,0.000759337478050401
CG15909,-0.06563557,-0.5883931,0.947667966979213,1.0,0.000759337478050401
sofe,-0.0656475,-0.7208355,0.9476584752727294,1.0,0.000759337478050401
CG14662,-0.0657377,-0.73069185,0.9475866549345277,1.0,0.0007118788856722509
CG5157,-0.06587838,-0.64657295,0.9474746540238167,1.0,0.0006169617009159508
asRNA:CR44984,-0.066018656,-1.4007014,0.9473629705334319,1.0,0.0005695031085378008
Acp53Ea,-0.06603495,-0.48887885,0.9473499988635887,1.0,0.0005220445161596507
CG14137,-0.066037335,-0.64036345,0.9473481005716115,1.0,0.0005220445161596507
Osi24,-0.066058,-0.8409999,0.9473316487203304,1.0,0.0005220445161596507
snoRNA:Psi28S-1135e,-0.06610529,-0.5455356,0.9472939993759508,1.0,0.00047458592378150065
lncRNA:CR44834,-0.06616251,-1.2256334,0.9472484406628301,1.0,0.00047458592378150065
CG34309,-0.06621298,-0.77966297,0.9472082605520393,1.0,0.0004271273314033506
CG15695,-0.06622888,-1.066867,0.947195605426834,1.0,0.0004271273314033506
lncRNA:CR44357,-0.0663016,-0.8385378,0.9471377083989698,1.0,0.0003796687390252005
CG12674,-0.06630875,-0.9724611,0.9471320136244183,1.0,0.0003796687390252005
lncRNA:CR42736,-0.06638863,-1.0189408,0.9470684221588133,1.0,0.00033221014664705045
ppk26,-0.066402145,-1.3487087,0.947057665426821,1.0,0.00033221014664705045
lncRNA:CR46131,-0.06641168,-1.5818666,0.9470500724453427,1.0,0.00033221014664705045
lncRNA:CR44444,-0.06646612,-0.954319,0.9470067292681744,1.0,0.0002847515542689004
CG43330,-0.06647646,-1.2938452,0.9469985035734224,1.0,0.0002847515542689004
lncRNA:CR44222,-0.06647884,-1.2502922,0.9469966053369743,1.0,0.0002847515542689004
Sox15,-0.06648599,-1.4711242,0.9469909106294352,1.0,0.0002847515542689004
asRNA:CR45137,-0.06657223,-1.6133438,0.9469222579795392,1.0,0.00023729296189075032
serp,-0.066577785,-1.9854398,0.9469178287898484,1.0,0.00023729296189075032
CG10657,-0.06657938,-1.9524955,0.9469165633073809,1.0,0.00023729296189075032
CG7370,-0.06664336,-1.2898697,0.9468656277492818,1.0,0.00018983436951260026
Cyp4d8,-0.06665051,-1.8623602,0.9468599331041064,1.0,0.00018983436951260026
CG42878,-0.06672642,-1.5164976,0.9467995067587188,1.0,0.0001423757771344502
mir-4978,-0.06672642,-1.5790013,0.9467995067587188,1.0,0.0001423757771344502
CG33643,-0.066731185,-1.5987574,0.9467957103493275,1.0,0.0001423757771344502
CG34431,-0.06682059,-2.6282017,0.9467245278970203,1.0,9.491718475630013e-05
CG31068,-0.06682139,-2.9159424,0.9467238951660171,1.0,9.491718475630013e-05
CG43074,-0.06690047,-2.781586,0.9466609385992701,1.0,4.7458592378150065e-05
nullo,-0.06690445,-3.5196085,0.946657774961486,1.0,4.7458592378150065e-05
IFT20,-0.066906035,-4.4502115,0.9466565095066077,1.0,4.7458592378150065e-05
Bace,-0.0669875,-19.177612,0.9465916551243665,1.0,0.0
Mco4,-0.0669875,-19.45586,0.9465916551243665,1.0,0.0
CG32219,-0.0669875,-19.144478,0.9465916551243665,1.0,0.0
CG9008,-0.067176655,-0.023263548,0.9464410677781213,1.0,0.017607137772293675
CG11590,-0.06733442,-0.100794174,0.946315474332859,1.0,0.026434435954629586
asRNA:CR45161,-0.06751404,-0.16221537,0.9461724829163048,1.0,0.010773100469840065
boil,-0.068391085,-0.15377633,0.9454743175157265,1.0,0.01471216363722652
Mettl3,-0.06840341,-0.15581329,0.9454645112302789,1.0,0.009349342698495562
CG18011,-0.06866529,-0.38643613,0.9452560505389197,1.0,0.004318731906411656
Trmt61,-0.06888186,-0.07339823,0.9450836541641819,1.0,0.003464477243604955
Fkbp14,-0.06902413,-0.3119585,0.9449704117060777,1.0,0.016942717478999572
CheB42c,-0.069071025,-0.25938135,0.944933086223222,1.0,0.003654311613117555
Fpgs1,-0.06914692,-0.2630842,0.9448726698080676,1.0,0.0036068530207394047
MED17,-0.06935158,-0.036121596,0.9447097684896774,1.0,0.012101941056428266
Polr1C,-0.0694251,-0.07517829,0.9446512511044534,1.0,0.018508851027478526
CG4250,-0.06981137,-0.2617173,0.9443438025137257,1.0,0.009634094252764463
CSN6,-0.06983998,-0.08896693,0.9443210288732798,1.0,0.05087561102937687
CG14135,-0.070072845,-0.063311234,0.9441356784381868,1.0,0.04375682217265436
TotA,-0.07018293,-0.2559502,0.944048065035502,1.0,0.002942432727445304
Fic,-0.070476994,-0.07898706,0.9438140108921496,1.0,0.03663803331593185
hpo,-0.07069794,-0.10043862,0.9436381571856619,1.0,0.03279388733330169
CG7102,-0.071540415,-0.28316662,0.9429676611374893,1.0,0.002135636657016753
MFS10,-0.071735136,-0.4380656,0.9428126937264347,1.0,0.0020881780646386026
IPIP,-0.07189369,-0.059958823,0.9426865075761217,1.0,0.08452375302548526
PGRP-LC,-0.07215955,-0.554629,0.9424749355309827,1.0,0.0018983436951260026
lncRNA:CR44951,-0.07226605,-0.43401232,0.9423901813502537,1.0,0.0017559679179915523
CG11983,-0.07253747,-0.13388574,0.9421741876399067,1.0,0.006264534193915808
Naa40,-0.0726396,-0.11839325,0.9420929143864843,1.0,0.011674813725024916
ath,-0.0728073,-0.25730512,0.941959463115174,1.0,0.006834037302453609
Aprt,-0.07286293,-0.1308705,0.9419151905413248,1.0,0.018841061174125574
Roc1b,-0.07290267,-0.5855869,0.94188356738416,1.0,0.0014237577713445018
His2B:CG17949,-0.07305845,-0.38567933,0.9417596054920025,1.0,0.0012813819942100518
spt4,-0.07309819,-0.056770254,0.9417279827860627,1.0,0.07854397038583835
asRNA:CR45007,-0.07311568,-0.40611693,0.9417140688245473,1.0,0.0012339234018319016
CG15473,-0.07316256,-0.27563763,0.941676754197406,1.0,0.0011864648094537516
CG18563,-0.073258735,-0.6559592,0.9416002279897806,1.0,0.0012339234018319016
Mgat1,-0.073475316,-0.097652815,0.9414278878859973,1.0,0.054150253903469225
asRNA:CR44228,-0.073486045,-0.7892654,0.9414193500071332,1.0,0.0010915476246974515
CG5107,-0.073551215,-0.4542855,0.9413674904431423,1.0,0.0009966304399411513
His2Av,-0.07359135,-0.04251829,0.941335552664603,1.0,0.32456931327416827
hpRNA:LINR-2,-0.07366169,-0.44079563,0.9412795827258011,1.0,0.009159508328982963
CG34263,-0.07366169,-0.5405795,0.9412795827258011,1.0,0.0009491718475630013
CG9380,-0.07389854,-0.45552793,0.9410911211109071,1.0,0.000806796070428551
Cad96Ca,-0.074163996,-0.668469,0.9408798962418766,1.0,0.0006644202932941009
beat-IIIa,-0.07417592,-0.8172258,0.9408704101925247,1.0,0.0006644202932941009
sisRNA:3,-0.07417909,-0.7346339,0.9408678805807809,1.0,0.0006644202932941009
CG4653,-0.07419579,-0.87991184,0.9408546001289135,1.0,0.0006644202932941009
asRNA:CR43786,-0.07434203,-0.7591766,0.9407382387781995,1.0,0.0005695031085378008
CG15071,-0.074351564,-1.0780766,0.9407306500383724,1.0,0.0005695031085378008
CG5565,-0.074355535,-0.9258069,0.9407274880650327,1.0,0.0005695031085378008
CG33234,-0.07438176,-1.1831924,0.9407066190644251,1.0,0.0005695031085378008
grk,-0.07443104,-0.99022245,0.9406674107491525,1.0,0.0005220445161596507
CG4872,-0.07452721,-1.100709,0.9405908917094247,1.0,0.00047458592378150065
CanB,-0.074684575,0.062307354,0.9404656799186119,1.0,0.623036400740354
fiz,-0.07469173,-1.2460988,0.9404599885085171,1.0,0.0003796687390252005
SLC22A,-0.07473147,-0.21963239,0.9404283696189263,1.0,0.005410279531109108
CCHa2-R,-0.07474538,-0.22158268,0.9404173030297509,1.0,0.012339234018319017
CG18063,-0.07484433,-1.2804409,0.9403385724846753,1.0,0.0002847515542689004
lncRNA:CR45991,-0.0748491,-1.2383016,0.94033477825626,1.0,0.0002847515542689004
snoRNA:Psi18S-1086,-0.07487214,-1.913083,0.9403164395046787,1.0,0.0002847515542689004
mir-2493,-0.07493096,-1.3358145,0.9402696442130418,1.0,0.00023729296189075032
PGRP-LD,-0.074936524,-1.55245,0.9402652176420746,1.0,0.00023729296189075032
lncRNA:CR44525,-0.07501998,-1.6329626,0.9401988192990989,1.0,0.00018983436951260026
lncRNA:CR44552,-0.07501998,-1.6569101,0.9401988192990989,1.0,0.00018983436951260026
Sse,-0.07502236,-1.8833301,0.9401969222096912,1.0,0.00018983436951260026
asRNA:CR46020,-0.07502395,-1.943896,0.940195657483608,1.0,0.00018983436951260026
Dnaaf4,-0.0751074,-2.0658307,0.9401292595761296,1.0,0.0001423757771344502
CG31797,-0.07519085,-2.5379,0.940062862084824,1.0,9.491718475630013e-05
Mlc1,-0.075192444,-2.8680854,0.9400615973747459,1.0,9.491718475630013e-05
lncRNA:CR45029,-0.07519483,-3.0810914,0.9400597003099123,1.0,9.491718475630013e-05
lncRNA:CR43836,-0.0752759,-3.5597372,0.9399952003080133,1.0,4.7458592378150065e-05
nero,-0.075300135,-0.06910593,0.9399759136191653,1.0,0.04328223624887286
alphaTry,-0.07536094,-19.94535,0.9399275389643447,1.0,0.0
Cyp4aa1,-0.07536094,-19.53741,0.9399275389643447,1.0,0.0
Ndc1,-0.07536571,-0.06185485,0.9399237448831421,1.0,0.004461107683546106
eIF2Bepsilon,-0.075458296,-0.07770101,0.9398500767435093,1.0,0.03436002088178065
CG17002,-0.07566931,-0.057791315,0.9396821911906095,1.0,0.03996013478240235
CG46281,-0.07592841,-0.15710284,0.9394760528984261,1.0,0.009776470029898914
CG43394,-0.07604008,-0.2602622,0.9393872123381583,1.0,0.004556024868302406
ProRS-m,-0.07621493,-0.04810522,0.939248104079873,1.0,0.018366475250344075
CG5174,-0.07659802,-0.053396136,0.9389433370179706,1.0,0.19586161074462533
CG13012,-0.07662583,-0.2751991,0.9389212069773875,1.0,0.015281666745764321
HIP,-0.076729156,-0.1196018,0.9388390100969136,1.0,0.03013620616012529
Rich,-0.07706336,-0.0486374,0.9385731392700689,1.0,0.04332969484125101
CG14285,-0.07785775,-0.2516439,0.937941209870086,1.0,0.0033221014664705046
PGAP3,-0.07814546,-0.05469522,0.9377123466109977,1.0,0.060936832613544684
opa,-0.07845781,-0.2238532,0.9374638903905205,1.0,0.009206966921361113
CG17343,-0.07863703,-0.06614214,0.9373213311082754,1.0,0.03834654264154525
Nep2,-0.078654915,-0.24918923,0.9373071068998096,1.0,0.009634094252764463
Ndae1,-0.07875029,-0.08978164,0.9372312447926666,1.0,0.17768496986379384
CG34334,-0.07881466,-0.2578084,0.9371800381924056,1.0,0.0027525983579327036
Zaf1,-0.07881665,-0.12281839,0.9371784577459124,1.0,0.00749845759574771
Gr59d,-0.079706416,-0.134347,0.9364707587700695,1.0,0.0020881780646386026
amd,-0.079835564,-0.4375101,0.9363680375296398,1.0,0.002278012434151203
LanA,-0.07988802,-0.583283,0.9363263172051087,1.0,0.0024203882112856533
spn-B,-0.07996114,-0.34500948,0.9362681618929497,1.0,0.002135636657016753
CG42556,-0.08000684,-0.26070425,0.9362318149954967,1.0,0.0020881780646386026
lncRNA:CR46009,-0.08020474,-0.49477175,0.9360744186613125,1.0,0.0020881780646386026
lncRNA:CR45237,-0.08039708,-0.43027756,0.9359214495175241,1.0,0.0018983436951260026
Ctr1B,-0.08046781,-0.5938676,0.935865192865055,1.0,0.0019932608798823026
Cwc25,-0.08065817,-0.13521548,0.9357138071721928,1.0,0.07370319396326705
spdo,-0.08086163,-0.50898,0.9355519945549322,1.0,0.0016610507332352523
Glug,-0.08091647,-0.39340442,0.9355083814531318,1.0,0.001566133548478952
CG34425,-0.081008665,-0.49430582,0.9354350613124249,1.0,0.001566133548478952
lncRNA:CR46095,-0.08101383,-0.34074038,0.9354309528724607,1.0,0.001518674956100802
CG1227,-0.0811708,-0.18080631,0.9353061203246824,1.0,0.012576526980209767
GstE8,-0.081173584,-0.8520361,0.9353039081166508,1.0,0.001613592140857102
lncRNA:CR44331,-0.081275314,-0.5662795,0.935223004851957,1.0,0.0014237577713445018
a6,-0.08132817,-0.12355572,0.9351809733417108,1.0,0.026956480470789235
ENGase,-0.081497855,-0.7893565,0.935046031293701,1.0,0.0013288405865882018
ImpE3,-0.08151136,-0.40988785,0.9350352865737848,1.0,0.0012339234018319016
CG30108,-0.08156938,-0.559124,0.9349891476169125,1.0,0.0012339234018319016
mRRF2,-0.08169059,-0.13365595,0.9348927621446061,1.0,0.011295144985999716
CG6628,-0.081846364,-0.71011144,0.9347688845130303,1.0,0.0010915476246974515
asRNA:CR46055,-0.0819632,-0.5632694,0.9346759773256713,1.0,0.0009966304399411513
lncRNA:CR45290,-0.08204944,-0.6337058,0.9346074035437003,1.0,0.0009491718475630013
spag4,-0.082082815,-0.8483201,0.934580858984136,1.0,0.0009491718475630013
frma,-0.08210109,-0.8704025,0.9345663227085265,1.0,0.0009491718475630013
Spn75F,-0.08236655,-0.7311107,0.9343552331673565,1.0,0.000759337478050401
lncRNA:CR44814,-0.08242974,-0.50514406,0.9343049894799976,1.0,0.0007118788856722509
mthl14,-0.08244404,-0.7272317,0.9342936135871094,1.0,0.0007118788856722509
CG8850,-0.08247583,-0.863035,0.9342683338731764,1.0,0.0007118788856722509
CG6470,-0.08253504,-0.67199063,0.9342212505826883,1.0,0.0006644202932941009
CG5555,-0.08255452,-0.10863472,0.9342057668662865,1.0,0.051540031322670966
CG5906,-0.0825573,-0.8522607,0.9342035549088323,1.0,0.0006644202932941009
CG9254,-0.08258432,-0.9622727,0.9341820673485723,1.0,0.0006644202932941009
yellow-b,-0.08263161,-0.8149788,0.9341444642335127,1.0,0.0006169617009159508
Tep1,-0.08265228,-0.969421,0.9341280326663373,1.0,0.0006169617009159508
Rtn4ip1,-0.08271745,-0.098888375,0.934076210215262,1.0,0.032651511556167245
CG10177,-0.082724206,-0.8716967,0.9340708383917979,1.0,0.0005695031085378008
CG13658,-0.08279931,-0.94909835,0.9340111165567364,1.0,0.0005220445161596507
CG9498,-0.08280647,-0.9848312,0.9340054287822857,1.0,0.0005220445161596507
lncRNA:CR46016,-0.08286329,-0.9047167,0.9339602426938706,1.0,0.00047458592378150065
CG15657,-0.08295191,-0.940006,0.9338897780995514,1.0,0.0004271273314033506
CG5697,-0.082958266,-0.9358052,0.9338847223638145,1.0,0.0004271273314033506
CG42789,-0.08297814,-1.212441,0.9338689232068255,1.0,0.0004271273314033506
lncRNA:CR45916,-0.08305722,-1.2727288,0.9338060428202177,1.0,0.0003796687390252005
Mhc,-0.08306755,-1.4638727,0.9337978273228167,1.0,0.0003796687390252005
CAH8,-0.08310292,-0.01231556,0.9337697050966356,1.0,0.02932941008969674
asRNA:CR44843,-0.08310372,-0.30167952,0.9337690731374462,1.0,0.005505196715865407
Vha14-2,-0.08332148,-1.8559022,0.9335959178934728,1.0,0.00023729296189075032
CG17450,-0.08332625,-2.119864,0.9335921262079254,1.0,0.00023729296189075032
CG43755,-0.08339182,-1.9639407,0.9335399906844699,1.0,0.00018983436951260026
CG34188,-0.08339421,-1.8318797,0.9335380948526236,1.0,0.00018983436951260026
CG4570,-0.08341169,-2.549429,0.9335241920972703,1.0,0.00018983436951260026
CG10962,-0.083478056,-2.1081707,0.9334714250058338,1.0,0.0001423757771344502
CG4793,-0.083486006,-2.7004185,0.9334651056132822,1.0,0.0001423757771344502
lncRNA:CR46100,-0.0835635,-2.4547236,0.9334034917557101,1.0,9.491718475630013e-05
snoRNA:SC35-b,-0.08356429,-2.5720642,0.9334028598207759,1.0,9.491718475630013e-05
Grl62c,-0.08365212,-4.2531476,0.9333330312691718,1.0,4.7458592378150065e-05
l(2)34Fd,-0.08371093,-0.10599506,0.933286268544014,1.0,0.01471216363722652
Arl4,-0.08373358,-0.045211364,0.9332682586369418,1.0,0.3160267666461013
esc,-0.08396685,-0.14259514,0.9330827901793135,1.0,0.004556024868302406
asRNA:CR45141,-0.084120244,-0.119155616,0.9329608316395184,1.0,0.009634094252764463
Sbat,-0.08444769,-0.12331506,0.9327004901809943,1.0,0.033837976365621
CG9360,-0.084457226,-0.40663522,0.9326929075278251,1.0,0.005267903753974657
UbcE2M,-0.08451088,-0.077210635,0.9326502552175742,1.0,0.09852403777703954
CG3631,-0.08460108,-0.16108757,0.932578536583764,1.0,0.02923449290494044
udd,-0.084857,-0.03167199,0.9323750734846523,1.0,0.0352617341369655
clt,-0.085010394,-0.06443514,0.9322531241167878,1.0,0.024393716482369134
CG15459,-0.08525241,-0.2922899,0.9320607253695927,1.0,0.004176356129277205
Orco,-0.08533228,-0.27515948,0.9319972251759774,1.0,0.003986521759764605
CG31806,-0.085684374,-0.25249055,0.9317173240140674,1.0,0.003701770205495705
lncRNA:CR44218,-0.086729914,-0.42461923,0.9308862001487193,1.0,0.0031797256893360544
TyrRII,-0.08682171,-0.2054338,0.9308132316277178,1.0,0.002894974135067154
BubR1,-0.086967155,-0.2457451,0.9306976203567925,1.0,0.0028475155426890037
CG6013,-0.08739673,-0.05474977,0.9303561650136307,1.0,0.07844905320108206
laza,-0.08748933,-0.15093426,0.9302825690081544,1.0,0.013146030088747568
mRpS11,-0.08768802,-0.04447086,0.9301246396791374,1.0,0.12087703478714822
CG44002,-0.088047266,-0.18604955,0.9298391104412963,1.0,0.00726116463385696
Ipo9,-0.08810767,-0.18674801,0.9297911019863505,1.0,0.00745099900336956
lncRNA:CR45444,-0.08848837,-0.3752413,0.9294885282690392,1.0,0.002040719472260453
CG14711,-0.08880549,-0.005793848,0.9292364965638663,1.0,0.023349627450049832
CG34002,-0.08880668,-0.25419393,0.9292355490896286,1.0,0.0018034265103697023
achi,-0.08881741,-0.11531731,0.9292270218260034,1.0,0.012007023871671966
lncRNA:CR44408,-0.08884284,-0.3697988,0.929206809085428,1.0,0.0018508851027478526
PGRP-LA,-0.08885874,-0.24058533,0.9291941761457602,1.0,0.00759337478050401
CG6813,-0.089011334,-0.14169513,0.9290729008332939,1.0,0.011959565279293816
CG14505,-0.08902008,-0.42243412,0.9290659528183813,1.0,0.0017559679179915523
MED11,-0.08903001,-0.09156957,0.9290580573534536,1.0,0.045275497128755164
CG3770,-0.089266464,-0.24307212,0.9288701473508757,1.0,0.001518674956100802
Rad51D,-0.08934197,-0.58504367,0.9288101433110704,1.0,0.001613592140857102
hdm,-0.08942144,-0.3552417,0.928746981601198,1.0,0.001471216363722652
CG32295,-0.08975088,-0.51375467,0.9284851811047503,1.0,0.0013288405865882018
lncRNA:CR44663,-0.08986215,-0.1492233,0.92839675807645,1.0,0.006169617009159509
lms,-0.089945205,-0.42623928,0.9283307571779641,1.0,0.0011864648094537516
Targ1,-0.09003978,-0.13468093,0.9282555988605138,1.0,0.024488633667125434
CG31710,-0.09005171,-0.32142276,0.9282461251684294,1.0,0.00707133026434436
CG18371,-0.09007396,-0.59849685,0.9282284409704186,1.0,0.0011390062170756016
CG31861,-0.09023053,-0.54293394,0.9281040210083958,1.0,0.0010440890323193013
CG9389,-0.09025914,-0.4291352,0.9280812845554559,1.0,0.0009966304399411513
TBC1D5,-0.090425655,-0.07683544,0.9279489721964014,1.0,0.026624270324142187
asRNA:CR31912,-0.09043797,-0.79743266,0.9279391830556221,1.0,0.0009491718475630013
CG13994,-0.09046341,-0.07776974,0.9279189732510958,1.0,0.055574011674813725
CG43293,-0.09050076,-0.6911476,0.9278892901850019,1.0,0.0009017132551848512
Ranbp16,-0.09050195,-0.07433257,0.9278883428547574,1.0,0.13141284229509753
CG33514,-0.090515465,-0.84582406,0.9278776064524642,1.0,0.0009017132551848512
CG31776,-0.09056117,-0.9391874,0.9278412922479153,1.0,0.0009017132551848512
G6pd,-0.09059375,-0.78667915,0.9278153987329778,1.0,0.0008542546628067012
asRNA:CR45944,-0.09061282,-0.882688,0.9278002415889693,1.0,0.0008542546628067012
NijA,-0.09065733,-1.0762963,0.9277648750215064,1.0,0.0008542546628067012
CG3984,-0.09077178,-0.99796087,0.9276739330748925,1.0,0.000759337478050401
NimC1,-0.09079085,-1.0260348,0.9276587761756105,1.0,0.000759337478050401
CG6041,-0.09104916,-0.09467062,0.9274535290845353,1.0,0.01513929096862987
Mvd,-0.09106267,-0.22390674,0.9274427932155791,1.0,0.005600113900621708
CG13360,-0.09110122,-0.9856548,0.9274121644855745,1.0,0.0005695031085378008
msd1,-0.09123514,-0.7909691,0.9273057541670721,1.0,0.00047458592378150065
asRNA:CR43683,-0.09123911,-0.8800184,0.9273025966107084,1.0,0.00047458592378150065
CG12231,-0.09129077,-1.3804035,0.9272615484821807,1.0,0.00047458592378150065
GstD10,-0.0913488,-1.1611636,0.9272154485070961,1.0,0.0004271273314033506
lncRNA:CR44208,-0.09137264,-1.6109729,0.9271965033826836,1.0,0.0004271273314033506
NaPi-T,-0.09149026,-0.99186355,0.9271030413731968,1.0,0.00033221014664705045
gammaSnap2,-0.09150219,-0.073828064,0.9270935689283502,1.0,0.1164159271036021
qless,-0.09150775,-0.056262996,0.9270891484576245,1.0,0.10488348915571165
lncRNA:CR46126,-0.09151331,-1.2969935,0.9270847279891493,1.0,0.00033221014664705045
Amy-d,-0.091549076,-2.222435,0.9270563107455538,1.0,0.00033221014664705045
CG33958,-0.09158921,-0.54774475,0.9270244203940974,1.0,0.00797304351952921
lncRNA:CR44221,-0.09160472,-1.6779227,0.9270121063293612,1.0,0.0002847515542689004
CG5399,-0.0916977,-2.1914854,0.9269382223081777,1.0,0.00023729296189075032
asRNA:CR45041,-0.091699295,-2.2321644,0.9269369593389315,1.0,0.00023729296189075032
lncRNA:CR46010,-0.09177718,-2.2909157,0.926875074071443,1.0,0.00018983436951260026
CG8642,-0.09186064,-2.6427922,0.9268087689186211,1.0,0.0001423757771344502
EB-SUN,-0.091865405,-2.9712155,0.9268049800680936,1.0,0.0001423757771344502
asRNA:CR43464,-0.09202197,-3.6608238,0.9266805803981919,1.0,4.7458592378150065e-05
CG43231,-0.09202357,-3.7296195,0.9266793174665662,1.0,4.7458592378150065e-05
Ids,-0.09208516,-0.2882054,0.9266303790083779,1.0,0.0049831521997057565
Jon65Aiii,-0.09210781,-20.382433,0.9266123823548424,1.0,0.0
Septin2,-0.09251951,-0.053426616,0.9262852918357706,1.0,0.16012529068387832
CG16868,-0.092524275,-0.09550517,0.9262815032153836,1.0,0.027193773432679987
Klp31E,-0.092847355,-0.1304961,0.9260248280816263,1.0,0.02235299701010868
CstF50,-0.0930993,-0.10272921,0.9258246710190585,1.0,0.013715533197285369
Mt2,-0.0932074,-0.30614758,0.9257388006577689,1.0,0.004318731906411656
CG17637,-0.093237594,-0.2469191,0.925714807623176,1.0,0.004128897536899056
CG12948,-0.09323919,-0.07596319,0.9257135448337531,1.0,0.04342461202600731
lncRNA:CR43301,-0.093327805,-0.08883,0.925643144619578,1.0,0.003796687390252005
CG7728,-0.093615115,-0.12948678,0.9254149003983958,1.0,0.01480708082198282
Cyp301a1,-0.09460383,-0.3006596,0.9246295094977024,1.0,0.0033695600588486544
CG6867,-0.09485696,-0.073598616,0.9244284384798482,1.0,0.04461107683546106
CG12182,-0.09497976,-0.18821391,0.9243309034135307,1.0,0.008542546628067011
Ostm1,-0.0950199,-0.036164194,0.9242990232662897,1.0,0.04128897536899056
asRNA:CR42254,-0.095029436,-0.08148783,0.9242914478036334,1.0,0.024346257889990983
CG10347,-0.09505924,-0.0016038347,0.9242677745270884,1.0,0.015281666745764321
CG13088,-0.0951101,-0.15922418,0.9242273722900418,1.0,0.00797304351952921
CycD,-0.09521978,-0.24008514,0.9241402556316662,1.0,0.002942432727445304
CG43155,-0.09526469,-0.11994227,0.9241045885665866,1.0,0.00773575055763846
Cdc45,-0.095448285,-0.09228324,0.9239587655167422,1.0,0.025580181291822886
SmydA-1,-0.09578845,-0.33232602,0.9236885893070499,1.0,0.0026576811731764036
gt,-0.095982775,-0.08869008,0.923534251939941,1.0,0.017702054957049972
CG2004,-0.09600503,-0.09572099,0.9235165774966306,1.0,0.018034265103697024
CG42741,-0.09630744,-0.58677983,0.923276398183483,1.0,0.0026576811731764036
lncRNA:CR44070,-0.09658562,-0.18860613,0.9230554772645746,1.0,0.00740354041099141
CG3529,-0.09699215,-0.05474854,0.9227326278020066,1.0,0.12234825115087086
CG10864,-0.09707044,-0.4395701,0.9226704578602205,1.0,0.0019458022875041526
okr,-0.09715349,-0.12256928,0.922604501433401,1.0,0.006359451378672109
CG3842,-0.09764904,-0.3322062,0.922210983015651,1.0,0.001566133548478952
CG12880,-0.09778296,-0.51330584,0.9221046384798683,1.0,0.001518674956100802
Oseg6,-0.09790218,-0.6742325,0.9220099709252361,1.0,0.001471216363722652
Pgant4,-0.09792403,-0.6102984,0.9219926153267006,1.0,0.001471216363722652
Lgr4,-0.098365135,-0.0806094,0.9216423557435286,1.0,0.005505196715865407
CG44521,-0.0984474,-0.6225003,0.9215770387437736,1.0,0.0011390062170756016
lncRNA:CR45819,-0.09879154,-0.71281576,0.9213037859248602,1.0,0.0009491718475630013
CG4783,-0.09909356,-0.5379977,0.921063987408644,1.0,0.000759337478050401
asRNA:CR46096,-0.099118195,-0.80480015,0.9210444252144276,1.0,0.000759337478050401
dnd,-0.0991333,-0.31814486,0.9210324355061008,1.0,0.006549285748184709
CG31115,-0.09913409,-0.8543537,0.9210318044693175,1.0,0.000759337478050401
lncRNA:CR45809,-0.09917105,-0.70367575,0.9210024613138146,1.0,0.0007118788856722509
Mlc2,-0.09932484,-1.1591588,0.9208803570801468,1.0,0.0006644202932941009
CG9044,-0.09941783,-0.10235484,0.9208065275179322,1.0,0.0710929713824688
CG4984,-0.09950724,-0.72068584,0.9207355381979226,1.0,0.0005220445161596507
ind,-0.09966024,-1.352684,0.9206140690490093,1.0,0.00047458592378150065
lncRNA:CR45820,-0.09982397,-1.737763,0.9204840833360144,1.0,0.0003796687390252005
Srp54k,-0.09998292,-0.047544423,0.9203578856471456,1.0,0.08272032651511556
CG41562,-0.100137904,-1.9168876,0.9202348448315258,1.0,0.00018983436951260026
lncRNA:CR45981,-0.100146644,-2.1932242,0.9202279041244372,1.0,0.00018983436951260026
CG12147,-0.100225724,-2.3409727,0.9201651225501082,1.0,0.0001423757771344502
lncRNA:CR43624,-0.10023844,-2.9623246,0.9201550270669994,1.0,0.0001423757771344502
asRNA:CR43964,-0.100312755,-3.0613086,0.9200960318449611,1.0,9.491718475630013e-05
CG11555,-0.10041886,-0.07934772,0.9200117987875682,1.0,0.05130273836078022
lncRNA:CR43963,-0.100724846,-0.2845549,0.9197688845130081,1.0,0.004698400645436856
CG18368,-0.10075902,-0.091156445,0.9197417542921698,1.0,0.019742774429310425
CG11342,-0.100925535,-0.23416421,0.9196095746694692,1.0,0.004508566275924256
lncRNA:CR45961,-0.10237084,-0.27165008,0.9184623240180131,1.0,0.010013762991789663
mRpL50,-0.102644645,-0.089016855,0.9182450057855603,1.0,0.06311992786293959
Nnk,-0.104014456,-0.10652931,0.9171578758342755,1.0,0.054245171088225526
MED16,-0.104017235,-0.30891863,0.91715566830053,1.0,0.009681552845142613
CG12547,-0.10441304,-0.08447902,0.9168415743040726,1.0,0.15865407432015566
Ctu2,-0.10488832,-0.11952047,0.9164644263799643,1.0,0.011912106686915665
CG17111,-0.10493561,-0.57413346,0.916426901819205,1.0,0.0023254710265293533
CG12470,-0.1053942,-0.4535348,0.9160630178506345,1.0,0.0019458022875041526
Inx7,-0.10544904,-0.32305798,0.9160195043057868,1.0,0.0018508851027478526
CG1602,-0.106193356,-0.07311452,0.9154289432328386,1.0,0.01594608703905842
XRCC1,-0.10640914,-0.08705518,0.9152577428363017,1.0,0.02050211190736083
CG1143,-0.106414706,-0.63152015,0.9152533288817091,1.0,0.0013762991789663518
lncRNA:CR45233,-0.10643457,-0.46793878,0.9152375647794972,1.0,0.0013288405865882018
CG42711,-0.106569685,-0.8861782,0.9151303697688971,1.0,0.0013762991789663518
lncRNA:CR44662,-0.10684071,-0.16934852,0.9149153538439491,1.0,0.0057424896777561575
CG14286,-0.107010394,-0.15898295,0.9147807356047135,1.0,0.011247686393621566
CG32085,-0.107213065,-0.057282273,0.9146199535577209,1.0,0.09847657918466138
l(3)04053,-0.10744752,-0.063369356,0.9144339551564671,1.0,0.047885719709553416
CG7183,-0.10745031,-0.08562601,0.9144317484238803,1.0,0.04081438944520906
sls,-0.10751071,-1.4187582,0.9143838309646883,1.0,0.000806796070428551
CG13373,-0.10755999,-1.1886207,0.9143447406363389,1.0,0.000759337478050401
CG4269,-0.10759416,-0.6193648,0.914317629723831,1.0,0.0006644202932941009
CG32457,-0.10759853,-0.37247798,0.9143141620561657,1.0,0.006169617009159509
emp,-0.107699074,-1.1185257,0.9142344061501521,1.0,0.0006644202932941009
asRNA:CR43809,-0.10787074,-1.3139015,0.9140982241492164,1.0,0.0005695031085378008
kappaB-Ras,-0.10801858,-1.3381264,0.9139809583357297,1.0,0.00047458592378150065
lncRNA:CR43887,-0.10802096,-1.5119808,0.913979066966979,1.0,0.00047458592378150065
lncRNA:CR45156,-0.10809885,-1.4558492,0.9139172825223902,1.0,0.0004271273314033506
Usp30,-0.10815091,-0.053590026,0.9138759881070903,1.0,0.12120924493379526
Gar1,-0.10818508,-0.11692112,0.91384887892269,1.0,0.020217360353091927
Secp43,-0.108357154,-0.05341761,0.913712388854854,1.0,0.02871244838878079
CG9445,-0.1085169,-2.3351896,0.9135856728712491,1.0,0.00018983436951260026
lncRNA:CR44055,-0.108771235,-4.025935,0.913383940515703,1.0,4.7458592378150065e-05
lncRNA:CR44909,-0.10885469,-20.045008,0.9133177483019016,1.0,0.0
Osbp,-0.1092489,-0.058274385,0.9130050770285958,1.0,0.0388685871577049
CG31249,-0.109303735,-0.03666425,0.9129615814858352,1.0,0.028000569503108537
MED15,-0.10987876,-0.07223239,0.9125055243811404,1.0,0.018129182288453324
Dci,-0.10989426,-0.11010786,0.9124932329844367,1.0,0.01428503630582317
CG11141,-0.109925255,-0.07005081,0.9124686502538355,1.0,0.02918703431256229
CG15011,-0.11003772,-0.1306589,0.9123794597680319,1.0,0.01419011912106687
lncRNA:CR44384,-0.110089384,-0.29306084,0.9123384892433845,1.0,0.004176356129277205
CAH3,-0.11047803,-0.12101468,0.9120302723127391,1.0,0.06098429120592283
Ccs,-0.110891715,-0.11786402,0.9117022154581709,1.0,0.021024156423520478
CG6729,-0.1109247,-0.15135948,0.9116760597949978,1.0,0.023444544634806132
CG12560,-0.11113651,-0.39048582,0.911508098601054,1.0,0.003654311613117555
ninaB,-0.1113662,-0.3145963,0.9113259612872621,1.0,0.01456978786009207
CG42445,-0.11187168,-0.4798355,0.9109251495721188,1.0,0.0032746428740923544
flip,-0.11188003,-0.10159314,0.9109185325874793,1.0,0.017844430734184423
CG12713,-0.11190268,-0.21113305,0.9109005722317445,1.0,0.00840017085093256
CG12877,-0.11235452,-0.07496613,0.9105423199220953,1.0,0.05960799202695648
Ankrd49,-0.11272886,-0.034394763,0.9102455230736406,1.0,0.041953395662284655
fest,-0.11290292,-0.43460217,0.9101075262543049,1.0,0.002467846803663803
Vps16B,-0.113129824,-0.05984856,0.909927630363863,1.0,0.020169901760713777
CG30356,-0.11341912,-0.64447767,0.9096982776782028,1.0,0.0023254710265293533
CG31642,-0.11364444,-0.58169436,0.9095196524331987,1.0,0.0020881780646386026
CG32533,-0.11425762,-0.14186361,0.9090335755257047,1.0,0.018841061174125574
CG44385,-0.11435379,-0.61779934,0.908957343606057,1.0,0.0016610507332352523
lncRNA:CR44392,-0.114575535,-0.6029086,0.9087815723760015,1.0,0.001518674956100802
cbc,-0.115180366,-0.0027747746,0.9083021617480015,1.0,0.02951924445920934
CG7148,-0.11534171,-0.00431163,0.9081742825510031,1.0,0.03863129419581415
Mtk,-0.11536674,-0.6939722,0.908154439440532,1.0,0.0010440890323193013
CG7878,-0.11541522,-0.101438746,0.9081160132625862,1.0,0.06198092164586398
CG13616,-0.11545814,-0.999413,0.9080819968254606,1.0,0.0010440890323193013
Spx,-0.115560666,-0.05528168,0.9080007360191917,1.0,0.025247971145175834
SmydA-7,-0.115767315,-0.23922347,0.9078369574758313,1.0,0.0057424896777561575
CG43341,-0.11577764,-1.0764548,0.9078287686514522,1.0,0.0008542546628067012
asRNA:CR44106,-0.11594296,-1.2832214,0.9076977487941977,1.0,0.000759337478050401
Dro,-0.11596044,-1.3866001,0.9076838910714721,1.0,0.000759337478050401
HP1e,-0.115997,-1.6358612,0.9076549159238458,1.0,0.000759337478050401
asRNA:CR46135,-0.116035156,-0.9770572,0.9076246811182019,1.0,0.0006644202932941009
Prp18,-0.11621517,-0.1762973,0.9074820124356549,1.0,0.021736035309192728
CG12426,-0.11621954,-1.1990874,0.90747854811181,1.0,0.0005695031085378008
NPFR,-0.116344325,-0.09412375,0.9073796581553898,1.0,0.02866498979640264
fln,-0.11637413,-1.2873466,0.9073560381552167,1.0,0.00047458592378150065
CG8501,-0.116513215,-1.8909853,0.9072458125713051,1.0,0.0004271273314033506
Mpcp1,-0.11674569,-2.2925289,0.9070615823699842,1.0,0.0002847515542689004
lncRNA:CR45120,-0.11680331,-1.9305339,0.9070159192467987,1.0,0.00023729296189075032
lncRNA:CR44365,-0.1168816,-1.8546424,0.9069538808753294,1.0,0.00018983436951260026
CG32075,-0.11700002,-0.10672321,0.9068600371080876,1.0,0.01461724645247022
CG12662,-0.11706519,-3.4409037,0.9068083920995097,1.0,9.491718475630013e-05
CG42809,-0.11719792,-0.26756608,0.9067032138494103,1.0,0.004840776422571307
Polr1H,-0.117859975,-0.041052535,0.9061786066886746,1.0,0.008115419296663661
superdeath,-0.11832691,-0.24697089,0.9058086352439112,1.0,0.004081438944520906
DNaseII,-0.11839248,-0.3814621,0.9057566834419006,1.0,0.004508566275924256
TTLL15,-0.1184513,-0.084243715,0.905710084592898,1.0,0.013098571496369418
CG6310,-0.1186945,-0.18870981,0.9055173955036091,1.0,0.009017132551848512
CG10513,-0.119045794,-0.29623115,0.9052390766418167,1.0,0.020027525983579327
CG6937,-0.11907718,-0.052797336,0.905214204820895,1.0,0.02197332827108348
GstT1,-0.11909666,-0.107063204,0.9051987780419786,1.0,0.020359736130226378
CG44158,-0.1192576,-0.38271558,0.9050712723621506,1.0,0.003749228797873855
Eogt,-0.11930211,-0.09162682,0.9050360119640048,1.0,0.018461392435100376
Tecr,-0.11946226,-0.028654024,0.9049091390450479,1.0,0.08737126856817427
Polr3D,-0.11980004,-0.10462474,0.9046415490397401,1.0,0.018603768212234827
ao,-0.120151736,-0.3843923,0.9043629521290512,1.0,0.003037349912201604
SmD3,-0.12023916,-0.10483966,0.9042936982254737,1.0,0.05006881495894832
CG11413,-0.12056383,-0.40682936,0.904036520786645,1.0,0.002894974135067154
Mesh1,-0.12057774,-0.10809718,0.9040255036179761,1.0,0.012149399648806417
asRNA:CR43787,-0.1214663,-0.3362118,0.9033217023147719,1.0,0.002278012434151203
CG33108,-0.12162248,-0.10143823,0.9031980098291564,1.0,0.024536092259503584
lncRNA:CR46322,-0.12181124,-0.5089511,0.9030485118694885,1.0,0.002183095249394903
Fam92,-0.12216094,-0.36554402,0.9027715563154716,1.0,0.0018508851027478526
CG3448,-0.122201875,-0.17100045,0.9027391406995666,1.0,0.006644202932941009
CG17712,-0.122207046,-0.08099334,0.9027350494197612,1.0,0.04427886668881401
Tsp42Eg,-0.12222572,-0.4972968,0.9027202578912463,1.0,0.0018983436951260026
Dph4,-0.12232109,-0.146261,0.9026447272083694,1.0,0.018983436951260025
CG7706,-0.122949764,-0.101412356,0.9021468762025515,1.0,0.04408903231930141
CG15717,-0.12312422,-0.7101064,0.9020087309342621,1.0,0.0014237577713445018
CG43329,-0.12314012,-0.6785064,0.9019961438135193,1.0,0.0013762991789663518
CG34115,-0.12344611,-0.8255303,0.9017538465450201,1.0,0.0012813819942100518
APC10,-0.12354148,-0.069400474,0.9016783271883172,1.0,0.048929808741872714
DCX-EMAP,-0.12363646,-0.34395728,0.9016031233798582,1.0,0.006834037302453609
asRNA:CR45182,-0.124023125,-1.0240527,0.9012969680439118,1.0,0.0009017132551848512
lncRNA:CR44854,-0.12412167,-1.3113579,0.9012189369641973,1.0,0.0009017132551848512
CG5810,-0.12431203,-1.3644012,0.9010682264122941,1.0,0.000759337478050401
asRNA:CR45136,-0.12438157,-1.375981,0.9010131660351056,1.0,0.0007118788856722509
CG33642,-0.12468597,-1.4296607,0.9007721645066844,1.0,0.0005220445161596507
lncRNA:CR44785,-0.124729685,-0.37941748,0.900737556682671,1.0,0.006217075601537658
Cdk5alpha,-0.12490096,-0.0613064,0.9006019587545466,1.0,0.25380855203834657
Npc2f,-0.12509131,-1.8947883,0.9004512628365228,1.0,0.0002847515542689004
pre-mod(mdg4)-L,-0.1251843,-2.1584318,0.9003776465107041,1.0,0.00023729296189075032
Kdsr,-0.12539214,-0.090361126,0.9002131139755092,1.0,0.020074984575957477
Pzl,-0.12571323,-0.35864803,0.8999589306512373,1.0,0.005030610792083907
del,-0.12609194,-0.1572686,0.8996591459343257,1.0,0.01680034170186512
asRNA:CR45520,-0.12622507,-0.03516458,0.8995537685559849,1.0,0.030705709268663093
stet,-0.12626202,-0.3818076,0.8995245148514635,1.0,0.004935693607327606
Debcl,-0.1262815,-0.37818375,0.8995091016642027,1.0,0.004888235014949457
CG10222,-0.12635502,-0.20915511,0.8994509093601442,1.0,0.004176356129277205
onecut,-0.12677227,-0.020104285,0.8991206389653141,1.0,0.45346685017322386
Arv1,-0.1271351,-0.056291535,0.8988334751909222,1.0,0.04584500023729296
Tace,-0.1276839,-0.06988656,0.8983991376434516,1.0,0.1031275212377201
Scm,-0.12807174,-0.0976821,0.8980921947696964,1.0,0.1125243225285938
Elp2,-0.128582,-0.21579787,0.8976884120059029,1.0,0.008305253666176262
loj,-0.1287485,-0.13267873,0.8975566537320874,1.0,0.030705709268663093
CG45218,-0.1289003,-0.4772932,0.8974365328984343,1.0,0.002942432727445304
Tap42,-0.12916775,-0.064429976,0.897224912123444,1.0,0.028237862464999288
LKRSDH,-0.12950593,-0.25122982,0.8969573307944166,1.0,0.002372929618907503
Ufsp1,-0.12961005,-0.3977071,0.8968749520616414,1.0,0.002467846803663803
Polr1E,-0.12983696,-0.14499798,0.8966954205844162,1.0,0.018841061174125574
rush,-0.12984848,-0.18567784,0.8966863026644595,1.0,0.02387167196620948
CG10147,-0.12993075,-0.06762989,0.8966212199769835,1.0,0.026149684400360685
CG10700,-0.13022004,-0.49380723,0.896392335666841,1.0,0.002135636657016753
CG18628,-0.13032258,-0.604616,0.8963112221418155,1.0,0.002183095249394903
lncRNA:CR32582,-0.13054232,-0.3200922,0.8961373661841603,1.0,0.0018034265103697023
Nagk,-0.13057333,-0.12614064,0.8961128444068432,1.0,0.14028759906981159
lncRNA:CR45808,-0.13107245,-0.56423974,0.8957179945978547,1.0,0.001613592140857102
Dmel_CG32368,-0.13146468,-0.82799774,0.8954077286721103,1.0,0.001471216363722652
Pbp95,-0.13160853,-0.13682888,0.8952939370714164,1.0,0.010868017654596364
CG13982,-0.1318116,-0.07708746,0.8951333122638971,1.0,0.04855014000284751
CG9782,-0.13211362,-0.8040531,0.8948944261794723,1.0,0.0010440890323193013
BomS1,-0.13233894,-0.79071724,0.8947162107944605,1.0,0.0009017132551848512
lncRNA:CR32636,-0.1324355,-0.9473321,0.8946398343985533,1.0,0.0008542546628067012
CG30089,-0.1327701,-0.11761369,0.8943751961755305,1.0,0.14024014047743344
CG33635,-0.1328015,-0.07954112,0.8943503673013601,1.0,0.04432632528119216
Csl4,-0.132908,-0.08557608,0.8942661384742834,1.0,0.04945185325803236
CG16772,-0.13311663,-1.2699568,0.8941011414297241,1.0,0.00047458592378150065
CG34030,-0.13312855,-1.4960419,0.8940917131655141,1.0,0.00047458592378150065
CG32655,-0.13314207,-1.5945411,0.894081027817499,1.0,0.00047458592378150065
lncRNA:CR44620,-0.13322592,-1.6300802,0.8940147162346872,1.0,0.0004271273314033506
Hsp70Bb,-0.13329823,-0.20927593,0.8939575191611233,1.0,0.011579896540268616
CG34328,-0.13341428,-2.0761173,0.8938657535798955,1.0,0.00033221014664705045
CG4730,-0.13362092,-0.3708184,0.8937023389399061,1.0,0.005647572492999858
lncRNA:CR45973,-0.1336388,-2.4641154,0.8936881975004023,1.0,0.00018983436951260026
Nepl20,-0.13364676,-2.6816387,0.893681912427026,1.0,0.00018983436951260026
Itgbn,-0.13372186,-2.8177836,0.8936225188133103,1.0,0.0001423757771344502
CG14125,-0.13372345,-2.667088,0.8936212618120575,1.0,0.0001423757771344502
Mlp60A,-0.13381207,-3.658282,0.8935511844149675,1.0,9.491718475630013e-05
CG15649,-0.133975,-20.4041,0.8934223447326226,1.0,0.0
mei-S332,-0.13426588,-0.17496537,0.8931923257581466,1.0,0.009729011437520764
CG32280,-0.13440497,-0.26682794,0.893082347181515,1.0,0.011437520763134165
Ranbp21,-0.13455479,-0.11195697,0.8929638868432538,1.0,0.019980067391201176
CG11374,-0.13463308,-0.18537997,0.8929019867674584,1.0,0.0040339803521427554
vex,-0.13509524,-0.09522488,0.8925365696779602,1.0,0.08865265056238432
Prosbeta5,-0.13529275,-0.0684945,0.8923804181676989,1.0,0.20563808077452422
e(y)2b,-0.13542746,-0.21981674,0.8922739107782909,1.0,0.009444259883251862
PH4alphaNE1,-0.13554032,-0.42707315,0.8921846848445522,1.0,0.004413649091167956
Clp,-0.13570008,-0.088335685,0.892058388497294,1.0,0.018888519766503725
mRpS24,-0.1358789,-0.053662863,0.8919170152370556,1.0,0.12595510417161027
CG4438,-0.13590156,-0.37794346,0.89189910820245,1.0,0.003749228797873855
CG7985,-0.13675714,-0.08089869,0.8912227653932003,1.0,0.08846281619287172
Ag5r,-0.13697809,-0.52855927,0.8910481165478222,1.0,0.003227184281714204
Nup43,-0.13756265,-0.14770854,0.8905860765008227,1.0,0.013051112903991267
Iru,-0.13776968,-0.07117106,0.8904224396755327,1.0,0.07099805419771249
APC4,-0.13779473,-0.18653007,0.8904026528132306,1.0,0.013573157420150918
SF1,-0.1385303,-0.08806348,0.8898213264708134,1.0,0.08699159982914907
UQCR-11L,-0.13901034,-0.48865262,0.8894419730772927,1.0,0.0018508851027478526
CG4592,-0.13919394,-0.85811335,0.8892968959336744,1.0,0.0019932608798823026
Cpr67B,-0.13928057,-0.3320477,0.8892284409062967,1.0,0.0016610507332352523
CG17650,-0.13938867,-0.4998054,0.8891430302872947,1.0,0.001613592140857102
hog,-0.13950709,-0.59774995,0.8890494568952084,1.0,0.001566133548478952
Tcs4,-0.13962631,-0.10584039,0.8889552570552746,1.0,0.021736035309192728
CG9902,-0.13963862,-0.14213656,0.8889455231611787,1.0,0.02928195149731859
Nepl21,-0.13998793,-0.9762137,0.8886695271382239,1.0,0.0014237577713445018
CG15237,-0.14021127,-0.037575252,0.8884930725877578,1.0,0.1167955958426273
CG1271,-0.14058362,-0.1672741,0.8881988893016651,1.0,0.018176640880831475
CG5104,-0.14065157,-0.90198654,0.8881452032972842,1.0,0.0009491718475630013
lncRNA:CR44300,-0.1409218,-1.1338009,0.8879317201724348,1.0,0.000806796070428551
CG34028,-0.14094009,-1.1884644,0.8879172789603261,1.0,0.000806796070428551
lncRNA:CR46024,-0.1414098,-1.3114657,0.8875462153713505,1.0,0.0005220445161596507
CG7568,-0.14141059,-1.313959,0.8875455875350418,1.0,0.0005220445161596507
eIF4EHP,-0.1414392,0.045282178,0.8875229854749286,1.0,0.6027241232025058
CG4839,-0.14158544,-1.5830377,0.887407465263216,1.0,0.0004271273314033506
CG11672,-0.14176188,-1.8569406,0.8872680908005426,1.0,0.00033221014664705045
CG15373,-0.14190653,-1.8689749,0.8871538314539685,1.0,0.00023729296189075032
Smyd5,-0.1431909,-0.10571266,0.8861394120390502,1.0,0.019885150206444876
CG13016,-0.14392051,-0.109106585,0.8855632344844055,1.0,0.018746143989369274
RhoGAP16F,-0.14398052,-0.14217861,0.8855158500209371,1.0,0.008495088035688861
Cpr64Ad,-0.14423127,-0.4242661,0.8853178438801608,1.0,0.0038441459826301554
RecQ5,-0.14489016,-0.11919099,0.8847976020001225,1.0,0.04978406340467942
fal,-0.14534636,-0.11011132,0.884437415355676,1.0,0.018556309619856676
Sox21a,-0.14556453,-0.4120566,0.884265174256227,1.0,0.002989891319823454
Sec15,-0.14558162,-0.12447887,0.8842516838363357,1.0,0.018841061174125574
asRNA:CR44093,-0.14569964,-0.28021353,0.8841585067364885,1.0,0.0026576811731764036
CG1314,-0.14592972,-0.34604752,0.8839768630586655,1.0,0.0026102225807982534
Smu1,-0.14608948,-0.07924495,0.8838507513457251,1.0,0.020929239238764177
CG34231,-0.14644714,-0.22998953,0.8835684223651186,1.0,0.00754591618812586
Paris,-0.14652303,-0.39245325,0.8835085077823447,1.0,0.002278012434151203
gdl,-0.1466045,-0.07620005,0.8834442022961484,1.0,0.01580371126192397
Mics1,-0.14679763,-0.6853487,0.8832917543104418,1.0,0.002372929618907503
CG11029,-0.14711833,-0.49269962,0.8830386249207445,1.0,0.0019932608798823026
CG32264,-0.14780621,0.08963103,0.8824957073988804,1.0,0.782734564092829
CG9107,-0.14795563,-0.07355741,0.8823777845958766,1.0,0.02050211190736083
CG34148,-0.14806253,-0.04926098,0.8822934212113581,1.0,0.028095486687864837
lncRNA:CR46088,-0.14815989,-0.7965507,0.8822165858334107,1.0,0.001471216363722652
CG3021,-0.14834547,-0.042900983,0.8820701312650115,1.0,0.036400740354041096
PolD2,-0.14871028,-0.10569123,0.881782251600888,1.0,0.010393431730814863
CG11110,-0.14875677,-0.067934096,0.881745562176728,1.0,0.05139765554553652
CG15047,-0.1490568,-0.97032046,0.8815088117417406,1.0,0.0009491718475630013
CG14615,-0.14909893,-1.1673628,0.8814755734549294,1.0,0.0009491718475630013
beta3GalTII,-0.14917721,-0.11807018,0.8814138009670058,1.0,0.02116653220065493
Arl6,-0.14920463,-1.0662912,0.8813921650885052,1.0,0.0008542546628067012
CG31213,-0.14933895,-1.0052427,0.8812861819193074,1.0,0.000759337478050401
CG5078,-0.14938505,-1.2582198,0.8812498094872347,1.0,0.000759337478050401
lncRNA:CR45522,-0.14987782,-1.6128963,0.8808610163949657,1.0,0.00047458592378150065
lncRNA:CR44999,-0.15016672,-2.3923054,0.8806330841135412,1.0,0.00033221014664705045
CG11898,-0.15046555,-2.7774312,0.8803973241251148,1.0,0.0001423757771344502
CG43273,-0.15074532,-0.20952392,0.880176622253511,1.0,0.010583266100327464
CG11710,-0.15082242,-0.061545257,0.8801158054751299,1.0,0.05714014522329268
Ddx1,-0.15096666,-0.14314403,0.8800020110318356,1.0,0.01499691519149542
CG7655,-0.1512818,-0.06393927,0.8797534273863918,1.0,0.017891889326562573
CG42391,-0.15136088,-0.33955112,0.8796910482298242,1.0,0.004461107683546106
Wnk,-0.15185404,-0.1019905,0.8793020573867213,1.0,0.1602202078686346
asRNA:CR45479,-0.15192081,-0.36366555,0.8792494001054848,1.0,0.004081438944520906
CG12672,-0.15220733,-0.17282146,0.8790234186741295,1.0,0.03137012956195719
mrn,-0.15220852,-0.048621073,0.8790224784113566,1.0,0.01684780029424327
Mlc-c,-0.15281256,-0.042766362,0.8785461005778762,1.0,0.1092971382468796
CG32202,-0.15321948,-0.0351298,0.8782251971314426,1.0,0.03768212234825115
Alkbh8,-0.15328227,-0.15466437,0.8781756845128929,1.0,0.021783493901570878
CG42359,-0.15377106,-0.13956417,0.8777902544875075,1.0,0.020122443168335627
CG11178,-0.15389107,-0.06655225,0.8776956248747801,1.0,0.041051682407099804
CG13005,-0.15416169,-0.19428237,0.8774822446474038,1.0,0.00745099900336956
Gprk1,-0.15416288,0.036537275,0.8774813046660852,1.0,0.5994969389207916
CG14613,-0.15439774,-0.053253483,0.877296131717295,1.0,0.033078638887570594
Dlip2,-0.15467314,-0.046638105,0.8770790085390293,1.0,0.03013620616012529
Hsc20,-0.15489568,-0.1893915,0.8769035622211918,1.0,0.02315979308053723
CG10958,-0.1549843,-0.14182839,0.8768336986741964,1.0,0.018651226804612977
Had2,-0.15507212,-0.7714972,0.8767644626527569,1.0,0.0025153053960419534
sisRNA:1,-0.15508166,-0.5837993,0.8767569438655495,1.0,0.0023254710265293533
CG12716,-0.15520921,-0.29233688,0.8766563811559944,1.0,0.00778320915001661
Cog4,-0.15526962,-0.12972346,0.8766087633712116,1.0,0.03815670827203265
asRNA:CR46029,-0.1553201,-0.5842704,0.8765689778013765,1.0,0.002183095249394903
CG13978,-0.1556841,-0.5068428,0.8762820297057892,1.0,0.0018508851027478526
CG13135,-0.15568808,-0.64376515,0.8762788971743212,1.0,0.0019458022875041526
asRNA:CR43468,-0.15602784,-0.7964385,0.8760110729055731,1.0,0.0018508851027478526
Ada1-1,-0.15656473,-0.9827914,0.8755879081900557,1.0,0.001518674956100802
Aasdh,-0.15680832,-0.14042878,0.875395914013727,1.0,0.02306487589578093
tty,-0.15691403,-0.060567252,0.8753126039767667,1.0,0.3430307057092687
Nans,-0.15705988,-1.1434245,0.8751976634500662,1.0,0.0012339234018319016
asRNA:CR44960,-0.15746401,-0.2936064,0.87487916354745,1.0,0.0061221584167813585
fy,-0.15768854,-0.16151382,0.8747022279117488,1.0,0.010345973138436713
lncRNA:CR42549,-0.15817733,-0.16404732,0.8743170622733751,1.0,0.056380807745242276
kune,-0.15820198,-0.039486647,0.8742976482076454,1.0,0.06682169806843528
lncRNA:CR44332,-0.15837008,-0.21317239,0.8741651961984758,1.0,0.011057852024108965
CG15908,-0.15849644,-0.07058053,0.8740656246691834,1.0,0.11912106686915666
CG3792,-0.15906908,-0.055380035,0.8736144466244087,1.0,0.06758103554648569
CG32512,-0.15924394,-0.49117115,0.8734766905192015,1.0,0.006169617009159509
Tif-IA,-0.15939653,-0.071742065,0.8733564701435157,1.0,0.1349722367234588
Ubx,-0.1596155,-0.22791828,0.873183971536305,1.0,0.0042238147216553555
CG11882,-0.15986426,-0.11095024,0.8729880003982688,1.0,0.024868302406150632
ph-p,-0.1598754,-0.121751025,0.8729792350980579,1.0,0.08708651701390537
por,-0.16193229,-0.103925474,0.871359175719258,1.0,0.017085093256134023
ktub,-0.1620225,-0.106413536,0.8712881382752284,1.0,0.033790517773242844
CG11777,-0.16267183,-0.12821722,0.8707768245238371,1.0,0.025580181291822886
ear,-0.16270164,-0.068483286,0.8707533567051327,1.0,0.13530444687010584
PGAP5,-0.16300446,-0.047989946,0.8705149301222673,1.0,0.04385173935741066
Ir62a,-0.16332872,-0.59212834,0.8702596202168553,1.0,0.0024203882112856533
lectin-46Cb,-0.1638485,-0.7712581,0.8698504016761298,1.0,0.002278012434151203
CG15475,-0.16395421,-0.60847706,0.8697671856526462,1.0,0.0019932608798823026
CG42830,-0.16429676,-0.7293306,0.8694975255958926,1.0,0.0018034265103697023
MetRS-m,-0.16437267,-0.13496304,0.8694377769864711,1.0,0.02377675478145318
CG33998,-0.16456024,-0.7686317,0.8692901291704853,1.0,0.0017085093256134023
CG32032,-0.16469218,-0.41493714,0.8691862779280717,1.0,0.011769730909781216
OXA1L,-0.16472436,-0.06627585,0.8691609410697201,1.0,0.0375397465711167
CG14443,-0.16607907,-1.3309327,0.8680947255360959,1.0,0.000806796070428551
lncRNA:CR45203,-0.16610013,-1.0940424,0.8680781508851747,1.0,0.000759337478050401
Ilp1,-0.16612397,-1.1925526,0.8680593871993925,1.0,0.000759337478050401
CG3819,-0.16632664,-1.5787379,0.867899898872055,1.0,0.0006644202932941009
CG11147,-0.166424,-1.7524778,0.8678232838417774,1.0,0.0006169617009159508
PIG-F,-0.16673198,-0.10724797,0.8675809383522307,1.0,0.05210953443120877
dare,-0.16722396,-0.09434375,0.8671938368022061,1.0,0.03170233970860424
oya,-0.1675363,-0.08104175,0.8669480844884554,1.0,0.05025864932846092
Rift,-0.16860409,-0.10103445,0.8661080590243098,1.0,0.047506050970528214
asRNA:CR43730,-0.16863947,-0.27935034,0.8660802379123115,1.0,0.003939063167386455
cu,-0.16895698,-0.09284699,0.8658304805336268,1.0,0.047695885340040815
nAChRalpha1,-0.1691509,-0.03533355,0.8656779444432896,1.0,0.4613449765079968
CG14142,-0.16931543,-0.3438309,0.8655485427484215,1.0,0.003701770205495705
Fnta,-0.17042415,-0.07437812,0.8646765820152325,1.0,0.05367566797968772
GlcAT-S,-0.17068604,-0.079785645,0.8644706482782473,1.0,0.14394191068292914
hoip,-0.17143154,-0.20165747,0.8638844594366855,1.0,0.025247971145175834
GAPsec,-0.1720312,-0.13122505,0.8634130004788967,1.0,0.023302168857671682
Dlip1,-0.17252079,-0.18822485,0.8630281210687261,1.0,0.006359451378672109
CG17167,-0.17262173,-0.18163547,0.862948774969477,1.0,0.006359451378672109
CG12947,-0.17280413,-0.10699891,0.8628053932026767,1.0,0.010203597361302264
CG42399,-0.17304295,-0.11372149,0.8626176605114579,1.0,0.028902282758293388
lncRNA:CR45430,-0.17305091,-0.6152223,0.8626114133006557,1.0,0.001518674956100802
CG2111,-0.17315066,-0.864486,0.862533011535784,1.0,0.001566133548478952
CG10237,-0.17359215,-1.127757,0.862185998481563,1.0,0.0013762991789663518
CG5114,-0.17388782,-0.058098394,0.8619536301660364,1.0,0.018508851027478526
Ccm3,-0.17391801,-0.04936995,0.8619298942898224,1.0,0.15172511983294576
CG34149,-0.17404121,-0.12843911,0.8618330781916601,1.0,0.01604100422381472
CG8891,-0.17476049,-0.07553603,0.8612678385898527,1.0,0.0680556214702672
koko,-0.17574562,-0.14234386,0.8604937942828642,1.0,0.01490199800673912
fwd,-0.17603095,-0.08462243,0.8602696305665677,1.0,0.23496749086422097
rumpel,-0.17645258,-0.27782673,0.8599384009000004,1.0,0.021024156423520478
Zn72D,-0.17661352,-0.078669704,0.8598119719428878,1.0,0.10478857197095534
Oga,-0.17666519,-0.15240936,0.8597713905702487,1.0,0.014427412082957619
hui,-0.17711304,-0.4311192,0.8594195968203114,1.0,0.004366190498789806
Reck,-0.17754897,-0.2937711,0.8590771943879774,1.0,0.010440890323193014
Larp4B,-0.17772184,-0.035937164,0.8589414268289025,1.0,0.4181101988515021
lncRNA:CR43411,-0.17774887,-0.6212874,0.8589202037712503,1.0,0.004840776422571307
lncRNA:CR43910,-0.17790782,-0.5251501,0.8587953643196191,1.0,0.003939063167386455
CG2211,-0.17806837,-0.06930838,0.8586692800569771,1.0,0.021071615015898628
MsR1,-0.17869307,-0.194258,0.8581787092841933,1.0,0.024393716482369134
mei-W68,-0.17933048,-0.579607,0.857678208781693,1.0,0.0028475155426890037
CG9302,-0.17953873,-0.15864308,0.8575147160175572,1.0,0.012481609795453466
CG4935,-0.17986736,-0.12940906,0.8572566969368778,1.0,0.018603768212234827
wek,-0.17989756,-0.16645387,0.8572329861537477,1.0,0.0068814958948317595
epsilonCOP,-0.18040106,-0.04659371,0.8568377214320442,1.0,0.08827298182335912
slx1,-0.18070467,-0.6699381,0.8565993944615545,1.0,0.0019932608798823026
peng,-0.18081395,-0.10401542,0.8565136124290986,1.0,0.02932941008969674
CG32055,-0.18088628,-0.6758336,0.8564568412523953,1.0,0.0018508851027478526
CG3788,-0.18088946,-0.7367156,0.8564543458330955,1.0,0.0019458022875041526
Mulk,-0.18105,-0.058175173,0.8563283290250723,1.0,0.03440747947415879
nmdyn-D6,-0.18154675,-0.21622092,0.8559384487480144,1.0,0.006027241232025058
Wdr82,-0.18183842,-0.008809211,0.8557095274272307,1.0,0.05894357173366238
lncRNA:CR44986,-0.18216747,-0.97744185,0.8554513037815356,1.0,0.0011390062170756016
mago,-0.18231133,-0.06220181,0.8553384137636173,1.0,0.09102558018129182
CG5062,-0.18253307,-1.1341274,0.8551644067735313,1.0,0.0009491718475630013
Pgant3,-0.18255532,-0.15132716,0.8551469440951642,1.0,0.024441175074747284
lncRNA:CR43408,-0.18379717,-2.608249,0.8541725769570394,1.0,0.00023729296189075032
c(3)G,-0.18398713,-0.23717691,0.8540235573318692,1.0,0.010393431730814863
Npc2a,-0.18423946,-0.15721327,0.8538255999858766,1.0,0.12557543543258506
prg,-0.18426926,-0.10034084,0.8538022198044288,1.0,0.026149684400360685
tomboy40,-0.18434,-0.4268373,0.8537467313545011,1.0,0.005078069384462057
Ir56a,-0.185467,-0.4980781,0.8528627547273077,1.0,0.004413649091167956
CG4949,-0.18593514,-0.10921606,0.8524956282730465,1.0,0.012718902757344218
RagA-B,-0.18623,-0.1118864,0.8522643986356451,1.0,0.033078638887570594
osy,-0.18647003,-0.57794636,0.8520761833448454,1.0,0.0038441459826301554
betaTub85D,-0.18687855,-0.46975592,0.8517558627879872,1.0,0.003227184281714204
rgr,-0.18787083,-0.23169182,0.8509779098327362,1.0,0.015376583930520622
CG1737,-0.1883183,-0.081426196,0.8506271462447432,1.0,0.2073940486925158
Shc,-0.18899226,-0.06272745,0.8500988760791977,1.0,0.04432632528119216
dgt6,-0.18919295,-0.7374094,0.8499415916433604,1.0,0.0019458022875041526
Tat,-0.18925375,-0.7979433,0.8498939403095195,1.0,0.0018983436951260026
CG13526,-0.19010615,-0.7387806,0.8492259451021394,1.0,0.0013288405865882018
CG31921,-0.19018961,-1.1155877,0.8491605527794799,1.0,0.001471216363722652
CG32100,-0.19122124,-0.12503807,0.8483522649698303,1.0,0.02956670305158749
CG33233,-0.19164327,-1.6348984,0.8480216476806743,1.0,0.0005220445161596507
lncRNA:CR45409,-0.19266178,-0.17811656,0.8472238557478231,1.0,0.025200512552797684
CG11523,-0.19367115,-0.06555117,0.8464333775183756,1.0,0.08722889279103982
Xpac,-0.19406298,-0.0714322,0.8461265641729772,1.0,0.05196715865407432
Rat1,-0.19414723,-0.1581886,0.8460605992376972,1.0,0.029756537421100092
escl,-0.1945319,-0.16796847,0.8457594145711964,1.0,0.008067960704285511
Vps36,-0.19457999,-0.16134648,0.8457217680716568,1.0,0.02130890797778938
CG1663,-0.19490863,-0.21232824,0.8454644745717153,1.0,0.008210336481419962
CG31467,-0.19547452,-0.49187154,0.8450214830450639,1.0,0.0030848085045797544
asRNA:CR45281,-0.19585006,-0.2999559,0.8447275304550435,1.0,0.008447629443310711
Acer,-0.19671796,-0.12091815,0.8440482561427597,1.0,0.03141758815433534
idc,-0.19672273,-0.14259683,0.8440445241862012,1.0,0.027051397655545536
Jra,-0.19804564,-0.10053711,0.8430093527315312,1.0,0.05149257273029282
CG2321,-0.19807068,-0.3044696,0.8429897651328,1.0,0.006549285748184709
CG42307,-0.1981132,-0.67515814,0.842956497528967,1.0,0.001518674956100802
CG4098,-0.19876294,-0.1276385,0.8424481909982355,1.0,0.04451615965070476
CG43800,-0.19883883,-0.39436042,0.8423888151248963,1.0,0.006454368563428408
NHP2,-0.19927914,-0.06791285,0.8420443905733559,1.0,0.052441744577855824
spel1,-0.1993761,-0.11249036,0.8419685466254272,1.0,0.01480708082198282
CG14589,-0.19940631,-1.1856614,0.8419449234000997,1.0,0.0008542546628067012
asRNA:CR46066,-0.19944844,-1.3582227,0.8419119754550011,1.0,0.0008542546628067012
pre-mod(mdg4)-AB,-0.19951242,-1.2054855,0.8418619324075438,1.0,0.000806796070428551
Snmp2,-0.19955534,-0.25677112,0.8418283635162782,1.0,0.005457738123487257
lncRNA:CR45035,-0.1998812,-1.5547941,0.8415734979836924,1.0,0.0006169617009159508
CG11779,-0.20086831,-0.087352715,0.8408015433202012,1.0,0.08281524369987187
CG2972,-0.20088778,-0.032017384,0.8407863170880205,1.0,0.012244316833562717
DIP-epsilon,-0.20127882,-0.16917884,0.8404805621017599,1.0,0.0355464856912344
DCTN6-p27,-0.20138374,-0.05535215,0.8403985343684931,1.0,0.10364956575387974
Caf1-55,-0.20147076,-0.035797622,0.8403304899502706,1.0,0.061506335722082486
Hus1-like,-0.20188326,-0.25360215,0.8400079942870669,1.0,0.009823928622277064
CG12909,-0.20189439,-0.18851238,0.8399992953538239,1.0,0.008779839589957763
CG17030,-0.20207559,-0.5174458,0.8398576297638003,1.0,0.004366190498789806
ArgRS,-0.20239708,-0.19796999,0.8396063103777642,1.0,0.01475962222960467
CG8757,-0.20246066,-0.53221905,0.8395566076145035,1.0,0.004318731906411656
CG4455,-0.20246741,-0.43997157,0.8395513267335055,1.0,0.003986521759764605
CG9948,-0.20264545,-0.12784694,0.8394121625912557,1.0,0.026576811731764037
List,-0.20267566,-0.32058045,0.8393885548865311,1.0,0.012956195719234967
Alg3,-0.20313385,-0.15216362,0.8390304188935872,1.0,0.020264818945470078
l(3)87Df,-0.20349388,-0.063507,0.8387490275233885,1.0,0.07436761425656115
Blos3,-0.20424534,-0.16981311,0.8381617749089474,1.0,0.0322243842247639
CG6479,-0.20485257,-0.22264077,0.8376873182579161,1.0,0.00716624744910066
Trmt2a,-0.2052432,-0.30733457,0.8373821198030501,1.0,0.0076408333728821606
Ufl1,-0.20551859,-0.080882296,0.8371669742522551,1.0,0.04722129941625931
lncRNA:CR45883,-0.20592234,-0.85966355,0.8368515736430919,1.0,0.002040719472260453
Atg10,-0.20623787,-0.36362332,0.8366051075595926,1.0,0.006786578710075459
slif,-0.2068276,-0.81972647,0.8361445011219026,1.0,0.0013762991789663518
Mau2,-0.20755085,-0.1362605,0.8355796831469273,1.0,0.01566133548478952
CG6472,-0.20791884,-1.43089,0.8352923412497982,1.0,0.000806796070428551
CG3732,-0.2082121,-0.073876195,0.8350633523248101,1.0,0.12946704000759338
CG15456,-0.2082733,-0.036412034,0.8350155704906654,1.0,0.05642826633762043
CG9072,-0.20830113,-2.0425713,0.8349938516764644,1.0,0.0006169617009159508
CG1622,-0.20866475,-0.105059505,0.834709967327687,1.0,0.0690997105025865
CG2209,-0.20923302,-0.26344937,0.834266344225244,1.0,0.004603483460680556
CG9541,-0.20949449,-0.33259118,0.8340622332631735,1.0,0.004366190498789806
lola,-0.21057738,0.1189327,0.8332170600842791,1.0,0.8273456409282901
CG10874,-0.21066044,-0.09269743,0.8331522455723508,1.0,0.05419771249584737
Stt3A,-0.21083887,-0.07341742,0.8330130067483122,1.0,0.0769778368373594
CG10646,-0.21094656,-0.08095715,0.832928969814454,1.0,0.0388685871577049
Ras64B,-0.21108247,-0.06278717,0.8328229185490963,1.0,0.04404157372692326
Pp1-13C,-0.2111683,-0.46264002,0.8327559403699532,1.0,0.003701770205495705
amx,-0.21149893,-0.1115761,0.8324979616950731,1.0,0.04100422381472166
asRNA:CR46033,-0.21204893,-0.5683426,0.8320688640669321,1.0,0.0032746428740923544
Saf6,-0.21205528,-0.17656182,0.8320639036930674,1.0,0.02116653220065493
CG3071,-0.21224286,-0.088343844,0.8319175756736787,1.0,0.02771581794883964
MED4,-0.21244553,-0.09641788,0.8317594735563809,1.0,0.04313986047173841
ssp6,-0.21296173,-0.11094124,0.8313568089277281,1.0,0.05471975701200702
CG10366,-0.21335396,-0.08967209,0.831050887793126,1.0,0.04318731906411656
CG4631,-0.21344854,-0.18300943,0.8309771234052572,1.0,0.02050211190736083
Fpgs2,-0.2139866,-0.653847,0.8305575005766495,1.0,0.0020881780646386026
CG15525,-0.21408278,-0.109051816,0.830482506604389,1.0,0.033980352142755445
ND-B14.5B,-0.21424134,-0.01874747,0.830358862889587,1.0,0.46423995064306395
hpRNA:LINR-3,-0.21438162,-1.0647243,0.8302494773402299,1.0,0.002183095249394903
CG15923,-0.21447858,-0.70746124,0.83017386998793,1.0,0.0018034265103697023
SamDC,-0.21450798,-0.09833213,0.8301509401999932,1.0,0.046794172084855964
snoRNA:CG32479-a,-0.21457237,-1.1204842,0.8301007430610821,1.0,0.0020881780646386026
CG4806,-0.21484855,-0.08869782,0.8298853990088919,1.0,0.07607612358217455
MED22,-0.21528806,-0.069982894,0.8295427339637291,1.0,0.09605619097337573
Trmt10A,-0.21720627,-0.16391276,0.8280475951855798,1.0,0.01580371126192397
l(2)37Cd,-0.21722336,-0.27414155,0.8280342789446012,1.0,0.011342603578377866
Kcmf1,-0.21880895,-0.076971546,0.8267988712312022,1.0,0.1125243225285938
kek6,-0.21911773,-0.09819684,0.8265583415939818,1.0,0.18271558065587776
lncRNA:CR45558,-0.2194126,-0.4312077,0.8263286618149014,1.0,0.003701770205495705
CG13123,-0.22112018,-0.17941953,0.8249988548563161,1.0,0.012623985572587917
COX5BL,-0.22153229,-0.59350604,0.8246780060542371,1.0,0.0025153053960419534
Polr2M,-0.22197816,-0.360055,0.8243308911609062,1.0,0.00797304351952921
snoRNA:Dek-a,-0.22219633,-0.7617876,0.8241610586861055,1.0,0.002230553841773053
garz,-0.22269306,-0.081654675,0.8237744034473926,1.0,0.05704522803853638
CG34293,-0.22272564,-0.08076492,0.8237490403576153,1.0,0.05144511413791467
CG32196,-0.22343896,-0.14006534,0.8231938822993299,1.0,0.017037634663755873
MAGE,-0.22391981,-0.23712832,0.8228197030962969,1.0,0.0055526553082435575
CG33155,-0.2247138,-0.30461848,0.8222019317742087,1.0,0.005315362346352807
CG3163,-0.22617103,-0.09024622,0.8210684012681551,1.0,0.04745859237815006
ranshi,-0.22662167,-0.15928058,0.8207179385750534,1.0,0.01456978786009207
Cdc50,-0.22720067,-0.08685376,0.8202677052752831,1.0,0.08186607185230886
Larp7,-0.22723763,-0.19894686,0.8202389689888064,1.0,0.01490199800673912
lncRNA:CR44844,-0.22731632,-0.63658386,0.8201777893118135,1.0,0.004840776422571307
Hen1,-0.22929929,-0.32944167,0.8186363001042951,1.0,0.008827298182335913
ImpE1,-0.22952542,-0.8282831,0.8184605714870888,1.0,0.0034170186512268047
CG31788,-0.23024708,-0.5903223,0.8178997833760758,1.0,0.002278012434151203
tut,-0.23055466,-0.23565592,0.8176607973624689,1.0,0.013952826159176118
CG15725,-0.23059082,-0.32491603,0.8176327006366075,1.0,0.00749845759574771
Pss,-0.2306397,-0.12622452,0.8175947241157759,1.0,0.027383607802192587
Rassf,-0.23075137,-0.14947371,0.8175079663534528,1.0,0.0407669308528309
GstD3,-0.2307907,-0.46055776,0.8174774009839066,1.0,0.009634094252764463
CG18259,-0.23080105,-0.16500871,0.8174693737611484,1.0,0.02861753120402449
t-Grip128,-0.23091827,-0.8232652,0.8173782969977125,1.0,0.0019932608798823026
CG1537,-0.2310669,-0.45687076,0.8172628337301654,1.0,0.012291775425940867
CG18858,-0.23118572,-0.754691,0.8171705277132575,1.0,0.0018034265103697023
KCNQ,-0.2313383,-0.13176131,0.8170519845748359,1.0,0.04826538844857862
xmas,-0.23146509,-0.24348241,0.8169535105142721,1.0,0.005979782639646908
pre-lola-G,-0.23223801,-0.2785676,0.8163531591429256,1.0,0.016230838593327322
Jhbp1,-0.23234768,-1.2874577,0.8162679766167271,1.0,0.0012339234018319016
skl,-0.23248081,-0.1081256,0.8161645876988971,1.0,0.04413649091167956
CG43322,-0.23355179,-0.18763272,0.8153329635622746,1.0,0.009586635660386313
CG15765,-0.23417053,0.005403296,0.8148525986366612,1.0,0.5567367471880784
hng2,-0.23431756,-0.087514885,0.8147384566341682,1.0,0.02230553841773053
CG18004,-0.2344026,-0.108031295,0.8146724411626787,1.0,0.04423140809643586
Blos1,-0.23440737,-0.07264775,0.8146687393994992,1.0,0.09686298704380428
CG7509,-0.23448406,-0.48869252,0.814609203276877,1.0,0.005410279531109108
Elp6,-0.23543662,-0.081688486,0.8138698724730354,1.0,0.07863888757059466
Polr3H,-0.23651592,-0.14381751,0.8130323496770784,1.0,0.019410564282663377
lncRNA:CR45251,-0.23689067,-0.6502247,0.8127416102312145,1.0,0.003749228797873855
mRpS18B,-0.23706314,-0.09090369,0.8126078109271394,1.0,0.048217929856200464
CG11839,-0.23728885,-0.21304205,0.8124327085824222,1.0,0.013715533197285369
CG43789,-0.2374188,-0.43731353,0.812331905675878,1.0,0.0028475155426890037
CG17068,-0.2376024,-0.14372244,0.8121894921916608,1.0,0.017607137772293675
Tasp1,-0.237755,-0.17685828,0.8120711272698472,1.0,0.012149399648806417
asRNA:CR44981,-0.23783289,-0.7658232,0.8120107134961776,1.0,0.003132267096957904
lncRNA:CR45347,-0.2383928,-0.10168034,0.8115764454004476,1.0,0.0644487684495278
CG42302,-0.23977533,-0.76184785,0.8105044308194758,1.0,0.0016610507332352523
CG11095,-0.24033128,-0.1829215,0.8100734448196467,1.0,0.018935978358881875
CG8818,-0.24041036,-0.06922067,0.810012144123615,1.0,0.18105452992264248
lncRNA:CR45414,-0.24068218,-1.1820999,0.809801451123213,1.0,0.0012339234018319016
CG11696,-0.2407561,-0.06666139,0.8097441597956233,1.0,0.03440747947415879
lncRNA:CR45972,-0.24123377,-1.4193096,0.8093739468872996,1.0,0.0009017132551848512
ND-ACP,-0.24135815,-0.020151656,0.8092775506892761,1.0,0.4389919794978881
CG32708,-0.24191569,-0.05704711,0.8088454972388813,1.0,0.03939063167386455
Ir76a,-0.2421406,-0.4108157,0.8086712141884668,1.0,0.005505196715865407
CG13926,-0.24220617,-0.1862216,0.8086204090786107,1.0,0.026007308623226234
HmgD,-0.24235441,-0.071188636,0.808505561713295,1.0,0.17834939015708795
asRNA:CR45469,-0.2430236,-0.3387726,0.8079871065036466,1.0,0.004271273314033506
pAbp,-0.24323542,0.069203004,0.8078230286748603,1.0,0.808646955531299
CG3625,-0.24398887,-0.056243017,0.8072394357690755,1.0,0.3008874756774714
mRpL35,-0.24589357,-0.057120033,0.8057646190617523,1.0,0.08860519197000617
CG31633,-0.24623533,-0.22749044,0.8055000680835455,1.0,0.006976413079588059
28SrRNA-Psi:CR41609,-0.2466359,-0.7473928,0.8051900180678033,1.0,0.002800056950310854
CG7239,-0.24695541,-0.052580558,0.8049427382260903,1.0,0.034075269327511745
lncRNA:CR46271,-0.24725743,-0.8188188,0.804709009049595,1.0,0.0023254710265293533
CG12992,-0.24798822,-0.3001124,0.8041435182012932,1.0,0.006454368563428408
kat-60L1,-0.2484659,-0.05387874,0.8037739596421808,1.0,0.026814104693654785
CG11436,-0.24952295,-0.042142816,0.802956290578517,1.0,0.024583550851881734
nudE,-0.2496223,-0.08633829,0.8028794530549027,1.0,0.17569170898391154
lncRNA:CR44612,-0.25010315,-2.043889,0.8025075863835871,1.0,0.0006644202932941009
CG34160,-0.25039086,-2.2174575,0.8022851024147828,1.0,0.00047458592378150065
CG18324,-0.25049734,-0.0983958,0.8022027505340256,1.0,0.02923449290494044
coil,-0.25113398,-0.17479824,0.8017105287958238,1.0,0.02387167196620948
RunxB,-0.2514209,-0.62379247,0.8014887167460307,1.0,0.006169617009159509
Tgi,-0.25179484,-0.11159985,0.8011996477747139,1.0,0.031559963931469794
CCKLR-17D3,-0.2532795,-0.12106537,0.8000522422089398,1.0,0.04869251577998197
RluA-2,-0.25339353,-0.07999135,0.7999641161780622,1.0,0.04290256750984766
CG34219,-0.2535104,-0.09641298,0.7998738433725345,1.0,0.0355464856912344
CG5664,-0.25365224,-0.16617772,0.7997642299889902,1.0,0.012908737126856817
nAChRbeta2,-0.25369158,-0.08932472,0.7997338336987663,1.0,0.23107588628921266
Fbw5,-0.2538426,-0.32596794,0.7996171638870765,1.0,0.008732380997579612
Obp85a,-0.25401983,-0.48869088,0.7994802360761586,1.0,0.002942432727445304
CG1486,-0.254265,-0.08586354,0.7992908192011308,1.0,0.05187224146931802
GalT1,-0.2545273,-0.029413007,0.7990882145461098,1.0,0.04774334393241896
PGAP2,-0.25529784,-0.096620314,0.798493064910951,1.0,0.06217075601537658
Set2,-0.2555144,-0.11460743,0.798325805647256,1.0,0.08547292487304826
Sec20,-0.25658977,-0.11255961,0.797495477595412,1.0,0.019647857244554128
ATbp,-0.25681072,-0.2225604,0.797324898988951,1.0,0.011295144985999716
Efr,-0.25754312,-0.120199114,0.7967595431170272,1.0,0.0379194153101419
Rrp42,-0.25769532,-0.26336488,0.7966420679931105,1.0,0.011437520763134165
spdi,-0.25774458,-0.14640437,0.7966040352587388,1.0,0.08765602012244317
ACXC,-0.2577597,-1.6263325,0.7965923801626398,1.0,0.0011390062170756016
CG5254,-0.25790593,-0.29299918,0.7964795121056616,1.0,0.01556641830003322
CG7556,-0.25823656,-0.11000477,0.7962243478459292,1.0,0.07683546106022496
Pof,-0.25825047,-0.06959164,0.7962136142498187,1.0,0.031180295192444592
CG10681,-0.2583053,-0.12025517,0.7961712935894358,1.0,0.025295429737553984
CG10616,-0.2588704,-0.09550547,0.7957352417214264,1.0,0.0664420293294101
CG13775,-0.259081,-0.46460238,0.7955727351830886,1.0,0.005410279531109108
Arp8,-0.26026723,-0.13928577,0.7946576518947519,1.0,0.019885150206444876
Fsn,-0.2606368,-0.07148064,0.7943726082252536,1.0,0.10497840634046794
Lamtor3,-0.26079974,-0.075059205,0.7942469525297526,1.0,0.061411418537326186
par-6,-0.2612281,-0.09298935,0.7939165954763837,1.0,0.09994779554838404
wol,-0.26171213,-0.07827454,0.7935433793928872,1.0,0.04323477765649471
CG14966,-0.2620984,-0.118699834,0.7932455758396035,1.0,0.02211570404821793
Blos2,-0.26236504,-0.12817736,0.7930400109325735,1.0,0.03269897014854539
CG3652,-0.26274258,-0.07766032,0.7927489972849233,1.0,0.10402923449290494
Ipk2,-0.26312605,-0.22587055,0.7924534182369123,1.0,0.013430781643016467
U3-55K,-0.26329297,-0.3682393,0.7923247817461068,1.0,0.008162877889041811
fh,-0.26359937,-0.13112251,0.7920886566176257,1.0,0.02980399601347824
asRNA:CR45620,-0.26361087,-0.3380451,0.7920797754997067,1.0,0.00749845759574771
CG3713,-0.26393038,-0.3710845,0.7918335649083431,1.0,0.00773575055763846
Tmem208,-0.26419702,-0.11026643,0.7916280990761712,1.0,0.05381804375682217
CG32281,-0.2642022,-0.2375025,0.7916241185099374,1.0,0.012623985572587917
Hsepi,-0.2645209,-0.12376428,0.7913785587034234,1.0,0.03739737079398225
asRNA:CR44840,-0.2646107,-0.8758656,0.7913093647898581,1.0,0.0018508851027478526
ND-51L1,-0.26467907,-0.8023987,0.7912567050372087,1.0,0.0017559679179915523
mir-2279,-0.26523024,-0.9435361,0.7908320940766882,1.0,0.001471216363722652
Lamtor4,-0.26526004,-0.0998877,0.7908091356267465,1.0,0.12201604100422382
scat,-0.2666843,-0.195452,0.7897122397547447,1.0,0.032556594371410945
CG17786,-0.26733604,-0.1725715,0.789210450746215,1.0,0.02325471026529353
CG13055,-0.2674,-0.29198104,0.7891611944610941,1.0,0.011200227801243415
frtz,-0.26769605,-0.3749599,0.7889332803894995,1.0,0.004603483460680556
CG9175,-0.26780733,-0.057031516,0.7888476260785017,1.0,0.03360068340373024
CG44314,-0.26799887,-0.48660347,0.7887001842794155,1.0,0.004935693607327606
Prp5,-0.26813042,-0.10658115,0.7885989371364974,1.0,0.06330976223245219
M1BP,-0.26814273,-0.069271155,0.7885894549585293,1.0,0.08366949836267856
Alg2,-0.26879406,-0.102999486,0.7880881676721869,1.0,0.02961416164396564
CG5262,-0.26937982,-0.1790858,0.7876374204903067,1.0,0.013335864458260169
lncRNA:CR45965,-0.2697478,-0.64588076,0.7873542873218817,1.0,0.0040339803521427554
NetA,-0.2701901,-0.3642231,0.7870140143453134,1.0,0.010203597361302264
Tsp5D,-0.2703574,-0.39741987,0.7868853143183868,1.0,0.011200227801243415
Samtor,-0.27057913,-0.18788509,0.7867147422564174,1.0,0.02149874234730198
TfIIFbeta,-0.2707699,-0.08171709,0.7865680217887525,1.0,0.035593944283612546
CG11892,-0.27161592,-0.76381654,0.7859173467927639,1.0,0.0028475155426890037
Dhod,-0.27207372,-0.08578737,0.7855653294419279,1.0,0.057709648331830475
CG4709,-0.27263764,-0.16551362,0.7851317850056925,1.0,0.016373214370461773
Coq8,-0.2738453,-0.1555014,0.7842035093537595,1.0,0.034597313843671394
CG34132,-0.27432257,-0.09820405,0.783836743277157,1.0,0.11869393953775331
Vps50,-0.27522704,-0.1176925,0.7831418212778114,1.0,0.03042095771439419
TTLL6A,-0.27590498,-3.0759852,0.7826210484903572,1.0,0.00023729296189075032
Taf9,-0.27597255,-0.15153931,0.7825691597002293,1.0,0.019505481467419677
phr,-0.27802825,-0.36611184,0.7809906779621744,1.0,0.010678183285083765
CG18789,-0.27819157,-0.31073365,0.7808653046113094,1.0,0.008922215367092211
CG5359,-0.2783239,-0.0959426,0.7807637289203208,1.0,0.020217360353091927
Klp68D,-0.27842405,-0.07776816,0.7806868633165099,1.0,0.12092449337952636
CG32195,-0.27857664,-0.38184655,0.7805697388986705,1.0,0.015613876892411371
ArfGAP3,-0.2790253,-0.085929334,0.78022540975772,1.0,0.054577381234872574
CG6621,-0.28069356,-0.15133883,0.778945457337671,1.0,0.05509942575103222
lncRNA:CR45382,-0.28099158,-1.0211728,0.7787168485097715,1.0,0.002372929618907503
Sry-delta,-0.2817367,-0.11264106,0.7781454102388882,1.0,0.04090930662996536
CG10431,-0.28187937,-0.38097933,0.7780360125304289,1.0,0.006596744340562859
lncRNA:CR45332,-0.28195804,-0.113033414,0.7779756780719491,1.0,0.1308907977789379
CG34159,-0.28205064,-0.10045554,0.7779046801457998,1.0,0.19296663660955815
Cog2,-0.28217623,-0.17494994,0.7778083940755227,1.0,0.02396658915096578
Eaf6,-0.28280926,-0.18714824,0.7773230545686545,1.0,0.026149684400360685
CG5902,-0.28402448,-0.08563964,0.7763916169609084,1.0,0.056997769446158225
CG5916,-0.28477398,-0.078380644,0.7758173195373951,1.0,0.06088937402116653
p53,-0.2860202,-0.27604783,0.7748626616757537,1.0,0.008732380997579612
l(3)72Dn,-0.28771862,-0.18922664,0.7735621231144532,1.0,0.019410564282663377
CG17996,-0.28778422,-0.09835706,0.7735119278608279,1.0,0.08404916710170376
Mkrn1,-0.28977075,-0.09835695,0.7719916137538458,1.0,0.161928717194248
APP-BP1,-0.28997582,-0.14180985,0.7718347356743163,1.0,0.0322243842247639
snRNP-U1-C,-0.29042804,-0.07627416,0.7714887856022054,1.0,0.05471975701200702
nod,-0.29172036,-0.42141497,0.7705004337616127,1.0,0.0053628209387309575
asRNA:CR45126,-0.29285333,-0.5214267,0.769634260744203,1.0,0.005267903753974657
CG12375,-0.29287162,-0.06973223,0.7696202876641958,1.0,0.08219828199895592
Rad17,-0.29354876,-0.17295681,0.7691027289265032,1.0,0.013668074604907219
Bka,-0.29404074,-0.1711833,0.7687267736447112,1.0,0.0362109059845285
Dpp10,-0.2946718,-0.057437763,0.7682446101486691,1.0,0.4032556594371411
SmydA-3,-0.29649305,-0.76616913,0.7668535799322014,1.0,0.002942432727445304
Vps25,-0.29755685,-0.09104205,0.7660414051798001,1.0,0.10417161027003939
CG5880,-0.29777583,-0.16310216,0.7658742692183478,1.0,0.023444544634806132
wwk,-0.2982666,-0.109037556,0.7654996937283072,1.0,0.19125812728394476
Polr2D,-0.29845098,-0.9317517,0.7653589766968256,1.0,0.001566133548478952
CG42764,-0.2986767,-1.2568834,0.765186730183087,1.0,0.0017559679179915523
spin,-0.2991178,-0.14494282,0.7648501552055669,1.0,0.05111290399126762
CG5897,-0.29938525,-1.4115717,0.7646461092939171,1.0,0.0011864648094537516
PolE4,-0.29945004,-0.12727381,0.7645966920131078,1.0,0.04736367519339377
CG18281,-0.29953945,-0.4930952,0.7645284795499798,1.0,0.006501827155806559
CG33523,-0.3003839,-0.10314677,0.7638843409046118,1.0,0.04418394950405771
asRNA:CR44018,-0.30065492,-0.120761,0.7636776449003011,1.0,0.03099046082293199
asRNA:CR45951,-0.3025918,-0.12524523,0.7622009566307051,1.0,0.02833277964975559
wun2,-0.30275157,-0.7159497,0.7620792002154776,1.0,0.0055526553082435575
sw,-0.30292284,-0.11430596,0.7619486669184636,1.0,0.08438137724835082
Usp12-46,-0.30299518,-0.28100225,0.7618935481629607,1.0,0.016563048739974374
CG4660,-0.30327693,-0.08199325,0.7616788388170059,1.0,0.08257795073798112
Rpn8,-0.3033528,-0.064743325,0.761621000648421,1.0,0.11532437947890466
Br140,-0.3033552,-0.22870892,0.761619183764174,1.0,0.013952826159176118
lncRNA:CR45736,-0.30369854,-0.42278105,0.7613575661571057,1.0,0.010773100469840065
lncRNA:CR45994,-0.3045748,-0.77809757,0.7606900199304295,1.0,0.003132267096957904
CG2875,-0.304634,-0.42821592,0.7606449177845839,1.0,0.010203597361302264
CG13325,-0.3054455,-0.40588006,0.7600268885316732,1.0,0.008305253666176262
HIPP1,-0.30546653,-0.09300066,0.760010849653414,1.0,0.12154145508044231
Gug,-0.30558696,-0.002504987,0.7599191576704825,1.0,0.5208580513501969
Coq2,-0.30562827,-0.19880795,0.7598876866124314,1.0,0.019600398652175978
lncRNA:CR45941,-0.3057447,-0.9316831,0.7597990250962045,1.0,0.0023254710265293533
CG4074,-0.30756915,-0.05000849,0.7584102058213513,1.0,0.0375397465711167
Tbc1d22,-0.3082904,-0.2263879,0.7578613664612062,1.0,0.01599354563143657
beat-Vb,-0.30983824,-0.12572524,0.7566839664231189,1.0,0.09040861848037587
CG14722,-0.3099368,-0.10038566,0.7566090188347725,1.0,0.055763846044326326
CG10674,-0.31008822,-0.12030208,0.7564938820403435,1.0,0.08053723126572065
CG34377,-0.31144688,-0.72564924,0.755460915037059,1.0,0.004366190498789806
CG32772,-0.3117155,-0.08044743,0.755256729905636,1.0,0.22443168335627164
IntS12,-0.31175765,-0.24660571,0.7552247142608013,1.0,0.00787812633477291
enc,-0.3124654,-0.020816477,0.7546868539385703,1.0,0.47036210905984527
CG7692,-0.31364605,-0.22295429,0.7537898795415217,1.0,0.02387167196620948
CG12177,-0.31371123,-0.2518304,0.7537403759747274,1.0,0.060319870912628734
CG14968,-0.31451276,-1.0714734,0.7531316253008785,1.0,0.0023254710265293533
CG33521,-0.31496975,-0.4637652,0.7527846125164741,1.0,0.00726116463385696
CG4375,-0.3151895,-1.1084617,0.7526177624090438,1.0,0.0017085093256134023
Nup35,-0.31604192,-0.091529526,0.7519706865069637,1.0,0.02249537278724313
CG9933,-0.31620407,-0.1197986,0.7518476260518435,1.0,0.04380428076503251
rec,-0.3176124,-0.63901806,0.7507789548790285,1.0,0.006217075601537658
RpL11,-0.31863928,-0.05134892,0.7500000668973565,1.0,0.3960419533956623
G6p,-0.31886658,-0.15590592,0.7498276849371188,1.0,0.03160742252384794
CG18171,-0.3189115,-0.55374193,0.7497936319366123,1.0,0.004366190498789806
CG5510,-0.31896514,-0.10378385,0.7497529497877218,1.0,0.032746428740923546
SecS,-0.31997728,-0.054303978,0.748985543825257,1.0,0.06900479331783019
CG32537,-0.32109794,-0.23164687,0.7481361734202585,1.0,0.012861278534478668
CG1024,-0.32116073,-0.20872384,0.7480885936132547,1.0,0.021024156423520478
asRNA:CR44987,-0.32135543,-0.24173453,0.7479410420862831,1.0,0.012671444164966067
Bet5,-0.32196665,-0.087501824,0.7474779709599622,1.0,0.0815338617056618
Camp,-0.32205248,-0.14324,0.7474129435566443,1.0,0.028902282758293388
PDCD-5,-0.32212558,-0.05969004,0.7473575512605382,1.0,0.08186607185230886
Pex16,-0.3228993,-0.09080365,0.7467714964717481,1.0,0.038204166864410805
GPHR,-0.32294542,-0.12168942,0.7467365846255388,1.0,0.061838545868729534
Cht6,-0.32549983,-0.34233633,0.7448028010453933,1.0,0.013430781643016467
dnt,-0.32825178,-0.2452136,0.7427212999549803,1.0,0.01513929096862987
CG31007,-0.3282967,-0.6402075,0.742687350212383,1.0,0.003939063167386455
CG14252,-0.32871634,-0.13355508,0.7423701095623458,1.0,0.02970907882872194
Adat1,-0.329132,-0.24880427,0.7420559162238958,1.0,0.013430781643016467
CG7341,-0.3296673,-0.8274604,0.741651373018777,1.0,0.003559394428361255
CG17202,-0.33005834,-0.09600653,0.7413558943652876,1.0,0.1515827440558113
Ggamma30A,-0.33026138,0.10320905,0.7412024646988383,1.0,0.9132931517251198
Ibf2,-0.33058447,-0.09881189,0.7409583796100172,1.0,0.03720753642446965
Dhps,-0.33114043,-0.30564317,0.7405384221484086,1.0,0.014474870675335769
CG15012,-0.33161688,-0.04741653,0.7401785630075832,1.0,0.27226994447344693
asRNA:CR44179,-0.33172578,-1.0844034,0.7400963346185032,1.0,0.0018034265103697023
Nacalpha,-0.33221298,0.05518825,0.7397284439810503,1.0,0.6341417113568412
Grd,-0.33311546,-0.31190395,0.7390471334392797,1.0,0.02221062123297423
s-cup,-0.33354187,-0.26656803,0.7387252996664044,1.0,0.010535807507949314
CG6465,-0.33541277,-0.65920264,0.7373137319225107,1.0,0.005884865454890608
mxt,-0.3362298,-0.0990277,0.7366975729081127,1.0,0.12809074082862704
CG3894,-0.33662006,-0.09748064,0.7364033387593563,1.0,0.06440130985714963
CG10466,-0.33709574,-0.11615965,0.7360447369819944,1.0,0.03616344739215035
Gcat,-0.33726224,-0.7864663,0.7359192249627071,1.0,0.003939063167386455
asRNA:CR45789,-0.3372678,-0.59235764,0.7359150313653519,1.0,0.003132267096957904
CadN,-0.33744743,0.0038354902,0.7357796423080636,1.0,0.5350481704712639
Nup107,-0.33754438,-0.17042032,0.7357065595901068,1.0,0.024298799297612833
CG34347,-0.3375686,-0.16653292,0.7356882892843316,1.0,0.05097052821413317
CG2938,-0.33823863,-0.19147371,0.735183369218541,1.0,0.025912391438469934
His1:CG33801,-0.33889234,-0.7940302,0.7346908380257702,1.0,0.0024203882112856533
CG5382,-0.33904296,-0.13036382,0.7345773766913991,1.0,0.03331593184946134
p24-1,-0.33948287,-0.05323487,0.7342460069796253,1.0,0.12016515590147596
CG6674,-0.34112847,-0.04763342,0.7330068780292943,1.0,0.04408903231930141
CG6443,-0.341748,-0.07911965,0.7325405518879056,1.0,0.06857766598642684
CG5281,-0.34243706,-0.06884136,0.7320219959377183,1.0,0.14498599971524845
yki,-0.3428102,-0.051356815,0.7317412372795007,1.0,0.057804565516586776
frj,-0.34281063,-0.07211899,0.7317409383011315,1.0,0.10592757818803095
lncRNA:CR44050,-0.34329465,-0.65032685,0.7313768128966264,1.0,0.005220445161596507
Sac1,-0.34422454,-0.07682812,0.7306774314554947,1.0,0.09316121683830858
lncRNA:CR44901,-0.3445381,-0.384343,0.7304416648126446,1.0,0.009776470029898914
Hyls1,-0.34527007,-0.2119155,0.7298913429973144,1.0,0.012101941056428266
CG15812,-0.3458761,-0.18182507,0.729435834333618,1.0,0.02871244838878079
ZnT33D,-0.3464571,-0.29374444,0.7289992330370327,1.0,0.01580371126192397
CG14971,-0.34687197,-0.10029115,0.7286875140632711,1.0,0.024156423520478382
CG8353,-0.34719384,-0.16760679,0.7284456940347438,1.0,0.02211570404821793
Gfat1,-0.34734604,-0.3169509,0.7283313613803772,1.0,0.013668074604907219
MFS18,-0.3480407,-0.058600415,0.727809627505688,1.0,0.04480091120497366
CG15643,-0.34815234,-0.12574923,0.7277257678601863,1.0,0.02472592662901618
Csgalnact,-0.34821355,-0.1091909,0.727679810576147,1.0,0.03530919272934365
CG11035,-0.34839317,-0.11066338,0.7275449286193594,1.0,0.047695885340040815
CG9799,-0.34876513,-0.2505841,0.7272656423815125,1.0,0.010868017654596364
ND-49,-0.34963104,-0.043597132,0.7266156068053764,1.0,0.35071899767452897
cnir,-0.35016274,-0.08701169,0.7262165544006638,1.0,0.026956480470789235
7B2,-0.35049936,0.10219743,0.7259639789025436,1.0,0.7810735133595937
CG17328,-0.3518811,-0.17094804,0.7249274495829963,1.0,0.018413933842722226
asRNA:CR45891,-0.353694,-0.6812145,0.7235682351323963,1.0,0.0036068530207394047
Rpn13R,-0.3540735,-0.497648,0.7232838100391866,1.0,0.002894974135067154
CG8516,-0.35416728,-0.117098294,0.723213528678631,1.0,0.033363390441839495
Nmdmc,-0.35418832,-0.43921602,0.7231977454737144,1.0,0.009396801290873712
CG12817,-0.35472363,-0.1372964,0.7227966533702581,1.0,0.05946561624982203
Ufd1,-0.35583076,-0.06512764,0.7219673163513141,1.0,0.1450334583076266
lncRNA:CR43856,-0.35616535,-0.35172868,0.7217167338678022,1.0,0.006834037302453609
slmo,-0.3565091,-0.19747822,0.7214593375906977,1.0,0.024820843813772482
bor,-0.35695776,-0.06071614,0.7211234308289303,1.0,0.07246927056143515
thoc5,-0.35836253,-0.27087316,0.7200720248698378,1.0,0.019552940059797828
CG12301,-0.35876033,-0.16839966,0.7197743960724936,1.0,0.02828532105737744
CG1116,-0.35901386,-0.13269217,0.7195847207563488,1.0,0.03094300223055384
Cda5,-0.3599795,-0.2684362,0.7188624478843162,1.0,0.040244886336671254
cN-IIIB,-0.36014882,-0.07584257,0.7187358530528879,1.0,0.03682786768544445
Taf10b,-0.36122653,-0.06765319,0.7179301064959482,1.0,0.16240330311802953
CG13344,-0.36351272,-0.062348098,0.7162219053887907,1.0,0.17004413649091168
CG33941,-0.36389384,-0.20605247,0.7159372934962993,1.0,0.03625836457690665
nkt,-0.36412233,-0.28788623,0.7157666639965439,1.0,0.04522803853637701
CG5968,-0.3658005,-1.4438525,0.7145139370976528,1.0,0.001566133548478952
CG1722,-0.36599246,-0.3559338,0.7143707070627303,1.0,0.016990176071377722
lncRNA:CR43893,-0.36703125,-2.0815425,0.713595719618012,1.0,0.0008542546628067012
Lac,-0.36737737,-0.18747428,0.7133375548766636,1.0,0.02216316264059608
CG8673,-0.368533,-0.20769541,0.7124758604396235,1.0,0.01385790897441982
CAH7,-0.3710572,-0.2631159,0.7105949221757937,1.0,0.06278771771629253
Gpb5,-0.3711776,-0.09896696,0.7105052424987796,1.0,0.08319491243889707
PIG-A,-0.37146333,-0.20412146,0.7102924542902956,1.0,0.011295144985999716
CG3906,-0.37352026,-0.92263573,0.7087612833283554,1.0,0.0017085093256134023
lncRNA:CR44294,-0.37435594,-0.43036586,0.708139506805999,1.0,0.005884865454890608
CG1504,-0.37691477,-0.12492823,0.7062369522378805,1.0,0.05087561102937687
CG10352,-0.37700775,-0.64994,0.7061678458852296,1.0,0.005457738123487257
CG16743,-0.37860486,-0.28215718,0.704981308078255,1.0,0.027336149209814437
CG31886,-0.37913617,-0.23682557,0.7045867416271019,1.0,0.012007023871671966
hfw,-0.37933925,-0.74478495,0.7044359597293417,1.0,0.0033221014664705046
CG5805,-0.37985823,-0.09097312,0.7040506482143221,1.0,0.08281524369987187
CG18809,-0.3806558,-0.11888439,0.7034586674957656,1.0,0.07617104076693085
Scgalpha,-0.38161948,-0.07671597,0.7027436340928553,1.0,0.1114802334962745
lncRNA:CR45556,-0.38198668,-1.2997564,0.7024712533948201,1.0,0.0019458022875041526
CG11560,-0.382394,-0.21928473,0.7021691441770066,1.0,0.01589862844668027
TkR99D,-0.38324004,-0.21426377,0.7015417916389509,1.0,0.038299084049167105
Swip-1,-0.38347688,-0.087946326,0.7013662047088316,1.0,0.15666081344027336
Or45a,-0.383707,-1.9659013,0.7011956414017744,1.0,0.0008542546628067012
Oser1,-0.38610882,-0.089148395,0.6994160847952269,1.0,0.07284893930046035
daed,-0.38643825,-0.16900635,0.699172127797514,1.0,0.024868302406150632
CG44098,-0.38773137,-0.1220131,0.6982148454852868,1.0,0.05533671871292298
Mterf4,-0.3877707,-0.23638909,0.6981857285533537,1.0,0.020359736130226378
CG6683,-0.38872722,-0.30804867,0.6974779415425785,1.0,0.01423757771344502
Tbcb,-0.38883254,-0.10946072,0.6974000334081996,1.0,0.07602866498979641
bab1,-0.38912103,-0.16926564,0.6971866108628866,1.0,0.03692278487020075
CG2698,-0.38939285,-0.1251166,0.6969855569954866,1.0,0.08955436381756918
DUBAI,-0.39189005,-0.10196613,0.695139445440419,1.0,0.09747994874472023
mr,-0.3919286,-0.16779982,0.6951109629378489,1.0,0.02937686868207489
BORCS6,-0.39320105,-0.06388984,0.6941709884808513,1.0,0.062218214607754736
CHOp24,-0.39419216,-0.053360265,0.6934391791356569,1.0,0.15704048217929856
CG9263,-0.39528975,-0.8029176,0.6926290646952158,1.0,0.003986521759764605
CG15651,-0.3958159,-0.0685181,0.6922408505340636,1.0,0.13136538370271938
CG1137,-0.39610958,-0.40942183,0.6920242011911145,1.0,0.008210336481419962
CG12795,-0.3969119,-0.108111,0.6914324284639852,1.0,0.049926439181813866
mira,-0.39739156,-0.917183,0.6910787444474931,1.0,0.0025153053960419534
CG18428,-0.3982976,-0.084696464,0.6904108260688453,1.0,0.17863414171135683
Frmd5,-0.39865288,-0.11362774,0.6901489975052082,1.0,0.050638318067486116
Acsx3,-0.3989688,-0.5598283,0.6899161945268848,1.0,0.009823928622277064
Keap1,-0.40063784,-0.20412698,0.6886867794372121,1.0,0.02382421337383133
Scgdelta,-0.4006438,-0.25793114,0.6886823901400887,1.0,0.017654596364671826
Scp1,-0.4008429,-2.2979088,0.6885357936389384,1.0,0.0006169617009159508
Polr3G,-0.400889,-0.12410839,0.6885018528034172,1.0,0.03094300223055384
CG32262,-0.40133289,-0.15287904,0.6881750580725863,1.0,0.0362109059845285
cg,-0.40146363,0.012651162,0.6880788153932706,1.0,0.5701200702387167
Mnat9,-0.40160987,-0.57366675,0.6879711699925143,1.0,0.0047933178301931565
Tpi,-0.40191346,0.011267318,0.6877477089690953,1.0,0.5434483413221964
CG31538,-0.4026419,-0.29065642,0.6872116892214587,1.0,0.008257795073798112
lncRNA:CR43126,-0.4041019,-0.25540486,0.6861377838237617,1.0,0.03260405296378909
CG13919,-0.4045577,-0.1425666,0.6858026468745603,1.0,0.033885434957999144
CG12081,-0.4055206,-0.09697786,0.685094884243912,1.0,0.054482464050116274
Neos,-0.40620568,-0.13360783,0.6845914689677838,1.0,0.039200797304351956
CG15894,-0.4069838,-0.11953665,0.6840198946017455,1.0,0.17369844810402923
SAK,-0.40737322,-0.51737756,0.6837338834403377,1.0,0.006644202932941009
Uhg2,-0.40798444,-0.12575737,0.6832851125174264,1.0,0.045987376014427414
Nxf3,-0.40809292,-0.15874271,0.683205465908706,1.0,0.025817474253713633
Blm,-0.40904704,-0.18617034,0.6825051361620111,1.0,0.02966162023634379
EbpIII,-0.409266,-0.33801687,0.6823444576233091,1.0,0.012291775425940867
CG9945,-0.40965346,-0.13243368,0.6820601706301868,1.0,0.04873997437236011
CCKLR-17D1,-0.4096646,-0.20688343,0.6820520071571995,1.0,0.021830952493949028
CG5466,-0.4099694,-0.09676422,0.6818284007816484,1.0,0.09183237625172037
Ing5,-0.41013312,-0.12715459,0.6817083004161666,1.0,0.057282521000427127
Prp31,-0.41032666,-0.13903807,0.6815663475203162,1.0,0.07745242276114091
CG34324,-0.41052893,-0.6315532,0.6814179940154563,1.0,0.0047933178301931565
CG13901,-0.41404822,-0.08116868,0.678838794012453,1.0,0.053248540648284375
CG2540,-0.4158345,-0.21108133,0.6775311162904468,1.0,0.01589862844668027
CG6654,-0.41776106,-0.11554277,0.6761218328604324,1.0,0.07977789378767025
CG3176,-0.41801617,-0.23163101,0.6759352923750266,1.0,0.01456978786009207
CG12926,-0.4185622,-0.3873035,0.6755361277274361,1.0,0.02970907882872194
Hr4,-0.4185936,-0.64199966,0.6755131799848723,1.0,0.005078069384462057
Zip88E,-0.4189441,-0.3459869,0.6752569990879549,1.0,0.009349342698495562
Leash,-0.41896713,-0.113026276,0.6752401540429311,1.0,0.03198709126287314
CG3309,-0.41970825,-0.29513806,0.6746985854666303,1.0,0.017464761995159225
asRNA:CR46354,-0.41978535,-0.8329404,0.674642260386747,1.0,0.005410279531109108
Bub3,-0.41999757,-0.07276859,0.6744872306643297,1.0,0.06667932229130084
ATPsynCF6L,-0.420027,-0.8060464,0.6744657482346099,1.0,0.004603483460680556
CG13766,-0.42018554,-0.22309206,0.6743499218688205,1.0,0.018841061174125574
Polr1F,-0.4206759,-0.2387699,0.6739917508284671,1.0,0.02145128375492383
CG16739,-0.42089847,-0.7935114,0.6738292340425949,1.0,0.0035119358359831047
Tak1,-0.4228695,-0.17075333,0.6723904648818587,1.0,0.05353329220255327
pins,-0.42323035,-0.14581247,0.6721272069736965,1.0,0.045892458829671114
Tsen34,-0.42423534,-0.5086948,0.6713941819150526,1.0,0.006454368563428408
lncRNA:CR44187,-0.4247929,-1.687422,0.6709876601828354,1.0,0.0012813819942100518
Phf5a,-0.4251998,-0.17454095,0.6706910151382102,1.0,0.02861753120402449
CG11807,-0.42536634,-0.15060458,0.670569648805857,1.0,0.05676047648426748
GstE1,-0.4259493,-0.65974075,0.6701447895639245,1.0,0.006976413079588059
rpr,-0.42685813,-0.15684307,0.669482659809825,1.0,0.025105595368041383
CG18661,-0.42738983,-0.16798173,0.6690954025528223,1.0,0.03673295050068815
Thg,-0.4273978,-0.4010299,0.6690896146213177,1.0,0.010678183285083765
CG16903,-0.42815045,-0.12318102,0.6685415866414446,1.0,0.06311992786293959
CG8765,-0.42816356,-0.19866768,0.6685320396718093,1.0,0.028000569503108537
rt,-0.42827404,-0.31770208,0.6684516158132301,1.0,0.016230838593327322
unc-5,-0.42850295,-0.15301183,0.6682849943172191,1.0,0.05989274358122538
Ets97D,-0.43143132,-0.27560094,0.6661547827665908,1.0,0.022637748564377582
asRNA:CR45683,-0.43181998,-0.49285772,0.6658722668878232,1.0,0.00707133026434436
CG15394,-0.43206316,-0.45050052,0.6656955019242312,1.0,0.0068814958948317595
Alg11,-0.43223682,-0.07532788,0.6655692938633039,1.0,0.12913482986094632
Slob,-0.43406922,-0.09232069,0.6642381890138083,1.0,0.2910160884628162
CG10265,-0.4343609,-0.16542357,0.664026395223841,1.0,0.03996013478240235
eca,-0.43442607,-0.09545762,0.6639790771174117,1.0,0.08888994352427507
CG3857,-0.4344805,-0.39659688,0.6639395502140306,1.0,0.011247686393621566
lili,-0.43520138,-0.21116324,0.6634162675773546,1.0,0.03027858193725974
Patsas,-0.43628547,-0.11734146,0.6626296334399576,1.0,0.0388685871577049
Taf10,-0.43652946,-0.07982963,0.6624526343426709,1.0,0.11328366000664421
RhoGAP92B,-0.44001776,-0.16357456,0.6599242468505657,1.0,0.040719472260452756
MICU1,-0.44061425,-0.09245067,0.6594922910931252,1.0,0.07313369085472925
Uxt,-0.4406369,-0.20686446,0.6594758899462774,1.0,0.023539461819562433
KLHL18,-0.44100168,-0.10584717,0.6592117677132125,1.0,0.09050353566513217
Mip,-0.44103986,-0.30705693,0.6591841495409929,1.0,0.01423757771344502
RpLP0-like,-0.44240013,-0.14508818,0.6581996930096243,1.0,0.045275497128755164
CG5181,-0.44347507,-0.05675926,0.657422152506099,1.0,0.09040861848037587
CG10802,-0.4436257,-0.11322729,0.6573132401834749,1.0,0.04399411513454511
asRNA:CR44998,-0.4437882,-0.7064277,0.6571957149962662,1.0,0.005837406862512458
Map60,-0.44419554,-0.09584976,0.656901220906318,1.0,0.06440130985714963
EMC2A,-0.44504,-0.13515198,0.6562908541480195,1.0,0.0730862322623511
DCP1,-0.44568893,-0.074704394,0.6558219610686516,1.0,0.07218451900716624
CG8620,-0.4460267,-0.2918339,0.6555779491219385,1.0,0.01456978786009207
CG1847,-0.4463013,-0.099862754,0.6553796088506718,1.0,0.057994399886099376
CG33111,-0.4465922,-0.24839807,0.6551695267106674,1.0,0.02116653220065493
CG14182,-0.44659817,-0.0923779,0.6551652220340727,1.0,0.053153623463528074
CG7519,-0.44768423,-0.08950047,0.6543811013359391,1.0,0.048407764225713065
CG7745,-0.44784677,-0.082282834,0.6542637885651424,1.0,0.032034549855251296
Yif1,-0.44826007,-0.18001723,0.6539655256102845,1.0,0.03303118029519245
CG17187,-0.44879058,-0.2633293,0.6535827402089046,1.0,0.020312277537848228
CG34367,-0.44958854,-0.6166618,0.6530071567303806,1.0,0.009301884106117413
mRpS18A,-0.44970578,-0.069124185,0.6529226137950626,1.0,0.17683071520098714
Traf6,-0.45047155,-0.13939914,0.6523704718328931,1.0,0.05206207583883062
step,-0.45226377,-0.1407578,0.6510789695442453,1.0,0.1109107303877367
lncRNA:CR44396,-0.4528801,-0.4441799,0.6506350604031742,1.0,0.010820559062218215
CG12325,-0.45309988,-0.2327706,0.65047681714372,1.0,0.019030895543638175
Mis12,-0.45505944,-0.17225294,0.649066488224834,1.0,0.021830952493949028
AANATL7,-0.4555061,-0.10548213,0.6487451856537152,1.0,0.020976697831142328
Atac2,-0.45553273,-0.32745013,0.6487260353400539,1.0,0.012956195719234967
TM9SF3,-0.45606682,-0.15955362,0.6483419348395612,1.0,0.04712638223150301
28SrRNA-Psi:CR45860,-0.4562945,-0.30827382,0.6481782061452238,1.0,0.012529068387831617
pre-rRNA:CR45845,-0.4565103,-0.29094526,0.6480230653317711,1.0,0.010915476246974514
eRF1,-0.45697087,-0.10836145,0.6476919779635439,1.0,0.09586635660386313
CG3527,-0.45781535,-0.14826787,0.6470851178733619,1.0,0.0367804090930663
tacc,-0.45783085,-0.034742594,0.6470739823968088,1.0,0.444022590289972
CG8004,-0.4594959,-0.07661944,0.645878093160444,1.0,0.10407669308528308
Nufip,-0.4621195,-0.34231725,0.6439956396551304,1.0,0.017322386218024774
CG33096,-0.46245807,-0.39498186,0.6437528715935412,1.0,0.008305253666176262
eIF5,-0.46289083,-0.08844683,0.6434426283216945,1.0,0.08034739689620805
Papss,-0.46480903,-0.12746291,0.6420682216867064,1.0,0.027763276541217786
CG1074,-0.46611565,-0.1406002,0.6411327203778563,1.0,0.04736367519339377
CG12104,-0.46653053,-0.15225293,0.6408358007199874,1.0,0.02947178586683119
STUB1,-0.4686077,-0.06239591,0.6393500764731628,1.0,0.1401926818850553
lncRNA:CR43685,-0.46870425,-0.14129034,0.639281041193742,1.0,0.035688861468368846
CG14431,-0.46923596,-0.15792097,0.638900976993543,1.0,0.10084950880356888
CG8569,-0.46968025,-0.30342185,0.6385834773717438,1.0,0.016420672962839923
Tmem63,-0.4705553,-0.16900907,0.6379583275303262,1.0,0.02951924445920934
vtd,-0.47138587,-0.11831299,0.6373652126448471,1.0,0.13407052346827394
CG30495,-0.4719426,-0.5047008,0.636967756976341,1.0,0.008447629443310711
Agpat3,-0.47280335,-0.084931254,0.6363534807375859,1.0,0.14802334962745006
VhaAC45RP,-0.472826,0.012728658,0.6363373189470665,1.0,0.552797684020692
28SrRNA-Psi:CR40741,-0.4742896,-0.3291736,0.6352934076601424,1.0,0.011484979355512315
RNaseP:RNA,-0.4746254,-0.36902335,0.6350540025580086,1.0,0.013335864458260169
Vps33B,-0.47565663,-0.26748595,0.6343190266569787,1.0,0.01466470504484837
CG12253,-0.47938573,-0.13095316,0.631664230534997,1.0,0.05391296094157847
CG10194,-0.47999376,-0.16320658,0.6312318321665067,1.0,0.026197142992738835
CG12822,-0.4845713,-0.07253709,0.6279804688376002,1.0,0.23017417303402782
Swt1,-0.4852163,-0.13861676,0.6275229372171132,1.0,0.057187603815670826
CG13197,-0.4859411,-0.15036859,0.6270089135767187,1.0,0.05823169284799013
CG17746,-0.4875712,-0.11267569,0.6258535856412262,1.0,0.08129656874377106
CG5348,-0.48778978,-0.9792668,0.6256987479244058,1.0,0.004176356129277205
dgrn,-0.48796463,-0.20231189,0.6255748896357046,1.0,0.025959850030848084
Mfap1,-0.48973143,-0.124620385,0.6243239512806456,1.0,0.056807935076645624
Atg14,-0.48993093,-0.08692662,0.624182775150192,1.0,0.06629965355227564
Nle,-0.49024448,-0.21088336,0.6239609146560154,1.0,0.02240045560248683
kin17,-0.49046186,-0.16578649,0.6238071226421595,1.0,0.03939063167386455
CoRest,-0.4917788,-0.13060741,0.6228757243502219,1.0,0.10156138768924114
Mtch,-0.49181736,-0.0741242,0.6228484716189874,1.0,0.1523420815338617
atms,-0.4923296,-0.10477742,0.622486368407523,1.0,0.06800816287788904
Cdk5,-0.49361554,-0.08069003,0.6215777204893094,1.0,0.06478097859617483
CG4313,-0.49395135,-0.19593005,0.6213405448361637,1.0,0.018746143989369274
CG1317,-0.49495792,-0.111192405,0.6206298150119367,1.0,0.14337240757439135
CG18178,-0.4972632,-0.17734642,0.6190034576913073,1.0,0.020217360353091927
CG1523,-0.49843115,-0.18627697,0.6181801959679906,1.0,0.028190403872621138
lncRNA:CR44474,-0.4994274,-0.55693907,0.6174783230912397,1.0,0.006454368563428408
CG40472,-0.4998681,-0.1273441,0.6171679529827225,1.0,0.06976413079588059
CG30096,-0.5004292,-0.1350489,0.6167728827688694,1.0,0.026434435954629586
eIF3i,-0.50045705,-0.08877308,0.616753300020003,1.0,0.274832708461867
Surf4,-0.5024019,-0.07865298,0.615384862575554,1.0,0.1425656115039628
alpha-Est9,-0.5028982,-0.11584491,0.6150358369276993,1.0,0.11783968487494662
Ars2,-0.50436974,-0.08867447,0.6140015677395606,1.0,0.22509610364956575
raptor,-0.50444245,-0.0952846,0.613950474671834,1.0,0.1860851407147264
Nsun5,-0.5062411,-0.1335019,0.6126874255549227,1.0,0.02762090076408334
Rcd4,-0.50731164,-0.13414927,0.6119361694423566,1.0,0.027525983579327038
Slbp,-0.507951,-0.13407664,0.6114876738822406,1.0,0.06084191542878838
Sik3,-0.50857455,-0.1627146,0.6110504682483122,1.0,0.0807745242276114
CG7772,-0.508745,-0.19592443,0.6109309504902036,1.0,0.042570357363200605
CG12535,-0.5113408,-0.78970724,0.6091124422469921,1.0,0.004461107683546106
CG5828,-0.512442,-0.21461208,0.6083417242432352,1.0,0.026814104693654785
Prosalpha2,-0.51478934,-0.06969075,0.6067002203448408,1.0,0.12163637226519862
Lipt1,-0.5158949,-0.4043389,0.6059278130325458,1.0,0.013525698827772768
Mvb12,-0.51658994,-0.130204,0.6054424380365788,1.0,0.031939632670494995
His2B:CG33868,-0.51666623,-0.59013927,0.6053891656288484,1.0,0.0061221584167813585
AIMP3,-0.5170466,-0.06836292,0.6051236672961755,1.0,0.20582791514403684
Dph1,-0.51739705,-0.2935544,0.6048790222670899,1.0,0.017132551848512173
Dnaaf5,-0.5177408,-0.4151105,0.6046391357056196,1.0,0.011247686393621566
Hr39,-0.5207995,-0.14142549,0.6025064436596888,1.0,0.09700536282093873
Ror,-0.5227944,-0.18095455,0.6011173253772975,1.0,0.04014996915191495
lncRNA:CR44317,-0.52475274,-0.41039723,0.5997550734447197,1.0,0.012576526980209767
Pex11ab,-0.52606416,-0.18482037,0.5988436331306903,1.0,0.04494328698210811
RyR,-0.52717644,-0.14234205,0.5980710586498641,1.0,0.13065350481704713
Ire1,-0.52736956,-0.13784984,0.5979369600105238,1.0,0.0748896587727208
asRNA:CR45875,-0.5279971,-0.82268804,0.5975013716825555,1.0,0.005979782639646908
Kdm4A,-0.52871674,-0.23226017,0.5970019606984449,1.0,0.03170233970860424
CG33228,-0.5296931,-0.21052729,0.5963247090941219,1.0,0.026481894547007737
PCNA2,-0.53014654,-0.18819167,0.596010320977906,1.0,0.02164111812443643
Bulli,-0.53307056,-0.31028128,0.5939847340302042,1.0,0.017227469033268474
eas,-0.5374637,-0.0946886,0.5909473330142182,1.0,0.16325755778083623
hook,-0.53819615,-0.08005835,0.5904416576618856,1.0,0.26785629538227895
lncRNA:CR43825,-0.5383543,-0.98534507,0.5903324820889309,1.0,0.003464477243604955
Rnf146,-0.53878504,-0.13792159,0.5900351766656401,1.0,0.05187224146931802
Cog8,-0.53974277,-0.1847021,0.5893744404739785,1.0,0.026197142992738835
Nf-YA,-0.5423568,-0.23848958,0.5875727262681922,1.0,0.02159365953205828
CG6769,-0.5432354,-0.09309032,0.5869677061081684,1.0,0.07664562669071236
CG1789,-0.5436758,-0.113489844,0.5866646204980133,1.0,0.08608988657396421
CG31211,-0.54387563,-0.08237169,0.5865270523241826,1.0,0.27098856247923686
SMC5,-0.54408866,-0.19952808,0.5863804752617348,1.0,0.04878743296473827
CG8916,-0.54468155,-0.29447588,0.5859725554387185,1.0,0.0336481419961084
CG16812,-0.5451966,-0.08292745,0.5856183298315671,1.0,0.07569645484314935
Dolk,-0.54537857,-0.20084673,0.585493172029992,1.0,0.02472592662901618
Jasper,-0.5454088,-0.09514171,0.585472404688166,1.0,0.08504579754164492
Patr-1,-0.54734606,-0.16965644,0.5841410043265375,1.0,0.049119643111385315
Cap-H2,-0.548543,-0.19625144,0.5833191087256312,1.0,0.039533007450999004
lncRNA:CR43241,-0.54931396,-0.19665498,0.5827900193133115,1.0,0.025105595368041383
rdgBbeta,-0.5495579,-0.11043505,0.5826226119007382,1.0,0.07768971572303165
dikar,-0.5498381,-0.07931582,0.5824304209752673,1.0,0.33809501210194104
CG15107,-0.5499927,-0.24105965,0.5823243878751534,1.0,0.03241421859427649
SIFa,-0.55116695,-1.2353599,0.5815192123867541,1.0,0.00835271225855441
CG7156,-0.5530987,-0.27962917,0.5801958256346458,1.0,0.02325471026529353
Sirt6,-0.5545631,-0.44782656,0.5791935414572434,1.0,0.00773575055763846
Lint-1,-0.554765,-0.20393248,0.5790554341744902,1.0,0.03198709126287314
spg,-0.55521363,-0.13070728,0.5787485542822213,1.0,0.09002894974135067
CG7810,-0.5556885,-0.17611457,0.578423817823638,1.0,0.03749228797873855
CG14817,-0.5562504,-0.10079467,0.5780396796720986,1.0,0.18300033221014664
CG43861,-0.5567261,-0.30518085,0.5777145872392568,1.0,0.019458022875041527
Polr2G,-0.5568,-0.108643524,0.5776640793490144,1.0,0.035688861468368846
G9a,-0.55774224,-0.07871655,0.5770204217201338,1.0,0.3276066631863699
AANATL2,-0.55784434,-0.6140063,0.5769506739919998,1.0,0.011484979355512315
Den1,-0.5580228,-0.06305229,0.5768288285473826,1.0,0.1731764035878696
GABA-B-R2,-0.558357,-0.106187545,0.5766006384314913,1.0,0.21204499074557448
ntc,-0.55909216,-0.68043786,0.5760988243139883,1.0,0.005979782639646908
fs(1)K10,-0.55924594,-0.3249766,0.5759938763008079,1.0,0.017227469033268474
Irp-1A,-0.56232375,-0.12937298,0.5738954602082799,1.0,0.06724882539983865
Parg,-0.5640536,-0.1466052,0.5727176583411717,1.0,0.022685207156755732
bug,-0.5650793,-0.20546032,0.5720198531394154,1.0,0.0384889184186797
mRpL28,-0.56539005,-0.1000569,0.5718085095749703,1.0,0.11950073560818186
OtopLa,-0.5686999,0.058548916,0.5695598179712413,1.0,0.6705424517108822
ICA69,-0.56915253,-0.08680461,0.5692526352111383,1.0,0.0751744103269897
lncRNA:CR44716,-0.5695837,-0.45421505,0.5689600895744065,1.0,0.010108680176545964
Non1,-0.5719891,-0.13971083,0.5673293547332554,1.0,0.1908309999525414
mRpL51,-0.57222235,-0.09857909,0.5671713305992359,1.0,0.04807555407906602
CG8248,-0.57341933,-0.07829958,0.5663608129417634,1.0,0.14650467467134926
Cox11,-0.57394385,-0.16435158,0.5660057812138565,1.0,0.04494328698210811
pelo,-0.5754933,-0.07510583,0.5649577171083908,1.0,0.048407764225713065
amrt,-0.5773424,-0.17953068,0.5637081980100676,1.0,0.031180295192444592
CIAPIN1,-0.5786156,-0.17445038,0.56284856905672,1.0,0.03341084903421764
Mlp84B,-0.5790702,-0.3517941,0.5625417886992885,1.0,0.02372929618907503
MsR2,-0.58184916,-0.38491815,0.5606682703383139,1.0,0.01452232926771392
Uhg8,-0.5845427,-0.60579157,0.558855242008449,1.0,0.004888235014949457
CG9986,-0.5863425,-0.26407626,0.5576453815891023,1.0,0.02857007261164634
lncRNA:CR44320,-0.5882047,-0.170704,0.5563949239998233,1.0,0.0690997105025865
CG3198,-0.5889057,-0.06503287,0.5559245556693514,1.0,0.3598310474111338
FRG1,-0.58908844,-0.15724295,0.5558019291687397,1.0,0.04408903231930141
Nxt1,-0.58914095,-0.16368777,0.555766743132726,1.0,0.04546533149826776
U2af50,-0.5905286,-0.10883161,0.554836307613527,1.0,0.1111005647572493
Cbp20,-0.5908108,-0.120962426,0.5546472229127749,1.0,0.09700536282093873
CG8490,-0.5916306,-0.1591896,0.5540979908830976,1.0,0.04138389255374685
DMAP1,-0.59163576,-0.17492647,0.5540945307401717,1.0,0.05248920317023397
pira,-0.5922394,-0.23219648,0.5536902991765885,1.0,0.04090930662996536
Bug22,-0.59325236,-0.12913014,0.5530122919216681,1.0,0.05685539366902378
CG5861,-0.59651375,-0.07596143,0.5508320852179285,1.0,0.1675288310948697
RpS15Ab,-0.5968714,-0.13999544,0.5505932558878485,1.0,0.04907218451900717
eIF4B,-0.5973292,-0.08096587,0.55028762873519,1.0,0.3047790802524797
snoRNA:Psi28S-3342,-0.59735024,-1.1814932,0.5502735697741328,1.0,0.004271273314033506
CG8379,-0.5980298,-0.27440977,0.5498200642711819,1.0,0.018366475250344075
Ir47a,-0.5987618,-0.58356184,0.5493317574744895,1.0,0.007213706041478809
Snx21,-0.5988627,-0.196733,0.5492644398786741,1.0,0.042238147216553557
SmF,-0.60360956,-0.18024321,0.5461032605034646,1.0,0.03663803331593185
Gld2,-0.6062474,-0.40493396,0.544350456616368,1.0,0.012861278534478668
snoRNA:Psi28S-1153,-0.60674816,-1.1657271,0.5440180620734438,1.0,0.0023254710265293533
CG10903,-0.61031675,-0.2222544,0.5416520186391842,1.0,0.02970907882872194
CG13933,-0.6120645,-0.1412329,0.5404951137008764,1.0,0.05657064211475488
Irk2,-0.6130174,-0.39731744,0.539864834714114,1.0,0.033078638887570594
MED20,-0.6134879,-0.2659554,0.5395537734637601,1.0,0.016373214370461773
CG13192,-0.6152301,-0.26794085,0.538402788088284,1.0,0.015234208153386171
D19B,-0.6155766,-0.15103698,0.538173998163032,1.0,0.057187603815670826
CG1463,-0.6180782,-0.11920914,0.5365238040421682,1.0,0.04622466897631816
RNaseX25,-0.61929816,-0.115198016,0.5357199475898495,1.0,0.09947320962460253
l(2)09851,-0.62039614,-0.30318257,0.5349969958453731,1.0,0.024915760998528783
CG10512,-0.6206175,-0.31044146,0.5348513138242558,1.0,0.02225807982535238
Cyp49a1,-0.62112063,-1.0171453,0.5345202689826031,1.0,0.004413649091167956
mod(mdg4),-0.6224634,-0.12042189,0.5336372048468287,1.0,0.20563808077452422
ix,-0.62528723,-0.23243758,0.5317825390417116,1.0,0.02994637179061269
CG6083,-0.62586147,-0.086018845,0.5314057941113655,1.0,0.03198709126287314
Adgf-D,-0.6322412,-0.61693734,0.5272292687348863,1.0,0.009918845807033363
Pex13,-0.6373282,-0.13719769,0.5239110693971467,1.0,0.072421811969057
CG18870,-0.63862413,-0.14195122,0.5230674868368308,1.0,0.04342461202600731
asRNA:CR45822,-0.6396776,-0.23247743,0.5223822183546313,1.0,0.041241516776612405
CG3651,-0.64014417,-0.18052542,0.522078893465729,1.0,0.07427269707180485
CG10336,-0.64092857,-0.24240322,0.5215690777976301,1.0,0.023444544634806132
Rubicon,-0.64126515,-0.33048472,0.5213504056596431,1.0,0.02054957049973898
CG15084,-0.6421263,-0.28882837,0.5207911606369763,1.0,0.014000284751554268
Sf3b6,-0.6455689,-0.08842846,0.5185585617071657,1.0,0.13644345308718142
Smug,-0.64585584,-0.14135951,0.5183727138569327,1.0,0.041051682407099804
CG5412,-0.6465835,-0.070008576,0.5179015560685933,1.0,0.06383180674861183
CG30158,-0.6475531,-0.15936159,0.5172740332419694,1.0,0.11366332874566941
CG15203,-0.6482505,-1.3011581,0.516822923257114,1.0,0.003986521759764605
CG31301,-0.648824,-0.15162063,0.5164521633480365,1.0,0.05021119073608277
CG6428,-0.6495329,-0.10654009,0.5159939786306035,1.0,0.03986521759764605
AP-2mu,-0.6503746,-0.07830582,0.5154502865771402,1.0,0.10255801812918229
heix,-0.65091306,-0.18160973,0.5151026131978977,1.0,0.035404109914099945
CG9536,-0.6511948,-0.19877939,0.5149207426145657,1.0,0.032366760001898344
CG3634,-0.65124327,-0.36151153,0.514889450899741,1.0,0.016563048739974374
His3.3A,-0.6518322,-0.054912806,0.514509412418598,1.0,0.3784348156233686
DENR,-0.653026,-0.10056483,0.51373952557317,1.0,0.1108158132029804
fsd,-0.6533594,-0.5147019,0.5135246077372426,1.0,0.010298514546058565
CG6583,-0.6549899,-0.14224559,0.5124742597189431,1.0,0.04693654786199041
Der-2,-0.6550543,-0.16839127,0.5124328115042589,1.0,0.05975036780409093
l(2)05714,-0.6562762,-0.14408265,0.5116463945594181,1.0,0.05775710692420863
lncRNA:CR46268,-0.6567515,-0.24575269,0.5113406933689064,1.0,0.02040719472260453
Gnptab,-0.65804625,-0.21750402,0.5105084228398096,1.0,0.024108964928100232
cm,-0.65845,-0.15370813,0.5102490260808912,1.0,0.05006881495894832
side-IV,-0.6609186,-0.15333822,0.5086645298437544,1.0,0.13767737648901335
CG11980,-0.66103023,-0.1598857,0.508592916134855,1.0,0.05267903753974657
lncRNA:CR45533,-0.662065,-0.3832439,0.5079295303023399,1.0,0.017749513549428123
lncRNA:CR44458,-0.66270685,-0.35559908,0.5075183268568969,1.0,0.012054482464050116
mbf1,-0.66317296,-0.075260445,0.5072197729170937,1.0,0.18812586018698685
RfC38,-0.663469,-0.31746686,0.5070302021730975,1.0,0.021783493901570878
bs,-0.6654898,-0.2253465,0.5057372812597873,1.0,0.03322101466470505
Ccdc58,-0.6676389,-0.20153236,0.5043641404557884,1.0,0.04641450334583076
PhLP1,-0.6691192,-0.3456206,0.503419473659375,1.0,0.013620616012529068
CG11837,-0.6697685,-0.28267112,0.5030053833078776,1.0,0.019078354136016325
CG3793,-0.66984993,-0.08026799,0.5029534446575304,1.0,0.09581889801148498
Bap60,-0.6720185,-0.11220766,0.501571905590131,1.0,0.09131033173556072
CG31638,-0.673035,-0.11393907,0.500924993598548,1.0,0.10322243842247639
Tbca,-0.67306644,-0.20120217,0.5009050217314372,1.0,0.0375397465711167
lncRNA:CR43900,-0.6810695,-1.2392783,0.49582750806932463,1.0,0.0034170186512268047
lncRNA:CR45473,-0.68121773,-0.32481453,0.4957337258254857,1.0,0.024583550851881734
snf,-0.6816489,-0.08954449,0.4954609814468731,1.0,0.15314887760429025
asRNA:CR45600,-0.68181264,-0.13320623,0.4953574349904364,1.0,0.13554173983199658
Mrtf,-0.68215954,-0.17461582,0.49513806528130777,1.0,0.08063214845047696
CG12213,-0.6849671,-0.10270441,0.493364664835088,1.0,0.1732713207726259
CG1545,-0.6862515,-0.4158141,0.49255452914013487,1.0,0.023681837596696884
CG6650,-0.6888043,-0.23607862,0.4909464040605155,1.0,0.02970907882872194
Idh3b,-0.6891938,-0.08188682,0.4907013281125817,1.0,0.2910160884628162
CG14464,-0.6902731,-0.10293412,0.49002246141103,1.0,0.2215367092212045
lncRNA:CR44900,-0.6919163,-0.47376862,0.4889898852957042,1.0,0.012576526980209767
Git,-0.69453037,-0.2531123,0.48734967125854356,1.0,0.016990176071377722
Irbp18,-0.6947628,-0.2598767,0.48720394639586484,1.0,0.032746428740923546
Taf13,-0.69551706,-0.15075584,0.48673131224264776,1.0,0.05960799202695648
CG12096,-0.6955457,-0.2585807,0.48671338790194096,1.0,0.026671728916520338
mRpL10,-0.6977961,-0.13040347,0.4853047067079108,1.0,0.08347966399316596
CG10713,-0.70382494,-0.19239041,0.48154179639119554,1.0,0.04200085425466281
Sk2,-0.70591044,-0.14157392,0.4802438242416237,1.0,0.04304494328698211
Tdh,-0.70603603,-1.2063434,0.48016572982676775,1.0,0.004176356129277205
CG4968,-0.70639485,-0.078749076,0.4799426057854719,1.0,0.1033173556072327
Slc25A46a,-0.70717573,-0.14334312,0.4794572655260726,1.0,0.04978406340467942
kat80,-0.70843947,-0.17899287,0.47867239711087783,1.0,0.05101798680651132
CG1416,-0.7090566,-0.10616012,0.47828935023661623,1.0,0.12851786816003039
beat-IIIb,-0.7093312,-0.08688106,0.47811896920957997,1.0,0.3470172274690333
sff,-0.7094544,-0.12036391,0.47804254277299274,1.0,0.24066252194959897
CG11635,-0.7102432,-0.36602756,0.4775533253804932,1.0,0.022637748564377582
wat,-0.71057624,-2.8896277,0.47734687655780916,1.0,0.0007118788856722509
CG5079,-0.7119206,-0.15504535,0.4765139408861149,1.0,0.10113426035783779
Lamtor1,-0.7136481,-0.10407758,0.47544482655843034,1.0,0.08841535760049357
CG4866,-0.7154387,-0.1560123,0.47433799765024376,1.0,0.04014996915191495
CG14005,-0.7172377,-0.21338677,0.47322743739018736,1.0,0.034882065397940296
Slip1,-0.7192712,-0.11160286,0.47197386301439237,1.0,0.20198376916140667
to,-0.7197834,-4.6098924,0.4716583696385943,1.0,0.00018983436951260026
alrm,-0.72042954,-0.44199988,0.47126055862459626,1.0,0.025200512552797684
CG6685,-0.72151685,-0.13532224,0.4705915971132252,1.0,0.02942432727445304
p,-0.7230575,-0.110753044,0.46964455557229956,1.0,0.0719472260452755
CG43693,-0.7267616,-0.6084496,0.4673720155450226,1.0,0.016563048739974374
Sce,-0.7275647,-0.164799,0.4668800837806173,1.0,0.03673295050068815
CG13707,-0.7283917,-0.47978455,0.4663738477023287,1.0,0.03103791941531014
lncRNA:CR44506,-0.72995067,-0.21604018,0.4654203452120008,1.0,0.026054767215604385
CG9166,-0.7404124,-0.15349652,0.4590498038543209,1.0,0.06430639267239334
Fgop2,-0.7413939,-0.18487132,0.45845461420133893,1.0,0.05040102510559537
Syt14,-0.74367535,-0.14845684,0.4570728931042557,1.0,0.1031275212377201
Pa1,-0.7444356,-0.118912965,0.4566129999806148,1.0,0.07892363912486355
Taf5,-0.74524707,-0.2181232,0.4561223818281245,1.0,0.04190593706990651
CG33267,-0.74528563,-0.2997089,0.4560990836429466,1.0,0.017132551848512173
CG9281,-0.745679,-0.13812749,0.4558613363197893,1.0,0.14593517156281144
asf1,-0.74692124,-0.12924571,0.4551110889556874,1.0,0.060224953727872434
Max,-0.7473989,-0.0977341,0.45482279130815584,1.0,0.1364909116795596
CG10565,-0.74994147,-0.106821306,0.45328997427675866,1.0,0.10070713302643444
Tmem18,-0.7506695,-0.1647328,0.45285160579476835,1.0,0.04451615965070476
Csas,-0.7528317,-0.47610554,0.45155107333426203,1.0,0.03008874756774714
CG8389,-0.75476456,-0.23166291,0.4503902486239748,1.0,0.028759906981158937
CG17600,-0.75701344,-0.16231278,0.4490418219905987,1.0,0.06596744340562859
alpha-Man-Ib,-0.759302,-0.15651414,0.4476719221355139,1.0,0.09169000047458592
PhLP3,-0.7594451,-0.11270331,0.44758636748217673,1.0,0.0704285510891747
CG9394,-0.7618286,-0.30414605,0.4461622999714424,1.0,0.04783826111717526
c12.1,-0.76337606,-0.072939314,0.44523915487554944,1.0,0.12073465901001376
CG3817,-0.7667094,-0.19779678,0.443254327033461,1.0,0.0392482558967301
Not11,-0.7685191,-0.14904208,0.4421788486806917,1.0,0.06065208105927578
lncRNA:CR44092,-0.7689761,-0.32383385,0.44190749957029507,1.0,0.02140382516254568
Papst2,-0.76956624,-0.20952527,0.4415572463342414,1.0,0.03521427554458735
kek4,-0.7705541,-0.19739974,0.44097125245043833,1.0,0.04593991742204926
Hinfp,-0.7729222,-0.28065342,0.43956842735846635,1.0,0.02391913055858763
nrm,-0.7753153,-0.13903734,0.4381533773673312,1.0,0.25637131602676666
pall,-0.7761538,-0.18051516,0.4376581897981606,1.0,0.05509942575103222
dpr21,-0.7765198,-0.15938166,0.4374421449378859,1.0,0.05965545061933463
Cep164,-0.77891564,-0.08646189,0.4360294007027694,1.0,0.3068672583171183
Hs3st-A,-0.7793166,0.032677848,0.4357932241861673,1.0,0.6621422808599496
Cortactin,-0.7816795,-0.14770648,0.434402943784048,1.0,0.06573015044373784
CG4593,-0.7819632,-0.14494655,0.43423617037436923,1.0,0.04337715343362916
MCU,-0.78274375,-0.17415603,0.4337776175820548,1.0,0.08433391865597266
Pect,-0.78316855,-0.0984894,0.4335281462035937,1.0,0.27013430781643016
Lipt2,-0.78328776,-0.19870226,0.43345815043812563,1.0,0.040339803521427554
CAH1,-0.78479946,-0.36595726,0.4325711711375687,1.0,0.0787812633477291
Tehao,-0.7874862,-0.4360738,0.4309973037922127,1.0,0.01551895970765507
CG31717,-0.7888699,-0.120550804,0.4301880397833392,1.0,0.08162877889041811
CG15715,-0.7903959,-0.13905999,0.42929659545959475,1.0,0.10108680176545963
E(var)3-9,-0.79500645,-0.27226385,0.4266097574649308,1.0,0.03241421859427649
RpL19,-0.795101,0.09858963,0.4265547432888769,1.0,0.8085520383465427
Clamp,-0.7956506,-0.13626395,0.4262351419431527,1.0,0.09876133073893029
CG17364,-0.7958358,-0.13004449,0.42612748416754087,1.0,0.16411181244364292
Nnp-1,-0.7962304,-0.1537583,0.42589812899953516,1.0,0.075269327511746
CG1090,-0.798819,-0.07212464,0.4243953647955393,1.0,0.3619192254757724
Dnz1,-0.8071249,-0.1321615,0.4195945317943105,1.0,0.06686915666081344
Trs31,-0.8077683,-0.13071893,0.419223994389895,1.0,0.09406293009349342
VhaAC45,-0.8146682,-0.08137356,0.4152622724559093,1.0,0.29495515163020264
Kap3,-0.8155027,-0.13550082,0.41478461879277084,1.0,0.14242323572682833
RN-tre,-0.8157511,-0.12997863,0.4146425227083893,1.0,0.11902614968440037
RabX4,-0.8166297,-0.095630266,0.4141400746666408,1.0,0.17308148640311327
rux,-0.81824154,-0.18533842,0.4132192888470597,1.0,0.055051967158654076
Aralar,-0.82056546,-0.2568251,0.4118938229176887,1.0,0.04878743296473827
CG8300,-0.82099825,-0.11496703,0.4116472767823848,1.0,0.10478857197095534
ave,-0.82201433,-0.14905444,0.41106872439210684,1.0,0.0811541929666366
scramb1,-0.82567555,-0.13532227,0.4089881780068184,1.0,0.08760856153006502
PIG-K,-0.8260375,-0.14116855,0.4087827904279443,1.0,0.08305253666176261
sqh,-0.82992643,-0.06529255,0.4065803832202046,1.0,0.17094584974609653
dpr5,-0.8304128,-0.16672677,0.40630541264491604,1.0,0.07882872194010726
emei,-0.83104825,-0.14222467,0.405946365922489,1.0,0.07014379953490579
Spec2,-0.83195513,-0.37919018,0.40543428358229106,1.0,0.017939347918940723
asRNA:CR45835,-0.83466375,-0.391008,0.40390706854283887,1.0,0.02287504152626833
RpS27A,-0.83501303,0.10187078,0.4037103679435353,1.0,0.7693037824498126
Pex3,-0.8354454,-0.24150535,0.4034669772508639,1.0,0.0360210716150159
CG17294,-0.836053,-0.06442921,0.40312508136143865,1.0,0.12201604100422382
BuGZ,-0.8370938,-0.105915375,0.4025398567365759,1.0,0.25390346922310286
CG9426,-0.83895797,-0.15730225,0.40149291058061953,1.0,0.0815338617056618
CG14414,-0.84307414,-0.093310185,0.3991869889965828,1.0,0.19353613971809597
CG7781,-0.84312814,0.03359102,0.3991567654728507,1.0,0.6097005362820939
CG11975,-0.8432299,-0.1670994,0.3990998778700615,1.0,0.041336433961368706
M6,-0.84427184,-0.23733965,0.3985175053483003,1.0,0.03080062645341939
Hibch,-0.8446148,-0.21923287,0.3983259363871898,1.0,0.04793317830193156
CG17486,-0.846392,-0.16343671,0.39733412948384195,1.0,0.08058468985809882
Cables1,-0.84694314,-0.22670633,0.3970268213626831,1.0,0.058611361587015326
Oxt,-0.85002214,-0.27040786,0.39531278901462974,1.0,0.033363390441839495
Rab21,-0.85063094,-0.06847475,0.3949744064208529,1.0,0.1129989084523753
CG17019,-0.8526016,-0.15882197,0.3938802820526408,1.0,0.0698590479806369
CG5068,-0.8531858,-0.09573676,0.3935563028549456,1.0,0.1458877129704333
Ugalt,-0.85626715,-0.35822132,0.3918500399751397,1.0,0.016468131555218073
SF2,-0.8573532,-0.0779906,0.39124971641006456,1.0,0.35176308670684825
Syp,-0.8580419,0.03253457,0.3908693396670013,1.0,0.6383180674861184
CG9304,-0.85843253,-0.22619337,0.39065368054635297,1.0,0.03654311613117555
REPTOR-BP,-0.8601556,-0.101766706,0.38970327402453686,1.0,0.21769256323857433
Exo84,-0.86150634,-0.24610671,0.38895923239289953,1.0,0.028902282758293388
CG12502,-0.8621867,-0.14134933,0.3885848029833624,1.0,0.12918228845332447
Pal1,-0.8674366,-0.14044318,0.38570282926517174,1.0,0.06582506762849413
Trf,-0.86891687,-0.4063158,0.3848925879603712,1.0,0.01385790897441982
Acbp8,-0.86960596,-0.13885172,0.3845157731407235,1.0,0.08238811636846852
CG15772,-0.87052196,-0.082020104,0.3840152240214826,1.0,0.2544729723316406
wls,-0.8769255,-0.28323606,0.3805270900835942,1.0,0.03796687390252005
CG4676,-0.8772375,-0.22545762,0.38035766291090356,1.0,0.025342888329932135
CG14667,-0.8786053,-0.16687438,0.37961532064263326,1.0,0.05097052821413317
Syx6,-0.8822581,-0.083081864,0.3776372363352556,1.0,0.251103412272792
Atg101,-0.8826297,-0.17869829,0.3774363843299027,1.0,0.0786863461629728
Ent3,-0.8837396,-0.1085366,0.3768367983174802,1.0,0.2348251150870865
mRpL23,-0.884346,-0.082918346,0.3765094532707256,1.0,0.21740781168430545
MED18,-0.8877334,-0.22447601,0.3746841833568325,1.0,0.032461677186654644
March5,-0.88807595,-0.122108735,0.37449990574769343,1.0,0.08926961226330027
Dll,-0.8897116,-0.4461504,0.37362076373397235,1.0,0.024631009444259885
DCTN5-p25,-0.90549165,-0.13621604,0.3652049968204554,1.0,0.055051967158654076
CG12355,-0.90550715,-0.17183377,0.36519678994288507,1.0,0.14489108253049215
lncRNA:roX1,-0.9063687,-0.40525573,0.3647407528890886,1.0,0.0370651606473352
mmy,-0.90693736,-0.1329556,0.36443993821113196,1.0,0.08922215367092212
Gas41,-0.90704584,-0.16944945,0.3643825677030096,1.0,0.033837976365621
CG3253,-0.9099817,-0.19084616,0.36283213540910564,1.0,0.050116273551326466
Ho,-0.9101824,-0.1050916,0.36272630804102246,1.0,0.11560913103317355
Jarid2,-0.9129308,-0.101460144,0.3612789422237176,1.0,0.28128707702529543
CG13893,-0.9149861,-0.1603298,0.36019892730863,1.0,0.08566275924256087
dpr20,-0.9150954,-0.16397692,0.36014155872913933,1.0,0.10374448293863604
CG4617,-0.9173649,-0.15416864,0.3589514666100083,1.0,0.06781832850837644
GstD9,-0.91774917,-0.35618946,0.3587502024071276,1.0,0.04897726733425087
CG11099,-0.921822,-0.11020871,0.3566214146255906,1.0,0.2260927340895069
tra,-0.92296016,-0.20618112,0.3560279679906778,1.0,0.04736367519339377
CG2921,-0.92325383,-0.16491878,0.35587494164544364,1.0,0.062028380238242135
CG14502,-0.92354393,-0.7398662,0.3557238196801442,1.0,0.008874756774714061
CG7133,-0.92553246,-0.16240393,0.35468899961059575,1.0,0.04394665654216696
Bmcp,-0.9272687,-0.22757782,0.35378705254143317,1.0,0.03844145982630155
Abi,-0.9296042,-0.18855733,0.352576078838687,1.0,0.05258412035499027
CG31360,-0.9310447,-0.09090373,0.3518304460553813,1.0,0.11105310616487114
Hmgcr,-0.9320775,-0.32847965,0.3512964681705617,1.0,0.025295429737553984
Arl2,-0.93472177,-0.2034959,0.3499317115125675,1.0,0.050733235252242416
CG12728,-0.9388773,-0.25323263,0.3477937553827607,1.0,0.041336433961368706
CG9121,-0.9412839,-0.13856803,0.3465593996286088,1.0,0.12951449859997152
CG4558,-0.9424757,-0.32064688,0.34594916662397657,1.0,0.033837976365621
EMC5,-0.9441725,-0.14280415,0.3450814941046937,1.0,0.11674813725024916
nAChRalpha4,-0.9474383,-0.074832976,0.34341548946031264,1.0,0.37269232594561247
Cox17,-0.9596696,-0.10702346,0.3372215274305692,1.0,0.24113710787338047
Dpy-30L1,-0.9601866,-0.11286895,0.33696130599741414,1.0,0.11057852024108965
CG31248,-0.9614316,-0.34897968,0.33633518437217746,1.0,0.04551279009064591
sfl,-0.9614976,-0.123997025,0.3363020306125958,1.0,0.20065492857481848
Grx3,-0.9638382,-0.15576176,0.3351270323627423,1.0,0.09937829243984624
CG2962,-0.9648941,-1.362602,0.334597853058334,1.0,0.004461107683546106
CG31687,-0.9671115,-0.3713176,0.33348827094687217,1.0,0.02040719472260453
Prx3,-0.9676512,-0.094166294,0.333218592482064,1.0,0.16501352569882777
Drat,-0.9693369,-0.03812371,0.332377101600253,1.0,0.44511413791466947
asRNA:CR44291,-0.97321784,-0.2635861,0.33044503063278563,1.0,0.02145128375492383
CG42554,-0.9736848,-0.19322088,0.33021306363486547,1.0,0.04532295572113331
mle,-0.97653806,-0.13283041,0.32879788800445453,1.0,0.18575293056807934
nAChRalpha3,-0.97681147,-0.10555177,0.3286624901568087,1.0,0.3366237957382184
CG15356,-0.97797865,-0.19890067,0.3280848975290711,1.0,0.0727065635233259
CG8372,-0.9818238,-0.11061343,0.3261866695191916,1.0,0.11513454510939206
CG2993,-0.98863745,-0.07363707,0.32284055239772913,1.0,0.39215034882065397
p120ctn,-0.99217504,-0.015187523,0.321112147200282,1.0,0.5032983721702814
lncRNA:CR44023,-0.9938918,-0.45730487,0.32027556193284323,1.0,0.02045465331498268
Suv3,-0.9963675,-0.22820856,0.3190716089856608,1.0,0.053058706278771774
fra,-0.9964915,-0.17657371,0.31901139270603573,1.0,0.1095818898011485
HIP-R,-0.99721396,-0.21556965,0.31866066504501855,1.0,0.07436761425656115
CG15385,-1.002607,-0.26835427,0.31605053476609235,1.0,0.045987376014427414
Chd64,-1.0029142,-0.17500786,0.3159022862360278,1.0,0.16463385695980257
lncRNA:CR43958,-1.004913,-0.7092466,0.31493873134273076,1.0,0.010013762991789663
Bem46,-1.0098757,-0.31618914,0.31255486910717967,1.0,0.03023112334488159
bsk,-1.0099189,-0.086659946,0.31253411431780487,1.0,0.2815718285795643
CG31800,-1.0114529,-0.12373934,0.3117997135565522,1.0,0.06653694651416639
lin-52,-1.0137391,-0.16596699,0.3107072649801308,1.0,0.08642209672061127
l(3)05822,-1.0153084,-0.13911441,0.30995884529895534,1.0,0.13108063214845048
Npc1a,-1.0169333,-0.13528888,0.30918514826866494,1.0,0.1321247211807698
PIG-L,-1.017492,-0.15513885,0.3089194081904534,1.0,0.045370414313511465
Nse4,-1.0195526,-0.23357235,0.30794072622547286,1.0,0.026861563286032935
Trs20,-1.0228604,-0.095247746,0.30637384520435096,1.0,0.10962934839352664
trio,-1.0319893,-0.074127,0.3020771301344132,1.0,0.38199421005172984
CG17271,-1.0326605,-0.2176743,0.30176280748288364,1.0,0.054340088272981826
mRpL21,-1.0340637,-0.15500683,0.30110639246542237,1.0,0.11703288880451806
CG32017,-1.0401776,-0.008261489,0.2982574183283654,1.0,0.5876797494186322
Ctps,-1.0402352,-0.14227246,0.2982306533423227,1.0,0.07237435337667884
CG18081,-1.0414829,-0.14763825,0.29765144646647523,1.0,0.07712021261449385
Arpc1,-1.043317,-0.13323268,0.29680152516817193,1.0,0.13036875326277822
spir,-1.0446773,-0.13154921,0.29617217794303774,1.0,0.2219163779602297
Diap2,-1.0457029,-0.11712031,0.2956982304593089,1.0,0.1583218641735086
CG30060,-1.046349,-0.7270836,0.29539990991147946,1.0,0.010915476246974514
RpS19a,-1.0478396,-0.08771913,0.2947124868531994,1.0,0.3771059750367804
lncRNA:CR44417,-1.052583,-0.2043684,0.2925321863770193,1.0,0.0734659010013763
mRpS17,-1.0532514,-0.15686016,0.292225815299323,1.0,0.10806321484504769
FucT6,-1.053634,-0.14372872,0.2920505049004972,1.0,0.05438754686535997
Ufm1,-1.0553293,-0.16680513,0.2912747461646221,1.0,0.08737126856817427
Pfdn1,-1.055979,-0.18303004,0.29097779411809455,1.0,0.07835413601632575
lncRNA:CR46004,-1.0575757,-0.36510506,0.29024890197559616,1.0,0.04399411513454511
sgl,-1.0598723,-0.26478615,0.2892027089838398,1.0,0.04470599402021736
vih,-1.063837,-0.1600234,0.2874025224287917,1.0,0.10426652745479568
lncRNA:CR45962,-1.0666462,-0.46669123,0.28613162327954544,1.0,0.02040719472260453
Atg5,-1.0673281,-0.20743275,0.2858236860676078,1.0,0.046889089269612265
CG7492,-1.0676417,-0.15322316,0.28568217474320146,1.0,0.10858525936120735
CG42340,-1.0694348,-0.11847556,0.2848738334888691,1.0,0.30425703573632007
Atat,-1.0711105,-0.12778823,0.2841197425425459,1.0,0.20165155901475962
tadr,-1.0732206,-0.2342879,0.28317212303361083,1.0,0.04978406340467942
CG14073,-1.0765468,-0.12919678,0.28168276993442076,1.0,0.1915903374305918
Ak2,-1.0771341,-0.07549765,0.2814203285362413,1.0,0.3589767927483271
RanBP3,-1.0882838,-0.30718297,0.2764698456750976,1.0,0.023349627450049832
Vrp1,-1.0912948,-0.1080347,0.27514317508409636,1.0,0.18926486640406245
Grx5,-1.0944632,-0.10960911,0.27375186741586,1.0,0.20392957144891083
CG33217,-1.0953164,-0.16471505,0.27337803396550553,1.0,0.10042238147216553
CG2765,-1.0994067,-0.22432005,0.2715906762500331,1.0,0.08566275924256087
Faf2,-1.1021484,-0.13067509,0.2703971688818675,1.0,0.14688434341037446
CG8578,-1.1033803,-0.24885832,0.2698620503639455,1.0,0.04299748469460396
Ank,-1.1057479,-0.07960276,0.2688356279280134,1.0,0.36747188078401594
Ephrin,-1.1064068,-0.120416544,0.26855047113454134,1.0,0.25105595368041383
Vti1a,-1.1098033,-0.1262221,0.2670837821670443,1.0,0.1127141568981064
Trm7-32,-1.1138686,-0.22803558,0.26533554045775365,1.0,0.02828532105737744
CG34229,-1.1185006,-0.29634014,0.263353230829117,1.0,0.03720753642446965
vers,-1.1213547,-0.1844817,0.2621369053414556,1.0,0.05125527976840207
pho,-1.1281593,-0.10267726,0.2592526711839078,1.0,0.3025485264107067
CG1142,-1.1291993,-0.1609403,0.2588138021908579,0.9995822037086081,0.05714014522329268
kirre,-1.1310538,-0.089743525,0.25803242793710235,0.99692098204127,0.40956765222343505
Ca-alpha1D,-1.1370262,-0.05789299,0.25552731424625785,0.9903409962949561,0.45137867210858523
Octalpha2R,-1.1372778,-0.09402042,0.2554221746974076,0.9903409962949561,0.4083337288216031
dpr4,-1.138443,-0.14619438,0.25493556984216736,0.98962091108477,0.15851169854302122
CG10973,-1.1392385,-0.3193767,0.25460368159835567,0.9886474275254403,0.028048028095486687
elgi,-1.1398716,-0.15939331,0.25433981150736074,0.9882205554872343,0.05253666176261212
CG3662,-1.1400015,0.08417467,0.25428566963050225,0.9882205554872343,0.7203739737079399
CG14082,-1.1435792,-0.2428621,0.2527981786013248,0.9854035813788129,0.07636087513644345
PlexA,-1.1440927,-0.050513986,0.252585210628838,0.9854035813788129,0.46077547339945896
Coa7,-1.149802,-0.1398629,0.25022543699655475,0.9816536374480226,0.13644345308718142
CG31523,-1.1533022,-0.3210512,0.24878636294446022,0.9782119283645244,0.047695885340040815
robl,-1.1535168,-0.09923593,0.24869832500652211,0.9781813112308803,0.25096103649565754
CG2061,-1.1567992,-0.2347769,0.24735438562177225,0.9744675521473116,0.04171610270039391
asRNA:CR43259,-1.1597534,-0.8007663,0.24614919521157574,0.9706608024697174,0.016183380000949172
Qtzl,-1.1604719,-0.15070866,0.24585670791335257,0.969821169176652,0.048407764225713065
fzr,-1.16315,-0.13259594,0.24476866048874935,0.9658417619609472,0.14413174505244175
CG8195,-1.1706531,-0.18620627,0.24173823569952513,0.9560504071841375,0.08039485548858621
Uhg4,-1.1721997,-0.280534,0.24111686119817322,0.954212149722251,0.04513312135162071
CG13585,-1.1726822,-0.09006018,0.240923271205572,0.9537922889768541,0.3246167718665464
mRpL41,-1.1748544,-0.10112669,0.24005299390213197,0.9524758927972288,0.16325755778083623
CG6044,-1.1860218,-0.044482373,0.23561367401488353,0.9385278014926195,0.4656637084144084
MICU3,-1.190512,-0.11986029,0.23384522854953949,0.932702712954953,0.15727777514118932
Pomp,-1.192675,-0.10172437,0.23299669155745362,0.9309967685020126,0.2404252289877082
CG3740,-1.1957027,-0.5504298,0.23181259836442492,0.9276309131529794,0.014474870675335769
CG15098,-1.1957425,-0.14563607,0.2317970855038124,0.9276309131529794,0.09790707607612358
nAChRbeta1,-1.2012122,0.10419269,0.22966892377345638,0.920620011755295,0.8670684827488017
r2d2,-1.2084156,-0.20253065,0.226887422807457,0.9151449508259517,0.04997389777419202
ftz-f1,-1.2097207,-0.07091401,0.22638609007064048,0.9143207594006086,0.44463955199088795
Mob4,-1.2125088,-0.11262365,0.22531768238451166,0.9115158415482286,0.18404442124246595
sotv,-1.2210547,-0.17228834,0.22206531397852314,0.9010499707337611,0.08808314745384652
Gtpbp1,-1.223503,-0.24160245,0.22113976491283716,0.8981914676849624,0.06672678088367899
lncRNA:CR44816,-1.228699,-0.75765324,0.21918471401694284,0.8920342167454144,0.012291775425940867
CG15443,-1.2322472,-0.3569678,0.21785674843839897,0.887815415150667,0.0361159887997722
CG17230,-1.2329463,-0.26649243,0.21759582452426796,0.8870486639218402,0.05092306962175502
me31B,-1.236768,-0.16342491,0.21617324454897702,0.882134475328919,0.13326372739784537
SC35,-1.2372766,-0.10821005,0.21598440858118273,0.881659061016757,0.22357742869346495
CG3104,-1.2404692,-0.14208889,0.21480187985644772,0.8777137491016564,0.1465521332637274
lncRNA:CR42861,-1.247837,-0.18198213,0.2120907951796689,0.8683824999815196,0.050116273551326466
MED19,-1.2486198,-0.1482986,0.21180418377658605,0.8675004018994649,0.149589483175929
CG10417,-1.2522849,-0.13145086,0.21046607051151456,0.8637612570588724,0.16638982487779413
dpr12,-1.2547026,-0.045958836,0.2095867320053728,0.8630288752916278,0.47477575815101325
CG5934,-1.2668362,-0.13333985,0.20521387148568682,0.84877905651138,0.10502586493284609
5PtaseI,-1.2669523,-0.13423753,0.20517237458331317,0.84877905651138,0.14261307009634094
Stacl,-1.2676088,0.030038347,0.20493771931020022,0.8483817732475548,0.6572540458450002
lncRNA:CR44997,-1.2705116,-0.22986557,0.20390243320029422,0.8450754023387916,0.07882872194010726
PIP4K,-1.271767,-0.09849051,0.20345591119920625,0.8437986055145033,0.3382848464714537
ZC3H3,-1.2740154,-0.2441169,0.20265793779365504,0.8413479576862606,0.05543163589767928
Nf-YB,-1.275497,-0.16341084,0.20213340864916418,0.8394562582707538,0.0391533387119738
crol,-1.2780371,-0.021376068,0.2012363590873375,0.8374428067311563,0.5186274975084239
CG15916,-1.2885762,-0.17795274,0.19754543336943597,0.8248993790133796,0.08699159982914907
asRNA:CR43944,-1.2889808,-0.49256265,0.19740475227885346,0.8248771085111226,0.02040719472260453
CG14777,-1.2912261,-0.17624584,0.19662529105913862,0.8227482570270651,0.16221346874851691
CG14762,-1.2936772,-0.057803422,0.19577694393571654,0.8205729344725121,0.44881590812016514
CG2656,-1.2942666,-0.3312959,0.19557337265927255,0.8203004131611438,0.03312609747994875
dj-1beta,-1.294811,-0.1134144,0.1953854508091798,0.819811793429636,0.17635612927720565
Atac3,-1.2957953,-0.30366254,0.19504601875228655,0.8186693948249383,0.04641450334583076
CG13603,-1.3048507,-0.14689948,0.1919437054044285,0.8084318677175464,0.07161501589862845
EloB,-1.3093833,-0.17081872,0.19040454330689327,0.8044509457080492,0.07189976745289735
CG12123,-1.3132244,-0.17811954,0.18910731295087024,0.7998018867307971,0.0777371743154098
Rh50,-1.3198252,-0.802684,0.18689339697979912,0.7920874881038844,0.01504437378387357
Hsp70Bc,-1.3202432,-0.5293974,0.18675382524453144,0.791983280985235,0.02230553841773053
Dph3,-1.3246098,-0.3576063,0.18530061671730857,0.787802308045788,0.023492003227184283
mRpL18,-1.32738,-0.17694598,0.18438301957587444,0.7844483859023852,0.07640833372882161
caz,-1.3284156,-0.17290947,0.18404085529481506,0.7832660562809011,0.07199468463765364
Ate1,-1.3315673,-0.20796165,0.1830024187304753,0.7794314271893493,0.06492335437330929
Snx3,-1.3354995,-0.12025882,0.18171292475722034,0.7752533566208466,0.16586778036163446
cass,-1.3405424,-0.032299794,0.1800690755778711,0.7693171967117669,0.5051492572730293
lncRNA:CR46003,-1.3457109,-0.57179487,0.17839578420638613,0.7643114986613851,0.02932941008969674
beta4GalNAcTA,-1.3476163,-0.26628062,0.17778180987472125,0.7623637887634138,0.047173840823881166
key,-1.3492496,-0.22970879,0.17725679947190265,0.7610366779721809,0.0390584215272175
GstE2,-1.3531158,-0.48781568,0.17601862304491678,0.7578562332371921,0.0408618480375872
jar,-1.3544456,-0.17193718,0.17559428292203805,0.756296365560679,0.10844288358407289
CG12895,-1.3567194,-0.20813665,0.1748703871705578,0.7536140069033919,0.06634711214465379
Mpc1,-1.3572977,-0.15786614,0.17468666942311317,0.7534147782730287,0.13478240235394617
CG12769,-1.3606952,-0.1749652,0.17361000102700608,0.7496040745725033,0.11670067865787101
ap,-1.3687162,-0.2796218,0.17108798892043497,0.7420304016043812,0.08291016088462816
CG43707,-1.3764026,-0.15468997,0.16869702445259716,0.7343288517701941,0.18461392435100374
CG43737,-1.3774898,-7.948058e-05,0.1683608476216144,0.7339593603933684,0.5828864315884391
CG9164,-1.3819435,-0.2076344,0.16698907229358306,0.7290221354536117,0.10469365478619905
Hrb87F,-1.3822423,-0.15936059,0.16689732651750233,0.7290221354536117,0.16074225238479425
CG7582,-1.3849628,-0.19580942,0.16606383997998597,0.7265776964610571,0.08642209672061127
fwe,-1.397855,-0.062327374,0.1621566187346689,0.7138053541917224,0.43666650847135874
CG12106,-1.4068595,-0.25725845,0.1594690608678173,0.7057982508779321,0.04703146504674671
Atg18a,-1.4145582,-0.19286259,0.1571980874670651,0.6984400639409398,0.06207583883062028
lncRNA:CR44366,-1.4194282,-0.6850176,0.1557742215633795,0.6932208786549955,0.01680034170186512
CG7326,-1.4201527,-0.32518032,0.15556325242847274,0.6925348735758416,0.049641687627544964
alien,-1.4213154,-0.16863991,0.15522509061584902,0.6913261529222595,0.08234065777609036
CG10543,-1.4235158,-0.07068064,0.15458669975255845,0.6891943245369184,0.4140762184993593
U2af38,-1.4267577,-0.17680418,0.15364975633838776,0.6855186237220382,0.07906601490199801
Bin1,-1.4303199,-0.2690845,0.15262522935726755,0.6828427056671169,0.049736604812301265
CG42376,-1.4338479,-0.16341236,0.1516156637669189,0.6801778894571124,0.12348725736794647
sbr,-1.4400023,-0.13894773,0.1498667390259008,0.673819875317855,0.16653220065492857
CG5447,-1.4458451,-0.1402054,0.14822063047406542,0.6674034964345709,0.08561530065018272
Csk,-1.4494034,-0.116188385,0.14722495278984363,0.6643927987987427,0.2852261401926819
cbt,-1.452732,-0.20938665,0.14629818506624906,0.661434932408201,0.13331118599022354
Doa,-1.4575098,-0.15253004,0.1449757039928339,0.6564297384727535,0.1561387689241137
eIF3k,-1.4578261,-0.20635894,0.14488847151931272,0.656278550482684,0.14669450904086184
galla-2,-1.4604172,-0.2954904,0.1441754672295837,0.6537746813564153,0.03445493806653695
Nuak,-1.463057,-0.10861978,0.14345178159663857,0.6509805531948726,0.32831854207204214
CG9775,-1.4637377,-0.09400693,0.14326562075706228,0.6506202128941252,0.34910540553367186
emc,-1.4642094,-0.04887458,0.14313673189324463,0.6502771617766526,0.4705519434293579
loqs,-1.4662957,-0.14767991,0.14256773417523044,0.6486592429495647,0.1491148972521475
RpL36A,-1.4714304,0.08980284,0.14117474599082297,0.6432818612643518,0.801385790897442
Muc68D,-1.4776325,-1.156723,0.13950616209339783,0.6370013023020721,0.006549285748184709
row,-1.4784889,-0.22646302,0.13927696329750427,0.636776783808432,0.08542546628067012
CG17683,-1.4790437,-0.14495239,0.13912864407366105,0.6363436664817035,0.17744767690190308
mRpS31,-1.4841521,-0.17303075,0.13776856422957479,0.6314296228451641,0.09140524892031703
Pfdn4,-1.4893278,-0.13354538,0.13640107995063125,0.6271568327115218,0.16135921408571022
EndoB,-1.4898186,-0.12863962,0.13627195408768936,0.62679956542447,0.18698685396991124
Octbeta3R,-1.4921465,-0.15636404,0.13566075372522188,0.6244595646362272,0.19671586540743202
CG12241,-1.504509,-0.4507207,0.1324503792129939,0.6110031717777415,0.025153053960419534
Uhg5,-1.5063882,-0.16745515,0.13196755289366255,0.6099933645130272,0.1397180959612738
sordd1,-1.507973,-0.10745196,0.13156144289596317,0.6083468996429799,0.19234967490864222
CG7739,-1.5118105,-0.17098886,0.1305820548387549,0.6049656656896935,0.10782592188315694
peo,-1.5176249,-0.13406374,0.12910900501402894,0.5988240723424653,0.13691803901096294
Abcd1,-1.5205679,-0.14338323,0.12836830567792085,0.5972457336019567,0.2242893075791372
tra2,-1.5212288,-0.25256717,0.12820243837880677,0.5972457336019567,0.06629965355227564
CG10321,-1.5233576,-0.25964585,0.12766926491564878,0.5962301417842311,0.06449622704190594
maf-S,-1.5428779,-0.1063632,0.12286041220670414,0.5784262512118643,0.31346400265768115
CG7607,-1.54622,-0.4900777,0.12205146214287509,0.5750619528641301,0.04940439466565422
18SrRNA-Psi:CR41602,-1.5481083,-0.5080707,0.12159621607401402,0.5738042112760964,0.027763276541217786
CG7222,-1.5505972,-0.18243806,0.1209982443980148,0.5716463569641095,0.0783066774239476
CG6005,-1.5544591,-0.22372346,0.12007495784395339,0.5688276957481336,0.06084191542878838
l(1)G0196,-1.5589731,-0.12538041,0.11900276640762003,0.5641869777294751,0.2880261971429927
Polr2J,-1.5608201,-0.15957795,0.11856620488592645,0.5629931715444323,0.13440273361492097
LRR,-1.56486,-0.17486048,0.1176157449314578,0.5591335081784474,0.16093208675430687
CG5938,-1.5678793,-0.1378296,0.11690929003589096,0.5566434907216699,0.16719662094822269
Rab18,-1.5812278,-0.17446402,0.11382597482394738,0.5438748753936082,0.14213848417255945
phyl,-1.581364,-0.1250937,0.1137948234753589,0.5438748753936082,0.23174030658250677
lncRNA:CR43148,-1.5823667,-0.2912752,0.11356589023123281,0.5434843486566536,0.05737743818518343
CG13868,-1.5823873,-0.07309963,0.11356117564725382,0.5434843486566536,0.4257510322243842
CG9609,-1.5853145,-0.16282794,0.11289489284793668,0.5411230235640976,0.11489725214750131
dpr11,-1.5889506,-0.13842246,0.11207153532589137,0.5378110016091693,0.2809548668786484
scaf6,-1.590249,-0.17703258,0.11177870620973138,0.536617034261684,0.14546058563902994
CG9265,-1.604714,-0.21116754,0.10855676431865191,0.5247384521141152,0.08514071472640121
lncRNA:CR45979,-1.6108302,-0.5615224,0.10721672994938736,0.5196281198222992,0.024061506335722082
Ctr1A,-1.6117435,-0.3293015,0.10701778118583824,0.5191253718591218,0.0378244981253856
CG12945,-1.6127985,-0.2563153,0.10678828954635272,0.5184193118444171,0.07332352522424185
Arf4,-1.6140448,-0.14287208,0.10651772403373377,0.5174749056385736,0.20392957144891083
conu,-1.6170721,-0.21509522,0.10586272698128175,0.5147031428699016,0.09330359261544302
Svip,-1.6227015,-0.2842037,0.10465322859947608,0.5092288237121813,0.05818423425561198
CG1965,-1.6227484,-0.17640355,0.10464319999032401,0.5092288237121813,0.19220729913150775
Saf-B,-1.6413615,-0.10589634,0.10072241192415872,0.4946436256823411,0.3467799345071425
CG8187,-1.6524423,-0.19258314,0.09844441986567067,0.48482385201723627,0.10640216411181244
CG14641,-1.6586388,-0.18673551,0.09718859445598577,0.47980225914297714,0.08428646006359451
E(bx),-1.6592885,-0.0990839,0.09705766046691122,0.47935356717713573,0.3825162545678895
RhoGAP102A,-1.6602216,-0.26033324,0.09686987480791506,0.4788105855773223,0.08926961226330027
l(3)80Fg,-1.6606826,0.02075679,0.09677720894768929,0.4785466125206429,0.6251245788049926
sqd,-1.6627625,0.047557972,0.09635997550616818,0.4770640704486937,0.6999193203929571
CG9636,-1.6638045,-0.18250836,0.09615150196552454,0.4762253788938555,0.08879502633951877
rdo,-1.6788255,-0.2993916,0.09318605429002505,0.46436828116971196,0.07579137202790565
dcma,-1.6858765,-0.20056063,0.09181960187708595,0.4596259249609037,0.14621992311708035
CG18731,-1.6886431,-0.26224384,0.09128785086450396,0.4573397510018244,0.06454368563428409
MED31,-1.6904159,-0.19725588,0.09094842721640839,0.4560141420570966,0.105310616487115
CG11050,-1.697447,-0.14754206,0.08961220466488075,0.4509542117027209,0.2352047838261117
CG8079,-1.6985981,-0.26617262,0.08939492912383717,0.4504484460894797,0.06492335437330929
Arl8,-1.7087996,-0.12512772,0.08748808276639798,0.4428539206144622,0.20924493379526363
Gtpbp2,-1.7153474,-0.16178778,0.08628155507141635,0.4385679210865279,0.19011912106686915
Alat,-1.7187061,-0.1452738,0.08566789307796133,0.4356303499070799,0.20022780124341513
Septin4,-1.722781,-0.10886667,0.08492813683243254,0.43259049722127885,0.32618290541502537
CG14591,-1.7271289,-0.14052863,0.08414452426245501,0.42951733594707353,0.19135304446870105
alpha-Man-Ia,-1.7306263,-0.16692644,0.08351843794781877,0.427195232960958,0.2711309382563713
uex,-1.7308922,-0.069871254,0.08347100126847709,0.42713183646577135,0.43865976935124107
fred,-1.7343776,-0.186269,0.08285109351455668,0.425388365142768,0.23753025485264107
CG32756,-1.7633014,-0.4146246,0.07784966560157786,0.4029340017060011,0.034882065397940296
l(3)neo38,-1.7739571,-0.06560214,0.07607025011295343,0.39574062254664505,0.46713492477813107
RpL35,-1.7942853,0.018450702,0.07276765170275448,0.38149028241069866,0.6569218356983532
Tsp39D,-1.7970304,-0.1598252,0.07233078940235266,0.37952647095362746,0.16041004223814723
PPP1R15,-1.8048102,-0.15190294,0.07110439369212565,0.374380757975516,0.17189502159365952
lncRNA:CR46064,-1.8125509,-0.21367154,0.06990110859908584,0.3686822209927552,0.11522946229414835
CG14818,-1.8141874,-0.10445751,0.06964887776186252,0.36767006108243494,0.3293626311043614
CG32809,-1.8264501,-0.09966322,0.06778248834966681,0.35930214298541774,0.37962128043282234
RhoGDI,-1.8270196,-0.08538168,0.06769682536685785,0.35907598102551364,0.38009586635660386
Sxl,-1.8628011,0.041424356,0.0624902533206874,0.3371818051021951,0.6778985335294955
CG44153,-1.8732919,-0.19699298,0.06102809425655109,0.33115209770073967,0.22689953015993547
CG31688,-1.8733443,-0.09655448,0.06102085501063293,0.33115209770073967,0.3466850173223862
kek1,-1.8733649,-0.03777442,0.06101800338179655,0.33115209770073967,0.5443975131697594
SK,-1.875073,0.0029416955,0.06078268663795903,0.33071904896293564,0.6013478240235395
Drep1,-1.8797463,-0.2521883,0.06014266402439754,0.32785283175017066,0.08528309050353566
CG31510,-1.8900021,-0.30452362,0.0587576701426959,0.32159732436880123,0.0730862322623511
CG8245,-1.8912138,-0.13020612,0.05859580795896093,0.321144021228316,0.22694698875231362
Cdk12,-1.8938533,-0.17301415,0.05824448603412057,0.31950586870832387,0.19671586540743202
CG6707,-1.9070292,-0.1640795,0.05651680587403441,0.31086793628095916,0.15381329789758436
Moca-cyp,-1.9075812,-0.14868867,0.05644536942229177,0.31076112873609063,0.2271368231218262
ND-13A,-1.9091191,-0.095652476,0.05624673116453623,0.3103627913827669,0.3550851881733188
mura,-1.918742,-0.05880032,0.055017003169006165,0.3041280052730232,0.47335200037966874
galectin,-1.9210953,-0.14592053,0.05471969718574543,0.3028966344219124,0.21047885719709553
SPoCk,-1.9409207,-0.08260593,0.05226789166495425,0.29170940087185315,0.43225285938019076
eIF4E1,-1.9464428,-0.06183488,0.0516015611802551,0.28891659587787294,0.458260168003417
EMC8-9,-1.9464881,-0.13776013,0.05159612427601075,0.28891659587787294,0.16577286317687817
Hcf,-1.965879,-0.15482558,0.049312598790807495,0.278147294583394,0.24004556024868304
nej,-1.9754434,-0.07041424,0.04821785873222365,0.27336161864515074,0.4625314413174505
CG7564,-2.0245628,-0.23414496,0.04291226487191272,0.24742554234803413,0.12823311660576148
MESR4,-2.034769,-0.19813973,0.04187410874238891,0.24247197694108236,0.1768781737933653
CG3009,-2.0402734,-0.10554806,0.041323102753037674,0.23973693453440087,0.3279863319253951
CG17839,-2.0502174,-0.23188712,0.040343227827399804,0.23483457688069542,0.22500118646480946
Graf,-2.0728803,-0.15114501,0.038183432903170736,0.2233291092402822,0.23605903848891843
RpL4,-2.0752082,0.036743745,0.03796725316450124,0.22238483845367882,0.6993023586920412
I-2,-2.076802,-0.23486605,0.03781983500760633,0.22162786966716996,0.10606995396516539
Tctp,-2.08067,-0.060194332,0.03746410012328279,0.21996624104176005,0.5119358359831048
Wee1,-2.099567,-0.24270432,0.035766948233150665,0.21122254458036505,0.10440890323193014
CG4404,-2.1051242,-0.23327503,0.03528050485579326,0.2086531167817875,0.12026007308623227
l(1)10Bb,-2.1148484,-0.27161658,0.03444287919494867,0.20449306113357493,0.07284893930046035
CG13404,-2.1214998,-0.26651016,0.03387976184387028,0.20164082866940178,0.06188600446110768
lncRNA:CR42491,-2.123511,-0.8182041,0.03371105193190233,0.20073473961795676,0.020929239238764177
mtd,-2.1275065,0.068433054,0.033378029462697835,0.19933601230809597,0.7814057235062408
side,-2.129841,-0.09744611,0.03318473560246489,0.19847337696685208,0.4523278439561483
UQCR-14,-2.1310117,0.009691161,0.033088170170677174,0.1980902289834892,0.6183380000949172
fru,-2.141923,-0.10674957,0.03219968043670253,0.193768167461851,0.437378387357031
CG10384,-2.1423843,-0.21093783,0.03216256617560411,0.19369047387077,0.20891272364861657
Rb97D,-2.1450648,-0.20314491,0.03194766982872192,0.19268191367753165,0.1557591001850885
CG8993,-2.151951,-0.12443954,0.0314012016682554,0.1906121748677117,0.31132836600066444
euc,-2.1606727,-0.33923507,0.030720630655505825,0.18703984368629398,0.12998908452375302
Roc2,-2.1887112,-0.1838284,0.02861784722635071,0.17511191759135983,0.17436286839732335
CG13999,-2.193565,-0.24318008,0.028266710894276296,0.17331133757059045,0.0740354041099141
Uhg3,-2.1979775,-0.35159275,0.027950713550055156,0.17163287025774424,0.04869251577998197
fbl,-2.199097,-0.38925567,0.027871033394195242,0.17122985183560777,0.05149257273029282
lncRNA:CR46006,-2.221114,-0.17147025,0.02634324274016537,0.16315944398367668,0.2614493854112287
CG31855,-2.235653,-0.22955874,0.025374513762212333,0.1576401367215118,0.10274785249869489
Nlg4,-2.2511754,-0.18663476,0.024374426936379107,0.15248965469513842,0.21479758910350719
bun,-2.2576342,0.071392916,0.023968470971095057,0.15020652579263633,0.814674196763324
CG7990,-2.2686694,-0.15223296,0.023288436293018668,0.14662332126839078,0.2857007261164634
DCP2,-2.2768526,-0.15162647,0.022795034527357542,0.14381401441716413,0.31488776042902566
Xe7,-2.2855506,-0.088906184,0.022280561966028605,0.1408598391099184,0.43894452090550995
Unr,-2.2972753,0.08887738,0.021603072309049794,0.13707436146538673,0.8449527787005837
bic,-2.3072736,-0.06360827,0.02103957066229058,0.13412726297210245,0.4851691898818281
CG17734,-2.326534,-0.12316813,0.01999008053103825,0.12817416706618898,0.2626358502206825
tutl,-2.337716,0.03295926,0.019401974883961982,0.12479718831694597,0.6994447344691757
TBPH,-2.3622944,-0.18918496,0.018162208893079228,0.11756726723193983,0.14403682786768546
anne,-2.370777,0.00904199,0.017750746935636923,0.11527109983935986,0.6387451948175217
CG17493,-2.3784492,-0.12876756,0.01738563049201333,0.11332270057066869,0.30700963409425275
mub,-2.3787434,0.010463746,0.01737176829455997,0.11329292870111904,0.8025247971145176
CG41378,-2.3908713,-1.2958846,0.016808443733855132,0.11003121410953824,0.011817189502159367
Task7,-2.3965344,-0.19557531,0.01655093405728869,0.10857875953944665,0.13345356176735798
SkpA,-2.407983,-0.08715589,0.016040928792083634,0.10557390985243381,0.42034075269327514
Mlf,-2.4194882,-0.080216534,0.015542362382720058,0.1024585479085856,0.4338664515210479
CG14459,-2.4399023,-0.39563003,0.014691235967963467,0.09758663499373663,0.09074082862702293
asRNA:CR44029,-2.4491665,-0.8737527,0.014318717991620896,0.09541415098716215,0.025675098476579186
Taf3,-2.4571877,-0.047634277,0.014002953907250605,0.09352438639752199,0.5245598215556927
mrj,-2.462027,-0.24656217,0.013815425075895225,0.09247458333338104,0.12832803379051777
CG13928,-2.4690962,0.047210637,0.013545478388511792,0.09086727357048445,0.6604337715343362
MED26,-2.4729276,-0.038539313,0.013401133013858889,0.0900769768317131,0.5527027668359357
RpS5a,-2.4741845,-0.16634302,0.013354073528633758,0.08983046481264727,0.31090123866926106
CG5946,-2.5022435,-0.13734637,0.012340902705827854,0.08356847948963096,0.2819040387262114
HisT,-2.5106742,-0.26915252,0.01205008780062714,0.08196345993406484,0.14973185895306346
Ca-beta,-2.5119693,-0.17952736,0.012005955885685291,0.08180022151515819,0.25266954582127094
4E-T,-2.5194037,-0.17470874,0.01175538167193757,0.08027246341694513,0.18105452992264248
CG9132,-2.5215197,-0.19255888,0.011684912108600414,0.07988075922138554,0.18043756822172655
Acn,-2.5223138,-0.11682185,0.011658567976820187,0.07974539005020273,0.3841298467087466
homer,-2.5241604,-0.2742115,0.011597499811997395,0.07941681191485182,0.09847657918466138
VhaM9.7-a,-2.534983,0.004590787,0.011245279519094415,0.07722180961027708,0.6140192681885055
Arfip,-2.5388305,-0.39816082,0.011122369237421,0.07650708726575878,0.05168240709980542
CG2225,-2.6042848,-0.21117376,0.009206619886644781,0.06460534818555741,0.2166959327986332
CaMKII,-2.6129897,0.09953672,0.008975399876156429,0.06320112599102871,0.8720041763561293
CG34220,-2.6434944,-0.566135,0.008205514667414345,0.05818325670803575,0.03436002088178065
Task6,-2.6464124,-0.14765088,0.008135058464768214,0.057750860586522866,0.3395662284656637
Fundc1,-2.6693048,-0.14333256,0.007600842061008213,0.05443399758027562,0.3144131745052442
gammaSnap1,-2.6737742,-0.11866772,0.007500290031901453,0.05381619183990077,0.35641402875990696
EMC4,-2.6875587,-0.1657847,0.0071976457257802145,0.0518204983765712,0.19989559109676808
CG8229,-2.6985307,-0.26544502,0.006964632470115274,0.050321224172042135,0.12035499027098856
Stlk,-2.6992824,-0.1917885,0.00694891587806437,0.050237446997465365,0.22224858810687675
Mmp2,-2.6993537,-0.18115722,0.006947430599707362,0.050237446997465365,0.34113236201414265
CG10494,-2.7014494,-0.7231553,0.006903796600450066,0.05000022386386563,0.03208200844762944
Dora,-2.7273228,0.011781984,0.006385053067012614,0.04651967234537761,0.6535997342318827
Sec61beta,-2.7288032,-0.17095499,0.0063564637163650494,0.04636680804235403,0.23131317925110342
Ace,-2.7328405,-0.026669582,0.0062790704756239225,0.04588464629938848,0.6244126999193204
asRNA:CR44107,-2.752508,-0.8471573,0.005914071141131695,0.04347805376312077,0.03013620616012529
mRpL55,-2.758991,-0.18645298,0.005798013341836267,0.042702105512774785,0.22533339661145652
CG30389,-2.784651,-0.18825871,0.0053585370884224005,0.03963301490945427,0.25774761520573297
Cdc42,-2.8283057,-0.3024454,0.0046795110066169855,0.03501446265172157,0.08888994352427507
COX5B,-2.845254,-0.027840609,0.0044376026171298166,0.03328611587704328,0.5671301789188933
pigs,-2.8565483,-0.17861849,0.004282749293431445,0.0322237229244666,0.291585591571354
Crk,-2.875043,-0.17958596,0.004039726886341119,0.030413978392595367,0.2241943903943809
CG4230,-2.8848472,-0.13751657,0.003916035806673282,0.0295785569229093,0.3379526363248066
gw,-2.8993716,-0.024749776,0.0037391152410928786,0.028396308830953957,0.5976935124104219
Asator,-2.910289,-0.12169206,0.003610945973864202,0.02754306663043226,0.401025105595368
ytr,-2.9169538,-0.22338869,0.00353468197974351,0.027029007936696138,0.16463385695980257
Pcf11,-2.924306,-0.15181924,0.0034522533164466915,0.02644846993976664,0.33116605761473117
Prp39,-2.9316704,-0.20801443,0.0033714442130938493,0.02587816971876633,0.23819467514593518
Deaf1,-2.9456224,-0.18123242,0.003223056433227246,0.02481733093152679,0.2408523563191116
CG4678,-2.9477122,-0.17085925,0.003201349126264445,0.02469699018989704,0.32015566418300034
NaCP60E,-2.9602594,0.019387066,0.0030738003095220024,0.0238185327226724,0.735275971714679
EMC10,-2.9630396,-0.19228168,0.003046173470323485,0.02367972476388582,0.20877034787148213
Tim23,-2.9898055,-0.21015114,0.0027915510141206076,0.02188181048946372,0.17683071520098714
Rbp1,-2.9990115,-0.16444722,0.0027085707065731815,0.021316158953306883,0.2516729153813298
RpL3,-3.005518,0.010138502,0.0026512889810676775,0.02095756250987933,0.6584879692468322
CG3257,-3.012143,-0.21859905,0.0025941043170800214,0.020558867048692055,0.22395709743249015
qkr58E-3,-3.0710979,-0.16623688,0.0021327317827781614,0.017113803620989472,0.2612595510417161
CG17977,-3.0875027,-0.34930903,0.0020184596207402875,0.016239606810035223,0.0727065635233259
Teh2,-3.1086466,-0.1515818,0.0018794632939349747,0.015171376218392985,0.3354847895211428
MED21,-3.1817625,-0.22116044,0.0014638187815547703,0.011982865767878506,0.13169759384936644
Rab26,-3.1896143,-0.14659745,0.001424627352598208,0.011685587349138328,0.36168193251388164
ringer,-3.2217424,-0.13949667,0.0012741366648815137,0.010529119869993744,0.33401357315742014
Fife,-3.2550533,-0.09905141,0.001133710969023199,0.009477917010578719,0.4790944900574249
Adar,-3.270078,-0.21363828,0.0010751788810941369,0.009025053935221674,0.25760523942859853
Taf12,-3.2812538,-0.18509513,0.00103346741896969,0.008699540310650242,0.24787622799107778
AGO1,-3.2942357,0.009142629,0.0009868971176240614,0.008330532525429145,0.6772341132362014
Mitf,-3.3241284,-0.6748056,0.0008869538985482535,0.0075443692040507064,0.04442124246594846
Ca-alpha1T,-3.3399453,-0.060132682,0.0008379490767959134,0.007142490417528244,0.6039580466043377
lwr,-3.3425767,-0.19961764,0.000830043894679314,0.007085017529584144,0.20506857766598643
RpLP1,-3.39069,0.07356442,0.0006971686893472735,0.006039651140336828,0.8224574059133406
COX6B,-3.4322498,0.07400778,0.0005985959896833603,0.005237822339016854,0.8140097764700299
mei-P26,-3.437599,0.016639767,0.0005868960072227434,0.00514282921066716,0.9480328413459257
CG14440,-3.442545,-0.27907464,0.0005762679939623403,0.005060612808650552,0.14920981443690381
CG12194,-3.4682121,-0.2661373,0.0005239335560951967,0.004641152700032233,0.14920981443690381
asRNA:CR43425,-3.477628,-1.0435759,0.0005058716205101595,0.0045007804251082735,0.020264818945470078
CG14645,-3.5057752,-1.0002639,0.00045527964508097003,0.004077445697202016,0.02164111812443643
CG4294,-3.5085084,-0.24096656,0.0004506269790389936,0.0040387442996369805,0.20207868634616297
kis,-3.5170906,-0.007340865,0.0004363050244305052,0.0039219188368609355,0.6645152104788572
Sytalpha,-3.5325763,-0.2662905,0.0004115312434654109,0.0037129195607697213,0.1960514451141379
mmd,-3.5384848,-0.019529568,0.00040243037144523124,0.0036415915349264465,0.6383180674861184
RpS12,-3.5393531,0.056096345,0.00040110886404045085,0.0036323298245089564,0.7815006406909971
CG42784,-3.5467088,-0.31737545,0.00039007539251613785,0.0035482305667008988,0.1575625266954582
RpS4,-3.5486498,0.08297567,0.00038721178303384825,0.0035248128628824317,0.847230791134735
skd,-3.56677,-0.05333827,0.00036140843309924773,0.0033022544160770093,0.5667505101798681
RpLP0,-3.609999,0.0072111925,0.0003061981410252673,0.002816791804495836,0.6803189217407811
CG7166,-3.6296966,-0.24041264,0.00028375460497419134,0.002618232308879953,0.19790233021688577
nonA,-3.6370945,-0.15449755,0.0002757309129837578,0.002548054661379093,0.38246879597551137
eIF1,-3.6788611,-0.14662704,0.00023427787274556334,0.002188209188425802,0.3834654264154525
nAChRalpha5,-3.714047,0.059212588,0.00020397098662149418,0.0019139356088755909,0.776422571306535
Sema1a,-3.7606971,-0.029663846,0.0001694405271791927,0.0016059957898811662,0.6307721512979925
eIF1A,-3.7904232,-0.057762098,0.00015039086060169467,0.0014332401875481286,0.5631436571591286
stj,-3.7953143,-0.22257657,0.0001474565661020189,0.0014063756527523542,0.2825684590195055
Atg12,-3.801397,-0.37402606,0.00014388248278668188,0.001374438544425443,0.10811067343742585
ttv,-3.8287487,-0.17847283,0.00012879639429443253,0.0012380908912104401,0.3492477813108063
Atox1,-3.91159,-0.16379225,9.169039292126642e-05,0.0008955241981709266,0.354847895211428
Set1,-3.930603,-0.19047624,8.47330780888476e-05,0.0008309022436242667,0.32917279673484884
Abl,-3.9440308,-0.07315564,8.012333467456037e-05,0.0007888718306528403,0.5494755825542215
eag,-3.9490707,-0.19686253,7.84552126697505e-05,0.0007743243621308411,0.3493426984955626
CG32544,-3.9694088,-0.24754874,7.205120734450701e-05,0.0007140098913188585,0.1839020454653315
hfp,-3.999981,-0.07847962,6.334761581288001e-05,0.0006318691400517139,0.5413127046651797
RpS16,-4.0003357,-0.006954121,6.325269107758006e-05,0.0006314390266540732,0.6820748896587727
DopEcR,-4.032804,0.0011358878,5.5115298729498234e-05,0.0005570484048207744,0.6819799724740164
Appl,-4.0733304,0.018716615,4.634557116242506e-05,0.0004735173234692364,0.8634616297280623
csw,-4.0799046,-0.053965658,4.5054184706547745e-05,0.0004610961019211675,0.5819372597408761
LTV1,-4.0835834,-0.23947978,4.4346528738287743e-05,0.0004546171898999069,0.26197142992738837
ATPsynCF6,-4.100181,0.015372643,4.128269178252861e-05,0.0004242788618357852,0.7025770015661336
gpp,-4.1015425,-0.12960507,4.1040495941908614e-05,0.0004228593449162503,0.4508566275924256
rl,-4.113511,-0.08359295,3.896860886650747e-05,0.00040185141579852755,0.5436856342840871
Ythdc1,-4.1174,-0.20543966,3.831705427013608e-05,0.0003954670402190421,0.29542973755398416
CG5708,-4.1479087,-0.33420718,3.3552623296992646e-05,0.00035014805254027687,0.11390062170756016
RpL13A,-4.158348,-0.002929012,3.205572608042713e-05,0.00033492465078143857,0.6980684352902093
CG4467,-4.1976542,-0.067070395,2.696941206333852e-05,0.00028412287263615663,0.5808931707085568
Grx1,-4.286465,-0.2695813,1.815386540825388e-05,0.0001954747928102531,0.1811494471073988
RpL34b,-4.323386,0.025969498,1.5365253823101314e-05,0.00016737004365485425,0.7578188030943003
RpL28,-4.35743,0.03911815,1.3159847308225488e-05,0.00014411983723266892,0.818138674006929
Ncoa6,-4.3869033,-0.17951034,1.1497598143982194e-05,0.00012636990421731196,0.37430591808646957
Cow,-4.3932185,-0.07062956,1.1168480451939584e-05,0.00012310530117005966,0.5685539366902378
CG13685,-4.4240537,-0.3000322,9.686595079662545e-06,0.00010792496108410125,0.19989559109676808
lncRNA:CR43459,-4.431456,-0.37846053,9.35989761853967e-06,0.00010438041360693508,0.15305396041953395
Rab3-GEF,-4.4784346,-0.23831232,7.519236692287168e-06,8.46278633816143e-05,0.2875041526268331
RpS29,-4.4893823,0.070120834,7.1429957850210305e-06,8.061664409594568e-05,0.8492715106069954
Hrb98DE,-4.517795,-0.2053839,6.248689784128029e-06,7.071985123373866e-05,0.33762042617815957
ND-AGGG,-4.5194354,-0.37327224,6.200471472011494e-06,7.0239355736383e-05,0.1373451663423663
CG40191,-4.5430017,-0.3067383,5.545880973091315e-06,6.299976065331784e-05,0.18784110863271794
Nipped-B,-4.5557857,-0.07911988,5.219010872218615e-06,5.939731421239281e-05,0.5668928859570025
Kr-h1,-4.5682144,-0.37722713,4.918963086239067e-06,5.608722269239289e-05,0.15566418300033222
Syx1A,-4.618482,0.037694577,3.865570764701396e-06,4.457657715321222e-05,0.8716245076171041
Hr38,-4.6198244,-0.19688073,3.8406454943036395e-06,4.433108705498775e-05,0.36614304019742777
nwk,-4.669173,-0.10743265,3.0241507890737608e-06,3.537559881767761e-05,0.5148308101181719
CG42750,-4.67982,-0.17521478,2.8712686874267724e-06,3.3619494746440855e-05,0.4426462911110057
CG40498,-4.6825104,-0.095182456,2.833828687389693e-06,3.321301718326247e-05,0.5305396041953395
CG42268,-4.712544,-0.19936071,2.4464321584581317e-06,2.9007355622029344e-05,0.3593564614873523
Cam,-4.7265096,0.011244274,2.2841205810286957e-06,2.7188618908358175e-05,0.9800199326087988
CG5746,-4.740991,-0.22705276,2.1267549439080526e-06,2.541472157970123e-05,0.30530112476863935
28SrRNA-Psi:CR45859,-4.812234,-0.7572658,1.492524098917153e-06,1.8156064113474228e-05,0.061838545868729534
RpS7,-4.817288,0.057741545,1.4552280215399422e-06,1.7720054300250104e-05,0.799819657348963
Atg8a,-4.8659787,0.006880961,1.1389168009286661e-06,1.3994210571088217e-05,0.6826443927673105
RpL12,-4.922288,-0.0070007867,8.553817514345605e-07,1.0649895983897709e-05,0.7058041858478478
RpS3A,-4.9585233,-0.011584548,7.103097510158377e-07,8.89821742562389e-06,0.7202315979308054
FoxP,-4.994882,-0.18860708,5.887176141295494e-07,7.413098139075494e-06,0.3814247069431921
Nhe3,-5.002349,-0.33154246,5.663595234324986e-07,7.146331502193298e-06,0.1802951924445921
CG1316,-5.0651875,-0.29812846,4.0799816372549585e-07,5.234831176473756e-06,0.18945470077357507
Ten-a,-5.06859,0.039011877,4.0077314350950596e-07,5.147548836920304e-06,0.8805941815765744
Rnf11,-5.121863,-0.32768363,3.025318641397481e-07,3.931301590617686e-06,0.1913055858763229
RpS20,-5.1339917,-0.004468213,2.836606638928971e-07,3.705830473944826e-06,0.7050923069621755
Gfrl,-5.153413,-0.14055192,2.5578779186684745e-07,3.3524703172741976e-06,0.5167291538132979
Spn,-5.155956,-0.059792504,2.523402937566971e-07,3.314413621336617e-06,0.6124531346400266
dpr8,-5.1586666,-0.15081002,2.487148723536921e-07,3.277389815263949e-06,0.4789995728726686
Dyrk3,-5.1794734,-0.110884935,2.225129879429483e-07,2.958122050028568e-06,0.5242750700014237
CG17715,-5.1940093,-0.25707757,2.058128377656922e-07,2.753735103760727e-06,0.2886906174362868
PNUTS,-5.262712,-0.1618527,1.419458749297007e-07,1.931002532944332e-06,0.4484836979735181
CG32432,-5.2963777,-0.25192747,1.1812233903148738e-07,1.6177451578143815e-06,0.3062028380238242
Chchd2,-5.2977414,-0.058688868,1.1724396240243039e-07,1.607521549744909e-06,0.6071377722936737
su(w[a]),-5.399375,-0.30257645,6.687349329026387e-08,9.358450168944045e-07,0.23416069479379242
CG13917,-5.4355464,-0.004947396,5.462880239263789e-08,7.733687251612815e-07,0.7045228038536377
Yeti,-5.474863,-0.017429534,4.378501937291668e-08,6.234761695519643e-07,0.7000616961700916
VhaPPA1-1,-5.5275197,-0.21980464,3.247896262273657e-08,4.646550180851362e-07,0.3309287646528404
Serinc,-5.5924215,-0.2560186,2.2392406362203736e-08,3.2447505725910803e-07,0.2829481277585307
Nca,-5.5972567,-0.22618464,2.1776998776071392e-08,3.1599980723992167e-07,0.32983721702814295
Zdhhc8,-5.7314095,-0.24819086,9.959950965539127e-09,1.4877676754774072e-07,0.3438849603720754
Maf1,-5.7577457,-0.23729147,8.524459701880028e-09,1.279613784559306e-07,0.33088130606046223
RpL24-like,-5.8600416,-0.12479793,4.627514315609972e-09,7.059420775090106e-08,0.5273598785060035
CG30172,-5.8729596,-0.12343549,4.280829929922376e-09,6.555155278369829e-08,0.5320108205590622
Glut1,-6.0005975,-0.22713718,1.9659296638801593e-09,3.0682095612081e-08,0.3992691376773765
Bacc,-6.0402975,0.06641539,1.5383029319776499e-09,2.425662928573813e-08,0.9630772151297993
B52,-6.158762,-0.12979954,7.331583504041779e-10,1.1743057993530255e-08,0.5443500545773813
Aplip1,-6.208711,-0.20133287,5.342086351829702e-10,8.693550139179203e-09,0.40586588201793933
sm,-6.2404656,-0.021499358,4.362701881089e-10,7.1378487555159486e-09,0.8495562621612643
RpS11,-6.278737,0.030350178,3.413338858883632e-10,5.614735135078623e-09,0.8093588344169712
TM4SF,-6.3018827,0.019513017,2.9405202611347465e-10,4.8698371552950306e-09,0.7889041811019886
RpS14b,-6.452656,-0.24320963,1.0990690152751581e-10,1.8554781478100974e-09,0.36187176688339423
Syt4,-6.457031,-0.12973505,1.0677735807104233e-10,1.805144545808509e-09,0.5464382326420198
mt:lrRNA,-6.4875317,-0.027754063,8.725408363051967e-11,1.4853910968888328e-09,0.9433344407004888
Nlg3,-6.5465746,-0.106856465,5.887167881232801e-11,1.0064332300749876e-09,0.6138768924113711
pHCl-1,-6.5884514,-0.28687832,4.4443738210068375e-11,7.662301627192693e-10,0.36244126999193205
l(3)80Fj,-6.66221,-0.15137334,2.697399360906062e-11,4.690242626260198e-10,0.5238479426700204
RpL10Ab,-6.7357206,-0.05648997,1.631196542154264e-11,2.8732159902194106e-10,0.6900479331783019
sta,-6.7761583,-0.0122788735,1.2341353414970071e-11,2.1928390200447552e-10,0.7607612358217455
stol,-6.7793903,-0.029544739,1.2068418210316981e-11,2.1474737162854551e-10,0.7192349674908642
nmo,-6.9345436,-0.021162013,4.075341981274636e-12,7.425163439425491e-11,0.747330454178729
RpLP2,-6.9544215,-0.0838484,3.5401219341863375e-12,6.498576243342962e-11,0.6693559869014285
RpL5,-6.9590063,-0.092129774,3.4268093548164304e-12,6.300057198470207e-11,0.6159650704760097
RpS17,-6.987662,-0.15381166,2.7950492749273994e-12,5.161947820013647e-11,0.5376109344596839
RpL40,-7.035509,-0.013868837,1.9853483349749646e-12,3.683319764841681e-11,0.7423473019790233
chinmo,-7.0510707,-0.02860797,1.775465005382374e-12,3.3090432646186175e-11,0.7412082957619477
RpL7,-7.11037,0.017275097,1.1573221371289608e-12,2.1769443718310035e-11,0.8253049214560296
RNASEK,-7.110591,-0.07057768,1.1554707356405733e-12,2.1768211432338404e-11,0.657206587252622
spen,-7.1201515,-0.02769005,1.0780852525401151e-12,2.040493966337184e-11,0.8966826443927673
CG42260,-7.192127,-0.10062197,6.378964227693546e-13,1.2187021155385052e-11,0.622704190593707
miple1,-7.432812,0.059618555,1.063129686950386e-13,2.1243422547931565e-12,0.8724313036875326
Rack1,-7.432968,-0.06284702,1.0618747207365236e-13,2.1243422547931565e-12,0.6697831142328319
cpx,-7.6358685,-0.02645326,2.243034623784264e-14,4.618302200896349e-13,0.9435717336623796
Pur-alpha,-7.650917,-0.1202532,1.995508773440964e-14,4.1156102266449936e-13,0.5914764368088843
Hk,-7.7867913,-0.03498754,6.873234984853672e-15,1.4544767574718996e-13,0.7719614636229889
Vha16-1,-7.83519,0.03241554,4.681357407009017e-15,9.993181336958477e-14,0.8988182810497841
RpL6,-7.8399243,-0.0025893205,4.508173163338734e-15,9.640372401392251e-14,0.785582079635518
PMCA,-7.84617,-0.08939172,4.289356424078278e-15,9.188570378398968e-14,0.6415927103602107
ukar,-7.8804574,-0.22946763,3.2618515418434185e-15,7.061937556577163e-14,0.4523753025485264
Fas1,-7.8931227,-0.056209065,2.9471798460974624e-15,6.403418029248122e-14,0.7180010440890323
Tdg,-7.9161453,-0.19378534,2.449870699780071e-15,5.351518630756144e-14,0.5138816382706088
RpL18A,-7.942185,-0.025738465,1.986505203118259e-15,4.3549481871957664e-14,0.7469033268473257
RpL17,-8.1943035,-0.06336669,2.5204813420333767e-16,5.785715080611079e-15,0.7359878506003512
CaMKI,-8.528102,-0.23492464,1.487686237472335e-17,3.583677381136421e-16,0.45849746096530775
glo,-8.587012,-0.36374584,8.92597755786617e-18,2.167305586709776e-16,0.28195149731858954
sky,-8.720447,-0.21041296,2.7710699100205455e-18,6.837362577579035e-17,0.5231835223767263
elav,-8.760336,-0.10714451,1.946688671476059e-18,4.842487391147282e-17,0.6627117839684875
Srrm234,-8.820601,-0.023693468,1.1384656290146678e-18,2.8494368690061157e-17,0.8239760808694414
Fer1HCH,-9.054964,-0.08832355,1.366124735515241e-19,3.5353915926104614e-18,0.6838783161691424
CG33229,-9.064898,-0.308561,1.2472101268720512e-19,3.234520050307113e-18,0.38455697404015
Rim,-9.132442,-0.0431474,6.697117969679782e-20,1.759292476991958e-18,0.76218499359309
RpS25,-9.140193,0.0036520148,6.234105226812245e-20,1.6411988900564679e-18,0.8752313606378435
Tob,-9.439362,-0.058070023,3.7505627653175615e-21,1.034289808743343e-19,0.7486592947653172
Mpcp2,-9.495512,-0.12984079,2.191323105457744e-21,6.084290964105796e-20,0.6302026481894547
trx,-9.522835,-0.2590207,1.6851807509254813e-21,4.7111624250070395e-20,0.473114707417778
RpL26,-9.7465,-0.06651273,1.909373182313317e-22,5.59455522096563e-21,0.773575055763846
Cadps,-9.774123,-0.15596338,1.4541062775555962e-22,4.291549979933453e-21,0.6239381139955389
CycG,-9.777993,-0.095481314,1.3995854025219753e-22,4.150741233902763e-21,0.7122585544112762
CG17684,-9.959235,-0.5309635,2.2982491858465893e-23,6.95120578815982e-22,0.20411940581842342
qvr,-9.969315,-0.003598547,2.07656932987331e-23,6.296344169608403e-22,0.8800721370604148
Tet,-9.984316,-0.14365879,1.7852792128447832e-23,5.440192081341266e-22,0.6691186939395377
Pdp1,-10.179527,-0.031988196,2.447467457603361e-24,7.728544259255794e-23,0.8657871007545916
RpL37-1,-10.23748,-0.008409406,1.3469860251777286e-24,4.309294661651269e-23,0.8708177115466755
Syt7,-10.381801,-0.10539625,3.0006276208673584e-25,9.77931820073589e-24,0.6985904798063689
RpL10,-10.384807,-0.10857008,2.907570738342752e-25,9.501442286772067e-24,0.7006786578710076
aqz,-10.460868,0.02860963,1.3065371001119751e-25,4.351196916192586e-24,0.9685349532532865
RpL7A,-10.524438,-0.08642338,6.665804822472348e-26,2.244461187323631e-24,0.7418252574628637
His4r,-10.808934,0.025526214,3.122757725406857e-27,1.0937728136489708e-25,0.9213611124294053
Sdc,-10.812281,-0.12395401,3.010901017879546e-27,1.057633213456305e-25,0.703668549190831
Hsp83,-10.9157715,-0.14429876,9.690323297316643e-28,3.494537002100371e-26,0.6566845427364625
slo,-10.981288,-0.1357849,4.701715803776836e-28,1.7158447285100556e-26,0.7254995016847801
Prosap,-11.006955,-0.19773358,3.5375943882529975e-28,1.294887026979453e-26,0.6050021356366571
CG16779,-11.245813,-0.17748922,2.4284790426913683e-29,9.107917246573873e-28,0.6307721512979925
CG42392,-11.33566,-0.21740937,8.737096817370133e-30,3.29710443055494e-28,0.5779981965734896
RpL23A,-11.388003,-0.14654243,4.7985814024887315e-30,1.8221155362908144e-28,0.668881400977647
RpL22,-11.513258,-0.9229909,1.1312212050746472e-30,4.335992222847445e-29,0.11399553889231645
cac,-11.553495,-0.14467981,7.0878014656279535e-31,2.725337920017007e-29,0.701770205495705
RpL18,-11.625166,-0.15659344,3.0699717183709558e-31,1.1917160915676299e-29,0.6835461060224953
Rdl,-11.770488,-0.04376973,5.540348114332557e-32,2.192574778103881e-30,0.9130084001708509
RpL35A,-11.900855,-0.19460882,1.1714095539456033e-32,4.727917567232768e-31,0.6165345735845474
para,-12.192175,-0.08971973,3.4216676390293894e-34,1.4431386454023955e-32,0.8625124578804992
eIF4A,-12.198206,-0.06863992,3.1774791239187125e-34,1.3448018417168467e-32,0.7873380475535096
dysc,-12.225959,-0.078071654,2.2590122373957474e-34,9.594111554570302e-33,0.8199421005172987
lncRNA:mimi,-12.403429,-0.030974492,2.5037460009194735e-35,1.109751272916635e-33,0.9710977172417066
RpL14,-12.416329,-0.01974758,2.1311731418927203e-35,9.480609279755609e-34,0.870010915476247
CG42540,-12.433149,-0.16016303,1.7269326856861216e-35,7.710469782354628e-34,0.7053770585164444
pum,-12.496029,-0.06158161,7.847429245204825e-36,3.529605722132901e-34,0.8538275354752978
Nckx30C,-12.509414,-0.14023906,6.631164997842101e-36,2.9936025984702725e-34,0.7902330216885767
ATPsynC,-12.517716,-0.029136576,5.972907519914622e-36,2.706459842388079e-34,0.8985335294955151
His3.3B,-12.718816,-0.009424871,4.6485130080558736e-37,2.1142061587758598e-35,0.8460443263252811
RpL27A,-12.994478,-0.084606454,1.31501906457069e-38,6.236874466168148e-37,0.8244032082008448
RpS3,-13.020272,-0.11367639,9.383616116423446e-39,4.503027434767141e-37,0.7438659769351241
Rbp1-like,-13.155061,-0.067883104,1.591554969814125e-39,7.790949207656374e-38,0.809928337525509
RpS13,-13.775235,-0.35106745,3.592093610237178e-43,1.9459568451191538e-41,0.48725736794646674
jim,-13.964361,-0.13715813,2.572019705747202e-44,1.4315227485549153e-42,0.9391106259788334
ps,-14.016945,-0.09997744,1.227882226167277e-44,6.929007617941175e-43,0.9201746476199516
lncRNA:CR45054,-14.178176,-0.5196714,1.2505501110116708e-45,7.1563170437189e-44,0.33287456694034456
aus,-14.303332,-0.27877912,2.0857659985787106e-46,1.2049005571884314e-44,0.5880594181576575
Syt1,-14.358124,-0.10300809,9.475815921579863e-47,5.552919243660431e-45,0.8639362156518438
cpo,-14.69787,-0.18266702,6.651906395228724e-49,4.033835176688703e-47,0.7751886479047031
RpL24,-14.801957,-0.15997949,1.4228091020181505e-49,8.939494919844967e-48,0.7547814531820987
Glut4EF,-14.981357,-0.15442742,9.721273059095145e-51,6.236452490384775e-49,0.8535427839210289
RpS15Aa,-15.229458,-0.22112127,2.254521207227591e-52,1.4774386556396294e-50,0.6568743771059751
RpL8,-15.5899105,-0.20693648,8.525330728396432e-55,5.773069791579117e-53,0.6974040149969152
RpS28b,-16.07058,-0.16800196,4.102357689182684e-58,2.958795140440694e-56,0.78809738503156
RpS18,-16.16577,-0.10429575,8.793418684348327e-59,6.456806044790467e-57,0.8612785344786673
Sh,-16.358534,-0.11479278,3.7812234886897927e-60,2.7932929153721144e-58,0.9027573442171705
RpL13,-16.48279,-0.23856387,4.8781287218912644e-61,3.670340184637816e-59,0.676806985904798
unc-13,-16.847115,-0.12259504,1.1016167013877103e-63,8.776213054388758e-62,0.9190830999952542
RpS23,-16.926516,-0.39018822,2.8687051825803636e-64,2.3156720179120564e-62,0.5217123060130037
RpL27,-17.912823,-0.305084,9.366145902462753e-72,8.714805527108281e-70,0.6398367424422191
RpS26,-18.055481,-0.17953546,7.143720469272164e-73,6.749985178291349e-71,0.8279626026292061
Ggamma1,-18.184708,-0.1058378,6.821762455350293e-74,6.652037005461179e-72,0.8805941815765744
Fer2LCH,-18.204138,-0.2222041,4.785246441151994e-74,4.742062509853794e-72,0.7304351952921077
scrt,-18.734806,-0.18404347,2.575801272873227e-78,2.683456556842031e-76,0.8577665986426842
lncRNA:Hsromega,-19.085352,-0.24442764,3.3421285019839407e-81,3.807215356138528e-79,0.9523041146599592
RpS14a,-19.54745,-0.4316722,4.3366215865128283e-85,5.131949564854841e-83,0.5409330359261544
RpL37A,-19.583843,-0.34895334,2.1237645800076808e-85,2.5378986731091786e-83,0.6329552465473874
RpL9,-22.130259,-0.31703526,1.616445820953417e-108,2.592481330473842e-106,0.6913767737648902
RpL23,-22.493353,-0.23809177,4.821607965818178e-112,8.277546407796869e-110,0.8103554648569123
RpL32,-23.173622,-0.32754153,8.403055733614838e-119,1.5287290498064366e-116,0.7272554696027715
pan,-23.413404,-0.28997886,3.1208479890156626e-121,5.85231017509414e-119,0.7931279958236439
RpS8,-23.940786,-0.22839373,1.152532850353693e-126,2.381054731010367e-124,0.8180437568221727
lncRNA:CR42862,-24.005688,-0.24859573,2.4253285580498343e-127,5.186373648082356e-125,0.8283422713682312
RpS9,-24.181595,-0.41393325,3.4751621511489956e-129,7.844213233399093e-127,0.6530302311233449
RpS6,-24.382595,-0.33618796,2.6164932650446526e-131,6.133160847621014e-129,0.7131128090740828
RpL21,-24.679762,-0.26331553,1.7641149388794893e-134,4.575063189362148e-132,0.8197997247401642
RpS24,-24.931608,-0.5983044,3.3807541799062013e-137,9.157336155305931e-135,0.4956100802050211
RpL36,-26.227488,-0.32284158,1.2914429957086336e-151,4.1424733354454035e-149,0.8049451853258033
RpL15,-27.598549,-0.41104388,1.1582501801331963e-167,4.03368898446958e-165,0.7472355369939727
RpL31,-28.465397,-0.3097535,3.1425942433977197e-178,1.235647781702413e-175,0.8014807080821983
RpS30,-28.94542,-0.45254412,3.204692566192375e-184,1.3469654375627192e-181,0.7344217170518722
CG10077,-31.830755,-0.3092696,2.4307870886600515e-222,1.4814431911838684e-219,0.8295761947700632
