names,scores,logfoldchanges,pvals,pvals_adj,pct_nz_group,sex,cluster
mt:lrRNA,5.1612024,3.8604035,2.453688632124098e-07,0.002990801073696063,0.9230769230769231,Male,Astrocyte-like glia
mt:lrRNA,36.889618,3.0070908,6.780243455814469e-298,8.264438748292256e-294,0.9587955625990491,Male,Central brain A type 1
snRNA:7SKa,33.971348,3.116898,5.903864963683767e-253,3.5981105021170714e-249,0.8721605916534602,Male,Central brain A type 1
Cyt-c-p,27.031105,2.389962,6.370894196614216e-161,2.5884943120843562e-157,0.7707342842049657,Male,Central brain A type 1
RpL41,17.398684,1.1879646,8.442066987687748e-68,2.572508862823149e-64,0.8193343898573693,Male,Central brain A type 1
Mic10b,16.651382,3.0025618,2.956910190463532e-62,7.208355662311999e-59,0.410459587955626,Male,Central brain A type 1
VhaM9.7-a,14.258999,1.2231491,3.940693560532773e-46,6.662257134652178e-43,0.6550449022715267,Male,Central brain A type 1
CG7646,13.939004,1.1500831,3.670269226187168e-44,4.970767955332822e-41,0.6613840464870576,Male,Central brain A type 1
sun,13.801319,1.6521188,2.5023168059531394e-43,3.0500739547762815e-40,0.48177496038034867,Male,Central brain A type 1
flw,13.191343,1.4114646,9.841565972949288e-40,9.22760366494453e-37,0.5287902799788695,Male,Central brain A type 1
eIF4EHP,12.37582,1.010566,3.532679088715724e-35,2.2663066006503136e-32,0.6608557844690967,Male,Central brain A type 1
CG42613,11.381581,1.0431782,5.165455786844626e-30,2.4216054071480443e-27,0.5942947702060222,Male,Central brain A type 1
Nca,10.6859865,1.5038059,1.1838413786555085e-26,4.509325801384998e-24,0.3924986793449551,Male,Central brain A type 1
RNaseMRP:RNA,9.520491,4.3008494,1.7236348720277097e-21,3.6858570973939914e-19,0.20549392498679345,Male,Central brain A type 1
mt:srRNA,9.43586,3.2741575,3.878013758771178e-21,7.878184950943647e-19,0.21764395139989434,Male,Central brain A type 1
AcCoAS,9.12433,1.5107471,7.218142738416134e-20,1.3131633110231979e-17,0.32752245113576334,Male,Central brain A type 1
chic,8.921245,1.0013318,4.6107832261245435e-19,7.805671769893342e-17,0.4617010036978341,Male,Central brain A type 1
28SrRNA-Psi:CR40596,8.273491,3.2494478,1.3009248729314443e-16,1.8019287813819746e-14,0.19070258848388802,Male,Central brain A type 1
ninaE,7.829866,1.3843347,4.883904538251283e-15,6.074480858851519e-13,0.283148441627047,Male,Central brain A type 1
Tom6,7.3560653,1.411312,1.8941014466706414e-13,2.098836593951677e-11,0.2731114632857897,Male,Central brain A type 1
CG5282,6.6651793,1.817564,2.6434281631819734e-11,2.2851592823422038e-09,0.20813523507659798,Male,Central brain A type 1
Cdc14,6.041796,1.0323316,1.5240790371928383e-09,1.061542821962486e-07,0.27892234548335976,Male,Central brain A type 1
pcs,5.974041,1.0765419,2.314474589147902e-09,1.5567395303203914e-07,0.2636027469624934,Male,Central brain A type 1
CRMP,5.5939116,1.5529592,2.2201001723372875e-08,1.2704601408741407e-06,0.18225039619651348,Male,Central brain A type 1
MED21,5.513594,2.3324287,3.5157921762589666e-08,1.9839810572416917e-06,0.1468568409931326,Male,Central brain A type 1
28SrRNA-Psi:CR45859,5.4659677,2.0315828,4.6038821112013733e-08,2.56240726271386e-06,0.15213946117274169,Male,Central brain A type 1
CG31360,4.6322746,1.7404242,3.6167036134237387e-06,0.0001484309775892995,0.14263074484944532,Male,Central brain A type 1
AstC-R2,4.3465166,1.1084765,1.383164623514246e-05,0.0004987986271010398,0.1896460644479662,Male,Central brain A type 1
sordd1,4.269326,1.0747324,1.9606426305111778e-05,0.0006867319834281824,0.18700475435816163,Male,Central brain A type 1
mir-9381,4.2400136,1.5353742,2.2350615944237364e-05,0.0007739535731372422,0.1410459587955626,Male,Central brain A type 1
CG32544,4.2212687,1.0617929,2.429311398640866e-05,0.0008271194591629473,0.18858954041204437,Male,Central brain A type 1
AGO2,4.122296,1.1773727,3.7511486812026556e-05,0.0012192733673381112,0.16957210776545167,Male,Central brain A type 1
CG5934,3.679246,1.313371,0.00023392467356619034,0.006211999664702165,0.13576333861595352,Male,Central brain A type 1
Sf3b5,3.577703,1.3100545,0.0003466269088518546,0.008838986175722293,0.13681986265187532,Male,Central brain A type 1
frj,3.5729945,1.0115757,0.00035292237437928255,0.008980732403568007,0.16111991547807714,Male,Central brain A type 1
ND-AGGG,3.384646,1.4436302,0.0007127011778733332,0.016641982101720416,0.11516111991547807,Male,Central brain A type 1
CG17724,3.090855,2.3441222,0.00199581208998142,0.040544922607972544,0.0797675647120972,Male,Central brain A type 1
Hr38,-6.911793,-1.0354084,4.785648915192322e-12,4.4528453913953596e-10,0.24933967247754887,Male,Central brain A type 1
Cyt-c-p,18.558723,2.1970112,6.933339201421252e-77,8.451047152612364e-73,0.9037199124726477,Male,Central brain B cholinergic neurons
mt:lrRNA,18.519056,2.4151866,1.4495431280906725e-76,8.834240594148604e-73,0.975929978118162,Male,Central brain B cholinergic neurons
snRNA:7SKa,15.486836,2.2541442,4.257301674203674e-54,1.729741670228953e-50,0.8840262582056893,Male,Central brain B cholinergic neurons
Mic10b,13.345132,3.033801,1.2644622804280822e-40,3.8531326840344735e-37,0.6236323851203501,Male,Central brain B cholinergic neurons
sun,12.011723,1.5987662,3.083557776584483e-33,7.517097147757651e-30,0.7855579868708972,Male,Central brain B cholinergic neurons
flw,11.397686,1.5465572,4.293784428410168e-30,8.722823066315257e-27,0.774617067833698,Male,Central brain B cholinergic neurons
VhaM9.7-a,11.085349,1.2644622,1.4777295098370283e-28,1.6374586359457762e-25,0.8577680525164114,Male,Central brain B cholinergic neurons
CG7646,10.3189535,1.260742,5.785019836909268e-25,4.407100424505442e-22,0.8052516411378556,Male,Central brain B cholinergic neurons
CG42613,9.746291,1.1474547,1.9133066181419456e-22,1.1105378270729607e-19,0.8446389496717724,Male,Central brain B cholinergic neurons
Nca,9.341093,1.6724759,9.5344384924058e-21,4.842302949330596e-18,0.6039387308533917,Male,Central brain B cholinergic neurons
chic,7.9994087,1.1122899,1.2501806939167366e-15,3.4632846541252507e-13,0.7067833698030634,Male,Central brain B cholinergic neurons
mt:srRNA,7.041513,3.6574192,1.9016360117169593e-12,3.3112916209740025e-10,0.3041575492341357,Male,Central brain B cholinergic neurons
Tom6,6.9955425,1.3318669,2.6423482565010198e-12,4.473275402568185e-10,0.5295404814004376,Male,Central brain B cholinergic neurons
CG3009,6.4289217,1.116712,1.2851212843474092e-10,1.8428639217541847e-08,0.5820568927789934,Male,Central brain B cholinergic neurons
CG32544,6.30664,1.4986337,2.851578206282234e-10,3.722822599704892e-08,0.43326039387308535,Male,Central brain B cholinergic neurons
CG40045,6.173982,1.1447165,6.659107421221615e-10,8.03642181755151e-08,0.5317286652078774,Male,Central brain B cholinergic neurons
AcCoAS,6.049336,1.2680486,1.4544391112710566e-09,1.65683722684887e-07,0.47045951859956237,Male,Central brain B cholinergic neurons
CG31221,5.8256564,1.0627474,5.688856616887001e-09,5.592054298648037e-07,0.8905908096280087,Male,Central brain B cholinergic neurons
Serinc,5.80845,1.0297565,6.305376822935464e-09,6.051672290926013e-07,0.5339168490153173,Male,Central brain B cholinergic neurons
28SrRNA-Psi:CR40596,5.2462955,3.3378913,1.551878965948301e-07,1.1326857913738827e-05,0.23413566739606126,Male,Central brain B cholinergic neurons
CG10098,5.2401223,1.0747552,1.6047017576880906e-07,1.1642684359797701e-05,0.4638949671772429,Male,Central brain B cholinergic neurons
MED21,5.2272506,2.0960162,1.7204926336486114e-07,1.2408925864818299e-05,0.2800875273522976,Male,Central brain B cholinergic neurons
Alat,5.181674,1.0484394,2.1990329764330471e-07,1.540460514353012e-05,0.4617067833698031,Male,Central brain B cholinergic neurons
Cdc14,5.079225,1.1185514,3.7897714224162454e-07,2.566306881546201e-05,0.43982494529540483,Male,Central brain B cholinergic neurons
CRMP,4.834924,1.585888,1.3319625223694994e-06,7.586584665963471e-05,0.3085339168490153,Male,Central brain B cholinergic neurons
RNaseMRP:RNA,4.403195,4.3240952,1.0666828619904861e-05,0.0005078827111250795,0.1838074398249453,Male,Central brain B cholinergic neurons
CG5934,4.314012,1.7602851,1.603183200349364e-05,0.0007291492548156119,0.2603938730853392,Male,Central brain B cholinergic neurons
CG5282,4.2823577,1.3225124,1.849232675697365e-05,0.0008286873927968818,0.3172866520787746,Male,Central brain B cholinergic neurons
28SrRNA-Psi:CR45859,3.9048736,2.274909,9.427464655736186e-05,0.003430190050410996,0.2013129102844639,Male,Central brain B cholinergic neurons
CG32982,3.895548,1.113779,9.79768999652353e-05,0.003554287004988848,0.34573304157549234,Male,Central brain B cholinergic neurons
side-VII,3.797959,1.1523793,0.0001458923690455599,0.005023395724000931,0.3063457330415755,Male,Central brain B cholinergic neurons
SREBP,3.7745798,1.5369505,0.0001602775949782928,0.005472335028544569,0.24070021881838075,Male,Central brain B cholinergic neurons
lig,3.7634156,1.1089462,0.00016760836719498562,0.005690747598160668,0.3150984682713348,Male,Central brain B cholinergic neurons
FucTA,3.7261136,1.5217881,0.00019445474475411894,0.0063544474096728035,0.2363238512035011,Male,Central brain B cholinergic neurons
Taf4,3.7024717,1.1904379,0.00021350923121586833,0.006884461335715312,0.2910284463894967,Male,Central brain B cholinergic neurons
Akap200,3.701815,1.382229,0.00021406274889130392,0.006884461335715312,0.24726477024070023,Male,Central brain B cholinergic neurons
Rab21,3.6829014,1.6128588,0.00023059445441242426,0.007319572408419374,0.2363238512035011,Male,Central brain B cholinergic neurons
CG13375,3.5811093,1.2983108,0.00034213851028064047,0.0103482042228554,0.25820568927789933,Male,Central brain B cholinergic neurons
CG31360,3.5786138,1.7649256,0.0003454215527177163,0.010421641846723376,0.2188183807439825,Male,Central brain B cholinergic neurons
mir-9381,3.4558065,1.8570395,0.0005486488866193756,0.015268222098181664,0.20568927789934355,Male,Central brain B cholinergic neurons
CG1275,3.4095733,2.0903828,0.0006506459392118121,0.01743016121550061,0.18599562363238512,Male,Central brain B cholinergic neurons
qkr54B,3.3630774,1.1255007,0.000770787735160328,0.019655087246588366,0.2647702407002188,Male,Central brain B cholinergic neurons
Mlc-c,3.3437696,1.7925646,0.0008264832640191922,0.020771143309546252,0.1925601750547046,Male,Central brain B cholinergic neurons
CG31729,3.3299785,1.143299,0.0008685269436679154,0.02160505084973106,0.2713347921225383,Male,Central brain B cholinergic neurons
Tl,3.1261318,1.0107589,0.001771221872531325,0.039040548651508716,0.2800875273522976,Male,Central brain B cholinergic neurons
sbr,3.0931642,1.1689476,0.0019803449320361464,0.04295093305442809,0.24507658643326038,Male,Central brain B cholinergic neurons
CG1607,3.0906687,1.315535,0.0019970631686892894,0.043236594961196716,0.22538293216630198,Male,Central brain B cholinergic neurons
Archease,-3.0776656,-1.2661779,0.002086288859022174,0.04469204728052949,0.1137855579868709,Male,Central brain B cholinergic neurons
Urod,-3.3701699,-1.0747718,0.0007512184525953433,0.01919623001820679,0.15973741794310722,Male,Central brain B cholinergic neurons
PXo,-3.403794,-1.0953892,0.0006645682153714726,0.01776408328325193,0.14442013129102846,Male,Central brain B cholinergic neurons
Hsp26,-3.411412,-1.1144478,0.0006462733238626519,0.01735115758714067,0.2100656455142232,Male,Central brain B cholinergic neurons
CG2921,-3.4466124,-1.2975855,0.0005676622645524085,0.01559902138557794,0.1050328227571116,Male,Central brain B cholinergic neurons
CG1764,-3.55773,-1.1621941,0.00037407360174870907,0.01120290695753075,0.1400437636761488,Male,Central brain B cholinergic neurons
CG5641,-3.7069373,-1.0085963,0.0002097808054977096,0.006782541745919316,0.17943107221006566,Male,Central brain B cholinergic neurons
mRpL38,-3.8103056,-1.029092,0.00013879515966152734,0.004833640574612448,0.18161925601750548,Male,Central brain B cholinergic neurons
mRpS22,-4.0310955,-1.0325735,5.551742686989908e-05,0.0021758904055215428,0.19037199124726478,Male,Central brain B cholinergic neurons
Nfs1,-4.1686134,-1.0084356,3.0645819159801055e-05,0.001288075481857983,0.24070021881838075,Male,Central brain B cholinergic neurons
CG8229,-4.421846,-1.0102788,9.786130407336018e-06,0.00046961867533471934,0.23851203501094093,Male,Central brain B cholinergic neurons
Prosbeta1,-4.6096683,-1.0579486,4.033115806655603e-06,0.0002074246774992622,0.23194748358862144,Male,Central brain B cholinergic neurons
MED19,-4.8405724,-1.1715494,1.2946580368132765e-06,7.443673023923126e-05,0.2210065645514223,Male,Central brain B cholinergic neurons
mRpL2,-5.586084,-1.2630605,2.322470708941267e-08,1.993563061358106e-06,0.23413566739606126,Male,Central brain B cholinergic neurons
Hr38,-6.0632586,-1.0910491,1.333908785198719e-09,1.5484775412178274e-07,0.47921225382932164,Male,Central brain B cholinergic neurons
Jupiter,-11.272252,-1.0606136,1.7990788970805393e-29,2.741121584564337e-26,0.7899343544857768,Male,Central brain B cholinergic neurons
mt:lrRNA,43.22234,2.966105,0.0,0.0,0.9530995106035889,Male,Central brain GABAergic neurons type 1
snRNA:7SKa,37.928486,2.8985097,0.0,0.0,0.8747960848287113,Male,Central brain GABAergic neurons type 1
Cyt-c-p,29.87816,2.159103,3.7825893752727123e-196,1.536866063173303e-192,0.7606035889070146,Male,Central brain GABAergic neurons type 1
Mic10b,21.124912,3.1398733,4.6949228202853836e-99,1.4306603564114635e-95,0.44127243066884175,Male,Central brain GABAergic neurons type 1
RpL41,20.661987,1.1246058,7.616497073252338e-95,1.856749656517455e-91,0.8278955954323002,Male,Central brain GABAergic neurons type 1
flw,19.411453,1.5833857,6.1755420069518765e-84,1.0753383074676631e-80,0.6227569331158238,Male,Central brain GABAergic neurons type 1
His3.3B,18.845257,1.0214685,3.214033702386738e-79,4.896982099798994e-76,0.8111745513866232,Male,Central brain GABAergic neurons type 1
VhaM9.7-a,17.941946,1.1668061,5.547746638579397e-72,7.51349819751603e-69,0.7145187601957586,Male,Central brain GABAergic neurons type 1
sun,16.99158,1.6949885,9.480101853614133e-65,1.0504814681245697e-61,0.5040783034257749,Male,Central brain GABAergic neurons type 1
sif,15.902969,1.0036631,6.043122995019248e-57,5.666125091253048e-54,0.7597879282218597,Male,Central brain GABAergic neurons type 1
eIF4EHP,15.42456,1.098941,1.1191668589679592e-53,7.179749917873923e-51,0.6529363784665579,Male,Central brain GABAergic neurons type 1
CG42613,15.175987,1.062262,5.10047141697393e-52,2.8258930046134197e-49,0.685562805872757,Male,Central brain GABAergic neurons type 1
CG7646,14.963549,1.0890945,1.2706596337678234e-50,6.73394359825913e-48,0.6439641109298532,Male,Central brain GABAergic neurons type 1
Nca,12.676951,1.4180001,7.93591336356517e-37,2.931237817833208e-34,0.4200652528548124,Male,Central brain GABAergic neurons type 1
RNaseMRP:RNA,12.123267,4.807884,7.95245915335909e-34,2.5508559110603666e-31,0.22145187601957586,Male,Central brain GABAergic neurons type 1
beta-Spec,11.586042,1.0225157,4.850304604703538e-31,1.2609510915682944e-28,0.5110114192495921,Male,Central brain GABAergic neurons type 1
mt:srRNA,10.025731,2.8780947,1.1748726461728588e-23,1.8842793005527598e-21,0.20758564437194127,Male,Central brain GABAergic neurons type 1
ninaE,9.790995,1.3939434,1.2307923706929645e-22,1.923349770048275e-20,0.3172920065252855,Male,Central brain GABAergic neurons type 1
mAcon1,9.626123,1.1143733,6.202554002063862e-22,9.219869601360538e-20,0.38132137030995106,Male,Central brain GABAergic neurons type 1
28SrRNA-Psi:CR40596,9.556433,3.3546588,1.2188594650029075e-21,1.7478444728141694e-19,0.18800978792822187,Male,Central brain GABAergic neurons type 1
Alat,9.176093,1.214912,4.470156771591864e-20,5.987553943838816e-18,0.3299347471451876,Male,Central brain GABAergic neurons type 1
Tom6,9.058545,1.3827362,1.32202038051897e-19,1.66124808434492e-17,0.29771615008156604,Male,Central brain GABAergic neurons type 1
CG32544,8.815602,1.2645677,1.1904315360361583e-18,1.356090653527545e-16,0.30791190864600326,Male,Central brain GABAergic neurons type 1
Cdc14,8.394336,1.1537226,4.685363395196446e-17,4.759157868670789e-15,0.3103588907014682,Male,Central brain GABAergic neurons type 1
MED21,7.5172234,2.3238878,5.5951834049817805e-14,4.3164361090710705e-12,0.17210440456769985,Male,Central brain GABAergic neurons type 1
pcs,7.1934466,1.1487628,6.317579808720415e-13,4.4255735797984566e-11,0.2589722675367047,Male,Central brain GABAergic neurons type 1
CG31360,6.6455317,1.8963157,3.021246431379817e-11,1.779032500100898e-09,0.16924959216965743,Male,Central brain GABAergic neurons type 1
HUWE1,6.1835575,1.0017835,6.267287453860744e-10,3.223289737346355e-08,0.24796084828711257,Male,Central brain GABAergic neurons type 1
CRMP,6.108098,1.24457,1.0082549873556068e-09,5.0161714452561185e-08,0.20432300163132136,Male,Central brain GABAergic neurons type 1
Rbcn-3A,6.0450115,1.1585511,1.493991107961477e-09,7.255082715116512e-08,0.21818923327895595,Male,Central brain GABAergic neurons type 1
CG5282,5.931329,1.1910046,3.0049242470037158e-09,1.408731601797242e-07,0.20595432300163133,Male,Central brain GABAergic neurons type 1
mir-9381,5.418561,1.676734,6.008063846991702e-08,2.4089569154928243e-06,0.14477977161500816,Male,Central brain GABAergic neurons type 1
28SrRNA-Psi:CR45859,5.2730045,1.6789975,1.3420837577240957e-07,5.128106245422885e-06,0.14437194127243066,Male,Central brain GABAergic neurons type 1
CG7582,4.455786,1.3891027,8.358630870986075e-06,0.00023367741212488365,0.132952691680261,Male,Central brain GABAergic neurons type 1
Akap200,4.164023,1.0504706,3.126887713029941e-05,0.0007562229034548006,0.149673735725938,Male,Central brain GABAergic neurons type 1
Rab21,4.133008,1.1561718,3.580463677299715e-05,0.0008590998378465792,0.14274061990212072,Male,Central brain GABAergic neurons type 1
AcCoAS,4.090676,1.0864589,4.301180617974482e-05,0.0010106616155294815,0.15171288743882544,Male,Central brain GABAergic neurons type 1
Lztr1,3.9650838,1.1063519,7.337015320510446e-05,0.0016230649680889623,0.13254486133768353,Male,Central brain GABAergic neurons type 1
CG5412,3.8203049,1.4902174,0.0001332868085188009,0.002811048160757261,0.10481239804241435,Male,Central brain GABAergic neurons type 1
CG31638,3.7458203,1.0073849,0.00017980528588785476,0.0036285540226606984,0.14192495921696574,Male,Central brain GABAergic neurons type 1
CG11768,3.703906,1.1291327,0.000212304956223387,0.004235327514577519,0.1272430668841762,Male,Central brain GABAergic neurons type 1
CG1275,3.5706763,1.5405431,0.0003560605721352131,0.006687245475741314,0.100326264274062,Male,Central brain GABAergic neurons type 1
capt,3.5473688,1.3651323,0.000389099554377371,0.00721877392436191,0.10562805872756934,Male,Central brain GABAergic neurons type 1
ND-AGGG,3.5126743,1.3079857,0.00044362095988630725,0.008119062882964262,0.11215334420880914,Male,Central brain GABAergic neurons type 1
Mlc-c,3.46166,1.1154673,0.0005368552914961408,0.009594910774261672,0.12275693311582382,Male,Central brain GABAergic neurons type 1
Bet3,3.2964401,1.3408386,0.0009791844370028713,0.015850304253158032,0.10195758564437195,Male,Central brain GABAergic neurons type 1
FucTA,3.2652395,1.0909005,0.0010937152500894887,0.017495138035880285,0.1133768352365416,Male,Central brain GABAergic neurons type 1
Cdc42,3.251241,1.1630487,0.001149023846443126,0.018260041283305425,0.10481239804241435,Male,Central brain GABAergic neurons type 1
CG2991,3.2486293,1.0989588,0.0011596244830366872,0.018380575843607517,0.11215334420880914,Male,Central brain GABAergic neurons type 1
Sara,3.2382872,1.136679,0.0012024968029523382,0.019010679028775682,0.11256117455138662,Male,Central brain GABAergic neurons type 1
caz,3.0651166,1.5746838,0.002175851519220011,0.03134923660493229,0.08482871125611746,Male,Central brain GABAergic neurons type 1
CG17724,3.061495,1.7021161,0.0022023460116905157,0.03169350122372573,0.07544861337683524,Male,Central brain GABAergic neurons type 1
CG1440,3.0063484,1.1414825,0.0026440586659631105,0.037001643030337955,0.0933931484502447,Male,Central brain GABAergic neurons type 1
CG2765,3.0058029,1.0304683,0.002648806805451728,0.037025580449141185,0.10848287112561175,Male,Central brain GABAergic neurons type 1
CG32085,2.9778638,1.3801544,0.002902648818326958,0.039977837792754004,0.0901305057096248,Male,Central brain GABAergic neurons type 1
CG13603,2.928486,1.2477332,0.0034061713739624976,0.04623365576528829,0.09257748776508973,Male,Central brain GABAergic neurons type 1
Mctp,2.928103,1.4231433,0.003410370614590164,0.04623916287123416,0.08278955954323002,Male,Central brain GABAergic neurons type 1
Hsp26,-5.151614,-1.0883826,2.582537619217508e-07,9.313180781255089e-06,0.1533442088091354,Male,Central brain GABAergic neurons type 1
Hr38,-12.005127,-1.2337873,3.339505878472484e-33,1.0176309288175277e-30,0.34461663947797716,Male,Central brain GABAergic neurons type 1
mt:lrRNA,47.13384,3.1970546,0.0,0.0,0.9473114399133886,Male,Cholinergic neurons
snRNA:7SKa,41.893448,3.151767,0.0,0.0,0.8708047636232407,Male,Cholinergic neurons
Cyt-c-p,25.801683,2.2751987,8.489522252357815e-147,3.44929289113298e-143,0.6228798267773367,Male,Cholinergic neurons
Mic10b,16.726377,3.0816116,8.420681100626209e-63,2.0527936387106573e-59,0.32298809094189823,Male,Cholinergic neurons
RpL41,16.505674,1.1395341,3.3397900353045554e-61,6.784783456721204e-58,0.6853121616744857,Male,Cholinergic neurons
sun,12.981517,1.8443323,1.5576398372344216e-38,1.8986071976050365e-35,0.3309274630097438,Male,Cholinergic neurons
VhaM9.7-a,12.488772,1.0976143,8.596975071709434e-36,6.0012964812478164e-33,0.4972933958859617,Male,Cholinergic neurons
eIF4EHP,12.486353,1.0520698,8.862362512302952e-36,6.0012964812478164e-33,0.5250811981234211,Male,Cholinergic neurons
flw,12.378054,1.300294,3.4357547715335167e-35,2.2041271005380017e-32,0.4233128834355828,Male,Cholinergic neurons
CG42613,11.819434,1.0749549,3.0976268861445397e-32,1.641607570226774e-29,0.4806928906531938,Male,Cholinergic neurons
RNaseMRP:RNA,11.134467,4.1772876,8.525316611854593e-29,3.8487068215516897e-26,0.1923493323709852,Male,Cholinergic neurons
mt:srRNA,9.6828,3.3263304,3.5680812204044462e-22,1.0355081427502333e-19,0.1775532298809094,Male,Cholinergic neurons
ninaE,9.197635,1.2871066,3.6591411271104536e-20,9.291931499656109e-18,0.29339588596174665,Male,Cholinergic neurons
Nca,7.979834,1.1339352,1.4653035372030823e-15,2.289818566021586e-13,0.2789606640202093,Male,Cholinergic neurons
28SrRNA-Psi:CR40596,7.8865743,2.9206574,3.1059449239463264e-15,4.732295334747722e-13,0.15120894983760375,Male,Cholinergic neurons
AcCoAS,6.9694886,1.3619028,3.1809493716816868e-12,3.46183856173465e-10,0.20606279321544568,Male,Cholinergic neurons
Tom6,5.96929,1.4039521,2.3828824222204518e-09,1.9235068771155686e-07,0.16636593287621798,Male,Cholinergic neurons
MED21,5.6508846,1.8936381,1.596240307631618e-08,1.1836121265183007e-06,0.12847347527968242,Male,Cholinergic neurons
CG32544,4.9833775,1.2037507,6.248392132099426e-07,3.7518055023724084e-05,0.1537351136773728,Male,Cholinergic neurons
HUWE1,4.4410224,1.0834818,8.953247935585434e-06,0.00041494729690817815,0.15012630819198844,Male,Cholinergic neurons
mir-9381,4.2376876,1.6518857,2.2583373713191924e-05,0.0009692561344721703,0.10537712017322266,Male,Cholinergic neurons
28SrRNA-Psi:CR45859,4.0269475,1.5524641,5.650563291315643e-05,0.002200470158397648,0.10501623962468423,Male,Cholinergic neurons
CG5282,3.6204803,1.1253355,0.0002940566689656932,0.009432254573744301,0.11872970046914472,Male,Cholinergic neurons
CG31360,3.571744,1.8531481,0.00035461203167705695,0.011082989882337555,0.0833634067123782,Male,Cholinergic neurons
Arr1,3.1483965,1.5327536,0.0016416884722800444,0.042941074653694115,0.07975460122699386,Male,Cholinergic neurons
Hr38,-7.78407,-1.081307,7.0227953317381656e-15,1.0439128329092255e-12,0.20425839047275351,Male,Cholinergic neurons
mt:lrRNA,20.281233,3.2227287,1.8834785243220377e-91,2.2957719732961316e-87,0.9610136452241715,Male,Dopaminergic neurons
snRNA:7SKa,15.1947,2.7817113,3.834148999062238e-52,2.336722107478481e-48,0.834307992202729,Male,Dopaminergic neurons
Cyt-c-p,10.798465,2.021319,3.5000574223115755e-27,1.4220733306851933e-23,0.6627680311890838,Male,Dopaminergic neurons
Mic10b,8.513254,3.163817,1.6911937232976737e-17,5.153490073318836e-14,0.4015594541910331,Male,Dopaminergic neurons
RpL41,8.314422,1.0728866,9.220055311550521e-17,2.247665083849786e-13,0.7641325536062378,Male,Dopaminergic neurons
VhaM9.7-a,6.908148,1.1139675,4.910214396030769e-12,7.48132540915238e-09,0.6413255360623782,Male,Dopaminergic neurons
CG42613,6.863375,1.2401713,6.725218792058909e-12,9.108187984045115e-09,0.6569200779727096,Male,Dopaminergic neurons
flw,6.5442896,1.656263,5.977883288366324e-11,4.55402621261857e-08,0.4580896686159844,Male,Dopaminergic neurons
CG7646,6.397714,1.177955,1.577202541422627e-10,1.1075217254884508e-07,0.6023391812865497,Male,Dopaminergic neurons
ninaE,5.6075478,1.9877408,2.0521324529399526e-08,9.620554795725033e-06,0.33528265107212474,Male,Dopaminergic neurons
RNaseMRP:RNA,5.224593,3.883577,1.745382141341983e-07,5.5985428738993235e-05,0.22807017543859648,Male,Dopaminergic neurons
sun,4.3384304,1.2663916,1.4350384076842755e-05,0.0023583733553196357,0.3723196881091618,Male,Dopaminergic neurons
28SrRNA-Psi:CR40596,4.223725,3.3100932,2.4029744358404236e-05,0.0036612319248073653,0.1871345029239766,Male,Dopaminergic neurons
mt:srRNA,4.029796,2.888514,5.582527151044347e-05,0.007162351577324328,0.19103313840155944,Male,Dopaminergic neurons
Prosbeta3,-3.421043,-1.4082748,0.000623814900977298,0.04812455587349547,0.09941520467836257,Male,Dopaminergic neurons
EMC7,-3.495879,-1.0252053,0.0004725028658251463,0.03789037783909676,0.15789473684210525,Male,Dopaminergic neurons
Ssb-c31a,-3.496524,-1.0011148,0.0004713618011058075,0.03789037783909676,0.16764132553606237,Male,Dopaminergic neurons
CG8360,-3.5406516,-1.3608809,0.00039914015272405544,0.03400095694240759,0.13060428849902533,Male,Dopaminergic neurons
CG1598,-3.7403867,-1.3892823,0.00018373736112483027,0.018061086247988356,0.1189083820662768,Male,Dopaminergic neurons
Prosbeta4,-3.7486446,-1.2570276,0.00017779291067879688,0.018002413064633262,0.1442495126705653,Male,Dopaminergic neurons
CG7990,-3.8189647,-1.0907009,0.00013401298043517085,0.014455612553312368,0.1871345029239766,Male,Dopaminergic neurons
Dhpr,-4.109793,-1.2485535,3.9601349553047744e-05,0.005313303360635609,0.18323586744639375,Male,Dopaminergic neurons
QIL1,-4.131728,-1.0074668,3.6004633640300646e-05,0.005103028830716565,0.253411306042885,Male,Dopaminergic neurons
Fkbp59,-4.1374054,-1.1206475,3.512554782783593e-05,0.005037003558511673,0.19103313840155944,Male,Dopaminergic neurons
CG15772,-4.3065605,-1.1014463,1.6581248247396414e-05,0.002624790063474219,0.23196881091617932,Male,Dopaminergic neurons
Prosbeta5,-4.4651356,-1.1590852,8.00179788216329e-06,0.001455730065458035,0.20077972709551656,Male,Dopaminergic neurons
Hr38,-4.587325,-1.273685,4.489612143866819e-06,0.0009338475099445243,0.2475633528265107,Male,Dopaminergic neurons
SdhB,-5.236077,-1.0562186,1.6402566039660375e-07,5.4035372285789267e-05,0.34502923976608185,Male,Dopaminergic neurons
UQCR-C1,-5.395297,-1.0011934,6.841023449405818e-08,2.68984628467121e-05,0.42300194931773877,Male,Dopaminergic neurons
ND-B22,-5.8016057,-1.0029876,6.568287625102918e-09,3.63912990283543e-06,0.4502923976608187,Male,Dopaminergic neurons
Jupiter,-6.5580955,-1.1183995,5.4499254828237266e-11,4.42860944734256e-08,0.48148148148148145,Male,Dopaminergic neurons
UQCR-C2,-6.7069936,-1.1585199,1.9867482208382728e-11,2.0180395053164757e-08,0.4619883040935672,Male,Dopaminergic neurons
ATPsynD,-6.726348,-1.0895457,1.7397434543768942e-11,1.9277939059454513e-08,0.5165692007797271,Male,Dopaminergic neurons
COX5A,-6.769185,-1.0091786,1.295097589002728e-11,1.578594451235425e-08,0.6081871345029239,Male,Dopaminergic neurons
IscU,-7.6483803,-1.0801044,2.035262457474278e-14,3.543973442021996e-11,0.6159844054580896,Male,Dopaminergic neurons
mt:lrRNA,20.497234,3.2956533,2.278862579162542e-93,2.777705597741222e-89,0.9636752136752137,Male,GABAergic and monoaminergic neurons
snRNA:7SKa,16.735258,3.0501351,7.254287923244073e-63,4.421125774821101e-59,0.8397435897435898,Male,GABAergic and monoaminergic neurons
Cyt-c-p,8.72872,1.8066311,2.5757243660586452e-18,1.0465168099296277e-14,0.5811965811965812,Male,GABAergic and monoaminergic neurons
Mic10b,6.5845027,2.735133,4.564104587367449e-11,1.1126374163084367e-07,0.32264957264957267,Male,GABAergic and monoaminergic neurons
flw,5.9923687,1.3772941,2.0680625857712994e-09,2.6303161269811364e-06,0.47863247863247865,Male,GABAergic and monoaminergic neurons
CG42613,5.937399,1.2019707,2.8957943959068115e-09,3.0632242033099145e-06,0.5427350427350427,Male,GABAergic and monoaminergic neurons
VhaM9.7-a,5.5861664,1.1674554,2.3213699917566948e-08,1.66442228408955e-05,0.5213675213675214,Male,GABAergic and monoaminergic neurons
sun,5.3047886,1.7557154,1.1280375539811907e-07,7.236657760777227e-05,0.33974358974358976,Male,GABAergic and monoaminergic neurons
mt:srRNA,4.3054075,3.3636172,1.6667867279356565e-05,0.004735919178316983,0.19017094017094016,Male,GABAergic and monoaminergic neurons
RNaseMRP:RNA,3.8956795,5.1720424,9.79238017376764e-05,0.021189826101937696,0.15598290598290598,Male,GABAergic and monoaminergic neurons
Nca,3.8677375,1.5174555,0.00010984978260380931,0.022315983335963862,0.2606837606837607,Male,GABAergic and monoaminergic neurons
mt:lrRNA,27.45117,3.196833,6.727870253168727e-166,8.200601051587361e-162,0.9393305439330544,Male,GABAergic neurons type 3
snRNA:7SKa,24.762762,3.1860702,2.2592512765073234e-135,1.3769006904673882e-131,0.8797071129707112,Male,GABAergic neurons type 3
Cyt-c-p,14.634237,2.157354,1.698702406801204e-48,6.901827878833292e-45,0.6255230125523012,Male,GABAergic neurons type 3
RpL41,11.114805,1.2125015,1.0628206863389354e-28,3.238680336446321e-25,0.7374476987447699,Male,GABAergic neurons type 3
His3.3B,10.400368,1.022031,2.469777144097335e-25,6.020822721880483e-22,0.7719665271966527,Male,GABAergic neurons type 3
Mic10b,9.699484,2.8422983,3.030281157552126e-22,6.156016171567144e-19,0.3389121338912134,Male,GABAergic neurons type 3
flw,9.472527,1.3462272,2.7315407811001402e-21,4.7563929401185154e-18,0.5721757322175732,Male,GABAergic neurons type 3
VhaM9.7-a,7.6114044,1.1868469,2.7113330415803324e-14,1.5737351639915557e-11,0.5073221757322176,Male,GABAergic neurons type 3
sun,7.5042896,1.8257625,6.176251396765541e-14,3.011293131007007e-11,0.3410041841004184,Male,GABAergic neurons type 3
RNaseMRP:RNA,7.1711903,4.732862,7.434858272929756e-13,3.356425462545955e-10,0.21234309623430964,Male,GABAergic neurons type 3
Nca,5.520702,1.3994257,3.376480069095512e-08,7.22033606354477e-06,0.2897489539748954,Male,GABAergic neurons type 3
28SrRNA-Psi:CR40596,5.188331,3.3761637,2.1218729880915598e-07,3.592154146090003e-05,0.16422594142259414,Male,GABAergic neurons type 3
pcs,5.0875316,1.4685863,3.627542529375128e-07,5.8567685836409464e-05,0.25523012552301255,Male,GABAergic neurons type 3
AcCoAS,5.046823,1.5282986,4.492170766069239e-07,6.844383683452245e-05,0.2405857740585774,Male,GABAergic neurons type 3
CG44774,4.9152737,1.0152215,8.865853109094134e-07,0.00012007320394083156,0.33577405857740583,Male,GABAergic neurons type 3
mt:srRNA,4.7819753,3.308716,1.7358087348225144e-06,0.00022508268796544287,0.15271966527196654,Male,GABAergic neurons type 3
ninaE,4.4314847,1.0953248,9.358642381499071e-06,0.0010006358946323874,0.28451882845188287,Male,GABAergic neurons type 3
Serinc,3.8367922,1.0883598,0.0001246518688626227,0.009817979257835757,0.2301255230125523,Male,GABAergic neurons type 3
Tom6,3.6832368,1.480785,0.00023029091894198115,0.016797844562472148,0.18410041841004185,Male,GABAergic neurons type 3
Arr2,3.5723817,1.1238939,0.00035374914517042726,0.02443314929596228,0.2186192468619247,Male,GABAergic neurons type 3
MED21,3.4615753,2.0549524,0.0005370239403057885,0.03481800429993222,0.13702928870292888,Male,GABAergic neurons type 3
Hr38,-5.0092235,-1.0635343,5.465004633477684e-07,8.223819935488826e-05,0.2615062761506276,Male,GABAergic neurons type 3
mt:lrRNA,9.335907,2.8298318,1.0013038741799756e-20,1.2204892922379723e-16,0.9323308270676691,Male,Glia (Gs2+)
snRNA:7SKa,7.3741918,2.7510993,1.6534531459736834e-13,1.0076970198136613e-09,0.7593984962406015,Male,Glia (Gs2+)
Cyt-c-p,6.971648,2.8846529,3.132488592508277e-12,1.272730115136113e-08,0.6766917293233082,Male,Glia (Gs2+)
RpL41,6.353262,1.3490027,2.1079659314287059e-10,6.423499184546124e-07,0.9473684210526315,Male,Glia (Gs2+)
RpL38,4.6993737,1.2544084,2.6096062105297122e-06,0.006361698020029332,0.8646616541353384,Male,Glia (Gs2+)
mt:lrRNA,13.664103,3.0200858,1.6634135148871915e-42,2.0275347332959976e-38,0.9680365296803652,Male,Glutamatergic neurons (subtype)
Cyt-c-p,11.706752,2.5210207,1.1770327848984027e-31,7.173426307563315e-28,0.9041095890410958,Male,Glutamatergic neurons (subtype)
snRNA:7SKa,11.318826,2.6156363,1.058811465425557e-29,4.301950984024038e-26,0.9269406392694064,Male,Glutamatergic neurons (subtype)
Mic10b,8.017621,3.4824302,1.078128594439017e-15,3.2853273594042945e-12,0.5662100456621004,Male,Glutamatergic neurons (subtype)
RpL41,6.9975185,1.1448216,2.6053531127903167e-12,6.351329818360234e-09,0.8538812785388128,Male,Glutamatergic neurons (subtype)
sun,6.447238,1.6021335,1.1390672919916255e-10,1.9834416031551317e-07,0.6712328767123288,Male,Glutamatergic neurons (subtype)
eIF4EHP,5.81602,1.26651,6.026528897849757e-09,6.556505650308924e-06,0.7808219178082192,Male,Glutamatergic neurons (subtype)
VhaM9.7-a,5.804526,1.0344208,6.4548418905330285e-09,6.556505650308924e-06,0.7808219178082192,Male,Glutamatergic neurons (subtype)
CG7646,5.6972475,1.191299,1.2175715400635436e-08,9.974562191659404e-06,0.771689497716895,Male,Glutamatergic neurons (subtype)
RpL29,5.664681,1.1434457,1.4729848178674974e-08,9.974562191659404e-06,0.821917808219178,Male,Glutamatergic neurons (subtype)
flw,4.928579,1.2537416,8.282992598291031e-07,0.00034814274751920475,0.634703196347032,Male,Glutamatergic neurons (subtype)
Syn,4.8749394,1.1176491,1.0884174125270869e-06,0.0004279587045578278,0.7214611872146118,Male,Glutamatergic neurons (subtype)
CG42613,4.7978334,1.1059364,1.6039118023699675e-06,0.0005924266957299253,0.7077625570776256,Male,Glutamatergic neurons (subtype)
mt:srRNA,4.7872972,3.8105235,1.690425591082378e-06,0.0006060175744030324,0.3242009132420091,Male,Glutamatergic neurons (subtype)
Tom6,4.4625883,1.9962665,8.097550293432045e-06,0.0022432054665146185,0.3972602739726027,Male,Glutamatergic neurons (subtype)
mAcon1,4.312686,1.4206017,1.6128306415546645e-05,0.004273650584763001,0.4840182648401826,Male,Glutamatergic neurons (subtype)
Grx5,-3.6785944,-1.0960242,0.00023452299416315412,0.03811467701139581,0.3242009132420091,Male,Glutamatergic neurons (subtype)
Alas,-4.07562,-1.5590274,4.589190521488023e-05,0.009813621625687283,0.2374429223744292,Male,Glutamatergic neurons (subtype)
Dld,-4.15991,-1.1000562,3.1837279930607584e-05,0.0076091099034152135,0.4155251141552511,Male,Glutamatergic neurons (subtype)
Jupiter,-4.557415,-1.0212,5.178708261393944e-06,0.0015395920731251411,0.5114155251141552,Male,Glutamatergic neurons (subtype)
Mic26-27,-5.6163096,-1.1263835,1.950788246923597e-08,1.1322932353215108e-05,0.6301369863013698,Male,Glutamatergic neurons (subtype)
Tsp42Ej,-5.681922,-1.0640293,1.3318943584926088e-08,9.974562191659404e-06,0.6986301369863014,Male,Glutamatergic neurons (subtype)
SdhB,-5.7034736,-1.1513736,1.1739035193380187e-08,9.974562191659404e-06,0.6484018264840182,Male,Glutamatergic neurons (subtype)
mt:lrRNA,43.599617,2.9856188,0.0,0.0,0.9478228228228228,Male,Glutamatergic neurons type 1
snRNA:7SKa,40.959297,2.9970758,0.0,0.0,0.8967717717717718,Male,Glutamatergic neurons type 1
Cyt-c-p,29.502607,2.4077196,2.665516412211297e-191,1.0829993182814499e-187,0.7064564564564565,Male,Glutamatergic neurons type 1
RpL41,20.268078,1.1504508,2.4607820891010233e-91,7.498618221013093e-88,0.7972972972972973,Male,Glutamatergic neurons type 1
VhaM9.7-a,19.395033,1.304477,8.499854703040007e-84,2.072094579507093e-80,0.7105855855855856,Male,Glutamatergic neurons type 1
Mic10b,18.679152,3.0899212,7.317188718195437e-78,1.4864868881014033e-74,0.37875375375375375,Male,Glutamatergic neurons type 1
CG7646,16.061209,1.0896403,4.7716406714712135e-58,6.462392016062514e-55,0.6719219219219219,Male,Glutamatergic neurons type 1
CG42613,14.835481,1.104688,8.638246689275438e-50,8.099352991967563e-47,0.6418918918918919,Male,Glutamatergic neurons type 1
flw,14.63226,1.4235086,1.7487879258626874e-48,1.2538809428435469e-45,0.4831081081081081,Male,Glutamatergic neurons type 1
sun,13.977247,1.5282395,2.1463083731459054e-44,1.3769133031723915e-41,0.43093093093093093,Male,Glutamatergic neurons type 1
RNaseMRP:RNA,13.398626,4.5088363,6.159250349379857e-41,2.8875039426381183e-38,0.240990990990991,Male,Glutamatergic neurons type 1
eIF4EHP,12.364899,1.0109012,4.0472036367698e-35,1.4509225037819733e-32,0.5442942942942943,Male,Glutamatergic neurons type 1
Nca,12.308369,1.7446419,8.165686764655403e-35,2.843758742125277e-32,0.3352102102102102,Male,Glutamatergic neurons type 1
mt:srRNA,10.242555,3.795063,1.2781604707934861e-24,2.885092218241074e-22,0.19144144144144143,Male,Glutamatergic neurons type 1
ninaE,9.743812,1.3867494,1.9605974050611736e-22,3.6765725800447143e-20,0.3033033033033033,Male,Glutamatergic neurons type 1
28SrRNA-Psi:CR40596,9.41145,3.3219962,4.893350315382155e-21,7.646800896691421e-19,0.18130630630630631,Male,Glutamatergic neurons type 1
Tom6,8.45743,1.4757028,2.7333420159972723e-17,3.2986837458406685e-15,0.24774774774774774,Male,Glutamatergic neurons type 1
Alat,8.210616,1.2353548,2.2005670577553643e-16,2.4384283515436485e-14,0.2774024024024024,Male,Glutamatergic neurons type 1
Serinc,8.192778,1.009624,2.552651685264629e-16,2.778059945686657e-14,0.33070570570570573,Male,Glutamatergic neurons type 1
mir-9381,7.4869885,1.9505826,7.047186544966364e-14,6.09206785791454e-12,0.18018018018018017,Male,Glutamatergic neurons type 1
CRMP,7.332935,1.422798,2.2516654409908664e-13,1.8419832255193067e-11,0.2180930930930931,Male,Glutamatergic neurons type 1
CG32544,7.2745295,1.279154,3.476305382470772e-13,2.7694566213683816e-11,0.234984984984985,Male,Glutamatergic neurons type 1
mAcon1,7.1666903,1.0317942,7.683242275444076e-13,5.85319000596174e-11,0.27852852852852855,Male,Glutamatergic neurons type 1
pcs,6.9340596,1.2337481,4.08932509759922e-12,2.9669514056331484e-10,0.2286036036036036,Male,Glutamatergic neurons type 1
MED21,6.764171,2.745532,1.3407470225632819e-11,9.232974835041718e-10,0.13776276276276275,Male,Glutamatergic neurons type 1
CG31360,6.555729,1.9508274,5.537070683541898e-11,3.443436457229194e-09,0.15915915915915915,Male,Glutamatergic neurons type 1
28SrRNA-Psi:CR45859,5.9571176,1.913254,2.5672530880444215e-09,1.3372755508621135e-07,0.14226726726726727,Male,Glutamatergic neurons type 1
Glyp,5.5839767,1.0699476,2.3508022299266612e-08,1.085376075021821e-06,0.20270270270270271,Male,Glutamatergic neurons type 1
CG1275,5.4994216,1.5833532,3.810395984323359e-08,1.7330192780939339e-06,0.15165165165165165,Male,Glutamatergic neurons type 1
Arr2,5.4900975,1.0482806,4.017122414627365e-08,1.8202492606651656e-06,0.19594594594594594,Male,Glutamatergic neurons type 1
lig,5.2371345,1.1700462,1.6308870566216888e-07,6.926439837338594e-06,0.1707957957957958,Male,Glutamatergic neurons type 1
AcCoAS,4.6855483,1.3139226,2.7921143961131683e-06,9.148678057586939e-05,0.14527027027027026,Male,Glutamatergic neurons type 1
Mlc-c,4.2005835,1.3715692,2.6622826742385364e-05,0.0007275911102307964,0.12124624624624625,Male,Glutamatergic neurons type 1
CG5934,4.086628,1.4035466,4.376880426963297e-05,0.001149780075953785,0.1174924924924925,Male,Glutamatergic neurons type 1
CG13384,4.0687046,1.0325401,4.727523337308317e-05,0.0012260379140095973,0.14864864864864866,Male,Glutamatergic neurons type 1
Vsp37A,4.0065694,1.1635133,6.160700209255568e-05,0.0015644328093878358,0.13325825825825827,Male,Glutamatergic neurons type 1
Tango11,3.8446198,1.145501,0.0001207395548165471,0.002816026631958128,0.13025525525525525,Male,Glutamatergic neurons type 1
CG17724,3.5294473,2.2351067,0.0004164287077708277,0.00872139092614883,0.07807807807807808,Male,Glutamatergic neurons type 1
lncRNA:CR45102,3.525515,1.1936905,0.00042265993675021676,0.00882157871412396,0.12087087087087087,Male,Glutamatergic neurons type 1
CG7582,3.5084016,1.2067994,0.00045080786608256456,0.009237711145560558,0.11524024024024024,Male,Glutamatergic neurons type 1
Lztr1,3.4871004,1.1490291,0.0004882881551384656,0.009936134095129811,0.11824324324324324,Male,Glutamatergic neurons type 1
capt,3.3535914,1.3962418,0.0007977008061823504,0.015360466234686681,0.09684684684684684,Male,Glutamatergic neurons type 1
CG6276,3.3184266,1.3798982,0.0009052612702882254,0.01713389693096767,0.09384384384384384,Male,Glutamatergic neurons type 1
Arr1,3.2871406,1.7261248,0.0010121030779770774,0.019008512199480118,0.08220720720720721,Male,Glutamatergic neurons type 1
Sf3b5,3.1195643,1.016165,0.0018111870042888125,0.03149295063520162,0.11223723723723723,Male,Glutamatergic neurons type 1
CG5412,3.104177,1.4927876,0.0019080909050472625,0.0327573521712973,0.08220720720720721,Male,Glutamatergic neurons type 1
Rab21,3.0609243,1.0274923,0.002206548072904218,0.037046300909958,0.10810810810810811,Male,Glutamatergic neurons type 1
FucTA,3.032931,1.1857148,0.0024219090025733906,0.040055154453686646,0.0990990990990991,Male,Glutamatergic neurons type 1
caz,2.9969778,1.676296,0.002726706096549885,0.04431442748112873,0.07845345345345345,Male,Glutamatergic neurons type 1
Rer1,2.9901474,1.114657,0.0027884298067629644,0.04513701316684432,0.0990990990990991,Male,Glutamatergic neurons type 1
ND-AGGG,2.9625163,1.3815724,0.0030513569119862637,0.04862501865441285,0.08746246246246246,Male,Glutamatergic neurons type 1
Hsp27,-5.0241747,-1.0084792,5.056023434314337e-07,1.9440968340964495e-05,0.13963963963963963,Male,Glutamatergic neurons type 1
Hr38,-13.489394,-1.2913553,1.805781139977891e-41,8.804266526076206e-39,0.35960960960960964,Male,Glutamatergic neurons type 1
mt:lrRNA,41.44074,2.923611,0.0,0.0,0.9278189621537261,Male,Glutamatergic neurons type 3
snRNA:7SKa,39.06404,3.1917064,0.0,0.0,0.8493952399531799,Male,Glutamatergic neurons type 3
Cyt-c-p,24.429861,2.3035774,8.239133988504789e-132,3.347560139529496e-128,0.6141240733515412,Male,Glutamatergic neurons type 3
RpL41,15.714726,1.0605251,1.198968060326265e-55,3.653555421829211e-52,0.6972298088177916,Male,Glutamatergic neurons type 3
Mic10b,14.762239,2.7708278,2.5661629169015147e-49,6.255791958822513e-46,0.314865392118611,Male,Glutamatergic neurons type 3
flw,12.480814,1.3429154,9.501021711473455e-36,1.2867550404572216e-32,0.44127975029262584,Male,Glutamatergic neurons type 3
CG42613,11.512443,1.0213617,1.1419704150889064e-30,1.0707290299629756e-27,0.5271166601638705,Male,Glutamatergic neurons type 3
RNaseMRP:RNA,10.170894,4.346829,2.674439800317596e-24,1.3582811135862993e-21,0.18454935622317598,Male,Glutamatergic neurons type 3
sun,9.993301,1.4515433,1.630594098537498e-23,7.644350564259064e-21,0.3160358954350371,Male,Glutamatergic neurons type 3
mt:srRNA,9.069885,3.0806086,1.1914267785364095e-19,4.033972500994527e-17,0.17947717518532968,Male,Glutamatergic neurons type 3
Nca,8.873397,1.3658286,7.094778430838217e-19,2.1092257144752935e-16,0.2887241513850956,Male,Glutamatergic neurons type 3
ninaE,8.734998,1.1873008,2.436608909529237e-18,6.906936278663226e-16,0.31759656652360513,Male,Glutamatergic neurons type 3
28SrRNA-Psi:CR40596,6.956137,2.803237,3.4972969417514494e-12,5.015123814471579e-10,0.14280140460397972,Male,Glutamatergic neurons type 3
CG32544,6.149192,1.1733012,7.787876529221025e-10,8.044612458870769e-08,0.21732344908310575,Male,Glutamatergic neurons type 3
Arr2,5.4120226,1.0790302,6.231688936250654e-08,5.1323011110783254e-06,0.19547405384315256,Male,Glutamatergic neurons type 3
mAcon1,5.258207,1.1032468,1.4546694455898213e-07,1.1366003764291238e-05,0.18689036285602809,Male,Glutamatergic neurons type 3
Alat,5.078603,1.1915834,3.8022050902564063e-07,2.694481270066008e-05,0.17245415528677333,Male,Glutamatergic neurons type 3
Tom6,4.98991,1.2749422,6.040746091807307e-07,4.136553601856138e-05,0.1591884510339446,Male,Glutamatergic neurons type 3
pcs,4.695825,1.0986379,2.6553289939574037e-06,0.00016683404694508655,0.16738197424892703,Male,Glutamatergic neurons type 3
MED21,3.9971638,1.8484969,6.41059354361481e-05,0.00289402684085633,0.10105345298478345,Male,Glutamatergic neurons type 3
28SrRNA-Psi:CR45859,3.9330957,1.509082,8.385882898730658e-05,0.0037034611106024637,0.11041747951619196,Male,Glutamatergic neurons type 3
CG5282,3.5465996,1.0623711,0.0003902372626706193,0.014413945438461149,0.12056184159188452,Male,Glutamatergic neurons type 3
CG31360,3.368246,1.3377103,0.0007564806807122796,0.02540149591515696,0.0998829496683574,Male,Glutamatergic neurons type 3
mt:lrRNA,26.461649,3.1645124,2.6798072149736854e-154,3.266417014331425e-150,0.9293320425943853,Male,Kenyon cells
snRNA:7SKa,24.597643,3.1466742,1.338731013203496e-133,8.158896159968706e-130,0.8547918683446273,Male,Kenyon cells
Cyt-c-p,17.28477,2.38836,6.126606587946769e-67,2.489240256682773e-63,0.6853823814133592,Male,Kenyon cells
RpL41,13.016653,1.1371756,9.839022931255257e-39,2.998196262726758e-35,0.8654404646660213,Male,Kenyon cells
Mic10b,11.704429,3.5084355,1.2097174215122646e-31,2.106463664401856e-28,0.3736689254598258,Male,Kenyon cells
His3.3B,11.361258,1.0714117,6.51990773101731e-30,9.933894416671249e-27,0.771539206195547,Male,Kenyon cells
CG7646,11.278093,1.1650198,1.6835543981945587e-29,2.2800938399548307e-26,0.7967086156824782,Male,Kenyon cells
Rgk1,10.744532,1.0340414,6.2880020697973385e-27,6.967677929887251e-24,0.7957405614714425,Male,Kenyon cells
VhaM9.7-a,9.742212,1.311241,1.9917023080261202e-22,1.86745072557926e-19,0.5827686350435625,Male,Kenyon cells
RpL39,8.122746,1.1118418,4.557510577890419e-16,2.645309353995539e-13,0.5498547918683446,Male,Kenyon cells
RNaseMRP:RNA,7.693608,4.1286154,1.4304286665417055e-14,6.226962505884588e-12,0.23330106485963215,Male,Kenyon cells
flw,7.2144775,1.5332474,5.4141485186023e-13,1.8855158940926699e-10,0.35818005808325265,Male,Kenyon cells
sun,6.85659,1.2909894,7.0523872219894156e-12,1.9536715420188408e-09,0.38818973862536305,Male,Kenyon cells
ninaE,5.659394,1.2846553,1.519085198517625e-08,2.057347720525704e-06,0.3165537270087125,Male,Kenyon cells
mt:srRNA,5.6480875,3.785504,1.6224281591155514e-08,2.1495409599412454e-06,0.17231364956437561,Male,Kenyon cells
hzg,5.457743,1.09393,4.822242593275663e-08,5.706632521304569e-06,0.34075508228460794,Male,Kenyon cells
28SrRNA-Psi:CR40596,5.238759,3.142754,1.6166010172019599e-07,1.728486824445148e-05,0.1713455953533398,Male,Kenyon cells
Nca,5.141157,1.5953192,2.7305128602102344e-07,2.7968253153867688e-05,0.2313649564375605,Male,Kenyon cells
MED21,4.5533524,2.7453382,5.279776888096401e-06,0.0004151948418645615,0.15779283639883834,Male,Kenyon cells
Serinc,4.2297583,1.0034941,2.339428076084685e-05,0.0015930328949383366,0.26427879961277834,Male,Kenyon cells
Taf4,4.0765576,1.2333183,4.570731198851199e-05,0.0027856321291398634,0.2197483059051307,Male,Kenyon cells
mAcon1,4.01325,1.0191445,5.9888454915203983e-05,0.0035608798876166897,0.25072604065827686,Male,Kenyon cells
lig,4.003999,1.1800455,6.228062797347409e-05,0.003685138710527552,0.22362052274927396,Male,Kenyon cells
Cdc14,3.9928324,1.0450727,6.528868238816534e-05,0.0038076734432026193,0.25556631171345595,Male,Kenyon cells
pcs,3.9885342,1.1027827,6.648283848039654e-05,0.003840565489277504,0.23523717328170377,Male,Kenyon cells
Tom6,3.9220493,1.3874048,8.779905110190609e-05,0.0049545492309311726,0.19651500484027107,Male,Kenyon cells
28SrRNA-Psi:CR45859,3.6698458,1.9458425,0.00024269688999050554,0.012173795852239802,0.1442400774443369,Male,Kenyon cells
CG5934,3.4473572,1.4922153,0.0005660995458301309,0.02519623524796761,0.1558567279767667,Male,Kenyon cells
alpha-Man-Ia,3.3866658,1.0112354,0.0007074751567446905,0.03015179959986375,0.21393998063891578,Male,Kenyon cells
CG17724,3.2621527,2.5839865,0.001105696118440391,0.04418796717268828,0.10939012584704744,Male,Kenyon cells
CG3719,-3.688114,-1.051478,0.00022592252223999524,0.011522048634239758,0.12294288480154889,Male,Kenyon cells
Phb2,-4.113374,-1.0689315,3.899172445107751e-05,0.002412538727584689,0.15295256534365925,Male,Kenyon cells
SdhB,-6.010834,-1.0163208,1.8457110845421921e-09,2.921736676556465e-07,0.2836398838334947,Male,Kenyon cells
mt:lrRNA,46.76401,3.1496713,0.0,0.0,0.9660944206008584,Male,Neuropeptide/cholinergic neurons
snRNA:7SKa,37.483997,2.5414183,1.6789073369179798e-307,1.0232100764846628e-303,0.867381974248927,Male,Neuropeptide/cholinergic neurons
Cyt-c-p,26.427254,1.9627073,6.663197804018579e-154,2.707257267772749e-150,0.6854077253218884,Male,Neuropeptide/cholinergic neurons
RpL41,21.894497,1.1461434,2.9312236618480393e-106,8.932171303566437e-103,0.7939914163090128,Male,Neuropeptide/cholinergic neurons
Mic10b,18.669182,2.8863366,8.81922690902686e-78,1.791625946568807e-74,0.3828326180257511,Male,Neuropeptide/cholinergic neurons
VhaM9.7-a,18.10561,1.156995,2.87802153771658e-73,3.897800502580822e-70,0.6952789699570815,Male,Neuropeptide/cholinergic neurons
CG7646,16.860281,1.0003046,8.816816163599647e-64,7.676298015579721e-61,0.7304721030042919,Male,Neuropeptide/cholinergic neurons
flw,16.278883,1.3987298,1.393913728480636e-59,9.439119131361374e-57,0.5321888412017167,Male,Neuropeptide/cholinergic neurons
CG42613,15.747771,1.137679,7.1144411713408305e-56,4.1294249255939707e-53,0.6351931330472103,Male,Neuropeptide/cholinergic neurons
sun,14.537733,1.5806899,6.986869863610089e-48,3.041534170269406e-45,0.42660944206008583,Male,Neuropeptide/cholinergic neurons
eIF4EHP,13.94611,1.0089852,3.3224051462308906e-44,1.1910822449237744e-41,0.6098712446351932,Male,Neuropeptide/cholinergic neurons
RNaseMRP:RNA,13.798896,3.697238,2.5878739517750136e-43,9.012455885195897e-41,0.25665236051502144,Male,Neuropeptide/cholinergic neurons
Nca,12.331653,1.5554324,6.117864357368168e-35,1.2857008388269068e-32,0.355793991416309,Male,Neuropeptide/cholinergic neurons
AcCoAS,11.53247,1.5098196,9.050925704039527e-31,1.4516017553491813e-28,0.34291845493562234,Male,Neuropeptide/cholinergic neurons
28SrRNA-Psi:CR40596,10.995035,3.376151,4.037553730716992e-28,5.408103563044991e-26,0.2072961373390558,Male,Neuropeptide/cholinergic neurons
mt:srRNA,10.89529,3.6273167,1.2137813525631871e-27,1.5908366566013644e-25,0.20300429184549357,Male,Neuropeptide/cholinergic neurons
ninaE,10.459182,1.3952419,1.3299923244241244e-25,1.573910334214141e-23,0.3236051502145923,Male,Neuropeptide/cholinergic neurons
Cds,8.570038,1.0075666,1.0345104230283924e-17,7.735980089750353e-16,0.3369098712446352,Male,Neuropeptide/cholinergic neurons
HUWE1,7.45265,1.0623256,9.148376028503079e-14,5.04568124033593e-12,0.2836909871244635,Male,Neuropeptide/cholinergic neurons
Rnf11,7.44772,1.1508415,9.496712882976093e-14,5.214208708585387e-12,0.2497854077253219,Male,Neuropeptide/cholinergic neurons
CG5282,7.338053,1.3085643,2.1672329427479048e-13,1.1485392321371397e-11,0.23004291845493563,Male,Neuropeptide/cholinergic neurons
mAcon1,7.3272047,1.0323455,2.3500236446797896e-13,1.2400189699135045e-11,0.28068669527896994,Male,Neuropeptide/cholinergic neurons
mir-9381,7.2765007,1.6633831,3.4259059033212525e-13,1.761956415847373e-11,0.18969957081545064,Male,Neuropeptide/cholinergic neurons
Tom6,7.2349906,1.1591991,4.655611461946314e-13,2.37436184559262e-11,0.24849785407725322,Male,Neuropeptide/cholinergic neurons
CG1275,7.1929398,1.6301364,6.341086362644978e-13,3.193863705548746e-11,0.1905579399141631,Male,Neuropeptide/cholinergic neurons
mtt,6.7591295,1.422821,1.3882338024692956e-11,6.130862977644292e-10,0.19871244635193133,Male,Neuropeptide/cholinergic neurons
pcs,6.5955753,1.047834,4.2360946326775936e-11,1.7804743957830065e-09,0.24721030042918454,Male,Neuropeptide/cholinergic neurons
MED21,6.561856,2.0932157,5.31421923670718e-11,2.2107514770042256e-09,0.14849785407725322,Male,Neuropeptide/cholinergic neurons
CRMP,6.3778744,1.038006,1.7956249393880908e-10,7.10612739811735e-09,0.23776824034334765,Male,Neuropeptide/cholinergic neurons
28SrRNA-Psi:CR45859,6.2044606,2.0289965,5.488481992489353e-10,2.045844250961857e-08,0.14420600858369098,Male,Neuropeptide/cholinergic neurons
lig,5.34463,1.0662531,9.060200253850513e-08,2.586294634524213e-06,0.19313304721030042,Male,Neuropeptide/cholinergic neurons
Alat,5.101655,1.0728099,3.3669647950560056e-07,8.883102572930228e-06,0.1815450643776824,Male,Neuropeptide/cholinergic neurons
capt,4.819864,1.5221428,1.4365639346649185e-06,3.3480454683806297e-05,0.12918454935622317,Male,Neuropeptide/cholinergic neurons
hzg,4.59847,1.1245544,4.256042000836314e-06,9.263731419320328e-05,0.15493562231759656,Male,Neuropeptide/cholinergic neurons
CG31360,4.438588,1.614206,9.05509680010437e-06,0.0001880282366209066,0.11587982832618025,Male,Neuropeptide/cholinergic neurons
CG5934,4.4190445,1.1792535,9.913813333438457e-06,0.000204120727569732,0.13733905579399142,Male,Neuropeptide/cholinergic neurons
CG1607,4.361247,1.2883279,1.2932327180440527e-05,0.0002627202266706493,0.13390557939914163,Male,Neuropeptide/cholinergic neurons
cdm,4.313413,1.0214156,1.6075317191063265e-05,0.0003175721900192385,0.16266094420600857,Male,Neuropeptide/cholinergic neurons
Sf3b5,4.0608797,1.2250489,4.888812677582179e-05,0.000875032859428035,0.12875536480686695,Male,Neuropeptide/cholinergic neurons
CG7582,3.8869562,1.26346,0.00010150903748170034,0.001694922818992391,0.11630901287553648,Male,Neuropeptide/cholinergic neurons
Rab21,3.8074207,1.0712354,0.00014042375147585418,0.002261063549193113,0.1296137339055794,Male,Neuropeptide/cholinergic neurons
Lztr1,3.7867126,1.0768919,0.00015265353362049614,0.002432279635686572,0.1313304721030043,Male,Neuropeptide/cholinergic neurons
CG17724,3.763456,2.110442,0.00016758112204142046,0.002649346688148994,0.08326180257510729,Male,Neuropeptide/cholinergic neurons
Clamp,3.6729789,1.2353212,0.00023973932870793816,0.00366188305466298,0.11373390557939914,Male,Neuropeptide/cholinergic neurons
ND-AGGG,3.3722372,1.4445802,0.0007456018507041882,0.010131706753883335,0.09527896995708154,Male,Neuropeptide/cholinergic neurons
CG2991,3.3241851,1.1496153,0.000886772907779946,0.011812978112491542,0.10858369098712446,Male,Neuropeptide/cholinergic neurons
caz,3.3236756,1.3940284,0.0008883949133804126,0.011821665501303329,0.09356223175965665,Male,Neuropeptide/cholinergic neurons
Clic,3.2905176,1.0354532,0.0010000327449449602,0.013106880782939914,0.11587982832618025,Male,Neuropeptide/cholinergic neurons
Arl1,3.2142062,1.4022313,0.0013080568889480902,0.01666029824387489,0.0927038626609442,Male,Neuropeptide/cholinergic neurons
CG32085,3.1212015,1.1710365,0.0018011473537493333,0.02204235451290223,0.1017167381974249,Male,Neuropeptide/cholinergic neurons
18SrRNA-Psi:CR41602,3.090446,2.13519,0.001998560753925384,0.02395325174984907,0.06909871244635193,Male,Neuropeptide/cholinergic neurons
Bet3,3.0689058,1.288321,0.00214844275459674,0.025548652425150892,0.09313304721030043,Male,Neuropeptide/cholinergic neurons
CG5412,3.0359871,1.4981142,0.0023974964811614395,0.028099119816227678,0.0815450643776824,Male,Neuropeptide/cholinergic neurons
galla-2,3.0078423,2.242583,0.0026310965563078503,0.030551635603458114,0.06351931330472103,Male,Neuropeptide/cholinergic neurons
FucT6,2.908722,1.8523841,0.00362909597133282,0.04036044780526984,0.06824034334763948,Male,Neuropeptide/cholinergic neurons
Mctp,2.8811076,1.0545985,0.003962804678865389,0.043633808699810504,0.09742489270386266,Male,Neuropeptide/cholinergic neurons
CG6276,2.864539,1.2561938,0.0041761688150473795,0.04569418463789274,0.08454935622317597,Male,Neuropeptide/cholinergic neurons
mRpS22,-2.9396334,-1.0040048,0.0032860092205096473,0.03705195780646817,0.05150214592274678,Male,Neuropeptide/cholinergic neurons
CG13148,-3.2275505,-1.0132344,0.0012485497300463665,0.015969121363625563,0.06351931330472103,Male,Neuropeptide/cholinergic neurons
Nfs1,-4.2099247,-1.0836139,2.554560051664346e-05,0.0004820051465903516,0.07424892703862661,Male,Neuropeptide/cholinergic neurons
Dlip3,-4.4828544,-1.0509523,7.365127015402619e-06,0.00015459844096501614,0.08540772532188841,Male,Neuropeptide/cholinergic neurons
Hsp23,-11.237709,-1.3361635,2.662018186745228e-29,3.7729464742136725e-27,0.23819742489270387,Male,Neuropeptide/cholinergic neurons
ND-18,-11.907433,-1.0034162,1.0826005982858527e-32,1.9695251779860088e-30,0.3592274678111588,Male,Neuropeptide/cholinergic neurons
Hsp27,-12.175099,-1.5838072,4.218823225143693e-34,8.570539381879411e-32,0.21244635193133046,Male,Neuropeptide/cholinergic neurons
SdhB,-12.68521,-1.0879399,7.142188483514514e-37,1.6425685929350642e-34,0.348068669527897,Male,Neuropeptide/cholinergic neurons
Hsp26,-13.254004,-1.5605202,4.277610888953533e-40,1.184995434669423e-37,0.24935622317596567,Male,Neuropeptide/cholinergic neurons
Hr38,-15.10301,-1.4458176,1.5470593179797916e-51,7.857127511189868e-49,0.311587982832618,Male,Neuropeptide/cholinergic neurons
mt:lrRNA,16.995022,3.1512933,8.939639284452443e-65,1.0896526323819082e-60,0.9075268817204301,Male,Olfactory projection neurons
snRNA:7SKa,15.78492,3.0261974,3.951545104491265e-56,2.4082691639322014e-52,0.8301075268817204,Male,Olfactory projection neurons
Cyt-c-p,6.290109,1.7000922,3.1724237770912835e-10,9.667168354741413e-07,0.443010752688172,Male,Olfactory projection neurons
RpL41,5.949998,1.0795435,2.681456488455088e-09,5.447378856296512e-06,0.6236559139784946,Male,Olfactory projection neurons
flw,5.2569222,1.468698,1.4648639809209394e-07,0.00011159516914653332,0.4064516129032258,Male,Olfactory projection neurons
Mic10b,5.24118,3.1679418,1.5955287051833782e-07,0.00011439940816164822,0.24946236559139784,Male,Olfactory projection neurons
RNaseMRP:RNA,4.5145984,5.084536,6.343686121657301e-06,0.0028638218569215124,0.18924731182795698,Male,Olfactory projection neurons
eIF4EHP,4.4652066,1.0609859,7.999158155492442e-06,0.003482204955617763,0.4559139784946237,Male,Olfactory projection neurons
ninaE,3.696887,1.3613036,0.00021825936920225294,0.04837024456738656,0.2967741935483871,Male,Olfactory projection neurons
NdufV3,-3.7035306,-1.2799338,0.00021261965635894088,0.04799298132146537,0.16129032258064516,Male,Olfactory projection neurons
SdhB,-4.2338443,-1.5377028,2.2973022213110313e-05,0.008485399022897019,0.13978494623655913,Male,Olfactory projection neurons
RpL18A,-5.6389155,-1.1391245,1.7112459956977217e-08,2.3175974935066147e-05,0.45376344086021503,Male,Olfactory projection neurons
snRNA:7SKa,17.880087,3.1051285,1.6857148382333318e-71,2.0547178163226082e-67,0.9114173228346457,Male,Optic lobe neurons
mt:lrRNA,17.453358,2.8367453,3.2457710430498802e-68,1.9781351621867496e-64,0.9409448818897638,Male,Optic lobe neurons
Cyt-c-p,11.318976,2.1300907,1.0569835562884821e-29,4.2945241892001034e-26,0.687007874015748,Male,Optic lobe neurons
flw,8.189153,1.7814946,2.630713233066439e-16,8.016440899461706e-13,0.5590551181102362,Male,Optic lobe neurons
RpL41,8.038776,1.159039,9.074027893206285e-16,2.212066519805828e-12,0.7362204724409449,Male,Optic lobe neurons
Mic10b,6.331857,2.1351852,2.422275929721354e-10,2.4604267756144655e-07,0.36811023622047245,Male,Optic lobe neurons
CG42613,6.2309914,1.1791443,4.634929740318523e-10,4.0353684717673197e-07,0.5826771653543307,Male,Optic lobe neurons
VhaM9.7-a,6.1122503,1.1546944,9.823593399292102e-10,6.302093681261654e-07,0.59251968503937,Male,Optic lobe neurons
RNaseMRP:RNA,5.569475,4.63715,2.5550788431870604e-08,1.1978406161387339e-05,0.23818897637795275,Male,Optic lobe neurons
Nca,5.2573724,1.7300081,1.461283161751055e-07,5.745671115672133e-05,0.35236220472440943,Male,Optic lobe neurons
sun,4.010947,1.1276011,6.047567633579566e-05,0.009961324579148828,0.3661417322834646,Male,Optic lobe neurons
CG9674,3.9444125,1.0352852,7.999589267781399e-05,0.012037900442591046,0.3956692913385827,Male,Optic lobe neurons
mt:srRNA,3.896462,3.3844035,9.760809619436284e-05,0.013997000994271631,0.18110236220472442,Male,Optic lobe neurons
28SrRNA-Psi:CR40596,3.5823731,3.1138248,0.00034048702982438607,0.037389156815580554,0.16929133858267717,Male,Optic lobe neurons
ninaE,3.4778187,1.2980624,0.0005055118093061122,0.04998105616684737,0.2755905511811024,Male,Optic lobe neurons
AIMP3,-3.6985605,-1.1932532,0.00021682569464458653,0.025412388384835245,0.16141732283464566,Male,Optic lobe neurons
lark,-3.8327646,-1.2183032,0.00012671114402877036,0.016088355568402938,0.16929133858267717,Male,Optic lobe neurons
CG15772,-4.6015306,-1.1328547,4.1939727759044466e-06,0.0010432721258265163,0.2578740157480315,Male,Optic lobe neurons
Task6,-5.2396393,-1.1255808,1.608908831009568e-07,5.942724163992614e-05,0.3090551181102362,Male,Optic lobe neurons
SdhB,-6.154526,-1.237496,7.530234016569241e-10,5.399177789880146e-07,0.3543307086614173,Male,Optic lobe neurons
RFeSP,-7.720999,-1.1848488,1.1542184790047701e-14,2.3447948400981907e-11,0.5905511811023622,Male,Optic lobe neurons
mt:lrRNA,15.921474,3.1530795,4.4965407552060624e-57,5.480833526520669e-53,0.9129129129129129,Male,Optic lobe type 2
snRNA:7SKa,15.385709,3.4823275,2.0412778580093431e-53,1.2440567905637942e-49,0.8858858858858859,Male,Optic lobe type 2
Cyt-c-p,6.998756,2.2987514,2.5824516829343107e-12,1.0492501187762104e-08,0.47147147147147145,Male,Optic lobe type 2
RpL41,5.964883,1.2368639,2.44809551630763e-09,5.967967249654741e-06,0.6816816816816816,Male,Optic lobe type 2
Mic10b,5.3878226,3.3858993,7.131642392236934e-08,0.00014487931519829332,0.2852852852852853,Male,Optic lobe type 2
ninaE,4.8785887,1.9828222,1.068476286817332e-06,0.0013023657460016459,0.34234234234234234,Male,Optic lobe type 2
Mpcp2,4.286551,1.0729504,1.8146869784462155e-05,0.014712365503525457,0.5255255255255256,Male,Optic lobe type 2
mt:lrRNA,10.148441,2.6202006,3.3669844187389144e-24,4.104017308000863e-20,0.9598214285714286,Male,Photoreceptor cells
Cyt-c-p,6.7076387,2.5730875,1.977988174689908e-11,1.2054848930647645e-07,0.65625,Male,Photoreceptor cells
snRNA:7SKa,5.7010756,2.1976597,1.1905374812981215e-08,4.837153786514268e-05,0.6473214285714286,Male,Photoreceptor cells
mt:srRNA,4.4679074,3.2221751,7.898842991017704e-06,0.01203487465218935,0.375,Male,Photoreceptor cells
Sod1,-4.2541413,-1.1352236,2.0985278404508665e-05,0.02325359622477783,0.5758928571428571,Male,Photoreceptor cells
mt:lrRNA,11.744313,2.9486792,7.553334524029776e-32,9.206759451339893e-28,0.96,Male,Surface glia and fat body
Cyt-c-p,9.199566,2.470558,3.5939832918086495e-20,2.1903531171927815e-16,0.8457142857142858,Male,Surface glia and fat body
Mic10b,5.35342,4.926352,8.630731131502882e-08,0.00021039996352377726,0.38285714285714284,Male,Surface glia and fat body
Mpcp2,5.20762,1.2334679,1.912782248127562e-07,0.0003885817137071142,0.7714285714285715,Male,Surface glia and fat body
snRNA:7SKa,4.79992,1.8893477,1.5872877561158888e-06,0.0019347450459296569,0.6171428571428571,Male,Surface glia and fat body
mAcon1,4.4367704,1.3366708,9.13184913235666e-06,0.007950579219592524,0.6114285714285714,Male,Surface glia and fat body
P5CDh1,4.247771,1.8730959,2.1590806143774556e-05,0.015480608005086357,0.4742857142857143,Male,Surface glia and fat body
Unr,4.163396,1.1198404,3.1354896537785476e-05,0.018199277804717483,0.72,Male,Surface glia and fat body
mt:srRNA,4.043921,2.520522,5.2564625945854916e-05,0.02785696633278372,0.36,Male,Surface glia and fat body
sun,4.004096,1.3814849,6.22550581978716e-05,0.03161778768224404,0.5714285714285714,Male,Surface glia and fat body
scaf,3.8920462,1.4984237,9.94023101547265e-05,0.046526092571721196,0.5257142857142857,Male,Surface glia and fat body
Dys,3.8562713,1.0888981,0.00011512973976584163,0.048390220620891156,0.7142857142857143,Male,Surface glia and fat body
ND-B16.6,-4.482671,-1.1266265,7.371466171379216e-06,0.00691160008945702,0.56,Male,Surface glia and fat body
COX5A,-5.4506197,-1.1663091,5.0194611102499866e-08,0.0001529555286820927,0.7257142857142858,Male,Surface glia and fat body
mt:lrRNA,35.77571,2.955621,2.636106238959567e-280,3.2131498946678165e-276,0.9541564792176039,Male,Unannotated
snRNA:7SKa,31.422419,3.016255,9.99842626613368e-217,6.093540887895171e-213,0.8453545232273839,Male,Unannotated
Cyt-c-p,23.32662,2.2544043,2.3806663698567897e-120,9.672647460728138e-117,0.7078239608801956,Male,Unannotated
RpL41,16.335114,1.2067126,5.552944134356924e-60,1.6921209013419135e-56,0.7940097799511002,Male,Unannotated
Mic10b,13.939807,3.01331,3.6291959855624293e-44,8.84725397360409e-41,0.34596577017114916,Male,Unannotated
sun,13.1267605,1.9306039,2.313436598189728e-39,4.699746449222433e-36,0.4187041564792176,Male,Unannotated
flw,11.489167,1.2687104,1.4954640965833677e-30,1.822821187325467e-27,0.5201711491442543,Male,Unannotated
mt:srRNA,10.348936,3.4015968,4.231626516746661e-25,3.684235400901789e-22,0.24144254278728605,Male,Unannotated
RNaseMRP:RNA,9.701227,3.6980665,2.978936245560097e-22,1.8155126948566013e-19,0.2206601466992665,Male,Unannotated
Nca,6.6646457,1.2900743,2.653045266269619e-11,4.7555836397882925e-09,0.2597799511002445,Male,Unannotated
AcCoAS,6.518094,1.2826918,7.120641831863844e-11,1.2224437082899776e-08,0.2610024449877751,Male,Unannotated
28SrRNA-Psi:CR40596,6.403308,2.9126973,1.5204611269039793e-10,2.504446037274676e-08,0.15647921760391198,Male,Unannotated
ninaE,6.0191193,1.0381713,1.7536857995193519e-09,2.40176137194847e-07,0.29095354523227385,Male,Unannotated
Tom6,5.6667914,1.5277457,1.4549625330530711e-08,1.705244068786912e-06,0.19559902200489,Male,Unannotated
pcs,5.099731,1.0894973,3.4013673781435177e-07,3.0484755126611277e-05,0.230440097799511,Male,Unannotated
Alat,4.790801,1.3806508,1.6611665852372614e-06,0.00012576372364880113,0.1754278728606357,Male,Unannotated
CG6330,4.4802017,1.1942998,7.457256546615273e-06,0.0005021906079927821,0.17970660146699266,Male,Unannotated
28SrRNA-Psi:CR45859,4.3315244,1.7633691,1.4808049758007374e-05,0.0009208944821446526,0.13447432762836187,Male,Unannotated
Rnf11,4.1882935,1.0124468,2.8105999095628108e-05,0.0016236209619744596,0.19193154034229828,Male,Unannotated
CG32544,4.153719,1.2445064,3.27114704073825e-05,0.0018459264481277095,0.1625916870415648,Male,Unannotated
CRMP,4.0055923,1.3363844,6.186228589907142e-05,0.0031816008557965466,0.1430317848410758,Male,Unannotated
MED21,3.9933338,1.8935627,6.515076868912156e-05,0.003308844664798761,0.11735941320293398,Male,Unannotated
ND-AGGG,3.319666,1.4800816,0.0009012525023584096,0.03174961488799611,0.10819070904645477,Male,Unannotated
CG31360,3.2018437,1.6296333,0.0013655105910227298,0.045600571490345354,0.09657701711491443,Male,Unannotated
CG5644,-3.308508,-1.1628937,0.0009379451985274138,0.03257154992834942,0.06601466992665037,Male,Unannotated
mt:lrRNA,19.58271,2.8145359,2.171507468496278e-85,2.6468504533501135e-81,0.9854651162790697,Male,"Unannotated (Eaat1-high, repo-negative)"
snRNA:7SKa,17.679438,2.8335807,6.039536322785065e-70,3.680795411921358e-66,0.9418604651162791,Male,"Unannotated (Eaat1-high, repo-negative)"
Cyt-c-p,16.93353,2.8364203,2.5463307615013985e-64,1.0345741883980183e-60,0.8866279069767442,Male,"Unannotated (Eaat1-high, repo-negative)"
His3.3B,11.913818,1.1235443,1.0027748314134709e-32,3.055705605024699e-29,0.9651162790697675,Male,"Unannotated (Eaat1-high, repo-negative)"
VhaM9.7-a,10.830258,1.5021946,2.474572575334189e-27,6.032513024149686e-24,0.8343023255813954,Male,"Unannotated (Eaat1-high, repo-negative)"
Mic10b,10.556961,3.052317,4.7168555348677724e-26,9.58229201908388e-23,0.5494186046511628,Male,"Unannotated (Eaat1-high, repo-negative)"
RpL41,10.388847,1.2174451,2.7870196889445727e-25,4.852997569792199e-22,0.8953488372093024,Male,"Unannotated (Eaat1-high, repo-negative)"
RpL29,9.784848,1.1390313,1.3079120095579587e-22,1.992767435562745e-19,0.877906976744186,Male,"Unannotated (Eaat1-high, repo-negative)"
flw,9.697494,1.6673124,3.089970361958995e-22,3.7663648741918194e-19,0.7238372093023255,Male,"Unannotated (Eaat1-high, repo-negative)"
sun,9.4662695,1.8233268,2.9001674131083705e-21,3.2136491453070844e-18,0.6744186046511628,Male,"Unannotated (Eaat1-high, repo-negative)"
eIF4EHP,8.607158,1.3126104,7.489413255085433e-18,7.607371513853029e-15,0.7674418604651163,Male,"Unannotated (Eaat1-high, repo-negative)"
CG7646,8.25542,1.0247631,1.513692064465515e-16,1.3178851838407258e-13,0.8604651162790697,Male,"Unannotated (Eaat1-high, repo-negative)"
RpL39,7.735389,1.0938386,1.0308727064421593e-14,6.2826537094117396e-12,0.7994186046511628,Male,"Unannotated (Eaat1-high, repo-negative)"
CG42613,6.740432,1.069308,1.579167817480505e-11,6.0738044838717565e-09,0.7180232558139535,Male,"Unannotated (Eaat1-high, repo-negative)"
mRpS5,6.7377577,1.0790607,1.6084971180697167e-11,6.0738044838717565e-09,0.7063953488372093,Male,"Unannotated (Eaat1-high, repo-negative)"
mt:srRNA,6.7067375,3.3035634,1.990237950260048e-11,7.135003051682272e-09,0.3313953488372093,Male,"Unannotated (Eaat1-high, repo-negative)"
Arf1,6.56483,1.0781639,5.2092281014644486e-11,1.670928456019741e-08,0.6976744186046512,Male,"Unannotated (Eaat1-high, repo-negative)"
Hsc70-4,6.309539,1.0275455,2.79867991761837e-10,8.122168932345312e-08,0.6831395348837209,Male,"Unannotated (Eaat1-high, repo-negative)"
chic,6.2706747,1.2318974,3.594867714339385e-10,1.0190195946530875e-07,0.563953488372093,Male,"Unannotated (Eaat1-high, repo-negative)"
RNaseMRP:RNA,6.117001,3.290995,9.535277069711002e-10,2.5266411348414654e-07,0.29941860465116277,Male,"Unannotated (Eaat1-high, repo-negative)"
Nca,6.084733,1.5824885,1.1668554887873392e-09,2.902612561801812e-07,0.4476744186046512,Male,"Unannotated (Eaat1-high, repo-negative)"
Tom6,6.0708275,1.840821,1.2725278000087064e-09,3.1021682708612246e-07,0.3953488372093023,Male,"Unannotated (Eaat1-high, repo-negative)"
pcs,5.5213814,1.3726068,3.363448461736248e-08,6.560509780610228e-06,0.4563953488372093,Male,"Unannotated (Eaat1-high, repo-negative)"
CG3009,5.406037,1.290304,6.443452634701603e-08,1.1061865375264484e-05,0.46511627906976744,Male,"Unannotated (Eaat1-high, repo-negative)"
CG32544,5.3869615,1.4253113,7.165882137942197e-08,1.2131241302691312e-05,0.4331395348837209,Male,"Unannotated (Eaat1-high, repo-negative)"
CG12025,5.2486196,1.0314158,1.532433658584292e-07,2.2504619113836068e-05,0.5523255813953488,Male,"Unannotated (Eaat1-high, repo-negative)"
CG44422,5.208329,1.0211087,1.9054885958623917e-07,2.700697731972871e-05,0.5755813953488372,Male,"Unannotated (Eaat1-high, repo-negative)"
Alat,5.1782002,1.2184739,2.2403654362109542e-07,3.1031607161335594e-05,0.46511627906976744,Male,"Unannotated (Eaat1-high, repo-negative)"
Cdc14,5.15859,1.0839319,2.4881646961710456e-07,3.4076673574863905e-05,0.5087209302325582,Male,"Unannotated (Eaat1-high, repo-negative)"
sordd1,4.9428763,1.6153141,7.69783528438985e-07,9.109603328293969e-05,0.3488372093023256,Male,"Unannotated (Eaat1-high, repo-negative)"
mAcon1,4.7572913,1.1026045,1.962081487639757e-06,0.00021164434737027432,0.4418604651162791,Male,"Unannotated (Eaat1-high, repo-negative)"
CG31360,4.6451554,2.2622118,3.3982027932748277e-06,0.00035707494695885235,0.26453488372093026,Male,"Unannotated (Eaat1-high, repo-negative)"
AcCoAS,4.6062913,1.4526802,4.099137934601735e-06,0.0004163699357071712,0.3313953488372093,Male,"Unannotated (Eaat1-high, repo-negative)"
Nt5b,4.427659,1.0288268,9.526133164587377e-06,0.0008665226652474294,0.45058139534883723,Male,"Unannotated (Eaat1-high, repo-negative)"
UBL3,4.3962827,1.037811,1.1012060490571127e-05,0.0009869559214674374,0.4418604651162791,Male,"Unannotated (Eaat1-high, repo-negative)"
CG10098,3.9208207,1.145452,8.824787494691057e-05,0.006009236579485436,0.3488372093023256,Male,"Unannotated (Eaat1-high, repo-negative)"
Mlc-c,3.8609202,1.6602364,0.00011296083981600712,0.007433154095976948,0.25872093023255816,Male,"Unannotated (Eaat1-high, repo-negative)"
CRMP,3.8479059,1.4614668,0.00011913176037398258,0.007642615932623546,0.2877906976744186,Male,"Unannotated (Eaat1-high, repo-negative)"
MED21,3.8422012,2.661894,0.00012193584432196542,0.007781549771939457,0.20348837209302326,Male,"Unannotated (Eaat1-high, repo-negative)"
CG8300,3.8122509,1.1145275,0.0001377070431618602,0.008696948959066912,0.34011627906976744,Male,"Unannotated (Eaat1-high, repo-negative)"
CG5282,3.8029804,1.284171,0.00014296564091933873,0.008982516480236184,0.3081395348837209,Male,"Unannotated (Eaat1-high, repo-negative)"
28SrRNA-Psi:CR40596,3.8011978,2.4300015,0.00014399835146224348,0.00898735624242954,0.21220930232558138,Male,"Unannotated (Eaat1-high, repo-negative)"
Rab21,3.7537763,2.2484035,0.0001741903179231384,0.010616028925825671,0.2180232558139535,Male,"Unannotated (Eaat1-high, repo-negative)"
Ccm3,3.7213302,1.3301784,0.00019817617086125288,0.011899356387329118,0.2877906976744186,Male,"Unannotated (Eaat1-high, repo-negative)"
Rheb,3.564269,1.1408119,0.0003648714980486719,0.019169908145324405,0.313953488372093,Male,"Unannotated (Eaat1-high, repo-negative)"
5-HT2A,3.3965116,1.0170312,0.0006825068659049392,0.031996446878905016,0.3313953488372093,Male,"Unannotated (Eaat1-high, repo-negative)"
RabGGTb,3.3526556,1.3956279,0.0008004022115882429,0.03695493392821626,0.23837209302325582,Male,"Unannotated (Eaat1-high, repo-negative)"
EMC7,-4.293239,-1.0121502,1.7608524860962328e-05,0.0014904882606268737,0.31976744186046513,Male,"Unannotated (Eaat1-high, repo-negative)"
mt:lrRNA,22.726345,3.225197,2.4597951786857786e-114,2.9982443433000955e-110,0.9347826086956522,Male,Unannotated (antennal/optic lobe mix)
snRNA:7SKa,20.193926,3.0871675,1.1070709162575904e-90,6.747043699131885e-87,0.8731884057971014,Male,Unannotated (antennal/optic lobe mix)
Cyt-c-p,12.613557,2.196442,1.7778538158213827e-36,7.223420053682278e-33,0.6612318840579711,Male,Unannotated (antennal/optic lobe mix)
Mic10b,9.509478,3.178635,1.916214924283657e-21,4.671348742418698e-18,0.39311594202898553,Male,Unannotated (antennal/optic lobe mix)
RpL41,9.046386,1.1896048,1.4777833906791615e-19,3.0021169581647167e-16,0.7373188405797102,Male,Unannotated (antennal/optic lobe mix)
eIF4EHP,6.902353,1.0456223,5.114820027488184e-12,5.66768557409577e-09,0.5905797101449275,Male,Unannotated (antennal/optic lobe mix)
VhaM9.7-a,6.8195124,1.1681832,9.13499172736662e-12,8.565108781913212e-09,0.5489130434782609,Male,Unannotated (antennal/optic lobe mix)
RNaseMRP:RNA,6.030718,4.430519,1.6323309377393891e-09,9.948240900052708e-07,0.21920289855072464,Male,Unannotated (antennal/optic lobe mix)
CG42613,5.519884,1.2011366,3.392231373435887e-08,1.653916328432401e-05,0.4365942028985507,Male,Unannotated (antennal/optic lobe mix)
sun,5.388949,1.4885529,7.087097107157603e-08,2.7866008593272267e-05,0.338768115942029,Male,Unannotated (antennal/optic lobe mix)
ninaE,5.0161233,1.4934312,5.272444869049678e-07,0.00014605870570192392,0.3115942028985507,Male,Unannotated (antennal/optic lobe mix)
mt:srRNA,4.765481,3.6898944,1.8840377347443018e-06,0.00045028501860388815,0.18115942028985507,Male,Unannotated (antennal/optic lobe mix)
Serinc,4.228213,1.3155079,2.355550237441898e-05,0.0038799732221863905,0.2898550724637681,Male,Unannotated (antennal/optic lobe mix)
28SrRNA-Psi:CR40596,4.00984,2.7671292,6.0759957207462455e-05,0.008712977863550115,0.16847826086956522,Male,Unannotated (antennal/optic lobe mix)
AcCoAS,3.5757463,1.2236235,0.00034923028503262035,0.03767051278108504,0.2554347826086957,Male,Unannotated (antennal/optic lobe mix)
Nca,3.512975,1.2152303,0.00044311904768352776,0.04538805102701277,0.25905797101449274,Male,Unannotated (antennal/optic lobe mix)
eEF1beta,-4.2615433,-1.0264293,2.030199749142305e-05,0.0033898773619582953,0.21014492753623187,Male,Unannotated (antennal/optic lobe mix)
mt:lrRNA,22.607828,3.4706566,3.629610103725743e-113,4.424131755431309e-109,0.9376026272577996,Male,Unannotated (mixed identity; excluded)
snRNA:7SKa,17.750349,3.215525,1.7128410288338926e-70,1.0438909650228159e-66,0.7487684729064039,Male,Unannotated (mixed identity; excluded)
Cyt-c-p,13.827253,2.3003254,1.7455849658322593e-43,7.09231171617647e-40,0.6945812807881774,Male,Unannotated (mixed identity; excluded)
RpL41,10.070518,1.2422513,7.458432663139701e-24,2.2727708932752456e-20,0.8653530377668309,Male,Unannotated (mixed identity; excluded)
Mic10b,8.300146,3.2036989,1.0398377514804486e-16,2.1124303921325314e-13,0.3185550082101806,Male,Unannotated (mixed identity; excluded)
sif,7.8865767,1.4132985,3.1058845442564594e-15,5.408232387134569e-12,0.5435139573070608,Male,Unannotated (mixed identity; excluded)
flw,7.6679773,1.6090128,1.7472992476621502e-14,2.129783052975395e-11,0.45977011494252873,Male,Unannotated (mixed identity; excluded)
RpL29,7.4950576,1.1104786,6.626930232635954e-14,7.343241145963604e-11,0.6469622331691297,Male,Unannotated (mixed identity; excluded)
VhaM9.7-a,7.281358,1.4129763,3.304767909735781e-13,3.0986012347514956e-10,0.48440065681444994,Male,Unannotated (mixed identity; excluded)
His3.3B,7.151589,1.0524273,8.577905784981668e-13,6.534755850821347e-10,0.6600985221674877,Male,Unannotated (mixed identity; excluded)
CG42613,7.1150765,1.1612982,1.1185058984127465e-12,8.019687291619393e-10,0.6863711001642037,Male,Unannotated (mixed identity; excluded)
sun,7.008069,1.7014872,2.4162992756336423e-12,1.6362373261499147e-09,0.3924466338259442,Male,Unannotated (mixed identity; excluded)
RpL39,6.76576,1.0664946,1.32611245420787e-11,7.697135573495108e-09,0.6124794745484401,Male,Unannotated (mixed identity; excluded)
orb2,5.8019776,1.09754,6.55373101642112e-09,2.3495125693869715e-06,0.46798029556650245,Male,Unannotated (mixed identity; excluded)
trv,5.432587,1.024242,5.554285954928387e-08,1.6512485732834658e-05,0.4827586206896552,Male,Unannotated (mixed identity; excluded)
CanA-14F,5.4163857,1.068421,6.081585329381792e-08,1.7649629423770157e-05,0.44170771756978655,Male,Unannotated (mixed identity; excluded)
eIF4EHP,5.4041357,1.1766893,6.512157399497094e-08,1.8459694544760484e-05,0.40229885057471265,Male,Unannotated (mixed identity; excluded)
CG7646,5.2808475,1.0485014,1.285876277077906e-07,3.562169532114226e-05,0.43349753694581283,Male,Unannotated (mixed identity; excluded)
CG10433,5.194862,1.3199166,2.0487184240003793e-07,5.113639587158707e-05,0.35139573070607555,Male,Unannotated (mixed identity; excluded)
mt:srRNA,5.185457,3.745545,2.1548552765956323e-07,5.2531061932848324e-05,0.18719211822660098,Male,Unannotated (mixed identity; excluded)
Smr,5.0332437,1.006312,4.822495741092177e-07,0.00010687527379667734,0.4351395730706076,Male,Unannotated (mixed identity; excluded)
28SrRNA-Psi:CR40596,4.88917,3.8215127,1.0126189980551625e-06,0.00021181920878290142,0.17569786535303777,Male,Unannotated (mixed identity; excluded)
RNaseMRP:RNA,4.780266,3.6922555,1.7506376532740377e-06,0.00032828495931934226,0.17569786535303777,Male,Unannotated (mixed identity; excluded)
Nca,4.6620355,1.6681151,3.130974609651903e-06,0.0005530934712615514,0.2512315270935961,Male,Unannotated (mixed identity; excluded)
mRpS5,4.5539207,1.0083241,5.265514266691932e-06,0.0008673155864419994,0.3842364532019704,Male,Unannotated (mixed identity; excluded)
Hsc70-4,4.5140896,1.0254476,6.358939636825616e-06,0.0009937066055547106,0.3727422003284072,Male,Unannotated (mixed identity; excluded)
beta-Spec,4.462482,1.0874413,8.101566966107745e-06,0.0012100574478544027,0.3415435139573071,Male,Unannotated (mixed identity; excluded)
bnb,4.415538,1.1716193,1.0075917226371674e-05,0.001462087560383861,0.31198686371100165,Male,Unannotated (mixed identity; excluded)
CG6356,4.3806853,1.6028022,1.1830671609609516e-05,0.0016767913517387256,0.2627257799671593,Male,Unannotated (mixed identity; excluded)
Arf1,4.2954106,1.0998771,1.74370169365499e-05,0.0021911319529856364,0.33004926108374383,Male,Unannotated (mixed identity; excluded)
ninaE,4.211164,1.2648407,2.5405846685018373e-05,0.0030359986788596957,0.28407224958949095,Male,Unannotated (mixed identity; excluded)
Akap200,4.1950417,1.8374624,2.728216734357882e-05,0.0031975224783738682,0.20032840722495895,Male,Unannotated (mixed identity; excluded)
AcCoAS,4.128023,2.065336,3.6589516410294645e-05,0.004207449203066806,0.19047619047619047,Male,Unannotated (mixed identity; excluded)
CG44774,3.89259,1.2744855,9.917966811078919e-05,0.009828463208149672,0.24630541871921183,Male,Unannotated (mixed identity; excluded)
hoe1,3.7513618,1.7942239,0.0001758767215855967,0.015762951172109105,0.1921182266009852,Male,Unannotated (mixed identity; excluded)
Drep2,3.6298122,1.0673376,0.00028362753907962095,0.024175776740150347,0.27257799671592775,Male,Unannotated (mixed identity; excluded)
pcs,3.6129785,1.3251569,0.00030269972598976567,0.025622270556175376,0.21182266009852216,Male,Unannotated (mixed identity; excluded)
Tom6,3.573542,1.2898833,0.00035218454407375145,0.02914570562590702,0.2200328407224959,Male,Unannotated (mixed identity; excluded)
CG4829,3.5522828,1.2138665,0.0003819041527431108,0.030920741176284575,0.23316912972085385,Male,Unannotated (mixed identity; excluded)
nebu,3.5468297,1.2330147,0.00038989657777683303,0.031061760696221033,0.22660098522167488,Male,Unannotated (mixed identity; excluded)
Mnr,3.4729357,1.1598462,0.0005147985919120887,0.038261463639124686,0.24958949096880131,Male,Unannotated (mixed identity; excluded)
28SrRNA-Psi:CR45859,3.394379,2.4976783,0.0006878443197605218,0.047637127349778416,0.13957307060755336,Male,Unannotated (mixed identity; excluded)
EMC7,-4.0043397,-1.2978543,6.219091827215352e-05,0.0065916965462546025,0.14942528735632185,Male,Unannotated (mixed identity; excluded)
NP15.6,-4.649074,-1.0843946,3.334282069546267e-06,0.0005805937735099921,0.24466338259441708,Male,Unannotated (mixed identity; excluded)
Tpi,-7.3399196,-1.0642394,2.1372193770416862e-13,2.170880582230093e-10,0.4827586206896552,Male,Unannotated (mixed identity; excluded)
mt:lrRNA,11.63701,3.167072,2.672202852750395e-31,3.257148057217456e-27,0.9672131147540983,Male,Unannotated (pigment/retinal support?)
snRNA:7SKa,6.804325,2.2073174,1.0152396661786879e-11,6.187378145526013e-08,0.6885245901639344,Male,Unannotated (pigment/retinal support?)
CG6870,5.2482553,1.9349208,1.5354634567063484e-07,0.0006238588024597894,0.680327868852459,Male,Unannotated (pigment/retinal support?)
RFeSP,-4.0984755,-1.1595604,4.158802595310956e-05,0.04608331348567749,0.4918032786885246,Male,Unannotated (pigment/retinal support?)
ATPsynO,-4.1314735,-1.0571527,3.6044499747117416e-05,0.04608331348567749,0.5081967213114754,Male,Unannotated (pigment/retinal support?)
UQCR-C2,-4.225312,-1.1034049,2.386097448151747e-05,0.03635517724440206,0.5122950819672131,Male,Unannotated (pigment/retinal support?)
nAChRbeta1,-4.3145103,-1.1625403,1.5995702573650782e-05,0.02785308838146134,0.48360655737704916,Male,Unannotated (pigment/retinal support?)
CG2852,-4.3274,-1.3132958,1.5087961806936942e-05,0.02785308838146134,0.4139344262295082,Male,Unannotated (pigment/retinal support?)
ATPsynF,-5.1616354,-1.0703311,2.4480199692943444e-07,0.000745972885143219,0.7131147540983607,Male,Unannotated (pigment/retinal support?)
Yp3,6.5632205,2.2496884,5.265790670133747e-11,1.0352374593267781e-08,0.15993359158826784,Female,Central brain A type 1
Paf-AHalpha,4.955795,1.0324609,7.203513206735255e-07,6.316807372438562e-05,0.1953514111787493,Female,Central brain A type 1
ninaE,4.115469,1.0359734,3.8639309051000104e-05,0.002297436770842148,0.14388489208633093,Female,Central brain A type 1
Yp1,3.7736125,1.8747348,0.0001609005814114604,0.008601829766773206,0.09850581073602656,Female,Central brain A type 1
lncRNA:CR34335,21.448584,1.2093977,4.70777032560949e-102,5.7383012498854074e-98,0.9986013986013986,Female,Central brain B cholinergic neurons
Polr2A,7.5839653,1.0659591,3.351510684149189e-14,8.6918220700201e-12,0.44965034965034967,Female,Central brain B cholinergic neurons
emb,7.519058,1.0524923,5.5172238740612854e-14,1.306477930393766e-11,0.46293706293706294,Female,Central brain B cholinergic neurons
Yp3,6.4658055,2.8957763,1.0076054812823704e-10,1.554645976120356e-08,0.2,Female,Central brain B cholinergic neurons
CG42524,6.157451,1.0033509,7.392512488805568e-10,1.0239469855233077e-07,0.3888111888111888,Female,Central brain B cholinergic neurons
Obp44a,5.6466913,1.0826628,1.6356518960732106e-08,1.816292316061525e-06,0.3076923076923077,Female,Central brain B cholinergic neurons
ninaE,4.562112,1.5542638,5.064164470799791e-06,0.000352726289911878,0.1853146853146853,Female,Central brain B cholinergic neurons
Arr2,4.22195,1.4320153,2.4219761083457206e-05,0.0014614587517141578,0.18041958041958042,Female,Central brain B cholinergic neurons
apolpp,4.052941,1.05863,5.057782728142127e-05,0.002827950168501119,0.21818181818181817,Female,Central brain B cholinergic neurons
Yp1,4.018289,2.5279057,5.86222395064528e-05,0.003204244293023108,0.12797202797202797,Female,Central brain B cholinergic neurons
lncRNA:CR34335,29.74688,1.0486501,1.9030513347507106e-194,2.3196292719276413e-190,0.9981658107116654,Female,Central brain GABAergic neurons type 1
RpL39,20.93215,1.0833281,2.729085011557016e-97,8.316204301467117e-94,0.8433602347762289,Female,Central brain GABAergic neurons type 1
Cp110,13.722618,1.044861,7.433173602920819e-43,7.550246087166822e-40,0.5763022743947175,Female,Central brain GABAergic neurons type 1
Imp,10.2818775,1.0756212,8.505418148451285e-25,2.410989344452854e-22,0.40095377842993396,Female,Central brain GABAergic neurons type 1
Yp3,9.08597,2.6298473,1.0277828284756423e-19,1.9273299840445545e-17,0.1801173881144534,Female,Central brain GABAergic neurons type 1
CG17931,8.795435,1.0495456,1.4249501756108374e-18,2.554223189782426e-16,0.31841526045487895,Female,Central brain GABAergic neurons type 1
lncRNA:alphagamma-element:CR32865,6.643595,1.2167966,3.0612232437081506e-11,2.961369056949099e-09,0.20689655172413793,Female,Central brain GABAergic neurons type 1
Yp1,4.90147,1.8373246,9.512200421260644e-07,4.603039765872326e-05,0.10931768158473955,Female,Central brain GABAergic neurons type 1
Cmtr1,4.426615,1.0367937,9.572329199744588e-06,0.0003928522579652754,0.14269992663242848,Female,Central brain GABAergic neurons type 1
snRNA:7SKa,14.2994585,1.6257279,2.2051804196205108e-46,8.959648044918136e-43,0.935459940652819,Female,Cholinergic neurons
Yp3,4.825085,1.9406745,1.3994344676716542e-06,0.0002707572496261872,0.1327893175074184,Female,Cholinergic neurons
UQCR-6.4,9.074802,1.3895602,1.1388388082632447e-19,4.627102077973563e-16,0.7533460803059273,Female,Dopaminergic neurons
RpL39,8.68682,1.1432278,3.727260406639222e-18,1.1357894274131369e-14,0.8623326959847036,Female,Dopaminergic neurons
Cbp53E,8.261871,1.3582758,1.434061612894772e-16,2.91329616659573e-13,0.7590822179732314,Female,Dopaminergic neurons
Hex-A,8.1087265,1.1929924,5.115321190234785e-16,8.907235712538828e-13,0.7839388145315488,Female,Dopaminergic neurons
stai,7.589907,1.0560236,3.2013444742171275e-14,4.33568753291473e-11,0.8795411089866156,Female,Dopaminergic neurons
capu,7.3501124,1.2888855,1.9804000241999863e-13,2.4139095894973634e-10,0.5621414913957935,Female,Dopaminergic neurons
Cp110,7.2760725,1.4130093,3.4367874231301884e-13,3.808272900048533e-10,0.4933078393881453,Female,Dopaminergic neurons
CG16711,6.9163265,1.1049639,4.635051425598846e-12,4.708053485552028e-09,0.6347992351816444,Female,Dopaminergic neurons
bel,6.7987466,1.0277368,1.0553343229722348e-11,9.894976971314286e-09,0.7896749521988528,Female,Dopaminergic neurons
Frq2,6.728155,1.4215137,1.718277223943359e-11,1.496005791617543e-08,0.4646271510516252,Female,Dopaminergic neurons
numb,6.6504507,1.2048352,2.921966167419369e-11,2.374389707644979e-08,0.5334608030592735,Female,Dopaminergic neurons
unc-119,6.4430957,1.0103323,1.170607956171977e-10,8.917837736112642e-08,0.6462715105162524,Female,Dopaminergic neurons
Top1,6.4018188,1.0637437,1.5353690389113028e-10,1.1008596008994042e-07,0.5869980879541109,Female,Dopaminergic neurons
pcs,6.3386636,1.145904,2.3176636602307482e-10,1.569444575252922e-07,0.5066921606118547,Female,Dopaminergic neurons
Ca-alpha1T,6.2372494,1.0208926,4.4533146796619183e-10,2.714072631519956e-07,0.6500956022944551,Female,Dopaminergic neurons
Toll-6,6.1835785,1.2327477,6.266452097913133e-10,3.637227839117294e-07,0.4875717017208413,Female,Dopaminergic neurons
sty,6.0648127,1.0036975,1.3210741277544355e-09,7.319351155999461e-07,0.6175908221797323,Female,Dopaminergic neurons
CG17124,6.0061846,1.0178078,1.8994020593542717e-09,9.415789041325672e-07,0.5736137667304015,Female,Dopaminergic neurons
CG13364,5.9491725,1.0267636,2.695015152971027e-09,1.2166496185023646e-06,0.5411089866156787,Female,Dopaminergic neurons
luna,5.857242,1.076317,4.706165601406072e-09,1.9121150838512872e-06,0.502868068833652,Female,Dopaminergic neurons
CG3744,5.847543,1.5247394,4.988879964059779e-09,1.9615954155459563e-06,0.34990439770554493,Female,Dopaminergic neurons
nkd,5.761863,1.0076154,8.319043052765665e-09,3.0727519930351725e-06,0.5430210325047801,Female,Dopaminergic neurons
Pat1,5.755397,1.2457204,8.64385179014641e-09,3.098820866767488e-06,0.40152963671128106,Female,Dopaminergic neurons
Tom6,5.5746617,1.028797,2.4801145857148696e-08,8.170301806832038e-06,0.47418738049713194,Female,Dopaminergic neurons
CG34250,5.5528917,1.1609181,2.8098250279172158e-08,8.562239316320735e-06,0.3919694072657744,Female,Dopaminergic neurons
Ubr1,5.268802,1.1517367,1.3731690764366578e-07,3.486991223476338e-05,0.390057361376673,Female,Dopaminergic neurons
beat-Ic,5.157796,1.0921601,2.4987364186060265e-07,6.091419641277772e-05,0.4665391969407266,Female,Dopaminergic neurons
side-VIII,5.1225543,1.0803659,3.014243201479714e-07,7.171291397345915e-05,0.40344168260038243,Female,Dopaminergic neurons
Dmtn,5.119752,1.1398839,3.0593744578061164e-07,7.171291397345915e-05,0.361376673040153,Female,Dopaminergic neurons
SPR,5.1157646,1.2905009,3.124726234759713e-07,7.186280768959649e-05,0.3632887189292543,Female,Dopaminergic neurons
CG17776,4.893537,1.2216338,9.903977413660542e-07,0.0001947090011211425,0.33078393881453155,Female,Dopaminergic neurons
CG17931,4.7589283,1.0545613,1.946234005818115e-06,0.0003388949470988143,0.35372848948374763,Female,Dopaminergic neurons
Stat92E,4.752462,1.0336013,2.009544668067258e-06,0.00034499070364889874,0.3690248565965583,Female,Dopaminergic neurons
Yp3,4.55222,2.5348775,5.308278080276303e-06,0.0007352568354600892,0.19694072657743786,Female,Dopaminergic neurons
CG13954,4.4583497,1.1648376,8.259303886874633e-06,0.0010597121587064726,0.30592734225621415,Female,Dopaminergic neurons
CG32982,4.4513445,1.1023432,8.533428926989275e-06,0.0010834788040736695,0.3575525812619503,Female,Dopaminergic neurons
Eip78C,4.4110374,1.4268079,1.0287649956441972e-05,0.0012503501139402634,0.25621414913957935,Female,Dopaminergic neurons
Prp4k,4.369114,1.218766,1.247517295695094e-05,0.001462114261271875,0.2734225621414914,Female,Dopaminergic neurons
lncRNA:alphagamma-element:CR32865,4.3183527,1.3368601,1.571980155708933e-05,0.0017578776254987324,0.28680688336520077,Female,Dopaminergic neurons
CG4080,4.2932415,1.0279061,1.7608313621936375e-05,0.0018927819603484276,0.33460803059273425,Female,Dopaminergic neurons
dpr17,4.2885,1.2830307,1.7988404560154702e-05,0.0019066144624671798,0.2925430210325048,Female,Dopaminergic neurons
AstC-R2,4.0275817,1.2540598,5.635354156466712e-05,0.0049774878125487506,0.28107074569789675,Female,Dopaminergic neurons
Hsp27,3.9607623,1.1090646,7.471088417336818e-05,0.006033523847653874,0.28107074569789675,Female,Dopaminergic neurons
Rgk1,3.88974,1.0519129,0.00010035171194541612,0.007504214827623786,0.31166347992351817,Female,Dopaminergic neurons
Asap,3.821304,1.1225809,0.00013274782720332584,0.009299214171157118,0.2638623326959847,Female,Dopaminergic neurons
Rok,3.6898212,1.165635,0.00022441174770603748,0.013608730312382543,0.25621414913957935,Female,Dopaminergic neurons
Sidpn,3.5000331,1.5191258,0.00046520043355625983,0.02382490791855988,0.19694072657743786,Female,Dopaminergic neurons
bi,3.329752,1.1774795,0.0008692340644707198,0.03917201349989861,0.2294455066921606,Female,Dopaminergic neurons
PIG-T,3.3189745,1.2838776,0.0009034865242293599,0.04004580815938788,0.2045889101338432,Female,Dopaminergic neurons
lncRNA:CR43651,3.2862117,1.1291054,0.001015446912481368,0.043581980338857025,0.2179732313575526,Female,Dopaminergic neurons
SIFa,-3.2844872,-3.376501,0.001021681201050189,0.043695691788072824,0.045889101338432124,Female,Dopaminergic neurons
snRNA:7SKa,8.819362,2.3118107,1.1511375923864563e-18,4.677072037866172e-15,0.8837209302325582,Female,GABAergic and monoaminergic neurons
CG42392,-4.4248815,-1.0200577,9.649533479315548e-06,0.019661021733888045,0.4186046511627907,Female,GABAergic and monoaminergic neurons
Fer2LCH,-4.6189775,-1.0464383,3.856358550615659e-06,0.011751288593363567,0.43410852713178294,Female,GABAergic and monoaminergic neurons
Hex-A,10.363444,1.0778506,3.6362705814604664e-25,1.4774167372473876e-21,0.7637889688249401,Female,GABAergic neurons type 3
CG42613,8.3974085,1.0707158,4.564392968092012e-17,6.181709543119282e-14,0.657074340527578,Female,GABAergic neurons type 3
Cp110,7.534554,1.0669807,4.900070019796662e-14,2.4886230613042298e-11,0.5503597122302158,Female,GABAergic neurons type 3
snRNA:7SKa,7.3451347,1.2159032,2.0555223848166754e-13,9.307447870266727e-11,0.9424460431654677,Female,GABAergic neurons type 3
unc-119,7.3447328,1.0302073,2.0617039338518472e-13,9.307447870266727e-11,0.5491606714628298,Female,GABAergic neurons type 3
capu,7.068611,1.1594567,1.5649175367437844e-12,5.960868704803121e-10,0.447242206235012,Female,GABAergic neurons type 3
beat-Ic,6.989992,1.4464997,2.749018924463956e-12,9.573654762940333e-10,0.37410071942446044,Female,GABAergic neurons type 3
Top1,6.874071,1.0104327,6.239505567124743e-12,2.0554954961536077e-09,0.5071942446043165,Female,GABAergic neurons type 3
numb,6.791335,1.4005712,1.1110051975649037e-11,3.3855105882796527e-09,0.3489208633093525,Female,GABAergic neurons type 3
Toll-6,6.1759353,1.339047,6.577284874954565e-10,1.4065004445758102e-07,0.31414868105515587,Female,GABAergic neurons type 3
VGlut1,5.9626694,1.063215,2.4815043803857104e-09,4.958533916806791e-07,0.4580335731414868,Female,GABAergic neurons type 3
Yp3,5.9108086,2.756347,3.404324672077584e-09,6.586557686976773e-07,0.19664268585131894,Female,GABAergic neurons type 3
klg,5.664006,1.1754433,1.4787913582497687e-08,2.6123170819864393e-06,0.3393285371702638,Female,GABAergic neurons type 3
Dp,5.439444,1.0392216,5.344711033138505e-08,8.571931945121741e-06,0.34292565947242204,Female,GABAergic neurons type 3
5-HT2A,5.2618227,1.0728061,1.4263441877281982e-07,2.021594105141745e-05,0.33213429256594723,Female,GABAergic neurons type 3
emb,5.150671,1.0172276,2.5955609633500344e-07,3.476625558491601e-05,0.33093525179856115,Female,GABAergic neurons type 3
mAChR-A,5.0730057,1.0358154,3.915810116309106e-07,4.9205989183187313e-05,0.3213429256594724,Female,GABAergic neurons type 3
Frq2,5.0613585,1.6558454,4.16280129445619e-07,5.12529141193197e-05,0.21942446043165467,Female,GABAergic neurons type 3
CG32982,5.000712,1.2955581,5.711900045124867e-07,6.893301945547228e-05,0.2577937649880096,Female,GABAergic neurons type 3
CG34250,4.9695354,1.0737975,6.711355077317363e-07,7.942204566739936e-05,0.30455635491606714,Female,GABAergic neurons type 3
Pat1,4.9594445,1.0764773,7.069510774553164e-07,8.253475978352091e-05,0.2961630695443645,Female,GABAergic neurons type 3
Dmtn,4.829617,1.0310348,1.3679592851819254e-06,0.0001502167182620044,0.29376498800959233,Female,GABAergic neurons type 3
dpr17,4.700041,1.5280919,2.6010968590008383e-06,0.00026642663541480015,0.2158273381294964,Female,GABAergic neurons type 3
sNPF,4.5192566,1.054288,6.2057216769383024e-06,0.0005521280402934377,0.28177458033573144,Female,GABAergic neurons type 3
Fas2,4.412422,1.0481217,1.022204287676225e-05,0.0008652533376726047,0.2446043165467626,Female,GABAergic neurons type 3
CG3744,4.30107,1.0693092,1.6997525392844905e-05,0.0013541361896299774,0.24820143884892087,Female,GABAergic neurons type 3
beat-Ib,4.2849545,1.2441516,1.8277645284538156e-05,0.0014100393567926302,0.2314148681055156,Female,GABAergic neurons type 3
vvl,4.244691,1.2501614,2.188947275615827e-05,0.0016675673964050822,0.22182254196642687,Female,GABAergic neurons type 3
ed,3.9997964,1.1163448,6.33969989475949e-05,0.004317016872470583,0.22422062350119903,Female,GABAergic neurons type 3
Sox21b,3.9850364,1.2943103,6.746976592689309e-05,0.004543585507640331,0.20623501199040767,Female,GABAergic neurons type 3
RpL22,-3.5773807,-1.3375657,0.00034705461414155626,0.01784915059819168,0.10671462829736211,Female,GABAergic neurons type 3
sosie,-4.095134,-1.0518965,4.219249169716942e-05,0.002955656789062058,0.22062350119904076,Female,GABAergic neurons type 3
CG6770,5.423742,1.4577332,5.8364188997821117e-08,0.0003557005498472208,0.9384615384615385,Female,Glia (Gs2+)
snRNA:7SKa,4.6078,1.7855715,4.0695172131408415e-06,0.01240083632774343,0.8615384615384616,Female,Glia (Gs2+)
lncRNA:CR34335,8.879438,1.0722209,6.719871906662434e-19,4.095425933515421e-15,0.9956140350877193,Female,Glutamatergic neurons (subtype)
RpL41,7.4349155,1.1231705,1.0463493724136727e-13,4.2513175001167524e-10,0.9649122807017544,Female,Glutamatergic neurons (subtype)
Cbp53E,6.4145494,1.550501,1.4123987237172088e-10,4.303932010847264e-07,0.8070175438596491,Female,Glutamatergic neurons (subtype)
RpL39,6.343341,1.1877366,2.2483553533855555e-10,5.481040680483307e-07,0.8421052631578947,Female,Glutamatergic neurons (subtype)
Hex-A,6.123522,1.1012354,9.152926646251806e-10,1.8594170481860545e-06,0.881578947368421,Female,Glutamatergic neurons (subtype)
Dhit,6.0107374,1.076196,1.8468107175901078e-09,3.215825119529403e-06,0.9342105263157895,Female,Glutamatergic neurons (subtype)
lqf,5.4061255,1.3105116,6.440266123144561e-08,7.136400343182641e-05,0.6491228070175439,Female,Glutamatergic neurons (subtype)
capu,5.2433624,1.2515471,1.5767642510110352e-07,0.0001496816833328548,0.6622807017543859,Female,Glutamatergic neurons (subtype)
tow,5.1128864,1.2658281,3.172729938215081e-07,0.00024170253260564765,0.6622807017543859,Female,Glutamatergic neurons (subtype)
elff,5.060696,1.4559695,4.177285570478637e-07,0.00029951137540331827,0.6403508771929824,Female,Glutamatergic neurons (subtype)
msi,4.7904563,1.0988793,1.6640256690741672e-06,0.0009658480419211916,0.8771929824561403,Female,Glutamatergic neurons (subtype)
Toll-6,4.7462273,1.632204,2.072460648201425e-06,0.0010983140365620509,0.5043859649122807,Female,Glutamatergic neurons (subtype)
Drep2,4.717036,1.0219532,2.3930555679990913e-06,0.0012153730965975386,0.7675438596491229,Female,Glutamatergic neurons (subtype)
ct,4.648481,1.040319,3.343889131623561e-06,0.0015376401809988212,0.8377192982456141,Female,Glutamatergic neurons (subtype)
CG13954,4.572849,1.5030019,4.81137126466163e-06,0.0018918001401600198,0.5175438596491229,Female,Glutamatergic neurons (subtype)
CG31221,4.556484,1.2067057,5.201696970476476e-06,0.001981358886660555,0.6754385964912281,Female,Glutamatergic neurons (subtype)
unc-119,4.5255237,1.1093088,6.024611908021069e-06,0.0022252725620263277,0.6491228070175439,Female,Glutamatergic neurons (subtype)
trv,4.5144663,1.7169893,6.3476368150650905e-06,0.002275627798200835,0.44298245614035087,Female,Glutamatergic neurons (subtype)
RhoGAP93B,4.4733334,1.0582618,7.70095727451773e-06,0.002607415783863795,0.7324561403508771,Female,Glutamatergic neurons (subtype)
CG17124,4.4273353,1.0127858,9.540446367878263e-06,0.003142932453461301,0.7543859649122807,Female,Glutamatergic neurons (subtype)
hbn,4.373818,1.1790236,1.2209226421659131e-05,0.0038158528424000805,0.5789473684210527,Female,Glutamatergic neurons (subtype)
Top1,4.1663833,1.0518384,3.0947024525736816e-05,0.009200323949858685,0.5833333333333334,Female,Glutamatergic neurons (subtype)
Ppcs,4.0359073,1.506641,5.439167709651694e-05,0.015785241717367737,0.43859649122807015,Female,Glutamatergic neurons (subtype)
Atx2,3.9823902,1.0769948,6.822566984804519e-05,0.019339597436693553,0.5614035087719298,Female,Glutamatergic neurons (subtype)
Dop2R,3.9660254,1.4280459,7.308109472943763e-05,0.02024512417402535,0.6096491228070176,Female,Glutamatergic neurons (subtype)
SK,3.9536412,1.2277108,7.697080913853779e-05,0.020585016975583785,0.5350877192982456,Female,Glutamatergic neurons (subtype)
numb,3.9514298,1.7067101,7.768568224438872e-05,0.020585016975583785,0.3684210526315789,Female,Glutamatergic neurons (subtype)
CG5890,3.8479335,1.3294065,0.00011911833135090573,0.030357990203546004,0.4649122807017544,Female,Glutamatergic neurons (subtype)
tara,3.8222806,1.770211,0.0001322230531433208,0.032891159076815044,0.3508771929824561,Female,Glutamatergic neurons (subtype)
luna,3.7417836,1.1698266,0.00018271875355505801,0.04366978209965887,0.5087719298245614,Female,Glutamatergic neurons (subtype)
lncRNA:CR34335,32.047447,1.0329674,2.382805892286292e-225,2.904402102107761e-221,0.9968684759916493,Female,Glutamatergic neurons type 1
ct,9.190952,1.0513114,3.893790065363309e-20,1.0546979357047416e-17,0.35281837160751567,Female,Glutamatergic neurons type 1
Yp3,8.378594,2.1796172,5.3563303766087966e-17,1.0530372735562035e-14,0.17084203201113432,Female,Glutamatergic neurons type 1
CG9705,5.4361606,1.0578285,5.44408529143248e-08,3.858020675422703e-06,0.17745302713987474,Female,Glutamatergic neurons type 1
Arr2,5.3845754,1.3175546,7.261592723276197e-08,5.000652751639184e-06,0.13917884481558804,Female,Glutamatergic neurons type 1
ninaE,5.176763,1.0406933,2.257683795834039e-07,1.440780512430424e-05,0.151356993736952,Female,Glutamatergic neurons type 1
Yp1,4.8458843,1.6500176,1.2604881262734643e-06,7.243949176793818e-05,0.10960334029227557,Female,Glutamatergic neurons type 1
Yp2,3.390356,1.8870777,0.0006980191246616897,0.022884781649554993,0.06958942240779402,Female,Glutamatergic neurons type 1
RpL22,-5.072621,-1.1053836,3.923740083029916e-07,2.4154781753561438e-05,0.08281141266527488,Female,Glutamatergic neurons type 1
snRNA:7SKa,15.103848,1.8502508,1.5275266257067272e-51,9.309511020369649e-48,0.9138888888888889,Female,Glutamatergic neurons type 3
Liprin-gamma,11.394369,1.377931,4.46050629112762e-30,1.812303706085152e-26,0.6493506493506493,Female,Kenyon cells
RpL39,11.083796,1.0745721,1.5035991895538351e-28,4.581842630367924e-25,0.7578849721706865,Female,Kenyon cells
Cbp53E,10.4745655,1.3512536,1.1305503359234574e-25,2.7560556089142043e-22,0.6233766233766234,Female,Kenyon cells
Mnn1,9.841766,1.0277251,7.43927271408663e-23,1.133466188900024e-19,0.7179962894248608,Female,Kenyon cells
sif,9.645619,1.0654618,5.130054804781201e-22,6.253023801547805e-19,0.6855287569573284,Female,Kenyon cells
msi,9.6324625,1.4742084,5.831482319937402e-22,6.461812545247e-19,0.47680890538033394,Female,Kenyon cells
Cp110,9.39226,1.436146,5.8726867404249795e-21,5.965181556586673e-18,0.4554730983302412,Female,Kenyon cells
CG17124,9.298321,1.0808192,1.4268169805310668e-20,1.337805551976398e-17,0.6437847866419295,Female,Kenyon cells
capu,9.047403,1.428048,1.4640809371562486e-19,1.1897121695331677e-16,0.4322820037105751,Female,Kenyon cells
flw,8.512829,1.034061,1.697410066577999e-17,1.0344865650759616e-14,0.5788497217068646,Female,Kenyon cells
heca,8.010017,1.1095212,1.1469214372554737e-15,6.078184955959552e-13,0.5037105751391465,Female,Kenyon cells
numb,7.6629066,1.332322,1.817717606389765e-14,7.385386634761615e-12,0.37755102040816324,Female,Kenyon cells
CG15431,7.52416,1.2371236,5.306043078929766e-14,1.902216443796321e-11,0.3914656771799629,Female,Kenyon cells
Tom6,7.2865877,1.2191262,3.179042002706999e-13,1.0472795397566381e-10,0.3849721706864564,Female,Kenyon cells
CG5758,7.237795,1.0774161,4.560378886664852e-13,1.3989329841888387e-10,0.42207792207792205,Female,Kenyon cells
Toll-6,7.0859294,1.228378,1.3811434223373921e-12,3.915059808109412e-10,0.3673469387755102,Female,Kenyon cells
emb,6.812308,1.034185,9.60453704348174e-12,2.2954843533921363e-09,0.4007421150278293,Female,Kenyon cells
ct,6.6033797,1.3613393,4.018889069256154e-11,8.74754265449344e-09,0.3246753246753247,Female,Kenyon cells
Ubr1,6.5690217,1.0653481,5.064687822184045e-11,1.0463301671966326e-08,0.3692022263450835,Female,Kenyon cells
mbl,6.2720566,1.219546,3.5631017833820775e-10,6.116992625020302e-08,0.3302411873840445,Female,Kenyon cells
Tsp66E,6.231534,1.2177445,4.618899494675407e-10,7.506635458746471e-08,0.3163265306122449,Female,Kenyon cells
lncRNA:alphagamma-element:CR32865,6.0558734,1.8005725,1.3965786588182964e-09,2.0509514785947245e-07,0.22541743970315398,Female,Kenyon cells
Pvf3,6.0002017,1.0752184,1.9707251798940393e-09,2.8260199079680524e-07,0.3302411873840445,Female,Kenyon cells
nkd,5.948101,1.4213119,2.7127076623984765e-09,3.7574083746562536e-07,0.2597402597402597,Female,Kenyon cells
Yp3,5.9193444,2.029775,3.2322728061470328e-09,4.329469586167713e-07,0.2012987012987013,Female,Kenyon cells
CG13954,5.784808,1.0096827,7.259521365660035e-09,9.51465655118604e-07,0.33766233766233766,Female,Kenyon cells
tei,5.694478,1.342463,1.2375001423623476e-08,1.5391723709443528e-06,0.2588126159554731,Female,Kenyon cells
Corin,5.664932,1.0290143,1.4708308024486037e-08,1.7750452129748545e-06,0.3246753246753247,Female,Kenyon cells
luna,5.345337,1.8914218,9.0248993374044e-08,9.167041501968519e-06,0.19387755102040816,Female,Kenyon cells
Cipc,5.2162886,1.056511,1.8254363167722432e-07,1.738300255088818e-05,0.2829313543599258,Female,Kenyon cells
trn,5.129605,1.0618783,2.9035097208308597e-07,2.7015938921532325e-05,0.287569573283859,Female,Kenyon cells
dally,5.1268606,1.461221,2.946132244497475e-07,2.720485297589373e-05,0.21706864564007422,Female,Kenyon cells
Frq2,5.111449,1.6787331,3.1969773281526526e-07,2.9080564666307974e-05,0.20037105751391465,Female,Kenyon cells
hig,4.9604473,1.0613244,7.033098468593663e-07,5.71509581557921e-05,0.274582560296846,Female,Kenyon cells
dpr13,4.850721,1.4096645,1.2301368556223734e-06,9.736453333234487e-05,0.2077922077922078,Female,Kenyon cells
Prp4k,4.830309,1.2408903,1.3632132045954156e-06,0.00010720132742460336,0.22077922077922077,Female,Kenyon cells
beat-Ic,4.80595,1.7335589,1.5401812781356199e-06,0.00011957496559996861,0.19202226345083487,Female,Kenyon cells
CG42594,4.514248,1.4486668,6.35418977778405e-06,0.00042093053913809666,0.19387755102040816,Female,Kenyon cells
side,4.473387,1.2070291,7.699030737973389e-06,0.0005045348691675142,0.21985157699443414,Female,Kenyon cells
CG18467,4.4681993,1.0759345,7.888077766118128e-06,0.0005141592507551543,0.23098330241187384,Female,Kenyon cells
CG2082,4.355578,1.2163867,1.3271618525612117e-05,0.0008338544237561138,0.19851576994434136,Female,Kenyon cells
dpr17,4.272014,1.2467151,1.9371512183593922e-05,0.0011518017658820796,0.19387755102040816,Female,Kenyon cells
Hsp26,4.2493095,1.0111526,2.1443033620653676e-05,0.001244614937153084,0.21799628942486085,Female,Kenyon cells
Atg13,4.156837,1.0432612,3.226841529175719e-05,0.0017878168817783108,0.2012987012987013,Female,Kenyon cells
Asap,4.015196,1.010452,5.939647028434557e-05,0.002991667670644166,0.20686456400742115,Female,Kenyon cells
beat-IIIc,3.9151297,1.5129918,9.035559969393252e-05,0.004370414304243426,0.16048237476808905,Female,Kenyon cells
Tmtc1,3.8673146,1.1400948,0.00011004043167333461,0.005170717146893177,0.1836734693877551,Female,Kenyon cells
Hsp27,3.7463481,1.1607919,0.00017942746506936772,0.007815769776344728,0.1679035250463822,Female,Kenyon cells
CG42524,3.6237655,2.240917,0.00029034487031556966,0.011956127109042156,0.11873840445269017,Female,Kenyon cells
SKIP,3.6064363,1.114498,0.00031043106804570217,0.01257091125717297,0.18552875695732837,Female,Kenyon cells
CG45002,3.5868893,1.1282166,0.00033464646084106856,0.013506641427787366,0.16419294990723562,Female,Kenyon cells
Hsp70Ab,3.5571175,1.6261033,0.00037494651316307234,0.014886720029135794,0.13543599257884972,Female,Kenyon cells
Sag1,3.5294132,1.0805421,0.00041648222976934247,0.01621885590625724,0.1679035250463822,Female,Kenyon cells
kek2,3.472614,1.0137255,0.0005154161745301152,0.01963252422296117,0.17810760667903525,Female,Kenyon cells
beat-IIa,3.45645,1.0385056,0.0005473407181860926,0.02059088121735922,0.17717996289424862,Female,Kenyon cells
Golgin97,3.378412,1.0948045,0.0007290574826230683,0.02598386449032918,0.15120593692022263,Female,Kenyon cells
RabX1,3.3596544,1.2701504,0.0007804003724320847,0.02773265346814776,0.1391465677179963,Female,Kenyon cells
CG32982,3.2756772,1.0640657,0.0010540899792345511,0.03609073808115153,0.16233766233766234,Female,Kenyon cells
kairos,3.267332,1.5764136,0.0010856627642857133,0.0370676286663265,0.12152133580705009,Female,Kenyon cells
AMPdeam,3.2274861,1.1339134,0.0012488313406855578,0.04121629571493695,0.14842300556586271,Female,Kenyon cells
pdm3,3.2094803,1.8298033,0.001329752172349011,0.04299296877655728,0.1150278293135436,Female,Kenyon cells
dpr1,3.1842945,1.0153683,0.0014510729468074875,0.04660555916099413,0.1614100185528757,Female,Kenyon cells
sqz,3.176626,1.2578284,0.0014899902735598335,0.047543171320473324,0.14007421150278293,Female,Kenyon cells
lncRNA:CR34335,30.324142,1.1784781,5.509835885463621e-202,6.715938960791608e-198,0.9956225680933852,Female,Neuropeptide/cholinergic neurons
numb,13.584612,1.0161508,4.941453561557841e-42,4.302241247273466e-39,0.6279182879377432,Female,Neuropeptide/cholinergic neurons
Cp110,12.531172,1.0854828,5.0412208809346605e-36,3.234075858826978e-33,0.5257782101167315,Female,Neuropeptide/cholinergic neurons
ct,8.921603,1.0310864,4.595869825338645e-19,1.2731603932057443e-16,0.4071011673151751,Female,Neuropeptide/cholinergic neurons
CG18467,8.00473,1.0046256,1.1972870510657577e-15,2.353827720232342e-13,0.33949416342412453,Female,Neuropeptide/cholinergic neurons
Yp3,7.9732947,2.1449094,1.5449919452367978e-15,2.94248544070177e-13,0.1872568093385214,Female,Neuropeptide/cholinergic neurons
apolpp,6.092702,1.0952927,1.1102056803121887e-09,1.0572107060410366e-07,0.2130350194552529,Female,Neuropeptide/cholinergic neurons
ninaE,5.9812584,1.3909843,2.2142024404851437e-09,2.060222408173543e-07,0.17169260700389105,Female,Neuropeptide/cholinergic neurons
Arr2,5.6304283,1.4116989,1.7976248333541287e-08,1.4136289737905467e-06,0.1571011673151751,Female,Neuropeptide/cholinergic neurons
Yp1,5.6054797,2.2919612,2.0767873092419153e-08,1.6226897764326734e-06,0.1259727626459144,Female,Neuropeptide/cholinergic neurons
snRNA:7SKa,7.9626794,2.1783102,1.683534068173073e-15,1.0260298378480793e-11,0.9292452830188679,Female,Olfactory projection neurons
RpL39,7.2229714,1.0631452,5.086378254881895e-13,2.0665954849585143e-09,0.7534562211981567,Female,Optic lobe neurons
UQCR-6.4,6.6203666,1.0570897,3.583097150032046e-11,7.279061860290102e-08,0.6682027649769585,Female,Optic lobe neurons
CG16711,5.7874556,1.0912354,7.1460555596055714e-09,8.71032712160323e-06,0.5414746543778802,Female,Optic lobe neurons
Toll-6,5.027149,1.0739958,4.978245663402314e-07,0.00035694021406594594,0.46774193548387094,Female,Optic lobe neurons
Ubr1,4.5095177,1.0953252,6.497516041955362e-06,0.0031679289214157566,0.3778801843317972,Female,Optic lobe neurons
snRNA:7SKa,8.749716,2.7303638,2.1389036258681424e-18,2.6071096295706786e-14,0.9357142857142857,Female,Optic lobe type 2
CG10077,-4.2551084,-1.2519932,2.0894791571656174e-05,0.02938363389515562,0.4928571428571429,Female,Optic lobe type 2
Syp,-4.4467077,-1.4773201,8.719629430877957e-06,0.015183366161853059,0.38571428571428573,Female,Optic lobe type 2
NaCP60E,-5.6459794,-1.6592348,1.642433673478556e-08,6.673208015343373e-05,0.44285714285714284,Female,Optic lobe type 2
CG6770,7.777831,1.5210608,7.377846464134703e-15,8.99285705513379e-11,0.9512195121951219,Female,Surface glia and fat body
Glut4EF,5.542115,1.2383888,2.9883981376923496e-08,2.309996629988948e-05,0.8292682926829268,Female,Surface glia and fat body
mrva,5.327596,1.4684143,9.952119352825217e-08,5.513926490526662e-05,0.5582655826558266,Female,Surface glia and fat body
stai,4.7031636,1.2761391,2.561608298626976e-06,0.0007805860887991052,0.5989159891598916,Female,Surface glia and fat body
pcs,4.6196513,1.3286132,3.843858666210952e-06,0.0011155426972010785,0.5121951219512195,Female,Surface glia and fat body
shi,4.5284886,1.1518619,5.9407126410409635e-06,0.0016839847995732164,0.6476964769647696,Female,Surface glia and fat body
nkd,4.4758945,1.6569145,7.609201113339503e-06,0.002016272877619461,0.41192411924119243,Female,Surface glia and fat body
LpR1,4.466332,1.0294529,7.957205468433392e-06,0.002063625052228396,0.7317073170731707,Female,Surface glia and fat body
mlt,4.395251,1.5264872,1.106449603672209e-05,0.0026444145527765796,0.42005420054200543,Female,Surface glia and fat body
CG32982,4.3646507,1.2819647,1.2732605107083785e-05,0.002799812369092963,0.5176151761517616,Female,Surface glia and fat body
flw,4.308551,1.0627552,1.6432788018211873e-05,0.0034534353992066295,0.6151761517615176,Female,Surface glia and fat body
InR,4.2754006,1.1283993,1.907939533619419e-05,0.003875979162547849,0.5582655826558266,Female,Surface glia and fat body
rin,4.264563,1.0393267,2.0029379401061787e-05,0.003937711379347454,0.6178861788617886,Female,Surface glia and fat body
cindr,4.213563,1.1171707,2.513734796592989e-05,0.004573121408309245,0.5718157181571816,Female,Surface glia and fat body
ref(2)P,4.2001753,1.426588,2.6670824554764552e-05,0.004711459137652538,0.3875338753387534,Female,Surface glia and fat body
mtgo,4.186788,1.0129558,2.8292997437664302e-05,0.004926619225252717,0.6151761517615176,Female,Surface glia and fat body
Cp110,4.1313252,1.2031009,3.6067771154621116e-05,0.006022329624707902,0.45528455284552843,Female,Surface glia and fat body
Imp,4.058969,1.1898237,4.9289864680572595e-05,0.0078025215661233676,0.46883468834688347,Female,Surface glia and fat body
Desat1,4.0357003,1.0711454,5.443970235437935e-05,0.008396516800618961,0.5338753387533876,Female,Surface glia and fat body
CG32486,4.032831,1.001078,5.5108814837108616e-05,0.008396516800618961,0.5257452574525745,Female,Surface glia and fat body
HDAC4,3.9687626,1.1661847,7.224682314764901e-05,0.01048353008746064,0.4444444444444444,Female,Surface glia and fat body
CG44774,3.9416687,1.4888935,8.091666840806733e-05,0.011336704266964745,0.3685636856368564,Female,Surface glia and fat body
Pdk,3.9308312,1.0061743,8.465267284346989e-05,0.011593611565045557,0.5989159891598916,Female,Surface glia and fat body
Pdcd4,3.9206312,1.0305183,8.831732272910744e-05,0.011961109408278785,0.5203252032520326,Female,Surface glia and fat body
Pdk1,3.8552873,1.1938355,0.00011559375665542846,0.0143772683660512,0.4065040650406504,Female,Surface glia and fat body
Helz,3.8023748,1.3559897,0.00014331569597189164,0.017126225668641054,0.3794037940379404,Female,Surface glia and fat body
AMPdeam,3.744681,1.7585205,0.00018062315376795766,0.020385329826644774,0.3035230352303523,Female,Surface glia and fat body
Thor,3.7092996,1.5185097,0.0002078333400852794,0.02261857662767384,0.35501355013550134,Female,Surface glia and fat body
unc-119,3.6697745,1.216101,0.0002427644423484347,0.025730919893783222,0.3875338753387534,Female,Surface glia and fat body
Eip63E,3.6570246,1.0118722,0.0002551599321385222,0.026582430878943995,0.5040650406504065,Female,Surface glia and fat body
g,3.6493745,1.2503499,0.0002628795722704597,0.027154568698344348,0.3983739837398374,Female,Surface glia and fat body
Usp7,3.595187,1.0523916,0.0003241586872297659,0.03265429949292245,0.4444444444444444,Female,Surface glia and fat body
Rgl,3.567137,1.0406322,0.00036090292107333964,0.03576459922734095,0.4092140921409214,Female,Surface glia and fat body
orion,3.5317557,1.4549332,0.00041281066475423804,0.040253993541515265,0.3333333333333333,Female,Surface glia and fat body
RpL39,11.417778,1.0075067,3.40836724442092e-30,1.3848196114082197e-26,0.756578947368421,Female,Unannotated
Cp110,8.678828,1.0247673,3.998679007737762e-18,4.430899856846871e-15,0.5304276315789473,Female,Unannotated
snRNA:7SKa,7.955892,1.0563649,1.778451316144224e-15,1.1409233206569444e-12,0.912828947368421,Female,Unannotated
CG13739,6.0001755,1.0009252,1.9710417117437197e-09,4.4490791526748516e-07,0.3807565789473684,Female,Unannotated
klg,5.7592616,1.003556,8.448264237758036e-09,1.58424450452358e-06,0.31085526315789475,Female,Unannotated
beat-Ic,5.5964746,1.1441641,2.18754498601533e-08,3.809140833505837e-06,0.26726973684210525,Female,Unannotated
Rgk1,5.49321,1.0648198,3.94693405731841e-08,6.4145572299538795e-06,0.28042763157894735,Female,Unannotated
pyd,5.4410515,1.078591,5.296700789564275e-08,7.970553817777648e-06,0.2730263157894737,Female,Unannotated
Yp3,5.401739,1.729994,6.599796329672308e-08,9.46410793675009e-06,0.17763157894736842,Female,Unannotated
apolpp,4.664379,1.1176938,3.0954990826673587e-06,0.0003170675488960709,0.20394736842105263,Female,Unannotated
Prp4k,4.478392,1.1312423,7.520733739905934e-06,0.0006790386930052846,0.20559210526315788,Female,Unannotated
CG18598,4.252788,1.0412,2.111254757690922e-05,0.001704243989502957,0.24259868421052633,Female,Unannotated
trn,3.664982,1.1467817,0.0002473557931737666,0.014495287322091547,0.16365131578947367,Female,Unannotated
lncRNA:alphagamma-element:CR32865,3.5585892,1.6015947,0.0003728522678902922,0.020471604924841316,0.12006578947368421,Female,Unannotated
RabX1,3.5475981,1.0555019,0.000388760761768978,0.021154486273223538,0.15542763157894737,Female,Unannotated
Golgin97,3.4409559,1.0149238,0.0005796627942678979,0.02901339604513334,0.15625,Female,Unannotated
Yp1,3.3383558,1.4683281,0.0008427577114155626,0.03845598472877275,0.109375,Female,Unannotated
RpL22,-3.6991177,-1.1201776,0.00021635028279819477,0.012990608852350718,0.11842105263157894,Female,Unannotated
lncRNA:CR34335,15.490753,1.0445238,4.0056812634532114e-54,2.4412624460115595e-50,1.0,Female,"Unannotated (Eaat1-high, repo-negative)"
Mnn1,10.6460285,1.0120717,1.8196342485629518e-26,5.544880463933454e-23,0.8990318118948825,Female,"Unannotated (Eaat1-high, repo-negative)"
Liprin-gamma,10.159644,1.2115107,3.0016956096349533e-24,5.305876219189973e-21,0.7856154910096819,Female,"Unannotated (Eaat1-high, repo-negative)"
UQCR-6.4,9.517906,1.0374128,1.7670298766205806e-21,2.692290895766032e-18,0.8146611341632088,Female,"Unannotated (Eaat1-high, repo-negative)"
unc-119,8.907256,1.1771803,5.23109526286014e-19,4.25078801060015e-16,0.6957123098201936,Female,"Unannotated (Eaat1-high, repo-negative)"
Cp110,8.829149,1.022284,1.0547507003205708e-18,7.562562521298493e-16,0.7856154910096819,Female,"Unannotated (Eaat1-high, repo-negative)"
CG15431,8.782388,1.0979052,1.6003993813671566e-18,1.083737114415793e-15,0.7219917012448133,Female,"Unannotated (Eaat1-high, repo-negative)"
Wdr62,8.016471,1.0544558,1.08827019885556e-15,5.767358892978444e-13,0.6957123098201936,Female,"Unannotated (Eaat1-high, repo-negative)"
lqf,7.960495,1.0328183,1.7135237309080746e-15,8.702558648349384e-13,0.6998616874135546,Female,"Unannotated (Eaat1-high, repo-negative)"
capu,7.4332914,1.1272789,1.059279821672267e-13,3.9125944685949284e-11,0.5878284923928078,Female,"Unannotated (Eaat1-high, repo-negative)"
dpr9,7.332794,1.0582527,2.254031823039382e-13,7.849826826007723e-11,0.6431535269709544,Female,"Unannotated (Eaat1-high, repo-negative)"
CG12991,6.9344206,1.038522,4.078896075312086e-12,1.1837539109995003e-09,0.5698478561549101,Female,"Unannotated (Eaat1-high, repo-negative)"
CG13954,6.514518,1.0065498,7.29234545164518e-11,1.559410503686019e-08,0.5712309820193637,Female,"Unannotated (Eaat1-high, repo-negative)"
ssp3,6.33953,1.0795786,2.3046735354594455e-10,4.530913826405674e-08,0.47994467496542187,Female,"Unannotated (Eaat1-high, repo-negative)"
SPR,6.197869,1.0742457,5.723284775925482e-10,1.0110306975906623e-07,0.5089903181189488,Female,"Unannotated (Eaat1-high, repo-negative)"
Dmtn,5.985334,1.1517336,2.159463395358806e-09,3.3745768366703185e-07,0.4315352697095436,Female,"Unannotated (Eaat1-high, repo-negative)"
numb,5.879669,1.1978319,4.1108677320025496e-09,6.110654486021839e-07,0.41217150760719223,Female,"Unannotated (Eaat1-high, repo-negative)"
CG9705,5.0529537,1.0308095,4.3502894365374403e-07,4.2083871382503856e-05,0.38865836791147995,Female,"Unannotated (Eaat1-high, repo-negative)"
Eip78C,4.8998394,1.1549395,9.591507574081494e-07,8.418231218075812e-05,0.3457814661134163,Female,"Unannotated (Eaat1-high, repo-negative)"
CG3744,4.813206,1.0330633,1.4852774476815035e-06,0.00012496318996638829,0.3706777316735823,Female,"Unannotated (Eaat1-high, repo-negative)"
Yp3,4.5605416,2.134877,5.102188044578899e-06,0.00036582688279630706,0.19363762102351315,Female,"Unannotated (Eaat1-high, repo-negative)"
GluRIA,4.437912,1.0656871,9.08357292434563e-06,0.0006185456445522284,0.334716459197787,Female,"Unannotated (Eaat1-high, repo-negative)"
Rok,4.3930454,1.1441767,1.1177372973239289e-05,0.0007364378333557497,0.28769017980636236,Female,"Unannotated (Eaat1-high, repo-negative)"
Rgk1,3.9980304,1.0229818,6.387172335305585e-05,0.0034755912319214184,0.28769017980636236,Female,"Unannotated (Eaat1-high, repo-negative)"
CG46339,3.798413,1.0703024,0.00014562543537442643,0.007274706687618376,0.26556016597510373,Female,"Unannotated (Eaat1-high, repo-negative)"
Sag1,3.2452028,1.0741649,0.0011736704080481796,0.044290614872133933,0.22130013831258644,Female,"Unannotated (Eaat1-high, repo-negative)"
RNaseMRP:RNA,-3.2784436,-1.0636458,0.0010438123300096846,0.04051919901429314,0.17427385892116182,Female,"Unannotated (Eaat1-high, repo-negative)"
RpL39,9.408945,1.3175448,5.0114244382186424e-21,1.5271063119361758e-17,0.774390243902439,Female,Unannotated (antennal/optic lobe mix)
Hex-A,8.511137,1.229694,1.7223578987408576e-17,4.198764085550463e-14,0.7784552845528455,Female,Unannotated (antennal/optic lobe mix)
fkh,8.377711,1.2108186,5.396670727786449e-17,9.397145642998432e-14,0.7560975609756098,Female,Unannotated (antennal/optic lobe mix)
snRNA:7SKa,8.345427,1.6362178,7.095743152895229e-17,1.0811251661329993e-13,0.9552845528455285,Female,Unannotated (antennal/optic lobe mix)
sif,8.283247,1.0048628,1.1986102118206027e-16,1.6233177635423698e-13,0.8434959349593496,Female,Unannotated (antennal/optic lobe mix)
Cbp53E,8.244684,1.2086743,1.655964917556808e-16,2.0184556380099933e-13,0.7459349593495935,Female,Unannotated (antennal/optic lobe mix)
Cp110,8.154505,1.3975028,3.506123299658919e-16,3.885103354503869e-13,0.6280487804878049,Female,Unannotated (antennal/optic lobe mix)
Liprin-gamma,7.9588013,1.007666,1.7371427741328829e-15,1.7645027728254758e-12,0.7764227642276422,Female,Unannotated (antennal/optic lobe mix)
CG17124,7.8080373,1.4113297,5.808547597385598e-15,4.772541919239454e-12,0.5772357723577236,Female,Unannotated (antennal/optic lobe mix)
numb,7.806642,1.3802389,5.873174894461549e-15,4.772541919239454e-12,0.573170731707317,Female,Unannotated (antennal/optic lobe mix)
stai,7.681487,1.0022925,1.5725231644063956e-14,1.1979678031843473e-11,0.8434959349593496,Female,Unannotated (antennal/optic lobe mix)
UQCR-6.4,7.578254,1.2005826,3.502357738464784e-14,2.371679915230403e-11,0.6747967479674797,Female,Unannotated (antennal/optic lobe mix)
unc-119,7.4809003,1.2813519,7.381515127998154e-14,4.735436205008921e-11,0.6260162601626016,Female,Unannotated (antennal/optic lobe mix)
Dhit,7.248626,1.0214351,4.2101999249568814e-13,2.4437203278714015e-10,0.7703252032520326,Female,Unannotated (antennal/optic lobe mix)
nAChRalpha6,7.026516,1.5956879,2.1175435748133245e-12,1.1732153924272552e-09,0.4613821138211382,Female,Unannotated (antennal/optic lobe mix)
CG15431,6.664005,1.1167817,2.664645013847769e-11,1.2991743229516184e-08,0.6138211382113821,Female,Unannotated (antennal/optic lobe mix)
Toll-6,6.480458,1.8881916,9.144486460743623e-11,4.1282276100001485e-08,0.34959349593495936,Female,Unannotated (antennal/optic lobe mix)
glec,6.3818083,1.0701346,1.750089138751291e-10,6.881237584593382e-08,0.6260162601626016,Female,Unannotated (antennal/optic lobe mix)
CG42613,6.36447,1.0250589,1.959652298944704e-10,7.464438084949062e-08,0.6788617886178862,Female,Unannotated (antennal/optic lobe mix)
da,6.014116,1.2156497,1.8087125666959084e-09,6.123999298737897e-07,0.44308943089430897,Female,Unannotated (antennal/optic lobe mix)
ssp3,5.9275236,1.3226714,3.0753710414356997e-09,9.371424406014936e-07,0.40853658536585363,Female,Unannotated (antennal/optic lobe mix)
gro,5.9075947,1.092033,3.4713921969097693e-09,1.0320194997105653e-06,0.5,Female,Unannotated (antennal/optic lobe mix)
emb,5.5453825,1.1249865,2.9331241636076944e-08,7.296296006166161e-06,0.4268292682926829,Female,Unannotated (antennal/optic lobe mix)
CG16711,5.5099087,1.0229869,3.590202019948948e-08,8.580582827677986e-06,0.5060975609756098,Female,Unannotated (antennal/optic lobe mix)
Fas2,5.409466,1.1199291,6.321306326926327e-08,1.4537811852623583e-05,0.4369918699186992,Female,Unannotated (antennal/optic lobe mix)
Usp7,5.327059,1.0848621,9.981591774839124e-08,2.1344845990090187e-05,0.44715447154471544,Female,Unannotated (antennal/optic lobe mix)
CG42524,5.27335,1.0814724,1.3395599135797124e-07,2.767439963834426e-05,0.4247967479674797,Female,Unannotated (antennal/optic lobe mix)
mbl,5.21137,1.3923719,1.8745113096374688e-07,3.74564235297887e-05,0.3617886178861789,Female,Unannotated (antennal/optic lobe mix)
Polr2A,5.036691,1.0827234,4.7364810580254806e-07,8.178075535050134e-05,0.3821138211382114,Female,Unannotated (antennal/optic lobe mix)
Ubr1,5.035595,1.1234583,4.7636669373087163e-07,8.178075535050134e-05,0.3699186991869919,Female,Unannotated (antennal/optic lobe mix)
dsd,4.96106,1.1697975,7.010950624721586e-07,0.0001154817258982857,0.3617886178861789,Female,Unannotated (antennal/optic lobe mix)
alpha-Cat,4.9398355,1.0287025,7.818849156626343e-07,0.00012707193649349132,0.4166666666666667,Female,Unannotated (antennal/optic lobe mix)
Dop2R,4.786979,1.1030097,1.693105074411687e-06,0.00025478095990128457,0.4105691056910569,Female,Unannotated (antennal/optic lobe mix)
CG3744,4.7799044,1.477098,1.7537874552543153e-06,0.00026069408892798597,0.2845528455284553,Female,Unannotated (antennal/optic lobe mix)
CG31650,4.531587,1.2839909,5.854218106000401e-06,0.0007672802633767622,0.29878048780487804,Female,Unannotated (antennal/optic lobe mix)
CG13739,4.4651237,1.6480842,8.002259485540503e-06,0.0009657380284084474,0.24796747967479674,Female,Unannotated (antennal/optic lobe mix)
Dp,4.455657,1.0606319,8.3636616728081e-06,0.0009943619198048421,0.3434959349593496,Female,Unannotated (antennal/optic lobe mix)
Yp3,4.3984604,2.5640476,1.090214693769032e-05,0.0012695824839732384,0.18902439024390244,Female,Unannotated (antennal/optic lobe mix)
Pat1,4.3947735,1.1142242,1.1088826266087154e-05,0.0012695824839732384,0.3252032520325203,Female,Unannotated (antennal/optic lobe mix)
eys,4.364382,1.6098964,1.2748283707617526e-05,0.0014268856948008181,0.2459349593495935,Female,Unannotated (antennal/optic lobe mix)
tth,4.3641825,1.1159817,1.275990981485677e-05,0.0014268856948008181,0.30284552845528456,Female,Unannotated (antennal/optic lobe mix)
AMPdeam,4.3599973,1.2556881,1.3006407784524627e-05,0.0014412282225960968,0.2804878048780488,Female,Unannotated (antennal/optic lobe mix)
Prp4k,4.2713127,1.1186714,1.9432579932092013e-05,0.0019257212747338989,0.30284552845528456,Female,Unannotated (antennal/optic lobe mix)
VGlut1,4.1819305,1.2545549,2.8904446101185546e-05,0.0027961610597408777,0.3150406504065041,Female,Unannotated (antennal/optic lobe mix)
GluRIA,4.1194525,1.0938253,3.797736164451142e-05,0.0035336340540835856,0.32113821138211385,Female,Unannotated (antennal/optic lobe mix)
mspo,4.1014166,1.2017963,4.1062836477916935e-05,0.0037917796502221933,0.2845528455284553,Female,Unannotated (antennal/optic lobe mix)
Ucp4A,4.0629535,1.5781198,4.8455696801193835e-05,0.004279902089201099,0.22764227642276422,Female,Unannotated (antennal/optic lobe mix)
CG17931,3.8944526,1.225612,9.842074298883518e-05,0.007739680234134916,0.25203252032520324,Female,Unannotated (antennal/optic lobe mix)
Rip11,3.8477187,1.0323668,0.00011922280978002823,0.009138099249518375,0.2703252032520325,Female,Unannotated (antennal/optic lobe mix)
luna,3.7192755,1.7977575,0.00019979507597005008,0.014393268772636062,0.19715447154471544,Female,Unannotated (antennal/optic lobe mix)
Pgant2,3.70672,1.0484654,0.00020996077402381109,0.014624067854721333,0.27235772357723576,Female,Unannotated (antennal/optic lobe mix)
CG9705,3.6752322,1.015282,0.00023763332264462505,0.015914904229205138,0.2926829268292683,Female,Unannotated (antennal/optic lobe mix)
lncRNA:let7C,3.61674,1.8457798,0.0002983366608020637,0.0192403468704569,0.18699186991869918,Female,Unannotated (antennal/optic lobe mix)
apolpp,3.5550594,1.5439576,0.00037789377655821034,0.023263369911454675,0.19308943089430894,Female,Unannotated (antennal/optic lobe mix)
Rok,3.509023,1.3609807,0.0004497559383963704,0.02658285078499268,0.21341463414634146,Female,Unannotated (antennal/optic lobe mix)
bsd,3.4262176,1.0234548,0.0006120501283638435,0.03330481702958432,0.2459349593495935,Female,Unannotated (antennal/optic lobe mix)
Dscam4,3.3781881,1.0697637,0.0007296511273441771,0.038170461764799025,0.24796747967479674,Female,Unannotated (antennal/optic lobe mix)
beat-Ic,3.3603516,1.2556512,0.0007784331793478254,0.0402047543350451,0.22154471544715448,Female,Unannotated (antennal/optic lobe mix)
lncRNA:noe,20.920969,1.014605,3.4503175815548054e-97,4.205592100157152e-93,1.0,Female,Unannotated (mixed identity; excluded)
nrv3,13.892928,1.2780434,6.991710311710174e-44,2.969386106772721e-40,0.939297124600639,Female,Unannotated (mixed identity; excluded)
stai,13.889756,1.6330118,7.308358618687474e-44,2.969386106772721e-40,0.7667731629392971,Female,Unannotated (mixed identity; excluded)
sif,13.009424,1.5938768,1.0815404249850163e-38,3.295724060035591e-35,0.7188498402555911,Female,Unannotated (mixed identity; excluded)
Mnn1,12.779252,1.4875029,2.141188770008668e-37,5.219789983527131e-34,0.7752928647497338,Female,Unannotated (mixed identity; excluded)
CG31221,12.23948,1.6173838,1.912543667621072e-34,3.330284966376178e-31,0.805111821086262,Female,Unannotated (mixed identity; excluded)
futsch,11.783192,1.319143,4.765402875815416e-32,6.453943961479346e-29,0.8168264110756124,Female,Unannotated (mixed identity; excluded)
Liprin-gamma,11.432552,1.3759547,2.875313591747618e-30,2.695938259216286e-27,0.7071352502662407,Female,Unannotated (mixed identity; excluded)
fne,11.27462,1.2522738,1.751329903534852e-29,1.5247828710133078e-26,0.838125665601704,Female,Unannotated (mixed identity; excluded)
unc-119,11.243339,1.5575604,2.4975405814394104e-29,2.0295014764776648e-26,0.5708200212992546,Female,Unannotated (mixed identity; excluded)
shi,11.210411,1.3004171,3.62505320262629e-29,2.59916314628305e-26,0.8157614483493077,Female,Unannotated (mixed identity; excluded)
Dsp1,11.11195,1.2740848,1.0973712166850131e-28,7.431032088985348e-26,0.744408945686901,Female,Unannotated (mixed identity; excluded)
Dhit,10.988631,1.350119,4.334477549091286e-28,2.6416473422936843e-25,0.7145899893503728,Female,Unannotated (mixed identity; excluded)
sbb,10.78432,1.2606713,4.082528238909024e-27,2.261906213821004e-24,0.7838125665601704,Female,Unannotated (mixed identity; excluded)
egh,10.643935,1.4234154,1.860990260851166e-26,9.073444115805945e-24,0.5963791267305645,Female,Unannotated (mixed identity; excluded)
CG7646,10.631728,1.3558263,2.121442348028507e-26,9.945484915430566e-24,0.650692225772098,Female,Unannotated (mixed identity; excluded)
Cbp53E,10.601812,1.4316546,2.9226095613423043e-26,1.319395849748198e-23,0.6730564430244942,Female,Unannotated (mixed identity; excluded)
nSyb,10.470343,1.1720161,1.1821422829797659e-25,5.146118674014416e-23,0.8541001064962727,Female,Unannotated (mixed identity; excluded)
numb,10.450787,1.6753106,1.4531443835369274e-25,6.107716169286761e-23,0.4696485623003195,Female,Unannotated (mixed identity; excluded)
Rbp6,10.368588,1.1105589,3.44577362773531e-25,1.4000178249488564e-22,0.8817891373801917,Female,Unannotated (mixed identity; excluded)
Rdh,10.259365,1.383765,1.0741073934464668e-24,4.2233209737803175e-22,0.5878594249201278,Female,Unannotated (mixed identity; excluded)
Ih,10.241095,1.1606445,1.297604813972764e-24,4.942657836723132e-22,0.805111821086262,Female,Unannotated (mixed identity; excluded)
snRNA:7SKa,10.2066,1.5038567,1.85241572281047e-24,6.84215007434449e-22,0.8828541001064962,Female,Unannotated (mixed identity; excluded)
brp,10.193349,1.2838988,2.12321074321176e-24,7.61171051441416e-22,0.7039403620873269,Female,Unannotated (mixed identity; excluded)
Cp110,10.046822,1.4708861,9.487868123508661e-24,3.043358540985449e-21,0.5101171458998935,Female,Unannotated (mixed identity; excluded)
nAChRalpha6,9.993454,1.2835006,1.6280725441536967e-23,4.961144060172352e-21,0.744408945686901,Female,Unannotated (mixed identity; excluded)
IA-2,9.969843,1.0565884,2.0655549426350506e-23,6.140743706287471e-21,0.9126730564430245,Female,Unannotated (mixed identity; excluded)
Snap25,9.888849,1.1019824,4.65347885762603e-23,1.3505060427524686e-20,0.8285410010649628,Female,Unannotated (mixed identity; excluded)
RhoGAP93B,9.878288,1.4721775,5.170877965220641e-23,1.4657635236761487e-20,0.5005324813631523,Female,Unannotated (mixed identity; excluded)
lqf,9.65952,1.3737329,4.479578921976988e-22,1.1617359038293088e-19,0.5143769968051118,Female,Unannotated (mixed identity; excluded)
CG6329,9.513755,1.1602846,1.8390167624930146e-21,4.669953191255699e-19,0.820021299254526,Female,Unannotated (mixed identity; excluded)
CASK,9.506728,1.1977943,1.967542286609292e-21,4.894361822751155e-19,0.6656017039403621,Female,Unannotated (mixed identity; excluded)
Pits,9.430432,1.1615138,4.0840316690148124e-21,9.760835688945402e-19,0.7188498402555911,Female,Unannotated (mixed identity; excluded)
Hex-A,9.355181,1.0660766,8.34571805030609e-21,1.9193576851920928e-18,0.7678381256656017,Female,Unannotated (mixed identity; excluded)
tow,9.316149,1.3458014,1.2063949271597635e-20,2.723101438361177e-18,0.49627263045793396,Female,Unannotated (mixed identity; excluded)
mbl,9.28555,1.2993612,1.6087337174168148e-20,3.565246414835192e-18,0.5963791267305645,Female,Unannotated (mixed identity; excluded)
Drep2,9.251298,1.4051297,2.217833263647658e-20,4.8273517233216605e-18,0.4792332268370607,Female,Unannotated (mixed identity; excluded)
CG2269,9.105533,1.1996117,8.584406672477033e-20,1.709659291813824e-17,0.678381256656017,Female,Unannotated (mixed identity; excluded)
capu,9.077063,1.5288256,1.1154464819312195e-19,2.158123360041212e-17,0.42705005324813633,Female,Unannotated (mixed identity; excluded)
CG17124,9.031807,1.301133,1.6886002964287544e-19,3.215992033307826e-17,0.5015974440894568,Female,Unannotated (mixed identity; excluded)
dpr9,8.983901,1.3451747,2.6133211966859217e-19,4.785641953055542e-17,0.5005324813631523,Female,Unannotated (mixed identity; excluded)
Pitslre,8.983178,1.1257464,2.6305522262262803e-19,4.785641953055542e-17,0.7050053248136315,Female,Unannotated (mixed identity; excluded)
trv,8.977717,1.2271895,2.764421580372597e-19,4.9552256828178806e-17,0.630457933972311,Female,Unannotated (mixed identity; excluded)
Dscam2,8.907445,1.1703007,5.222210479602445e-19,9.093360505124886e-17,0.6932907348242812,Female,Unannotated (mixed identity; excluded)
Galphao,8.90086,1.1539751,5.541589197511099e-19,9.513581792741237e-17,0.6293929712460063,Female,Unannotated (mixed identity; excluded)
Con,8.848255,1.2804039,8.889788986617913e-19,1.4843512049025446e-16,0.5559105431309904,Female,Unannotated (mixed identity; excluded)
Toll-6,8.74887,1.4571506,2.154990736416247e-18,3.456208169233899e-16,0.42705005324813633,Female,Unannotated (mixed identity; excluded)
TP53INP,8.70478,1.0940214,3.1819288538308136e-18,4.972375743505613e-16,0.6996805111821086,Female,Unannotated (mixed identity; excluded)
beat-Ic,8.618927,1.3627019,6.758460323699019e-18,1.0170231220440413e-15,0.46219382321618746,Female,Unannotated (mixed identity; excluded)
Ptp99A,8.608406,1.1067189,7.408352483578026e-18,1.0940700505912996e-15,0.6954206602768903,Female,Unannotated (mixed identity; excluded)
nkd,8.582666,1.3586859,9.269909872694059e-18,1.313848039979859e-15,0.44195953141640043,Female,Unannotated (mixed identity; excluded)
UQCR-6.4,8.567367,1.0803528,1.0587817547228207e-17,1.4675558514946184e-15,0.6496272630457934,Female,Unannotated (mixed identity; excluded)
Lar,8.5672865,1.1100442,1.0595201815696645e-17,1.4675558514946184e-15,0.625133120340788,Female,Unannotated (mixed identity; excluded)
CG16711,8.555842,1.2185962,1.1701129241730302e-17,1.6025288126679848e-15,0.49733759318423854,Female,Unannotated (mixed identity; excluded)
Vap33,8.537972,1.0358853,1.3659692272845094e-17,1.849977656818987e-15,0.724174653887114,Female,Unannotated (mixed identity; excluded)
sdt,8.502315,1.0910378,1.8584715479060982e-17,2.4893307359810365e-15,0.6134185303514377,Female,Unannotated (mixed identity; excluded)
Pacs,8.453084,1.135113,2.8370767148658353e-17,3.678843412499965e-15,0.56975505857295,Female,Unannotated (mixed identity; excluded)
CG4612,8.405901,1.1260142,4.245891501598311e-17,5.390955365935606e-15,0.564430244941427,Female,Unannotated (mixed identity; excluded)
Top1,8.391847,1.2727027,4.785653329570274e-17,6.013642106611553e-15,0.4589989350372737,Female,Unannotated (mixed identity; excluded)
Dop2R,8.344262,1.1899494,7.165990196892746e-17,8.822853990901584e-15,0.739084132055378,Female,Unannotated (mixed identity; excluded)
Eip63E,8.327356,1.094223,8.266746155395386e-17,1.0076336888811437e-14,0.5718849840255591,Female,Unannotated (mixed identity; excluded)
Cngl,8.30764,1.1002612,9.762404228738359e-17,1.1781578727137807e-14,0.739084132055378,Female,Unannotated (mixed identity; excluded)
GluRIB,8.259895,1.2524923,1.4580054542933673e-16,1.7254008235322187e-14,0.46645367412140576,Female,Unannotated (mixed identity; excluded)
EndoA,8.189904,1.1116954,2.6143502547682843e-16,3.034887167178154e-14,0.5505857294994675,Female,Unannotated (mixed identity; excluded)
lncRNA:mimi,8.177817,1.3174813,2.8903235758031383e-16,3.2620513023578194e-14,0.9563365282215123,Female,Unannotated (mixed identity; excluded)
RSG7,8.169104,1.2338585,3.106903254918293e-16,3.474315942587071e-14,0.46112886048988283,Female,Unannotated (mixed identity; excluded)
cindr,8.139268,1.0354314,3.9767631000251455e-16,4.406615038746045e-14,0.6315228966986155,Female,Unannotated (mixed identity; excluded)
rin,8.092768,1.0791564,5.832421687046538e-16,6.404629544451374e-14,0.556975505857295,Female,Unannotated (mixed identity; excluded)
msi,7.9999676,1.0394326,1.2445192627202812e-15,1.319942827355719e-13,0.6368477103301384,Female,Unannotated (mixed identity; excluded)
CG32486,7.97985,1.0277114,1.465116424619532e-15,1.5395089741109892e-13,0.5931842385516507,Female,Unannotated (mixed identity; excluded)
Cip4,7.9545517,1.2796726,1.7978143840006216e-15,1.872953805690904e-13,0.4206602768903088,Female,Unannotated (mixed identity; excluded)
Rbp,7.9165645,1.0531454,2.4416337770011917e-15,2.518000883220186e-13,0.5559105431309904,Female,Unannotated (mixed identity; excluded)
luna,7.905401,1.2316631,2.6707225857593836e-15,2.690366743621581e-13,0.443024494142705,Female,Unannotated (mixed identity; excluded)
CG6700,7.821556,1.0357862,5.217430571165079e-15,5.128650099349286e-13,0.536741214057508,Female,Unannotated (mixed identity; excluded)
fax,7.7937684,1.011329,6.5039708970305324e-15,6.291817560627394e-13,0.6400425985090522,Female,Unannotated (mixed identity; excluded)
Wdr62,7.7249417,1.0196527,1.1190460455369855e-14,1.0740198621299462e-12,0.582534611288605,Female,Unannotated (mixed identity; excluded)
CaMKII,7.69868,1.0021073,1.374791389300161e-14,1.309166581576536e-12,0.8029818956336529,Female,Unannotated (mixed identity; excluded)
Sh,7.671093,1.0512296,1.7053694464892185e-14,1.6113758281594638e-12,0.853035143769968,Female,Unannotated (mixed identity; excluded)
miple1,7.6545486,1.0671206,1.9399214640304e-14,1.8189002096205035e-12,0.8104366347177849,Female,Unannotated (mixed identity; excluded)
CG15431,7.6516576,1.3281674,1.984049687293353e-14,1.8366730211718193e-12,0.38232161874334397,Female,Unannotated (mixed identity; excluded)
OtopLa,7.6296926,1.0152267,2.3531440154235482e-14,2.1404830152237037e-12,0.5953141640042598,Female,Unannotated (mixed identity; excluded)
Usp7,7.612305,1.1504192,2.692501213257138e-14,2.4310294287697222e-12,0.44089456869009586,Female,Unannotated (mixed identity; excluded)
Pde6,7.605398,1.0240713,2.8402780509887026e-14,2.545599203198625e-12,0.5463258785942492,Female,Unannotated (mixed identity; excluded)
Pdcd4,7.567451,1.0107428,3.806180611690476e-14,3.361850396804001e-12,0.5899893503727369,Female,Unannotated (mixed identity; excluded)
fend,7.551108,1.1743135,4.315712285430283e-14,3.757444074793551e-12,0.43769968051118213,Female,Unannotated (mixed identity; excluded)
inaE,7.542876,1.0703939,4.597184057126034e-14,3.94613214593727e-12,0.4898828541001065,Female,Unannotated (mixed identity; excluded)
Rdl,7.4883046,1.0408789,6.976904563477222e-14,5.905659008626657e-12,0.8572949946751863,Female,Unannotated (mixed identity; excluded)
Hipk,7.4752135,1.0236694,7.707849514684937e-14,6.479377774792738e-12,0.5271565495207667,Female,Unannotated (mixed identity; excluded)
qvr,7.419799,1.015955,1.1729828712046255e-13,9.630602356284948e-12,0.8040468583599574,Female,Unannotated (mixed identity; excluded)
Vha68-1,7.4193172,1.0664831,1.177257979396552e-13,9.630602356284948e-12,0.4909478168264111,Female,Unannotated (mixed identity; excluded)
hig,7.413856,1.0061932,1.2267923688886883e-13,9.957040698211952e-12,0.5452609158679447,Female,Unannotated (mixed identity; excluded)
Ctdnep1,7.411808,1.2278233,1.2458910473971094e-13,9.990898668896952e-12,0.3961661341853035,Female,Unannotated (mixed identity; excluded)
cdi,7.3649464,1.0834582,1.7721818495065231e-13,1.3846874720278853e-11,0.45260915867944623,Female,Unannotated (mixed identity; excluded)
Tsp66E,7.3351107,1.1134194,2.2153835583603525e-13,1.71995606323913e-11,0.44621938232161873,Female,Unannotated (mixed identity; excluded)
GluRIA,7.303669,1.3145951,2.8002518911033493e-13,2.1332668937911702e-11,0.36847710330138445,Female,Unannotated (mixed identity; excluded)
glec,7.220948,1.0178653,5.162632795571808e-13,3.7456744729300454e-11,0.49733759318423854,Female,Unannotated (mixed identity; excluded)
RhoGAP71E,7.101043,1.0017716,1.2381846061304762e-12,8.67369664604849e-11,0.46325878594249204,Female,Unannotated (mixed identity; excluded)
Polr2A,7.0740185,1.3786008,1.5051001402951198e-12,1.0483237491461266e-10,0.32694355697550587,Female,Unannotated (mixed identity; excluded)
SKIP,7.0541816,1.1793098,1.7361927489883479e-12,1.1956188371423148e-10,0.39829605963791265,Female,Unannotated (mixed identity; excluded)
emb,7.0447454,1.4553565,1.858011681239459e-12,1.2723204709341442e-10,0.30990415335463256,Female,Unannotated (mixed identity; excluded)
tei,7.0433397,1.0381049,1.876858086444714e-12,1.2780459897024927e-10,0.49307774227902024,Female,Unannotated (mixed identity; excluded)
jeb,6.9994097,1.0252831,2.5704356033663e-12,1.7214856906281226e-10,0.5122470713525027,Female,Unannotated (mixed identity; excluded)
Frq2,6.9609404,1.2338068,3.3800878292344676e-12,2.227021110839942e-10,0.3780617678381257,Female,Unannotated (mixed identity; excluded)
ari-1,6.877216,1.0409589,6.103358715811419e-12,3.9154652308960734e-10,0.4185303514376997,Female,Unannotated (mixed identity; excluded)
Fas2,6.8232064,1.2461908,8.903050923580993e-12,5.593777716882924e-10,0.362087326943557,Female,Unannotated (mixed identity; excluded)
Rab3,6.8095536,1.0610445,9.790203904502639e-12,6.088407928162381e-10,0.4164004259850905,Female,Unannotated (mixed identity; excluded)
Tmep,6.7638564,1.1908501,1.3436617469705054e-11,8.188946516911746e-10,0.35782747603833864,Female,Unannotated (mixed identity; excluded)
Psi,6.732294,1.235856,1.6700855742813677e-11,1.007756092322554e-09,0.34930777422790205,Female,Unannotated (mixed identity; excluded)
hrm,6.684509,1.2870351,2.3170024146555457e-11,1.370968079234779e-09,0.3258785942492013,Female,Unannotated (mixed identity; excluded)
dally,6.6506176,1.0554192,2.91865710263385e-11,1.7021775800958851e-09,0.4132055378061768,Female,Unannotated (mixed identity; excluded)
elff,6.6421447,1.077407,3.09151127426533e-11,1.794401472477148e-09,0.4057507987220447,Female,Unannotated (mixed identity; excluded)
Dmtn,6.592392,1.1559378,4.327962792768304e-11,2.4310386396798555e-09,0.3514376996805112,Female,Unannotated (mixed identity; excluded)
kuz,6.590063,1.078392,4.3964033553067295e-11,2.4581541512767763e-09,0.3738019169329074,Female,Unannotated (mixed identity; excluded)
CG13954,6.569824,1.1820018,5.0374620722219355e-11,2.7909829635596896e-09,0.34930777422790205,Female,Unannotated (mixed identity; excluded)
dpr13,6.4831285,1.0108577,8.983997373430347e-11,4.761127999336631e-09,0.41959531416400425,Female,Unannotated (mixed identity; excluded)
CG42337,6.4754987,1.2438992,9.44992174181803e-11,4.96487483237155e-09,0.329073482428115,Female,Unannotated (mixed identity; excluded)
Cdc14,6.4664235,1.011191,1.003494866960653e-10,5.2496132761302135e-09,0.3908413205537806,Female,Unannotated (mixed identity; excluded)
CG6356,6.3673997,1.053576,1.9225950871872234e-10,9.723863700300857e-09,0.37912673056443025,Female,Unannotated (mixed identity; excluded)
swm,6.3113427,1.1526963,2.7662510723221235e-10,1.3541298923909382e-08,0.329073482428115,Female,Unannotated (mixed identity; excluded)
mrva,6.302107,1.0614175,2.9362677158123606e-10,1.4259030752205921e-08,0.3588924387646432,Female,Unannotated (mixed identity; excluded)
alpha-Cat,6.267573,1.0643843,3.667189110291848e-10,1.7529163947195033e-08,0.34930777422790205,Female,Unannotated (mixed identity; excluded)
Tmtc1,6.256811,1.0878097,3.929285914345609e-10,1.870861953514009e-08,0.3503727369542066,Female,Unannotated (mixed identity; excluded)
Pat1,6.2520328,1.354641,4.0514457198181287e-10,1.9215203065705513e-08,0.28115015974440893,Female,Unannotated (mixed identity; excluded)
ssp3,6.0659914,1.4382535,1.3114198754297852e-09,5.7293537138400185e-08,0.268370607028754,Female,Unannotated (mixed identity; excluded)
CG14478,6.0600886,1.0119139,1.3604648974510014e-09,5.92239522679652e-08,0.36847710330138445,Female,Unannotated (mixed identity; excluded)
Dp,6.049849,1.3303707,1.4498163481529414e-09,6.288900878162349e-08,0.28115015974440893,Female,Unannotated (mixed identity; excluded)
aPKC,6.037802,1.022809,1.5622726834207876e-09,6.658231376998595e-08,0.35356762513312034,Female,Unannotated (mixed identity; excluded)
Arl6IP1,5.9966426,1.0544155,2.0143847404552387e-09,8.43757237161818e-08,0.3450479233226837,Female,Unannotated (mixed identity; excluded)
tipE,5.9908605,1.1329932,2.0873377125659754e-09,8.713205266598176e-08,0.3248136315228967,Female,Unannotated (mixed identity; excluded)
CG12991,5.987929,1.1992551,2.125297584310251e-09,8.811310290869949e-08,0.30138445154419596,Female,Unannotated (mixed identity; excluded)
Pal2,5.9516683,1.0316938,2.654225906203764e-09,1.0856496500240832e-07,0.3556975505857295,Female,Unannotated (mixed identity; excluded)
alt,5.8932824,1.0898974,3.785990627244555e-09,1.4982934985546715e-07,0.32694355697550587,Female,Unannotated (mixed identity; excluded)
5-HT1A,5.8760552,1.2562219,4.2015774093216e-09,1.6414431744301597e-07,0.2928647497337593,Female,Unannotated (mixed identity; excluded)
da,5.8602743,1.0080051,4.621033766731711e-09,1.7824614108447097e-07,0.34930777422790205,Female,Unannotated (mixed identity; excluded)
E(Pc),5.85911,1.0730016,4.6535514743556854e-09,1.7893419217956293e-07,0.3226837060702875,Female,Unannotated (mixed identity; excluded)
bin3,5.8573833,1.0445727,4.7021776060829994e-09,1.796703537321181e-07,0.33120340788072417,Female,Unannotated (mixed identity; excluded)
PIP5K59B,5.8544517,1.0793014,4.785863420798488e-09,1.822965288628524e-07,0.33226837060702874,Female,Unannotated (mixed identity; excluded)
CG4829,5.8257403,1.0437328,5.685994767973419e-09,2.1523785784729195e-07,0.32800851970181044,Female,Unannotated (mixed identity; excluded)
AP-1gamma,5.810441,1.1394616,6.230845549705366e-09,2.322561969582835e-07,0.30564430244941426,Female,Unannotated (mixed identity; excluded)
Ubr1,5.773538,1.1156923,7.762406450753026e-09,2.841320487334193e-07,0.30564430244941426,Female,Unannotated (mixed identity; excluded)
CG42594,5.7661095,1.0611799,8.112247780864261e-09,2.9442646893022473e-07,0.329073482428115,Female,Unannotated (mixed identity; excluded)
BtbVII,5.725592,1.1405936,1.0307353587412476e-08,3.6951862610873725e-07,0.30244941427050054,Female,Unannotated (mixed identity; excluded)
app,5.6815414,1.3035455,1.3348613070938455e-08,4.7024926220135497e-07,0.26624068157614483,Female,Unannotated (mixed identity; excluded)
Chc,5.6801763,1.0022911,1.3455606408733686e-08,4.7265241070909193e-07,0.32694355697550587,Female,Unannotated (mixed identity; excluded)
CG42524,5.6485333,1.4582015,1.618222814614325e-08,5.603556217992616e-07,0.2523961661341853,Female,Unannotated (mixed identity; excluded)
Eip78C,5.427798,1.2700063,5.7053564915256974e-08,1.8063010461092655e-06,0.26091586794462196,Female,Unannotated (mixed identity; excluded)
Ucp4A,5.4067163,1.5335513,6.419070856402109e-08,2.0113638732309847e-06,0.22364217252396165,Female,Unannotated (mixed identity; excluded)
CG43759,5.397119,1.5663373,6.771945024700738e-08,2.1110802533523605e-06,0.2268370607028754,Female,Unannotated (mixed identity; excluded)
Rlip,5.3833857,1.2148691,7.309761569936775e-08,2.2671420808132148e-06,0.27689030883919064,Female,Unannotated (mixed identity; excluded)
tara,5.3252807,1.223711,1.0079730180612505e-07,3.0792438890096697e-06,0.25878594249201275,Female,Unannotated (mixed identity; excluded)
Actbeta,5.3035564,1.1224432,1.1356808101393358e-07,3.452073165782634e-06,0.2715654952076677,Female,Unannotated (mixed identity; excluded)
Imp,5.2545667,1.1757475,1.4837349867178652e-07,4.389622755607782e-06,0.27582534611288606,Female,Unannotated (mixed identity; excluded)
CG3744,5.2370586,1.2629046,1.631558328141736e-07,4.726851330125131e-06,0.24494142705005326,Female,Unannotated (mixed identity; excluded)
Dyb,5.236938,1.1116514,1.632623193028698e-07,4.726851330125131e-06,0.2779552715654952,Female,Unannotated (mixed identity; excluded)
CG32052,5.214853,1.1635896,1.8396345150923688e-07,5.263686644239645e-06,0.25878594249201275,Female,Unannotated (mixed identity; excluded)
Yp3,5.157631,2.1075792,2.5009411237445826e-07,7.0564748512321095e-06,0.17465388711395102,Female,Unannotated (mixed identity; excluded)
mir-9381,5.150001,1.3114804,2.604847285108931e-07,7.3326751866495986e-06,0.23535676251331203,Female,Unannotated (mixed identity; excluded)
CG31650,5.1214504,1.2378821,3.0319419749455727e-07,8.437520715208124e-06,0.24920127795527156,Female,Unannotated (mixed identity; excluded)
Ptp36E,5.076155,1.1879325,3.851491022377808e-07,1.0409273630102683e-05,0.25452609158679446,Female,Unannotated (mixed identity; excluded)
dsd,5.040577,1.1338637,4.641300382564275e-07,1.2433584695181528e-05,0.25026624068157616,Female,Unannotated (mixed identity; excluded)
cyri,5.02837,1.1561481,4.946671955264603e-07,1.3222584312000053e-05,0.24600638977635783,Female,Unannotated (mixed identity; excluded)
CG4080,4.9692607,1.0847267,6.720865764270685e-07,1.7356066271333766e-05,0.25559105431309903,Female,Unannotated (mixed identity; excluded)
lbk,4.9509096,1.1164558,7.386742278271335e-07,1.89153364768591e-05,0.23855165069222578,Female,Unannotated (mixed identity; excluded)
LpR1,4.898426,1.058173,9.66073351679786e-07,2.422935819675908e-05,0.25559105431309903,Female,Unannotated (mixed identity; excluded)
AMPdeam,4.841927,1.1970253,1.285859025925906e-06,3.128410312776621e-05,0.23109691160809373,Female,Unannotated (mixed identity; excluded)
Ptp10D,4.8351407,1.0102446,1.3305138759366273e-06,3.2241816369366895e-05,0.2577209797657082,Female,Unannotated (mixed identity; excluded)
lncRNA:CR43651,4.828234,1.2300829,1.3774911455434914e-06,3.324799915451409e-05,0.22470713525026625,Female,Unannotated (mixed identity; excluded)
5-HT2A,4.7710123,1.4283099,1.8330234845307931e-06,4.321609913529175e-05,0.20766773162939298,Female,Unannotated (mixed identity; excluded)
AGO2,4.7236285,1.314877,2.316732996631393e-06,5.368566253980998e-05,0.21938232161874335,Female,Unannotated (mixed identity; excluded)
bi,4.7094536,1.0703707,2.4838162989575054e-06,5.701551199245393e-05,0.25878594249201275,Female,Unannotated (mixed identity; excluded)
MtnF,4.68006,1.1937709,2.867912992830342e-06,6.497582057548149e-05,0.24068157614483493,Female,Unannotated (mixed identity; excluded)
FBXO11,4.6796584,1.1057125,2.873535468260286e-06,6.49824189659084e-05,0.23535676251331203,Female,Unannotated (mixed identity; excluded)
CG46301,4.653838,1.0800442,3.258126093716142e-06,7.233752086758845e-05,0.24281150159744408,Female,Unannotated (mixed identity; excluded)
dpr17,4.649903,1.3283726,3.320913723241773e-06,7.359748613198903e-05,0.20447284345047922,Female,Unannotated (mixed identity; excluded)
trn,4.632636,1.2365992,3.6103908696076487e-06,7.914937825476193e-05,0.22790202342917998,Female,Unannotated (mixed identity; excluded)
kairos,4.5723224,1.0118692,4.823485188307093e-06,0.0001036921710057763,0.25026624068157616,Female,Unannotated (mixed identity; excluded)
CG44247,4.414591,1.0192097,1.0120122474587514e-05,0.00020456745081715954,0.2417465388711395,Female,Unannotated (mixed identity; excluded)
CG33303,4.374234,1.0027512,1.218593887905882e-05,0.0002434990311423737,0.23535676251331203,Female,Unannotated (mixed identity; excluded)
Prp4k,4.2312803,1.1469254,2.3236487551445667e-05,0.000440874826183954,0.19808306709265175,Female,Unannotated (mixed identity; excluded)
Nrt,4.225739,1.219434,2.381580787512977e-05,0.00045076223942539873,0.2012779552715655,Female,Unannotated (mixed identity; excluded)
CG18467,4.2035728,1.489409,2.6273445852281802e-05,0.0004926877407591736,0.17358892438764642,Female,Unannotated (mixed identity; excluded)
qm,3.9991808,1.3067689,6.356213728342623e-05,0.0010912097061234964,0.17891373801916932,Female,Unannotated (mixed identity; excluded)
metro,3.9681003,1.0897298,7.244786334785403e-05,0.0012281877696063877,0.20766773162939298,Female,Unannotated (mixed identity; excluded)
bsd,3.9656105,1.389219,7.320830102041794e-05,0.0012380534076604402,0.17145899893503727,Female,Unannotated (mixed identity; excluded)
CG12084,3.9209576,1.0797583,8.819781484483249e-05,0.0014606564743799772,0.2012779552715655,Female,Unannotated (mixed identity; excluded)
Rab8,3.894254,1.024304,9.85013924010652e-05,0.0016159266110048233,0.19701810436634717,Female,Unannotated (mixed identity; excluded)
Cad87A,3.8554637,1.2772905,0.00011551049030006484,0.0018673174618932234,0.16400425985090522,Female,Unannotated (mixed identity; excluded)
stas,3.8434973,1.022703,0.0001212933458360322,0.001947884838465608,0.20234291799787008,Female,Unannotated (mixed identity; excluded)
oaf,3.776357,1.1840402,0.00015913882741365018,0.0024900425768228265,0.18210862619808307,Female,Unannotated (mixed identity; excluded)
lncRNA:CR45758,3.7484088,1.0142614,0.0001779600840342238,0.0027492464693195866,0.2012779552715655,Female,Unannotated (mixed identity; excluded)
Pgant2,3.7224681,1.15161,0.00019728478404933326,0.002998384330146288,0.17784877529286475,Female,Unannotated (mixed identity; excluded)
CARPB,3.706687,1.5289258,0.00020998819686706915,0.0031677551133820615,0.15228966986155484,Female,Unannotated (mixed identity; excluded)
CG12594,3.5922434,1.021374,0.00032784338519475605,0.004814557857998653,0.18636847710330137,Female,Unannotated (mixed identity; excluded)
Golgin97,3.585136,1.4195175,0.00033690275567074097,0.004923870130540362,0.15228966986155484,Female,Unannotated (mixed identity; excluded)
CG46339,3.5309658,1.0944055,0.00041404509934347256,0.005930429748410795,0.1703940362087327,Female,Unannotated (mixed identity; excluded)
fkh,3.5156667,1.3860604,0.00043865142467888806,0.0062316109736724554,0.154419595314164,Female,Unannotated (mixed identity; excluded)
lncRNA:alphagamma-element:CR32865,3.5007286,1.7122971,0.00046398790208597375,0.0065582972911112395,0.13205537806176784,Female,Unannotated (mixed identity; excluded)
PIG-T,3.482699,1.4123921,0.0004963864477274314,0.006936886073189772,0.14802981895633652,Female,Unannotated (mixed identity; excluded)
GEFmeso,3.4151971,1.0268805,0.0006373585017771169,0.008719150143839819,0.16826411075612355,Female,Unannotated (mixed identity; excluded)
CG17075,3.4109406,1.0026482,0.0006473916948747195,0.008806983670566914,0.1810436634717785,Female,Unannotated (mixed identity; excluded)
Pi3K68D,3.3781736,1.0624729,0.0007296897404902646,0.009816984819907103,0.15228966986155484,Female,Unannotated (mixed identity; excluded)
CG6051,3.3629546,1.2457118,0.0007711301412557613,0.010307755039104034,0.1597444089456869,Female,Unannotated (mixed identity; excluded)
ChT,3.3329985,1.1196405,0.0008591537475721547,0.011321324355845397,0.16613418530351437,Female,Unannotated (mixed identity; excluded)
CG7065,3.3193054,1.1474576,0.0009024163650277694,0.01181477236662028,0.1554845580404686,Female,Unannotated (mixed identity; excluded)
lncRNA:let7C,3.3097084,1.4434212,0.000933932366288681,0.012149094570643258,0.1288604898828541,Female,Unannotated (mixed identity; excluded)
lncRNA:CR43334,3.2312844,1.1085794,0.0012323527268028073,0.015711522802462012,0.16293929712460065,Female,Unannotated (mixed identity; excluded)
Rgk3,3.2090783,1.2619087,0.0013316122852688773,0.016854643972110433,0.14589989350372737,Female,Unannotated (mixed identity; excluded)
Hsp70Ab,3.2052636,1.7470433,0.0013493888597002144,0.017046627735638954,0.11714589989350373,Female,Unannotated (mixed identity; excluded)
SppL,3.1212578,1.0202767,0.001800802504426677,0.022216580694794298,0.15654952076677317,Female,Unannotated (mixed identity; excluded)
Hsp27,3.1007383,1.4381882,0.0019303877255796805,0.023695363531813417,0.12779552715654952,Female,Unannotated (mixed identity; excluded)
TyrR,3.0680919,1.2462863,0.002154304062838562,0.02615419544017852,0.134185303514377,Female,Unannotated (mixed identity; excluded)
haf,3.0633535,1.0119996,0.002188713690895611,0.02649278170638193,0.16826411075612355,Female,Unannotated (mixed identity; excluded)
Fili,3.0011926,1.1432877,0.0026892447293486886,0.03176279457948756,0.14802981895633652,Female,Unannotated (mixed identity; excluded)
robo2,2.989708,1.4131948,0.0027924423769121673,0.03279102132194837,0.1235356762513312,Female,Unannotated (mixed identity; excluded)
dome,2.9834437,1.5219394,0.0028502443450696816,0.03337332211532598,0.1235356762513312,Female,Unannotated (mixed identity; excluded)
Yp1,2.9812353,1.375417,0.0028708823046171322,0.03351837587258451,0.11288604898828541,Female,Unannotated (mixed identity; excluded)
Cep97,2.9537687,1.4509704,0.003139191752398035,0.036165981351587564,0.12034078807241747,Female,Unannotated (mixed identity; excluded)
acj6,2.9354177,1.1122217,0.0033309908015757657,0.037980773508332094,0.1501597444089457,Female,Unannotated (mixed identity; excluded)
SiaT,2.9338515,1.4251411,0.0033478432178522042,0.03806610166268705,0.12140575079872204,Female,Unannotated (mixed identity; excluded)
CG10555,2.89217,1.2013108,0.003825909148768281,0.0427834923067308,0.1299254526091587,Female,Unannotated (mixed identity; excluded)
lncRNA:CR42491,-2.9132516,-1.4710609,0.0035768619769631573,0.04036886170111474,0.06815761448349308,Female,Unannotated (mixed identity; excluded)
CG43693,-2.969791,-1.4563942,0.0029800259480119787,0.034626822002209734,0.07348242811501597,Female,Unannotated (mixed identity; excluded)
alrm,-3.176512,-1.2508032,0.0014905759040112125,0.01869200585801715,0.10010649627263046,Female,Unannotated (mixed identity; excluded)
Non1,-3.4733827,-1.1017606,0.0005139419122785735,0.007159357678586894,0.16932907348242812,Female,Unannotated (mixed identity; excluded)
Nt5a,-3.5637329,-1.2970253,0.00036561797171960343,0.005305377925345531,0.12779552715654952,Female,Unannotated (mixed identity; excluded)
asRNA:CR43259,-3.6064184,-1.4959028,0.0003104524640476185,0.004564662345327409,0.09691160809371673,Female,Unannotated (mixed identity; excluded)
Csas,-3.746923,-1.180505,0.00017901703794313793,0.00276207427277077,0.16080937167199147,Female,Unannotated (mixed identity; excluded)
CG31248,-3.9336467,-1.0879607,8.366673774702686e-05,0.0013950942084794945,0.18743343982960597,Female,Unannotated (mixed identity; excluded)
CG12177,-4.1145477,-1.2920058,3.8793906437683165e-05,0.0006994954520250297,0.14164004259850904,Female,Unannotated (mixed identity; excluded)
CG9467,-4.1577153,-1.4445693,3.214464509263344e-05,0.0005900769262561883,0.11608093716719915,Female,Unannotated (mixed identity; excluded)
GstE12,-4.1632166,-1.1133534,3.137955745881879e-05,0.000578646635197492,0.2012779552715655,Female,Unannotated (mixed identity; excluded)
CG12730,-4.342632,-1.2444052,1.4078590455052549e-05,0.0002772276882982803,0.17465388711395102,Female,Unannotated (mixed identity; excluded)
Chd64,-4.468239,-1.1706328,7.886625246150414e-06,0.00016348652232198537,0.21299254526091588,Female,Unannotated (mixed identity; excluded)
Got1,-4.54859,-1.0164508,5.400649569515605e-06,0.00011548862737337844,0.2577209797657082,Female,Unannotated (mixed identity; excluded)
aay,-4.6960416,-1.394456,2.652513962985083e-06,6.077348250906987e-05,0.15761448349307774,Female,Unannotated (mixed identity; excluded)
CG13631,-4.7752285,-1.1105546,1.7950319307564391e-06,4.256740117507828e-05,0.268370607028754,Female,Unannotated (mixed identity; excluded)
CG12926,-4.787195,-1.6097537,1.6912846956785e-06,4.0342601087329224e-05,0.11288604898828541,Female,Unannotated (mixed identity; excluded)
Phgdh,-4.881561,-1.0909748,1.0524947301519683e-06,2.602202487996418e-05,0.2577209797657082,Female,Unannotated (mixed identity; excluded)
CG13707,-6.234364,-1.8376852,4.536166249931388e-10,2.134800402332575e-08,0.12566560170394037,Female,Unannotated (mixed identity; excluded)
CG12355,-6.3087325,-1.3145362,2.8132995658486136e-10,1.3716523363251502e-08,0.23322683706070288,Female,Unannotated (mixed identity; excluded)
asRNA:CR44107,-6.3606133,-1.6409042,2.0094944904644723e-10,1.0121375348872501e-08,0.16613418530351437,Female,Unannotated (mixed identity; excluded)
GstE2,-6.6278896,-1.4118646,3.405202231528665e-11,1.9647644413301313e-09,0.21512247071352503,Female,Unannotated (mixed identity; excluded)
lncRNA:CR40469,-6.775261,-1.1817627,1.2418212672351922e-11,7.68353270372069e-10,0.3801916932907348,Female,Unannotated (mixed identity; excluded)
RpL22,-7.040971,-1.9201056,1.9090530968164835e-12,1.2927471220608956e-10,0.1395101171458999,Female,Unannotated (mixed identity; excluded)
RpS24,-8.2657175,-1.0005314,1.3885683115568286e-16,1.6593391323104102e-14,0.4909478168264111,Female,Unannotated (mixed identity; excluded)
GstD1,-8.594753,-1.3342457,8.344408988022593e-18,1.2108333470834213e-15,0.3706070287539936,Female,Unannotated (mixed identity; excluded)
CAH1,-8.736061,-1.6288761,2.4138030173627125e-18,3.821018828394039e-16,0.2896698615548456,Female,Unannotated (mixed identity; excluded)
euc,-8.823038,-1.3218212,1.113957011560931e-18,1.8348678397184037e-16,0.47071352502662406,Female,Unannotated (mixed identity; excluded)
RpS13,-9.134807,-1.1255863,6.552401298520317e-20,1.3311203237944024e-17,0.48775292864749736,Female,Unannotated (mixed identity; excluded)
Tctp,-9.147054,-1.0407633,5.850743659676241e-20,1.2087239740304017e-17,0.5527156549520766,Female,Unannotated (mixed identity; excluded)
eEF1alpha1,-9.479221,-1.1216884,2.5618799868130405e-21,6.24535103185283e-19,0.5665601703940362,Female,Unannotated (mixed identity; excluded)
nrv2,-9.802474,-1.034303,1.0986119335214469e-22,3.043404740384754e-20,0.6315228966986155,Female,Unannotated (mixed identity; excluded)
RpS23,-10.063325,-1.1342349,8.024143554671179e-24,2.7168412718857502e-21,0.5228966986155484,Female,Unannotated (mixed identity; excluded)
Gs2,-10.662127,-1.6973591,1.530578897484372e-26,7.773427575598755e-24,0.4110756123535676,Female,Unannotated (mixed identity; excluded)
