Gene_set,Term,Overlap,P-value,Adjusted P-value,Old P-value,Old Adjusted P-value,Z-score,Combined Score,Genes
GO_Biological_Process_2018,regulation of autophagosome maturation (GO:1901096),2/6,0.0005809554300378,0.0997433594706919,0.001478043351336,0.1999501530990576,-3.1112158224594726,23.18116046086245,Rab21;Mitf
GO_Biological_Process_2018,positive regulation of filopodium assembly (GO:0051491),3/23,0.0003943095754384,0.0997433594706919,0.0008983725097824,0.1999501530990576,-2.778751624695137,21.78089513414764,CG15456;HSPC300;Cdc42
GO_Biological_Process_2018,positive regulation of plasma membrane bounded cell projection assembly (GO:0120034),3/27,0.0006393805094275,0.0997433594706919,0.001373560416997,0.1999501530990576,-2.3611990913251004,17.366644828035774,CG15456;HSPC300;Cdc42
GO_Biological_Process_2018,positive regulation of lamellipodium organization (GO:1902745),2/10,0.001714301776435,0.1002866539214485,0.0034179513350266,0.1999501530990576,-3.629963160222668,23.118325730293588,HSPC300;Cdc42
GO_Biological_Process_2018,positive regulation of organelle organization (GO:0010638),2/10,0.001714301776435,0.1002866539214485,0.0034179513350266,0.1999501530990576,-3.1507524603765145,20.06635286900269,Rab21;Mitf
GO_Biological_Process_2018,regulation of filopodium assembly (GO:0051489),3/33,0.0011602372613181,0.1002866539214485,0.0023404349902673,0.1999501530990576,-2.2626849155429194,15.293783210931986,CG15456;HSPC300;Cdc42
GO_Biological_Process_2018,negative regulation of protein kinase activity (GO:0006469),2/10,0.001714301776435,0.1002866539214485,0.0034179513350266,0.1999501530990576,-2.546735381814331,16.219519457061306,pcs;PRAS40
GO_Biological_Process_2018,positive regulation of lamellipodium assembly (GO:0010592),2/10,0.001714301776435,0.1002866539214485,0.0034179513350266,0.1999501530990576,-3.5813304246167985,22.80859602415994,HSPC300;Cdc42
GO_Molecular_Function_2018,fucosyltransferase activity (GO:0008417),2/8,0.0010755223632445,0.1116347021348952,0.0019921394783837,0.1823476841314435,-5.228571357204478,35.73701760795403,FucTA;FucT6
GO_Molecular_Function_2018,nucleosome-dependent ATPase activity (GO:0070615),2/11,0.0020866299464466,0.1116347021348952,0.0034083679276905,0.1823476841314435,-2.535868013370499,15.651897181363331,MEP-1;Caf1-55
GO_Biological_Process_2018,actin polymerization or depolymerization (GO:0008154),2/14,0.0034099919155615,0.1704141493959165,0.0060969578323322,0.3062520220081912,-3.14876958622854,17.88830284280631,capt;Cdc42
GO_Biological_Process_2018,neuron development (GO:0048666),3/49,0.0036413279785452,0.1704141493959165,0.0066604991013013,0.3062520220081912,-1.5398570041707864,8.646923545522446,fru;M6;Cdc42
GO_Biological_Process_2018,embryo development ending in birth or egg hatching (GO:0009792),3/57,0.0055757973969334,0.1759580851911625,0.0098904225864996,0.3062520220081912,-1.6259803663400996,8.43773233876188,Myc;Trf;Yp3
GO_Biological_Process_2018,cytoplasmic translation (GO:0002181),4/107,0.0047029000717314,0.1759580851911625,0.0091386581482933,0.3062520220081912,-1.3072640412795893,7.006380881974329,RpL29;RpL39;RpL22;RpL41
GO_Biological_Process_2018,regulation of lamellipodium assembly (GO:0010591),2/18,0.0056396822176654,0.1759580851911625,0.0094713714584921,0.3062520220081912,-2.744588677075343,14.211281350369468,HSPC300;Cdc42
GO_Biological_Process_2018,regulation of protein kinase activity (GO:0045859),2/16,0.0044598172798355,0.1759580851911625,0.0076998961230186,0.3062520220081912,-2.5637717030289333,13.876792453940562,PRAS40;Cdc42
GO_Biological_Process_2018,positive regulation of macroautophagy (GO:0016239),2/17,0.0050337075373408,0.1759580851911625,0.0085648925451813,0.3062520220081912,-2.567234777696657,13.584775651123056,Rab21;Mitf
GO_Molecular_Function_2018,core promoter sequence-specific DNA binding (GO:0001046),1/12,0.0730540994174438,0.1861140151825354,0.0856094418819653,0.2181002447945308,-2.52868861844217,6.616452909711786,Trf
GO_Molecular_Function_2018,protease binding (GO:0002020),1/12,0.0730540994174438,0.1861140151825354,0.0856094418819653,0.2181002447945308,-2.4728471028261745,6.470340511456999,Myc
GO_Molecular_Function_2018,alditol:NADP+ 1-oxidoreductase activity (GO:0004032),1/9,0.0553027506207479,0.1861140151825354,0.0665117268032908,0.2181002447945308,-2.642534983210058,7.649960753339233,CG6083
GO_Molecular_Function_2018,polymerase III regulatory region sequence-specific DNA binding (GO:0000992),1/10,0.0612570227090743,0.1861140151825354,0.0729204708086666,0.2181002447945308,-2.529585193372584,7.0643138316911465,Trf
GO_Molecular_Function_2018,potassium ion antiporter activity (GO:0022821),1/11,0.0671740619904561,0.1861140151825354,0.0792862823474535,0.2181002447945308,-3.7179617142530814,10.040236962669194,zyd
GO_Molecular_Function_2018,microtubule-severing ATPase activity (GO:0008568),1/8,0.0493110133040359,0.1861140151825354,0.0600597680702518,0.2181002447945308,-3.354945652728792,10.097070703298822,kat-60L1
GO_Molecular_Function_2018,calcium ion transmembrane transporter activity (GO:0015085),2/29,0.0143055014031014,0.1861140151825354,0.0187986891753777,0.2181002447945308,-1.9113813880812156,8.117849113850417,zyd;wtrw
GO_Molecular_Function_2018,RNA polymerase II basal transcription factor binding (GO:0001091),1/12,0.0730540994174438,0.1861140151825354,0.0856094418819653,0.2181002447945308,-1.9888277548068225,5.2038772544932455,Trf
GO_Molecular_Function_2018,GTPase activity (GO:0003924),3/107,0.0301716907452347,0.1861140151825354,0.038909200796232,0.2181002447945308,-1.1204111473741754,3.922392694955617,Rab21;Arl1;Cdc42
GO_Molecular_Function_2018,nucleoside-triphosphatase activity (GO:0017111),5/230,0.0153068941958724,0.1861140151825354,0.0212031616621656,0.2181002447945308,-0.9701001694203378,4.054487045784666,kat-60L1;Rab21;Arl1;sun;Cdc42
GO_Molecular_Function_2018,G-protein coupled photoreceptor activity (GO:0008020),1/9,0.0553027506207479,0.1861140151825354,0.0665117268032908,0.2181002447945308,-1.477844995081437,4.2782617008757,Rh2
GO_Molecular_Function_2018,GTP binding (GO:0005525),2/56,0.0486275761268158,0.1861140151825354,0.05953790513066,0.2181002447945308,-1.4092611129540016,4.260991870913856,Arl1;Cdc42
GO_Molecular_Function_2018,poly(U) RNA binding (GO:0008266),1/12,0.0730540994174438,0.1861140151825354,0.0856094418819653,0.2181002447945308,-1.530963659622852,4.005850655750195,Sxl
GO_Molecular_Function_2018,alcohol dehydrogenase (NADP+) activity (GO:0008106),1/9,0.0553027506207479,0.1861140151825354,0.0665117268032908,0.2181002447945308,-2.6462967724437645,7.660850879745516,CG6083
GO_Molecular_Function_2018,calcium channel activity (GO:0005262),2/32,0.017263773394708,0.1861140151825354,0.0223889701327515,0.2181002447945308,-1.9943401555979203,8.095315863791228,zyd;wtrw
GO_Molecular_Function_2018,gap junction channel activity (GO:0005243),1/7,0.0432815769395244,0.1861140151825354,0.0535643105427971,0.2181002447945308,-3.2957864477971137,10.348862418081527,ogre
GO_Molecular_Function_2018,palmitoyltransferase activity (GO:0016409),2/28,0.0133734965153068,0.1861140151825354,0.0176617338599562,0.2181002447945308,-2.487973522892424,10.734313006679844,CG4676;Patsas
GO_Molecular_Function_2018,core promoter binding (GO:0001047),1/11,0.0671740619904561,0.1861140151825354,0.0792862823474535,0.2181002447945308,-2.460345584161004,6.644084736089284,Trf
GO_Molecular_Function_2018,guanyl ribonucleotide binding (GO:0032561),2/60,0.0549968015397526,0.1861140151825354,0.0669631252650278,0.2181002447945308,-1.9327868090046008,5.60600996555457,Arl1;Cdc42
GO_Molecular_Function_2018,kinase binding (GO:0019900),2/64,0.0616412826708548,0.1861140151825354,0.074680822883802,0.2181002447945308,-1.147776777248667,3.1981921386019305,Rab21;Cdc42
GO_Molecular_Function_2018,transcription coactivator activity (GO:0003713),2/63,0.0599553244631406,0.1861140151825354,0.0727251123858315,0.2181002447945308,-1.221007492549509,3.436105056179243,MED21;yki
GO_Molecular_Function_2018,purine ribonucleoside binding (GO:0032550),2/56,0.0486275761268158,0.1861140151825354,0.05953790513066,0.2181002447945308,-1.6519123147722954,4.99466343036529,Arl1;Cdc42
GO_Molecular_Function_2018,protein-cysteine S-acyltransferase activity (GO:0019707),2/24,0.0099260309362348,0.1861140151825354,0.0134249802635047,0.2181002447945308,-2.577417024146314,11.888579809211487,CG4676;Patsas
GO_Molecular_Function_2018,kinase inhibitor activity (GO:0019210),1/6,0.0372142062254554,0.1861140151825354,0.0470250683347359,0.2181002447945308,-2.9189644064775133,9.606500726953536,pcs
GO_Molecular_Function_2018,calcium:cation antiporter activity (GO:0015368),1/8,0.0493110133040359,0.1861140151825354,0.0600597680702518,0.2181002447945308,-3.1688447901838703,9.536980090345793,zyd
GO_Molecular_Function_2018,protein kinase inhibitor activity (GO:0004860),1/7,0.0432815769395244,0.1861140151825354,0.0535643105427971,0.2181002447945308,-2.849590265804511,8.947793819719791,pcs
GO_Molecular_Function_2018,wide pore channel activity (GO:0022829),1/8,0.0493110133040359,0.1861140151825354,0.0600597680702518,0.2181002447945308,-2.880458093304202,8.669049229553334,ogre
GO_Molecular_Function_2018,aldo-keto reductase (NADP) activity (GO:0004033),1/9,0.0553027506207479,0.1861140151825354,0.0665117268032908,0.2181002447945308,-3.3378840548550084,9.662949471275873,CG6083
GO_Molecular_Function_2018,poly-purine tract binding (GO:0070717),1/10,0.0612570227090743,0.1861140151825354,0.0729204708086666,0.2181002447945308,-3.468078081641041,9.685221128629978,Sxl
GO_Molecular_Function_2018,histone methyltransferase activity (H3-K9 specific) (GO:0046974),1/6,0.0372142062254554,0.1861140151825354,0.0470250683347359,0.2181002447945308,-3.766499314000228,12.39579294551152,Caf1-55
GO_Molecular_Function_2018,poly(A) binding (GO:0008143),1/9,0.0553027506207479,0.1861140151825354,0.0665117268032908,0.2181002447945308,-3.519141905434501,10.187678737672693,Sxl
GO_Molecular_Function_2018,histone methyltransferase activity (H3-K27 specific) (GO:0046976),1/6,0.0372142062254554,0.1861140151825354,0.0470250683347359,0.2181002447945308,-3.476514646359393,11.441434641479038,Caf1-55
GO_Molecular_Function_2018,protein-cysteine S-palmitoyltransferase activity (GO:0019706),2/24,0.0099260309362348,0.1861140151825354,0.0134249802635047,0.2181002447945308,-2.563520330899965,11.8244799971921,CG4676;Patsas
GO_Molecular_Function_2018,RNA polymerase II core promoter sequence-specific DNA binding (GO:0000979),1/6,0.0372142062254554,0.1861140151825354,0.0470250683347359,0.2181002447945308,-3.4517909018114707,11.360067198475772,Trf
GO_Molecular_Function_2018,mRNA 5'-UTR binding (GO:0048027),1/7,0.0432815769395244,0.1861140151825354,0.0535643105427971,0.2181002447945308,-4.420219773531557,13.87961478042268,Sxl
GO_Molecular_Function_2018,"calcium, potassium:sodium antiporter activity (GO:0008273)",1/6,0.0372142062254554,0.1861140151825354,0.0470250683347359,0.2181002447945308,-4.14593587654852,13.644543223474528,zyd
GO_Molecular_Function_2018,phosphatidylinositol-3-phosphate binding (GO:0032266),1/12,0.0730540994174438,0.1861140151825354,0.0856094418819653,0.2181002447945308,-2.7805295396425675,7.2754085374266,Pex23
GO_Molecular_Function_2018,"oxidoreductase activity, acting on the CH-NH group of donors, NAD or NADP as acceptor (GO:0016646)",1/12,0.0730540994174438,0.1861140151825354,0.0856094418819653,0.2181002447945308,-2.8179805633148227,7.373401201584923,CG5412
GO_Molecular_Function_2018,"ATPase activity, coupled (GO:0042623)",3/107,0.0301716907452347,0.1861140151825354,0.038909200796232,0.2181002447945308,-1.2566525602214291,4.399353606809195,MEP-1;kat-60L1;Caf1-55
GO_Molecular_Function_2018,ubiquitin-specific protease binding (GO:1990381),1/7,0.0432815769395244,0.1861140151825354,0.0535643105427971,0.2181002447945308,-4.255939603376978,13.363770411900228,Myc
GO_Biological_Process_2018,peptidyl-L-cysteine S-palmitoylation (GO:0018230),2/21,0.0076459276952875,0.188331271652347,0.0124333085858026,0.3062520220081912,-2.599349153395411,12.668141506401248,CG4676;Patsas
GO_Biological_Process_2018,peptidyl-S-diacylglycerol-L-cysteine biosynthetic process from peptidyl-cysteine (GO:0018231),2/21,0.0076459276952875,0.188331271652347,0.0124333085858026,0.3062520220081912,-2.7577228808670537,13.439988869763823,CG4676;Patsas
GO_Biological_Process_2018,phototaxis (GO:0042331),2/21,0.0076459276952875,0.188331271652347,0.0124333085858026,0.3062520220081912,-2.6368437899972323,12.850874696200895,M6;cdm
GO_Biological_Process_2018,regulation of actin polymerization or depolymerization (GO:0008064),2/21,0.0076459276952875,0.188331271652347,0.0124333085858026,0.3062520220081912,-2.0658432204453767,10.068056541175512,HSPC300;Cdc42
GO_Biological_Process_2018,compound eye development (GO:0048749),5/198,0.0084130556803661,0.1968655029205688,0.0170613945722798,0.3127048864087453,-1.12063605078877,5.354366027836264,Nf-YB;M6;Mitf;capt;caz
GO_Biological_Process_2018,plasma membrane bounded cell projection organization (GO:0120036),2/23,0.0091362426889172,0.2036076942101559,0.0146037435120166,0.3127048864087453,-2.6046954823169437,12.23036342791978,M6;Cdc42
GO_Biological_Process_2018,regulation of imaginal disc-derived wing size (GO:0044719),2/27,0.0124691627862628,0.2244449301527309,0.0193925831690363,0.3127048864087453,-2.3480407979083275,10.294977035444,Myc;fru
GO_Biological_Process_2018,protein acylation (GO:0043543),2/26,0.0115928826171304,0.2244449301527309,0.0181408697314002,0.3127048864087453,-2.419723435843937,10.785587979641472,CG4676;Patsas
GO_Biological_Process_2018,regulation of developmental growth (GO:0048638),3/76,0.012288824516634,0.2244449301527309,0.0207009747786557,0.3127048864087453,-1.0859801937360722,4.777297466922246,Myc;HSPC300;Cdc42
GO_Biological_Process_2018,dsRNA transport (GO:0033227),2/27,0.0124691627862628,0.2244449301527309,0.0193925831690363,0.3127048864087453,-2.39518483187971,10.501679894919834,Arl1;Bet3
GO_Biological_Process_2018,protein palmitoylation (GO:0018345),2/27,0.0124691627862628,0.2244449301527309,0.0193925831690363,0.3127048864087453,-2.3866833294020258,10.46440508570336,CG4676;Patsas
GO_Molecular_Function_2018,"proton-transporting ATP synthase activity, rotational mechanism (GO:0046933)",1/15,0.0904744890703475,0.2251341937331902,0.1043257863825083,0.2596013754169392,-2.300718719337853,5.527907778367628,sun
GO_Biological_Process_2018,circadian sleep/wake cycle (GO:0042745),1/6,0.0372142062254554,0.2270323446535968,0.0509074534074921,0.3127048864087453,-4.262251131342956,14.027344252928309,ITP
GO_Biological_Process_2018,transcription initiation from RNA polymerase II promoter (GO:0006367),2/57,0.0501930953507209,0.2270323446535968,0.0709872735785149,0.3127048864087453,-1.5994768548185891,4.785439300837028,Trf;caz
GO_Biological_Process_2018,female germ-line sex determination (GO:0019099),1/6,0.0372142062254554,0.2270323446535968,0.0509074534074921,0.3127048864087453,-3.235409166618016,10.647940907445095,Sxl
GO_Biological_Process_2018,regulation of cellular carbohydrate metabolic process (GO:0010675),1/8,0.0493110133040359,0.2270323446535968,0.064978488827482,0.3127048864087453,-3.204969398223324,9.645700993531404,Myc
GO_Biological_Process_2018,mRNA processing (GO:0006397),4/213,0.0459079682993068,0.2270323446535968,0.0772030513056599,0.3127048864087453,-1.0004157685768165,3.0823976071441903,Sf3b5;Sxl;caz;ubl
GO_Biological_Process_2018,negative regulation of apoptotic process (GO:0043066),3/106,0.0294576125029719,0.2270323446535968,0.0470565659285174,0.3127048864087453,-1.0727026024729025,3.781065258217117,Nf-YB;yki;CG15456
GO_Biological_Process_2018,positive regulation of nucleic acid-templated transcription (GO:1903508),3/135,0.0537913194056,0.2270323446535968,0.0827951196757586,0.3202323637045872,-1.2415988076277316,3.628750280171909,Nf-YB;Myc;Mitf
GO_Biological_Process_2018,"positive regulation of transcription, DNA-templated (GO:0045893)",6/379,0.0329808537827933,0.2270323446535968,0.0650508751495991,0.3127048864087453,-0.9468663539907328,3.2305452091464573,Nf-YB;MED21;yki;Myc;Trf;Mitf
GO_Biological_Process_2018,translation (GO:0006412),4/225,0.054113980979164,0.2270323446535968,0.089925785219794,0.3206947807340564,-1.02030719395979,2.9758919331911438,RpL29;RpL39;RpL22;RpL41
GO_Biological_Process_2018,compound eye morphogenesis (GO:0001745),3/131,0.0499980295316229,0.2270323446535968,0.0773139737629363,0.3127048864087453,-1.0917343398013235,3.270586821297647,rg;M6;Mitf
GO_Biological_Process_2018,oogenesis (GO:0048477),4/216,0.0478892066835574,0.2270323446535968,0.0802919960430478,0.3157702029255997,-0.982125211750317,2.9845460594322293,Sxl;M6;capt;Cdc42
GO_Biological_Process_2018,protein localization to Golgi apparatus (GO:0034067),1/7,0.0432815769395244,0.2270323446535968,0.0579687977007198,0.3127048864087453,-4.83722056024757,15.189009014032758,Arl1
GO_Biological_Process_2018,copulation (GO:0007620),1/7,0.0432815769395244,0.2270323446535968,0.0579687977007198,0.3127048864087453,-4.283276248546231,13.449608248880711,fru
GO_Biological_Process_2018,negative regulation of mRNA processing (GO:0050686),1/6,0.0372142062254554,0.2270323446535968,0.0509074534074921,0.3127048864087453,-3.985871711133536,13.117761698490522,Sxl
GO_Biological_Process_2018,oxidative phosphorylation (GO:0006119),1/8,0.0493110133040359,0.2270323446535968,0.064978488827482,0.3127048864087453,-4.650346388366896,13.995718899344752,Cyt-c-p
GO_Biological_Process_2018,positive regulation of gliogenesis (GO:0014015),1/6,0.0372142062254554,0.2270323446535968,0.0509074534074921,0.3127048864087453,-3.905244680394053,12.852412923530425,yki
GO_Biological_Process_2018,regulation of synaptic growth at neuromuscular junction (GO:0008582),3/110,0.0323684842158451,0.2270323446535968,0.0514125281377352,0.3127048864087453,-1.3649008977722903,4.682388126047403,HSPC300;caz;Cdc42
GO_Biological_Process_2018,establishment of protein localization to membrane (GO:0090150),2/39,0.0250658983689977,0.2270323446535968,0.0370109305835505,0.3127048864087453,-2.0356920087182444,7.504063534283924,CG4676;Patsas
GO_Biological_Process_2018,secretory granule organization (GO:0033363),1/7,0.0432815769395244,0.2270323446535968,0.0579687977007198,0.3127048864087453,-3.7015024124693374,11.622821992136595,Arl1
GO_Biological_Process_2018,negative regulation of peptidyl-tyrosine phosphorylation (GO:0050732),1/6,0.0372142062254554,0.2270323446535968,0.0509074534074921,0.3127048864087453,-3.442937242078696,11.330929231438434,pcs
GO_Biological_Process_2018,transcription initiation from RNA polymerase III promoter (GO:0006384),1/7,0.0432815769395244,0.2270323446535968,0.0579687977007198,0.3127048864087453,-3.5616849580985663,11.183791241252647,Trf
GO_Biological_Process_2018,regulation of histone H3-K4 methylation (GO:0051569),1/8,0.0493110133040359,0.2270323446535968,0.064978488827482,0.3127048864087453,-3.6876942466402487,11.098513476720358,yki
GO_Biological_Process_2018,muscle organ morphogenesis (GO:0048644),1/8,0.0493110133040359,0.2270323446535968,0.064978488827482,0.3127048864087453,-3.6535473873045694,10.995744821517995,pcs
GO_Biological_Process_2018,muscle cell fate specification (GO:0042694),1/9,0.0553027506207479,0.2270323446535968,0.07193689815621,0.3127048864087453,-3.4624256929651653,10.023489123448018,pcs
GO_Biological_Process_2018,folic acid-containing compound metabolic process (GO:0006760),1/9,0.0553027506207479,0.2270323446535968,0.07193689815621,0.3127048864087453,-3.4246294272869022,9.914071480579102,CG5412
GO_Biological_Process_2018,cAMP biosynthetic process (GO:0006171),1/6,0.0372142062254554,0.2270323446535968,0.0509074534074921,0.3127048864087453,-3.4757781295725123,11.4390107170787,Ac78C
GO_Biological_Process_2018,peptidyl-asparagine modification (GO:0018196),1/7,0.0432815769395244,0.2270323446535968,0.0579687977007198,0.3127048864087453,-3.659760980507892,11.491752718278926,FucT6
GO_Biological_Process_2018,"DNA-templated transcription, initiation (GO:0006352)",2/58,0.0517766624992305,0.2270323446535968,0.073094061544079,0.3127048864087453,-2.0512326639706053,6.073322003298795,Trf;caz
GO_Biological_Process_2018,neuron projection development (GO:0031175),2/45,0.0326825739039516,0.2270323446535968,0.0474357376749961,0.3127048864087453,-1.571316837548655,5.375338591499677,M6;Cdc42
GO_Biological_Process_2018,protein glycosylation (GO:0006486),2/52,0.0425517879711562,0.2270323446535968,0.0607709040758895,0.3127048864087453,-1.6903997578745735,5.33664850235217,FucTA;FucT6
GO_Biological_Process_2018,negative regulation of programmed cell death (GO:0043069),3/89,0.0187187503109298,0.2270323446535968,0.030730412386629,0.3127048864087453,-1.3158783737888742,5.234866253256213,Nf-YB;yki;CG15456
GO_Biological_Process_2018,regulation of apoptotic process (GO:0042981),4/152,0.0157063709210647,0.2270323446535968,0.0283429872421736,0.3127048864087453,-1.192155907181942,4.951844708408033,Nf-YB;yki;Myc;CG15456
GO_Biological_Process_2018,Ras protein signal transduction (GO:0007265),3/85,0.0165768626237285,0.2270323446535968,0.0274153751751617,0.3127048864087453,-1.363084075946053,5.58830036053978,Rab21;CRMP;Cdc42
GO_Biological_Process_2018,regulation of cysteine-type endopeptidase activity involved in apoptotic process (GO:0043281),1/9,0.0553027506207479,0.2270323446535968,0.07193689815621,0.3127048864087453,-3.532135237590333,10.225293558925303,Cyt-c-p
GO_Biological_Process_2018,delamination (GO:0060232),1/7,0.0432815769395244,0.2270323446535968,0.0579687977007198,0.3127048864087453,-3.200579881623089,10.049911114579595,disco-r
GO_Biological_Process_2018,regulation of cell motility (GO:2000145),1/8,0.0493110133040359,0.2270323446535968,0.064978488827482,0.3127048864087453,-3.4595597634974085,10.41191815012238,Arl1
GO_Biological_Process_2018,positive regulation of R7 cell differentiation (GO:0045678),1/8,0.0493110133040359,0.2270323446535968,0.064978488827482,0.3127048864087453,-3.4208098081998104,10.295295981274046,Nf-YB
GO_Biological_Process_2018,"transcription, DNA-templated (GO:0006351)",3/106,0.0294576125029719,0.2270323446535968,0.0470565659285174,0.3127048864087453,-1.171470173220509,4.129201479320123,Myc;Trf;Caf1-55
GO_Biological_Process_2018,tetrahydrofolate metabolic process (GO:0046653),1/8,0.0493110133040359,0.2270323446535968,0.064978488827482,0.3127048864087453,-4.787534937564124,14.40860263109782,CG5412
GO_Biological_Process_2018,intracellular protein transport (GO:0006886),4/173,0.0239701554791111,0.2270323446535968,0.0421158777833991,0.3127048864087453,-1.073101820246788,4.003684669292138,Rab21;Arl1;Sara;cdm
GO_Biological_Process_2018,regulation of Notch signaling pathway (GO:0008593),3/117,0.037810575457811,0.2270323446535968,0.0594906867410751,0.3127048864087453,-1.2527970907328658,4.103118989539382,Myc;Sara;CRMP
GO_Biological_Process_2018,regulation of neuromuscular junction development (GO:1904396),2/42,0.0287721388646664,0.2270323446535968,0.0421001954019817,0.3127048864087453,-1.397591627400815,4.959141121330147,HSPC300;Cdc42
GO_Biological_Process_2018,muscle organ development (GO:0007517),2/43,0.0300533712050059,0.2270323446535968,0.043851996193042,0.3127048864087453,-1.485207527280478,5.205326287642407,pcs;fru
GO_Biological_Process_2018,negative regulation of protein tyrosine kinase activity (GO:0061099),1/7,0.0432815769395244,0.2270323446535968,0.0579687977007198,0.3127048864087453,-3.3311571170952115,10.4599273174612,pcs
GO_Biological_Process_2018,purine ribonucleotide biosynthetic process (GO:0009152),2/33,0.0183027112089106,0.2270323446535968,0.0276254775164718,0.3127048864087453,-2.0520713667827004,8.20973438673729,Ac78C;Papss
GO_Biological_Process_2018,nitrogen compound transport (GO:0071705),1/9,0.0553027506207479,0.2270323446535968,0.07193689815621,0.3127048864087453,-2.613019497912478,7.564515411810407,mnd
GO_Biological_Process_2018,cortical cytoskeleton organization (GO:0030865),2/38,0.023877428380793,0.2270323446535968,0.0353715479348166,0.3127048864087453,-2.080766490373468,7.771291810715135,Rab21;Cdc42
GO_Biological_Process_2018,L-alpha-amino acid transmembrane transport (GO:1902475),1/7,0.0432815769395244,0.2270323446535968,0.0579687977007198,0.3127048864087453,-3.4115571255817203,10.712385612140944,mnd
GO_Biological_Process_2018,transcription from RNA polymerase I promoter (GO:0006360),1/9,0.0553027506207479,0.2270323446535968,0.07193689815621,0.3127048864087453,-3.7964616767273776,10.990500793007762,Myc
GO_Biological_Process_2018,regulation of G-protein coupled receptor protein signaling pathway (GO:0008277),1/8,0.0493110133040359,0.2270323446535968,0.064978488827482,0.3127048864087453,-1.9776322689753567,5.951897560167022,sun
GO_Biological_Process_2018,hippo signaling (GO:0035329),1/7,0.0432815769395244,0.2270323446535968,0.0579687977007198,0.3127048864087453,-3.4073788906030065,10.699265836442484,yki
GO_Biological_Process_2018,calcium ion transport (GO:0006816),2/42,0.0287721388646664,0.2270323446535968,0.0421001954019817,0.3127048864087453,-1.9045758060173208,6.758097296186977,zyd;wtrw
GO_Biological_Process_2018,RNA transport (GO:0050658),2/52,0.0425517879711562,0.2270323446535968,0.0607709040758895,0.3127048864087453,-1.9176658809929028,6.054135244718827,Arl1;Bet3
GO_Biological_Process_2018,synaptic vesicle recycling (GO:0036465),2/41,0.0275135926506402,0.2270323446535968,0.0403757550660682,0.3127048864087453,-1.6700607209382283,6.000653622319277,Pldn;Arl1
GO_Biological_Process_2018,response to lipid (GO:0033993),1/9,0.0553027506207479,0.2270323446535968,0.07193689815621,0.3127048864087453,-2.309484160757104,6.685801059401162,CG5412
GO_Biological_Process_2018,positive regulation of growth (GO:0045927),2/45,0.0326825739039516,0.2270323446535968,0.0474357376749961,0.3127048864087453,-2.0183434500696813,6.904577853939159,yki;Myc
GO_Biological_Process_2018,positive regulation of glial cell proliferation (GO:0060252),1/6,0.0372142062254554,0.2270323446535968,0.0509074534074921,0.3127048864087453,-2.045757925942159,6.73272170058772,yki
GO_Biological_Process_2018,renal filtration (GO:0097205),1/8,0.0493110133040359,0.2270323446535968,0.064978488827482,0.3127048864087453,-2.8727932526951605,8.645981065246094,Cdc42
GO_Biological_Process_2018,pyrimidine nucleobase biosynthetic process (GO:0019856),1/9,0.0553027506207479,0.2270323446535968,0.07193689815621,0.3127048864087453,-3.929595649352456,11.37591467474975,CRMP
GO_Biological_Process_2018,exocyst localization (GO:0051601),1/6,0.0372142062254554,0.2270323446535968,0.0509074534074921,0.3127048864087453,-3.8354547261298144,12.622729668439788,Cdc42
GO_Biological_Process_2018,'de novo' pyrimidine nucleobase biosynthetic process (GO:0006207),1/9,0.0553027506207479,0.2270323446535968,0.07193689815621,0.3127048864087453,-4.291424271505743,12.423384160109224,CRMP
GO_Biological_Process_2018,regulation of cytokinetic process (GO:0032954),1/6,0.0372142062254554,0.2270323446535968,0.0509074534074921,0.3127048864087453,-3.671772531051408,12.084040973736723,flw
GO_Biological_Process_2018,positive regulation of cell development (GO:0010720),1/7,0.0432815769395244,0.2270323446535968,0.0579687977007198,0.3127048864087453,-3.902593206624208,12.254252758423798,Myc
GO_Biological_Process_2018,negative regulation of cell-cell adhesion (GO:0022408),1/7,0.0432815769395244,0.2270323446535968,0.0579687977007198,0.3127048864087453,-3.801770601328535,11.937666933655064,disco-r
GO_Biological_Process_2018,stem cell fate commitment (GO:0048865),1/9,0.0553027506207479,0.2270323446535968,0.07193689815621,0.3127048864087453,-4.07687170464323,11.802268933081049,Sara
GO_Biological_Process_2018,protein targeting to membrane (GO:0006612),2/29,0.0143055014031014,0.2270323446535968,0.0220015129111783,0.3127048864087453,-2.760766449838029,11.725281839677162,CG4676;Patsas
GO_Biological_Process_2018,protein N-linked glycosylation via asparagine (GO:0018279),1/7,0.0432815769395244,0.2270323446535968,0.0579687977007198,0.3127048864087453,-4.06837552055975,12.774813900792976,FucT6
GO_Biological_Process_2018,actin filament polymerization (GO:0030041),1/8,0.0493110133040359,0.2270323446535968,0.064978488827482,0.3127048864087453,-4.10887676604972,12.366107684695669,Cdc42
GO_Biological_Process_2018,cortical actin cytoskeleton organization (GO:0030866),2/32,0.017263773394708,0.2270323446535968,0.0261701199196491,0.3127048864087453,-2.1569421427711366,8.755340906436308,Rab21;Cdc42
GO_Biological_Process_2018,protein localization to membrane (GO:0072657),2/38,0.023877428380793,0.2270323446535968,0.0353715479348166,0.3127048864087453,-2.457734007733768,9.179198269282672,Arl1;Cdc42
GO_Biological_Process_2018,nephrocyte filtration (GO:0097206),1/8,0.0493110133040359,0.2270323446535968,0.064978488827482,0.3127048864087453,-2.963334179864648,8.918473748526662,Cdc42
GO_Biological_Process_2018,muscle tissue development (GO:0060537),1/6,0.0372142062254554,0.2270323446535968,0.0509074534074921,0.3127048864087453,-4.516003631882779,14.862460150707884,flw
GO_Biological_Process_2018,positive regulation of MyD88-dependent toll-like receptor signaling pathway (GO:0034126),1/9,0.0553027506207479,0.2270323446535968,0.07193689815621,0.3127048864087453,-3.210081043811389,9.29296836417446,ubl
GO_Biological_Process_2018,"mRNA splicing, via spliceosome (GO:0000398)",4/211,0.0446132411489429,0.2270323446535968,0.0751782318079278,0.3127048864087453,-0.9001952310196998,2.799359234243807,Sf3b5;Sxl;caz;ubl
GO_Biological_Process_2018,female gamete generation (GO:0007292),4/208,0.0427103360674362,0.2270323446535968,0.072193110513761,0.3127048864087453,-0.9197422252097835,2.9002363345863005,Sxl;M6;capt;Cdc42
GO_Biological_Process_2018,"primary sex determination, germ-line (GO:0007542)",1/7,0.0432815769395244,0.2270323446535968,0.0579687977007198,0.3127048864087453,-3.123063955754038,9.80650892067677,Sxl
GO_Biological_Process_2018,negative regulation of RNA splicing (GO:0033119),1/9,0.0553027506207479,0.2270323446535968,0.07193689815621,0.3127048864087453,-3.242764310336101,9.387584218947838,Sxl
GO_Biological_Process_2018,regulation of vesicle-mediated transport (GO:0060627),2/34,0.0193674621442226,0.2270323446535968,0.0291128329594476,0.3127048864087453,-2.347669745463284,9.259587051981017,Rab21;Arl1
GO_Biological_Process_2018,female somatic sex determination (GO:0019101),1/7,0.0432815769395244,0.2270323446535968,0.0579687977007198,0.3127048864087453,-2.92764707323435,9.192894396981409,Sxl
GO_Biological_Process_2018,regulation of actin filament length (GO:0030832),1/7,0.0432815769395244,0.2270323446535968,0.0579687977007198,0.3127048864087453,-2.8224846055965283,8.862681282033627,HSPC300
GO_Biological_Process_2018,microtubule severing (GO:0051013),1/6,0.0372142062254554,0.2270323446535968,0.0509074534074921,0.3127048864087453,-6.161340307846465,20.27736960923136,kat-60L1
GO_Biological_Process_2018,"RNA splicing, via transesterification reactions with bulged adenosine as nucleophile (GO:0000377)",4/198,0.0367070844195949,0.2270323446535968,0.0627000302985369,0.3127048864087453,-1.179063206694298,3.89655099684202,Sf3b5;Sxl;caz;ubl
GO_Biological_Process_2018,regulation of synapse assembly (GO:0051963),2/46,0.034029892087239,0.2270323446535968,0.049266721344969,0.3127048864087453,-1.1355060814967413,3.838596432972084,HSPC300;Cdc42
GO_Biological_Process_2018,imaginal disc-derived wing expansion (GO:0048526),1/9,0.0553027506207479,0.2270323446535968,0.07193689815621,0.3127048864087453,-2.9949479075716705,8.670172427911238,disco-r
GO_Biological_Process_2018,positive regulation of toll-like receptor signaling pathway (GO:0034123),1/9,0.0553027506207479,0.2270323446535968,0.07193689815621,0.3127048864087453,-3.122060349593335,9.038154384216542,ubl
GO_Biological_Process_2018,negative regulation of kinase activity (GO:0033673),1/6,0.0372142062254554,0.2270323446535968,0.0509074534074921,0.3127048864087453,-4.540938506198677,14.944522435438252,PRAS40
GO_Biological_Process_2018,cellular protein complex localization (GO:0034629),1/8,0.0493110133040359,0.2270323446535968,0.064978488827482,0.3127048864087453,-3.2660306669447947,9.829471465941994,Cdc42
GO_Biological_Process_2018,regulation of transcription from RNA polymerase III promoter (GO:0006359),1/6,0.0372142062254554,0.2270323446535968,0.0509074534074921,0.3127048864087453,-4.83415159398022,15.9095056790417,Myc
GO_Molecular_Function_2018,nuclear localization sequence binding (GO:0008139),1/16,0.0962088005232027,0.2287631479107265,0.1104811069937924,0.2626995210741285,-2.365375117607206,5.537897698238528,cdm
GO_Molecular_Function_2018,pre-mRNA binding (GO:0036002),1/16,0.0962088005232027,0.2287631479107265,0.1104811069937924,0.2626995210741285,-2.567910931047454,6.0120815208012015,Sxl
GO_Biological_Process_2018,positive regulation of protein phosphorylation (GO:0001934),2/62,0.0582857433828905,0.2289533356346036,0.081719235930479,0.3187050201288681,-1.2263604226958675,3.4858041115768064,Nf-YB;Cdc42
GO_Biological_Process_2018,positive regulation of cysteine-type endopeptidase activity (GO:2001056),1/10,0.0612570227090743,0.2289533356346036,0.078844394436393,0.3127048864087453,-3.4478895284651023,9.6288410249607,Cyt-c-p
GO_Biological_Process_2018,"mating behavior, sex discrimination (GO:0048047)",1/10,0.0612570227090743,0.2289533356346036,0.078844394436393,0.3127048864087453,-3.712445833556535,10.367661275100916,fru
GO_Biological_Process_2018,positive regulation of nervous system development (GO:0051962),1/10,0.0612570227090743,0.2289533356346036,0.078844394436393,0.3127048864087453,-2.914648074009365,8.139669997152614,Myc
GO_Biological_Process_2018,protein modification process (GO:0036211),1/10,0.0612570227090743,0.2289533356346036,0.078844394436393,0.3127048864087453,-2.999246358304579,8.375925661302526,ubl
GO_Biological_Process_2018,cAMP metabolic process (GO:0046058),1/10,0.0612570227090743,0.2289533356346036,0.078844394436393,0.3127048864087453,-2.3428320681318437,6.542772715303296,Ac78C
GO_Biological_Process_2018,regulation of MyD88-dependent toll-like receptor signaling pathway (GO:0034124),1/10,0.0612570227090743,0.2289533356346036,0.078844394436393,0.3127048864087453,-2.920812413231874,8.156885004161232,ubl
GO_Biological_Process_2018,cellular response to nutrient levels (GO:0031669),2/64,0.0616412826708548,0.2289533356346036,0.086145085286815,0.3206947807340564,-1.8092781764455304,5.041415155935413,Myc;Mitf
GO_Biological_Process_2018,positive regulation of histone methylation (GO:0031062),1/10,0.0612570227090743,0.2289533356346036,0.078844394436393,0.3127048864087453,-3.622692867669181,10.11701025136212,yki
GO_Biological_Process_2018,eye development (GO:0001654),3/140,0.0587219113833744,0.2289533356346036,0.0898773501115607,0.3206947807340564,-0.8488785823888957,2.406521838467554,Nf-YB;capt;caz
GO_Biological_Process_2018,protein lipidation (GO:0006497),2/64,0.0616412826708548,0.2289533356346036,0.086145085286815,0.3206947807340564,-1.4037881554852578,3.911548248865453,CG4676;Patsas
GO_Biological_Process_2018,vesicle-mediated transport (GO:0016192),4/235,0.0615214067759386,0.2289533356346036,0.1012589940164424,0.3252774148381049,-0.9084077236213268,2.53297692341551,Rab21;Arl1;Bet3;Cdc42
GO_Molecular_Function_2018,cation channel activity (GO:0005261),2/86,0.1023592788375512,0.2330306986301698,0.1214834302172747,0.2765686602818807,-0.9957926347511185,2.269676607190943,zyd;wtrw
GO_Molecular_Function_2018,poly-pyrimidine tract binding (GO:0008187),1/17,0.1019072438308471,0.2330306986301698,0.1165951513554984,0.2712104607617029,-1.9176082724639592,4.3792271573358175,Sxl
GO_Biological_Process_2018,imaginal disc-derived wing morphogenesis (GO:0007476),4/240,0.0654168883477642,0.239180498021513,0.1071660094508036,0.3252774148381049,-0.9127548812552384,2.4890595800577238,flw;disco-r;Myc;fru
GO_Biological_Process_2018,protein transport (GO:0015031),3/146,0.0649098275430442,0.239180498021513,0.0987021340538269,0.3252774148381049,-1.0164604403103383,2.779771532668019,Rab21;Arl1;Sara
GO_Biological_Process_2018,positive regulation of photoreceptor cell differentiation (GO:0046534),1/11,0.0671740619904561,0.2418266231656422,0.0857013438084179,0.3206947807340564,-1.328623198158799,3.587904547934164,Nf-YB
GO_Biological_Process_2018,branching morphogenesis of an epithelial tube (GO:0048754),1/11,0.0671740619904561,0.2418266231656422,0.0857013438084179,0.3206947807340564,-2.304102160946485,6.222154357699809,Cdc42
GO_Biological_Process_2018,regulation of intracellular transport (GO:0032386),1/12,0.0730540994174438,0.2477486849808964,0.0925081098271316,0.3206947807340564,-3.0832703986643004,8.06754665318915,Arl1
GO_Biological_Process_2018,ubiquitin-dependent protein catabolic process via the multivesicular body sorting pathway (GO:0043162),1/12,0.0730540994174438,0.2477486849808964,0.0925081098271316,0.3206947807340564,-3.0352396845940697,7.941871646963476,Vsp37A
GO_Biological_Process_2018,positive regulation of dendrite morphogenesis (GO:0050775),1/12,0.0730540994174438,0.2477486849808964,0.0925081098271316,0.3206947807340564,-2.8708772102265545,7.511808188835389,kat-60L1
GO_Biological_Process_2018,nucleosome mobilization (GO:0042766),1/12,0.0730540994174438,0.2477486849808964,0.0925081098271316,0.3206947807340564,-2.8765129337728554,7.526554369596556,Caf1-55
GO_Biological_Process_2018,transcription from RNA polymerase III promoter (GO:0006383),1/12,0.0730540994174438,0.2477486849808964,0.0925081098271316,0.3206947807340564,-2.785631091950325,7.288757029749671,Trf
GO_Biological_Process_2018,positive regulation of imaginal disc growth (GO:0045572),1/12,0.0730540994174438,0.2477486849808964,0.0925081098271316,0.3206947807340564,-2.7212143482664577,7.120207075408572,Myc
GO_Biological_Process_2018,lytic vacuole organization (GO:0080171),1/12,0.0730540994174438,0.2477486849808964,0.0925081098271316,0.3206947807340564,-3.020421729521157,7.903099652166208,Mitf
GO_Biological_Process_2018,regulation of glial cell proliferation (GO:0060251),1/12,0.0730540994174438,0.2477486849808964,0.0925081098271316,0.3206947807340564,-3.280094376565009,8.582547421486387,yki
GO_Molecular_Function_2018,signal sequence binding (GO:0005048),1/24,0.1408105634913243,0.2511121715595284,0.158260184389492,0.2919627539599249,-1.1082065622271542,2.172461445267702,cdm
GO_Molecular_Function_2018,cation-transporting ATPase activity (GO:0019829),1/22,0.1298691805013237,0.2511121715595284,0.1465556164748861,0.2919627539599249,-1.9676072027996157,4.016334205101535,sun
GO_Molecular_Function_2018,single-stranded RNA binding (GO:0003727),1/24,0.1408105634913243,0.2511121715595284,0.158260184389492,0.2919627539599249,-1.989595348876048,3.9002829747106222,Sxl
GO_Molecular_Function_2018,histone deacetylase binding (GO:0042826),1/20,0.1187895837887238,0.2511121715595284,0.1346923175048048,0.2919627539599249,-2.215371947183786,4.7196318399512505,Caf1-55
GO_Molecular_Function_2018,Rab guanyl-nucleotide exchange factor activity (GO:0017112),1/24,0.1408105634913243,0.2511121715595284,0.158260184389492,0.2919627539599249,-2.2683871366145247,4.446809615828771,Bet3
GO_Molecular_Function_2018,RNA polymerase II transcription cofactor activity (GO:0001104),1/22,0.1298691805013237,0.2511121715595284,0.1465556164748861,0.2919627539599249,-1.770618278440652,3.614234968117984,MED21
GO_Molecular_Function_2018,"transcription factor activity, RNA polymerase II core promoter sequence-specific binding involved in preinitiation complex assembly (GO:0001075)",1/21,0.1243467665972895,0.2511121715595284,0.1406439388733856,0.2919627539599249,-2.0816204100371167,4.339514750127949,Trf
GO_Molecular_Function_2018,sequence-specific DNA binding (GO:0043565),3/197,0.1281625308455285,0.2511121715595284,0.1563332908564449,0.2919627539599249,-0.8695839595338214,1.7865220251783216,Nf-YB;Myc;Mitf
GO_Molecular_Function_2018,RNA polymerase II regulatory region sequence-specific DNA binding (GO:0000977),3/200,0.1324000852774317,0.2511121715595284,0.1612935675551049,0.2925154530236649,-0.9234773850366046,1.8672038507438335,Nf-YB;Hr78;Trf
GO_Molecular_Function_2018,protein methyltransferase activity (GO:0008276),1/21,0.1243467665972895,0.2511121715595284,0.1406439388733856,0.2919627539599249,-2.10938234048304,4.397389522147485,Caf1-55
GO_Molecular_Function_2018,"transcription factor activity, RNA polymerase II core promoter sequence-specific (GO:0000983)",1/23,0.1353570413123338,0.2511121715595284,0.1524276117279761,0.2919627539599249,-1.5354406695326803,3.0706345035891016,Trf
GO_Molecular_Function_2018,purine ribonucleoside triphosphate binding (GO:0035639),2/94,0.1185942277751506,0.2511121715595284,0.1399548419026417,0.2919627539599249,-1.139574245642036,2.4296263796513493,Arl1;Cdc42
GO_Molecular_Function_2018,transcription regulatory region sequence-specific DNA binding (GO:0000976),3/204,0.1381258744300504,0.2511121715595284,0.1679838277171517,0.2930559018750414,-0.8505197936381984,1.683680372836427,Nf-YB;Hr78;Trf
GO_Biological_Process_2018,sensory perception of touch (GO:0050975),1/13,0.0788973645509923,0.2511834463256082,0.0992650534819788,0.3252774148381049,-3.037928438619917,7.715145707692046,Cdc42
GO_Biological_Process_2018,regulation of supramolecular fiber organization (GO:1902903),1/13,0.0788973645509923,0.2511834463256082,0.0992650534819788,0.3252774148381049,-2.291347007358637,5.819121939780409,HSPC300
GO_Biological_Process_2018,positive regulation of cell proliferation (GO:0008284),2/73,0.0775083960981685,0.2511834463256082,0.1069021800477706,0.3252774148381049,-1.2730610465741914,3.255686870562481,yki;Caf1-55
GO_Biological_Process_2018,sensory perception of mechanical stimulus (GO:0050954),2/72,0.0756868234750521,0.2511834463256082,0.1045327335773989,0.3252774148381049,-1.3202810474276097,3.407845004763993,wtrw;Cdc42
GO_Biological_Process_2018,mitochondrial ATP synthesis coupled electron transport (GO:0042775),2/72,0.0756868234750521,0.2511834463256082,0.1045327335773989,0.3252774148381049,-1.1641866157706684,3.004941675787177,Cyt-c-p;ND-MNLL
GO_Biological_Process_2018,protein targeting (GO:0006605),2/72,0.0756868234750521,0.2511834463256082,0.1045327335773989,0.3252774148381049,-1.2929292875903604,3.3372459771444705,CG4676;Patsas
GO_Biological_Process_2018,carboxylic acid transport (GO:0046942),1/13,0.0788973645509923,0.2511834463256082,0.0992650534819788,0.3252774148381049,-2.696060975786059,6.846936550770492,mnd
GO_Biological_Process_2018,response to caffeine (GO:0031000),1/13,0.0788973645509923,0.2511834463256082,0.0992650534819788,0.3252774148381049,-2.781322207895953,7.06346661138114,Ac78C
GO_Biological_Process_2018,positive regulation of wound healing (GO:0090303),1/13,0.0788973645509923,0.2511834463256082,0.0992650534819788,0.3252774148381049,-2.576129014370704,6.542356447577174,Cdc42
GO_Biological_Process_2018,inorganic cation transmembrane transport (GO:0098662),2/79,0.088719362892313,0.2535452747600158,0.1214139334527601,0.3252774148381049,-1.4611076753820846,3.5392076876553937,zyd;sun
GO_Biological_Process_2018,ATP metabolic process (GO:0046034),1/14,0.0847040855193498,0.2535452747600158,0.105972533204749,0.3252774148381049,-3.5952987369584943,8.875323698206483,Cyt-c-p
GO_Biological_Process_2018,cell projection assembly (GO:0030031),1/15,0.0904744890703475,0.2535452747600158,0.1126309048961419,0.3252774148381049,-2.4453922237958587,5.8755129783841165,Cdc42
GO_Biological_Process_2018,regulation of wound healing (GO:0061041),1/14,0.0847040855193498,0.2535452747600158,0.105972533204749,0.3252774148381049,-2.4155178673892994,5.962926738604677,Cdc42
GO_Biological_Process_2018,ATP biosynthetic process (GO:0006754),1/15,0.0904744890703475,0.2535452747600158,0.1126309048961419,0.3252774148381049,-2.4817611495116045,5.962896136379547,sun
GO_Biological_Process_2018,lysosome organization (GO:0007040),1/14,0.0847040855193498,0.2535452747600158,0.105972533204749,0.3252774148381049,-3.0430031345389645,7.511931499894738,Mitf
GO_Biological_Process_2018,protein polymerization (GO:0051258),1/14,0.0847040855193498,0.2535452747600158,0.105972533204749,0.3252774148381049,-2.883465938154106,7.118099342009077,Cdc42
GO_Biological_Process_2018,response to purine-containing compound (GO:0014074),1/15,0.0904744890703475,0.2535452747600158,0.1126309048961419,0.3252774148381049,-2.6478840044259595,6.362037419547788,Ac78C
GO_Biological_Process_2018,"energy coupled proton transport, down electrochemical gradient (GO:0015985)",1/14,0.0847040855193498,0.2535452747600158,0.105972533204749,0.3252774148381049,-2.542814552965919,6.27717024738111,sun
GO_Biological_Process_2018,sensory perception of sweet taste (GO:0050916),1/15,0.0904744890703475,0.2535452747600158,0.1126309048961419,0.3252774148381049,-2.219559317494906,5.332907109679016,Ac78C
GO_Biological_Process_2018,positive regulation of cell morphogenesis involved in differentiation (GO:0010770),1/15,0.0904744890703475,0.2535452747600158,0.1126309048961419,0.3252774148381049,-2.2732146848991728,5.461824182562475,kat-60L1
GO_Biological_Process_2018,regulation of intracellular protein transport (GO:0033157),1/14,0.0847040855193498,0.2535452747600158,0.105972533204749,0.3252774148381049,-2.277603618515769,5.6224728039246665,Arl1
GO_Biological_Process_2018,eye pigment granule organization (GO:0008057),1/14,0.0847040855193498,0.2535452747600158,0.105972533204749,0.3252774148381049,-3.1248338816705226,7.713938182063537,Pldn
GO_Biological_Process_2018,"mitochondrial electron transport, cytochrome c to oxygen (GO:0006123)",1/15,0.0904744890703475,0.2535452747600158,0.1126309048961419,0.3252774148381049,-2.28727256019275,5.495600861792978,Cyt-c-p
GO_Biological_Process_2018,actin filament organization (GO:0007015),2/78,0.0868185430773964,0.2535452747600158,0.1189618326324973,0.3252774148381049,-1.1268643570490988,2.753983299021869,capt;Cdc42
GO_Biological_Process_2018,positive regulation of developmental growth (GO:0048639),2/78,0.0868185430773964,0.2535452747600158,0.1189618326324973,0.3252774148381049,-1.20551974826947,2.94621196651312,Myc;caz
GO_Biological_Process_2018,protein complex assembly (GO:0006461),1/15,0.0904744890703475,0.2535452747600158,0.1126309048961419,0.3252774148381049,-1.294019869382703,3.1091251795358987,HSPC300
GO_Biological_Process_2018,cellular protein localization (GO:0034613),3/164,0.0851650170935173,0.2535452747600158,0.127146562042266,0.3269483023943985,-1.0191625224146812,2.510364972417928,Rab21;Arl1;Sara
GO_Biological_Process_2018,respiratory electron transport chain (GO:0022904),2/77,0.0849303400581454,0.2535452747600158,0.1165226878648411,0.3252774148381049,-1.07907522955736,2.6609173846694185,Cyt-c-p;ND-MNLL
GO_Biological_Process_2018,positive regulation of dendrite development (GO:1900006),1/15,0.0904744890703475,0.2535452747600158,0.1126309048961419,0.3252774148381049,-1.0536561320539772,2.531606266837445,kat-60L1
GO_Biological_Process_2018,TORC1 signaling (GO:0038202),1/17,0.1019072438308471,0.2591988593088939,0.1258017352258482,0.3252774148381049,-3.038480962138572,6.938955436058792,PRAS40
GO_Biological_Process_2018,striated muscle tissue development (GO:0014706),1/16,0.0962088005232027,0.2591988593088939,0.11924052194092,0.3252774148381049,-2.0788804531781016,4.867146521865063,flw
GO_Biological_Process_2018,positive regulation of response to wounding (GO:1903036),1/17,0.1019072438308471,0.2591988593088939,0.1258017352258482,0.3252774148381049,-2.255142148608626,5.1500506556274015,Cdc42
GO_Biological_Process_2018,regulation of R7 cell differentiation (GO:0045676),1/16,0.0962088005232027,0.2591988593088939,0.11924052194092,0.3252774148381049,-2.1644941938195466,5.067588360331456,Nf-YB
GO_Biological_Process_2018,DNA-templated transcriptional preinitiation complex assembly (GO:0070897),1/17,0.1019072438308471,0.2591988593088939,0.1258017352258482,0.3252774148381049,-2.208648814317285,5.043874188260519,Trf
GO_Biological_Process_2018,adenylate cyclase-inhibiting G-protein coupled receptor signaling pathway (GO:0007193),1/17,0.1019072438308471,0.2591988593088939,0.1258017352258482,0.3252774148381049,-2.323562652366298,5.306302030048726,Ac78C
GO_Biological_Process_2018,transforming growth factor beta receptor signaling pathway (GO:0007179),1/17,0.1019072438308471,0.2591988593088939,0.1258017352258482,0.3252774148381049,-2.491399590612211,5.689589945795038,Cdc42
GO_Biological_Process_2018,compound eye cone cell differentiation (GO:0042675),1/17,0.1019072438308471,0.2591988593088939,0.1258017352258482,0.3252774148381049,-2.373128112826071,5.419494288148651,rg
GO_Biological_Process_2018,nucleotide-sugar metabolic process (GO:0009225),1/16,0.0962088005232027,0.2591988593088939,0.11924052194092,0.3252774148381049,-2.2886200043926457,5.358195983430206,FucT6
GO_Biological_Process_2018,"mitochondrial electron transport, ubiquinol to cytochrome c (GO:0006122)",1/16,0.0962088005232027,0.2591988593088939,0.11924052194092,0.3252774148381049,-2.7770392888422606,6.50170003528013,Cyt-c-p
GO_Biological_Process_2018,iron-sulfur cluster assembly (GO:0016226),1/17,0.1019072438308471,0.2591988593088939,0.1258017352258482,0.3252774148381049,-2.708522894964312,6.185432754027959,galla-2
GO_Biological_Process_2018,dicarboxylic acid metabolic process (GO:0043648),1/16,0.0962088005232027,0.2591988593088939,0.11924052194092,0.3252774148381049,-2.549399039307209,5.968740842235998,CG5412
GO_Biological_Process_2018,metallo-sulfur cluster assembly (GO:0031163),1/17,0.1019072438308471,0.2591988593088939,0.1258017352258482,0.3252774148381049,-2.533340603559443,5.785370312172312,galla-2
GO_Biological_Process_2018,mesoderm development (GO:0007498),2/83,0.0964442291316543,0.2591988593088939,0.1313455821248951,0.3276368782822191,-1.0122621535309175,2.3674689808110467,flw;pcs
GO_Biological_Process_2018,"regulation of transcription, DNA-templated (GO:0006355)",7/623,0.0990300069451932,0.2591988593088939,0.1847973722020115,0.3507995070960044,-0.7292958642327795,1.6863744373207423,Nf-YB;MED21;Myc;fru;CG6276;Hr78;Mitf
GO_Biological_Process_2018,response to disaccharide (GO:0034285),1/17,0.1019072438308471,0.2591988593088939,0.1258017352258482,0.3252774148381049,-2.0972943773472887,4.789574923144049,Ac78C
GO_Biological_Process_2018,muscle cell fate commitment (GO:0042693),1/16,0.0962088005232027,0.2591988593088939,0.11924052194092,0.3252774148381049,-2.101794427683491,4.920793508225205,pcs
KEGG_2019,Oxidative phosphorylation,4/144,0.0131141283710167,0.2602994902130176,0.0270598527074755,0.4085510096488526,-1.4284956754624456,6.191193293000188,CG40472;ND-AGGG;ND-MNLL;sun
KEGG_2019,Pantothenate and CoA biosynthesis,1/10,0.0612570227090743,0.2602994902130176,0.0837397458106264,0.4085510096488526,-18.71225240323173,52.25727278155188,CRMP
KEGG_2019,Sulfur metabolism,1/8,0.0493110133040359,0.2602994902130176,0.0690327531807425,0.4085510096488526,-27.86133391715018,83.85168869154975,Papss
KEGG_2019,TGF-beta signaling pathway,2/41,0.0275135926506402,0.2602994902130176,0.0444749096447267,0.4085510096488526,-18.36691805282453,65.99371625398487,Myc;Sara
KEGG_2019,Ribosome,4/240,0.0654168883477642,0.2602994902130176,0.1218312195805386,0.4414400433444577,4.993752624921372,-13.6178376766447,RpL29;RpL39;RpL22;RpL41
KEGG_2019,Endocytosis,3/121,0.041117156462755,0.2602994902130176,0.0722522732801359,0.4085510096488526,-1.2705834220570966,4.054850753947834,Vsp37A;Sara;Cdc42
KEGG_2019,Selenocompound metabolism,1/11,0.0671740619904561,0.2602994902130176,0.0910093447812987,0.4085510096488526,-30.78323033230743,83.1291311655917,Papss
KEGG_2019,Hippo signaling pathway,2/63,0.0599553244631406,0.2602994902130176,0.0922534537916764,0.4085510096488526,-7.515347434840837,21.14935696740061,yki;Myc
GO_Molecular_Function_2018,fatty acid ligase activity (GO:0015645),1/26,0.1516154433204374,0.2616589102465614,0.1698080926752577,0.2930559018750414,-1.6362969025374592,3.0867234725701898,AcCoAS
GO_Molecular_Function_2018,histone methyltransferase activity (GO:0042054),1/26,0.1516154433204374,0.2616589102465614,0.1698080926752577,0.2930559018750414,-1.9077064569211104,3.598712611519656,Caf1-55
GO_Biological_Process_2018,regulation of transcription from RNA polymerase II promoter (GO:0006357),7/630,0.1034559021864835,0.2617154714771584,0.1920148623557478,0.3507995070960044,-0.656592630809462,1.4895524918978529,MEP-1;MED21;yki;fru;CG6276;Trf;Caf1-55
GO_Biological_Process_2018,peptide transport (GO:0015833),1/18,0.1075700415747023,0.263574761554768,0.1323148931524346,0.3276368782822191,-2.675817113016553,5.966036872460891,Sara
GO_Biological_Process_2018,regulation of establishment of planar polarity (GO:0090175),1/18,0.1075700415747023,0.263574761554768,0.1323148931524346,0.3276368782822191,-2.881646697664351,6.424957209534196,CG31687
GO_Biological_Process_2018,cyclic purine nucleotide metabolic process (GO:0052652),1/18,0.1075700415747023,0.263574761554768,0.1323148931524346,0.3276368782822191,-2.146491237198955,4.785844968719259,Ac78C
GO_Biological_Process_2018,"regulation of gene expression, epigenetic (GO:0040029)",1/18,0.1075700415747023,0.263574761554768,0.1323148931524346,0.3276368782822191,-2.3555164099362416,5.251890230840073,Sxl
GO_Biological_Process_2018,response to sucrose (GO:0009744),1/18,0.1075700415747023,0.263574761554768,0.1323148931524346,0.3276368782822191,-2.339161230947877,5.215424509612108,Ac78C
GO_Biological_Process_2018,regulation of protein polymerization (GO:0032271),1/18,0.1075700415747023,0.263574761554768,0.1323148931524346,0.3276368782822191,-1.9932308489358523,4.444133600248881,Cdc42
GO_Molecular_Function_2018,protein phosphatase 1 binding (GO:0008157),1/27,0.1569672233453688,0.2665951253643565,0.1755239395584828,0.2981120878215502,-1.8688229328827712,3.46053355686996,Sara
GO_Biological_Process_2018,heart morphogenesis (GO:0003007),1/19,0.1131974149443004,0.2702877050710847,0.1387803416636133,0.3347896901988197,-1.9452082863209643,4.237873469229439,yki
GO_Biological_Process_2018,canonical Wnt signaling pathway (GO:0060070),1/19,0.1131974149443004,0.2702877050710847,0.1387803416636133,0.3347896901988197,-1.8643294910545904,4.061669150600471,flw
GO_Biological_Process_2018,DNA endoreduplication (GO:0042023),1/19,0.1131974149443004,0.2702877050710847,0.1387803416636133,0.3347896901988197,-2.2093675913304285,4.813376729328639,Myc
GO_Biological_Process_2018,ATP synthesis coupled proton transport (GO:0015986),1/19,0.1131974149443004,0.2702877050710847,0.1387803416636133,0.3347896901988197,-2.21094517009996,4.81681367706325,sun
GO_Biological_Process_2018,cellular response to transforming growth factor beta stimulus (GO:0071560),1/19,0.1131974149443004,0.2702877050710847,0.1387803416636133,0.3347896901988197,-2.341554672833697,5.1013624065524805,Cdc42
GO_Molecular_Function_2018,RNA polymerase II distal enhancer sequence-specific DNA binding (GO:0000980),1/28,0.1622855095298505,0.2713210862452189,0.1812013863974537,0.3029460678832429,-1.7278598762316846,3.141937099516988,Nf-YB
GO_Biological_Process_2018,regulation of actin filament-based process (GO:0032970),1/20,0.1187895837887238,0.2725172804564842,0.1451984242489185,0.3361825477039114,-1.9068931832120728,4.06244820167305,Cdc42
GO_Biological_Process_2018,protein oligomerization (GO:0051259),1/20,0.1187895837887238,0.2725172804564842,0.1451984242489185,0.3361825477039114,-1.9786114539258253,4.215236917083639,HSPC300
GO_Biological_Process_2018,hemocyte migration (GO:0035099),1/20,0.1187895837887238,0.2725172804564842,0.1451984242489185,0.3361825477039114,-1.9473651132820065,4.148669664405372,Cdc42
GO_Biological_Process_2018,cofactor biosynthetic process (GO:0051188),1/20,0.1187895837887238,0.2725172804564842,0.1451984242489185,0.3361825477039114,-2.3269938905415337,4.95743140159062,galla-2
GO_Biological_Process_2018,protein localization to organelle (GO:0033365),1/20,0.1187895837887238,0.2725172804564842,0.1451984242489185,0.3361825477039114,-1.9097966003918971,4.068633646146146,Arl1
GO_Biological_Process_2018,detection of chemical stimulus involved in sensory perception of taste (GO:0050912),1/20,0.1187895837887238,0.2725172804564842,0.1451984242489185,0.3361825477039114,-2.3427341272763744,4.990964426397836,Ac78C
GO_Biological_Process_2018,positive regulation of neurogenesis (GO:0050769),1/20,0.1187895837887238,0.2725172804564842,0.1451984242489185,0.3361825477039114,-2.3453917061444307,4.9966261365494,Myc
GO_Biological_Process_2018,"phototransduction, visible light (GO:0007603)",1/20,0.1187895837887238,0.2725172804564842,0.1451984242489185,0.3361825477039114,-2.35530292995055,5.017741023152396,ogre
GO_Biological_Process_2018,"liquid clearance, open tracheal system (GO:0035002)",1/21,0.1243467665972895,0.2730137383180792,0.1515694819776181,0.3361825477039114,-2.5730610175736133,5.364011702085892,Hr78
GO_Biological_Process_2018,positive regulation of cellular process (GO:0048522),2/97,0.1248396153847627,0.2730137383180792,0.1674221570108852,0.3507995070960044,-1.173122321082129,2.440945460581244,Myc;Caf1-55
GO_Biological_Process_2018,detection of visible light (GO:0009584),1/21,0.1243467665972895,0.2730137383180792,0.1515694819776181,0.3361825477039114,-1.5253602984421322,3.179889802402148,ogre
GO_Biological_Process_2018,regulation of cell migration (GO:0030334),1/21,0.1243467665972895,0.2730137383180792,0.1515694819776181,0.3361825477039114,-1.9379597530639332,4.040028092069536,Arl1
GO_Biological_Process_2018,positive regulation of organ growth (GO:0046622),1/21,0.1243467665972895,0.2730137383180792,0.1515694819776181,0.3361825477039114,-2.153612542751236,4.489595389374045,Myc
GO_Biological_Process_2018,TOR signaling (GO:0031929),1/21,0.1243467665972895,0.2730137383180792,0.1515694819776181,0.3361825477039114,-2.039810315804021,4.252354036409965,PRAS40
GO_Biological_Process_2018,endoplasmic reticulum organization (GO:0007029),1/21,0.1243467665972895,0.2730137383180792,0.1515694819776181,0.3361825477039114,-2.003681849667669,4.17703770546786,Arl1
GO_Biological_Process_2018,calcium ion homeostasis (GO:0055074),1/21,0.1243467665972895,0.2730137383180792,0.1515694819776181,0.3361825477039114,-2.1891551629459247,4.5636904183473135,zyd
GO_Biological_Process_2018,dosage compensation (GO:0007549),1/21,0.1243467665972895,0.2730137383180792,0.1515694819776181,0.3361825477039114,-2.039806824186952,4.252346757501813,Sxl
GO_Biological_Process_2018,negative regulation of protein phosphorylation (GO:0001933),1/21,0.1243467665972895,0.2730137383180792,0.1515694819776181,0.3361825477039114,-2.165890181411685,4.515190350783368,PRAS40
GO_Molecular_Function_2018,histone-lysine N-methyltransferase activity (GO:0018024),1/29,0.1675705098159991,0.2758468392355677,0.186840684762536,0.3075685118398669,-1.9620889623614008,3.5049797019823563,Caf1-55
GO_Biological_Process_2018,regulation of RNA splicing (GO:0043484),1/22,0.1298691805013237,0.2800865275328088,0.1578938534914639,0.3453005767944165,-1.997521103827519,4.077395286670784,Sxl
GO_Biological_Process_2018,regulation of morphogenesis of an epithelium (GO:1905330),1/22,0.1298691805013237,0.2800865275328088,0.1578938534914639,0.3453005767944165,-2.4498894923645,5.000782144374196,CG31687
GO_Biological_Process_2018,negative regulation of TOR signaling (GO:0032007),1/22,0.1298691805013237,0.2800865275328088,0.1578938534914639,0.3453005767944165,-2.260635470047744,4.614471603224359,PRAS40
GO_Biological_Process_2018,hydrogen ion transmembrane transport (GO:1902600),1/23,0.1353570413123338,0.285347276280055,0.1641718750574898,0.3507995070960044,-1.8523565708453789,3.70441535921994,sun
GO_Biological_Process_2018,negative regulation of stress-activated MAPK cascade (GO:0032873),1/23,0.1353570413123338,0.285347276280055,0.1641718750574898,0.3507995070960044,-1.7928865984996367,3.585484974845073,flw
GO_Biological_Process_2018,proton transport (GO:0015992),1/23,0.1353570413123338,0.285347276280055,0.1641718750574898,0.3507995070960044,-1.8182764966589056,3.6362606895160887,sun
GO_Biological_Process_2018,response to alkaloid (GO:0043279),1/23,0.1353570413123338,0.285347276280055,0.1641718750574898,0.3507995070960044,-1.9315994729969568,3.8628884245355977,Ac78C
GO_Biological_Process_2018,"male courtship behavior, veined wing generated song production (GO:0045433)",1/23,0.1353570413123338,0.285347276280055,0.1641718750574898,0.3507995070960044,-2.465197082175855,4.92999786242489,fru
GO_Biological_Process_2018,actin cytoskeleton reorganization (GO:0031532),1/24,0.1408105634913243,0.2877700598861999,0.170403880535955,0.3507995070960044,-1.7174664236120891,3.366817808171654,Cdc42
GO_Biological_Process_2018,positive regulation of gene expression (GO:0010628),3/204,0.1381258744300504,0.2877700598861999,0.1988937372108232,0.3507995070960044,-0.82673729157459,1.636600772525005,Nf-YB;Myc;Mitf
GO_Biological_Process_2018,cellular response to peptide hormone stimulus (GO:0071375),1/24,0.1408105634913243,0.2877700598861999,0.170403880535955,0.3507995070960044,-2.0459112488176903,4.010681275486696,Myc
GO_Biological_Process_2018,calcium ion transmembrane transport (GO:0070588),1/24,0.1408105634913243,0.2877700598861999,0.170403880535955,0.3507995070960044,-2.080939759548638,4.0793490596723405,zyd
GO_Biological_Process_2018,"male courtship behavior, veined wing vibration (GO:0016545)",1/24,0.1408105634913243,0.2877700598861999,0.170403880535955,0.3507995070960044,-2.296328000349611,4.501583203425983,fru
GO_Biological_Process_2018,wing disc development (GO:0035220),2/103,0.137558026358095,0.2877700598861999,0.1833781395792151,0.3507995070960044,-0.8670986053391889,1.7200716897062598,disco-r;Arl1
GO_Biological_Process_2018,response to insulin (GO:0032868),1/24,0.1408105634913243,0.2877700598861999,0.170403880535955,0.3507995070960044,-1.8531866501246992,3.6328755716711703,Myc
GO_Molecular_Function_2018,NADH dehydrogenase activity (GO:0003954),1/31,0.1780414781423642,0.2886430024429237,0.1980058343243482,0.3210094586773524,-1.430174394754577,2.468107347349319,ND-MNLL
GO_Biological_Process_2018,cytoplasmic microtubule organization (GO:0031122),1/27,0.1569672233453688,0.2915105576413992,0.1888271038892422,0.3507995070960044,-1.764361007070593,3.267099500958265,kat-60L1
GO_Biological_Process_2018,transmembrane receptor protein serine/threonine kinase signaling pathway (GO:0007178),1/27,0.1569672233453688,0.2915105576413992,0.1888271038892422,0.3507995070960044,-1.7662746849235296,3.270643093189826,Cdc42
GO_Biological_Process_2018,positive regulation of signal transduction (GO:0009967),2/107,0.1461896611630357,0.2915105576413992,0.1941400758847995,0.3507995070960044,-1.0491687370860685,2.0173945795392774,CRMP;sun
GO_Biological_Process_2018,exocrine system development (GO:0035272),1/26,0.1516154433204374,0.2915105576413992,0.1827311669543095,0.3507995070960044,-1.8347244364117128,3.4610387484006733,Arl1
GO_Biological_Process_2018,Rho protein signal transduction (GO:0007266),1/26,0.1516154433204374,0.2915105576413992,0.1827311669543095,0.3507995070960044,-1.8275562161292904,3.447516560729233,Cdc42
GO_Biological_Process_2018,cAMP-mediated signaling (GO:0019933),1/26,0.1516154433204374,0.2915105576413992,0.1827311669543095,0.3507995070960044,-1.8225765530371196,3.438122884723211,Ac78C
GO_Biological_Process_2018,sulfur compound biosynthetic process (GO:0044272),1/26,0.1516154433204374,0.2915105576413992,0.1827311669543095,0.3507995070960044,-1.8304764253194308,3.45302526653809,Papss
GO_Biological_Process_2018,positive regulation of multicellular organism growth (GO:0040018),1/27,0.1569672233453688,0.2915105576413992,0.1888271038892422,0.3507995070960044,-1.850434655112052,3.426483647079704,Myc
GO_Biological_Process_2018,embryonic hemopoiesis (GO:0035162),1/25,0.1462299602283212,0.2915105576413992,0.176590201448214,0.3507995070960044,-1.7812400578893717,3.424567294964164,Cdc42
GO_Biological_Process_2018,protein N-linked glycosylation (GO:0006487),1/27,0.1569672233453688,0.2915105576413992,0.1888271038892422,0.3507995070960044,-1.8780408094430625,3.477602467251302,FucT6
GO_Biological_Process_2018,regulation of mRNA processing (GO:0050684),1/26,0.1516154433204374,0.2915105576413992,0.1827311669543095,0.3507995070960044,-1.5450638158406558,2.914620653243605,Sxl
GO_Biological_Process_2018,cyclic-nucleotide-mediated signaling (GO:0019935),1/27,0.1569672233453688,0.2915105576413992,0.1888271038892422,0.3507995070960044,-1.7794523409593257,3.2950443995470944,Ac78C
GO_Biological_Process_2018,cellular divalent inorganic cation homeostasis (GO:0072503),1/27,0.1569672233453688,0.2915105576413992,0.1888271038892422,0.3507995070960044,-1.81181755504804,3.354975657591167,zyd
GO_Biological_Process_2018,spermatid development (GO:0007286),1/27,0.1569672233453688,0.2915105576413992,0.1888271038892422,0.3507995070960044,-1.7183923510026715,3.1819785009489863,Cdc42
GO_Biological_Process_2018,axon midline choice point recognition (GO:0016199),1/26,0.1516154433204374,0.2915105576413992,0.1827311669543095,0.3507995070960044,-1.6859681757389575,3.1804237568314084,fru
GO_Biological_Process_2018,neurogenesis (GO:0022008),1/26,0.1516154433204374,0.2915105576413992,0.1827311669543095,0.3507995070960044,-1.7927443571280834,3.3818471934303065,Myc
GO_Biological_Process_2018,negative regulation of JNK cascade (GO:0046329),1/26,0.1516154433204374,0.2915105576413992,0.1827311669543095,0.3507995070960044,-1.9969967210194288,3.767150474866378,flw
GO_Biological_Process_2018,protein complex disassembly (GO:0043241),1/25,0.1462299602283212,0.2915105576413992,0.176590201448214,0.3507995070960044,-2.054327408666892,3.949598160960547,flw
GO_Biological_Process_2018,transcription from RNA polymerase II promoter (GO:0006366),2/106,0.1440211009705124,0.2915105576413992,0.1914412958839049,0.3507995070960044,-0.7842140830807783,1.5196464864301351,Trf;caz
GO_Biological_Process_2018,epithelial fluid transport (GO:0042045),1/26,0.1516154433204374,0.2915105576413992,0.1827311669543095,0.3507995070960044,-2.4046861068041845,4.536218970118095,Hr78
GO_Biological_Process_2018,positive regulation of cysteine-type endopeptidase activity involved in apoptotic process (GO:0043280),1/26,0.1516154433204374,0.2915105576413992,0.1827311669543095,0.3507995070960044,-2.115133955977184,3.990005493147693,Cyt-c-p
GO_Biological_Process_2018,short-term memory (GO:0007614),1/27,0.1569672233453688,0.2915105576413992,0.1888271038892422,0.3507995070960044,-2.050589099132065,3.7971132866782855,rg
GO_Biological_Process_2018,eye photoreceptor cell development (GO:0042462),1/27,0.1569672233453688,0.2915105576413992,0.1888271038892422,0.3507995070960044,-1.984456624524779,3.674654575609097,rg
GO_Biological_Process_2018,positive regulation of developmental process (GO:0051094),1/28,0.1622855095298505,0.2915353107579464,0.1948783367699181,0.3507995070960044,-1.5799533304937663,2.8729841191810648,Myc
GO_Biological_Process_2018,axon choice point recognition (GO:0016198),1/28,0.1622855095298505,0.2915353107579464,0.1948783367699181,0.3507995070960044,-1.4286220758094428,2.5978036546366265,fru
GO_Biological_Process_2018,eye morphogenesis (GO:0048592),2/114,0.1615509664163492,0.2915353107579464,0.2131637289994734,0.355020018404817,-1.1140150396435855,2.030776565788206,M6;Mitf
GO_Biological_Process_2018,protein methylation (GO:0006479),1/29,0.1675705098159991,0.2915353107579464,0.2008851878242076,0.3507995070960044,-1.5562070702447313,2.7799321528849945,Caf1-55
GO_Biological_Process_2018,endocytic recycling (GO:0032456),1/29,0.1675705098159991,0.2915353107579464,0.2008851878242076,0.3507995070960044,-1.504398461789282,2.687383790141158,Pldn
GO_Biological_Process_2018,lipid catabolic process (GO:0016042),1/28,0.1622855095298505,0.2915353107579464,0.1948783367699181,0.3507995070960044,-1.4743011842558984,2.68086645820944,Mitf
GO_Biological_Process_2018,positive regulation of kinase activity (GO:0033674),1/29,0.1675705098159991,0.2915353107579464,0.2008851878242076,0.3507995070960044,-0.920874982564328,1.6450060032277063,Cdc42
GO_Biological_Process_2018,insulin receptor signaling pathway (GO:0008286),1/29,0.1675705098159991,0.2915353107579464,0.2008851878242076,0.3507995070960044,-1.7694131373142612,3.160793037255307,Myc
GO_Biological_Process_2018,smoothened signaling pathway (GO:0007224),1/29,0.1675705098159991,0.2915353107579464,0.2008851878242076,0.3507995070960044,-1.738528714785356,3.1056226162663525,Sxl
GO_Biological_Process_2018,regulation of axonogenesis (GO:0050770),1/29,0.1675705098159991,0.2915353107579464,0.2008851878242076,0.3507995070960044,-1.732181635543497,3.094284504520993,Cdc42
GO_Biological_Process_2018,small GTPase mediated signal transduction (GO:0007264),1/28,0.1622855095298505,0.2915353107579464,0.1948783367699181,0.3507995070960044,-1.6343322677098204,2.971866674775819,CRMP
GO_Biological_Process_2018,photoreceptor cell development (GO:0042461),1/29,0.1675705098159991,0.2915353107579464,0.2008851878242076,0.3507995070960044,-1.703018985775821,3.042189774132872,rg
GO_Biological_Process_2018,protein localization to cell periphery (GO:1990778),1/28,0.1622855095298505,0.2915353107579464,0.1948783367699181,0.3507995070960044,-1.647217853852449,2.9952978000119934,Cdc42
GO_Biological_Process_2018,adenylate cyclase-activating G-protein coupled receptor signaling pathway (GO:0007189),1/29,0.1675705098159991,0.2915353107579464,0.2008851878242076,0.3507995070960044,-1.6282936557268215,2.908704101428989,Ac78C
GO_Biological_Process_2018,photoreceptor cell axon guidance (GO:0072499),1/28,0.1622855095298505,0.2915353107579464,0.1948783367699181,0.3507995070960044,-1.7522319962964512,3.1862553161031486,capt
GO_Biological_Process_2018,plasma membrane bounded cell projection morphogenesis (GO:0120039),1/28,0.1622855095298505,0.2915353107579464,0.1948783367699181,0.3507995070960044,-1.8237446681617464,3.31629382206648,Cdc42
GO_Biological_Process_2018,intra-Golgi vesicle-mediated transport (GO:0006891),1/29,0.1675705098159991,0.2915353107579464,0.2008851878242076,0.3507995070960044,-1.9005334414181387,3.3950199317630565,Bet3
GO_Molecular_Function_2018,protein phosphatase binding (GO:0019903),1/32,0.1832278557266989,0.2926176203396534,0.2035321806747269,0.3250439303312803,-1.6778742869442262,2.847394255069926,Sara
GO_Biological_Process_2018,homeostasis of number of cells (GO:0048872),1/30,0.1728224308940396,0.2962670243897822,0.2068479769902336,0.355020018404817,-1.6734870329241731,2.937790793377873,Sara
GO_Biological_Process_2018,JNK cascade (GO:0007254),1/30,0.1728224308940396,0.2962670243897822,0.2068479769902336,0.355020018404817,-1.777724747488319,3.1207791238187776,Cdc42
GO_Biological_Process_2018,cellular calcium ion homeostasis (GO:0006874),1/30,0.1728224308940396,0.2962670243897822,0.2068479769902336,0.355020018404817,-1.6765273795769,2.943128093416255,zyd
GO_Biological_Process_2018,intestinal stem cell homeostasis (GO:0036335),1/30,0.1728224308940396,0.2962670243897822,0.2068479769902336,0.355020018404817,-1.7339906760411237,3.0440043715041463,Sara
GO_Biological_Process_2018,histone methylation (GO:0016571),1/31,0.1780414781423642,0.2965245970484927,0.2127670219355871,0.355020018404817,-1.4873233783428557,2.566731561854278,Caf1-55
GO_Biological_Process_2018,glycoprotein biosynthetic process (GO:0009101),1/31,0.1780414781423642,0.2965245970484927,0.2127670219355871,0.355020018404817,-1.6167967559043095,2.790168784347968,FucTA
GO_Biological_Process_2018,regulation of actin cytoskeleton organization (GO:0032956),1/31,0.1780414781423642,0.2965245970484927,0.2127670219355871,0.355020018404817,-1.693420573616446,2.922401474410729,Cdc42
GO_Biological_Process_2018,neuron projection extension (GO:1990138),1/31,0.1780414781423642,0.2965245970484927,0.2127670219355871,0.355020018404817,-1.7318351303891444,2.988694962927656,Cdc42
GO_Biological_Process_2018,cellular metal ion homeostasis (GO:0006875),1/31,0.1780414781423642,0.2965245970484927,0.2127670219355871,0.355020018404817,-1.9343302237998496,3.338148588780685,zyd
GO_Biological_Process_2018,melanotic encapsulation of foreign target (GO:0035011),1/31,0.1780414781423642,0.2965245970484927,0.2127670219355871,0.355020018404817,-1.6243313873448617,2.803171589660524,Cdc42
GO_Biological_Process_2018,stress-activated MAPK cascade (GO:0051403),1/31,0.1780414781423642,0.2965245970484927,0.2127670219355871,0.355020018404817,-1.7522779053564952,3.0239738514899037,Cdc42
GO_Biological_Process_2018,nucleic acid-templated transcription (GO:0097659),1/31,0.1780414781423642,0.2965245970484927,0.2127670219355871,0.355020018404817,-1.5551101039860091,2.6837137398503605,Caf1-55
GO_Biological_Process_2018,regulation of imaginal disc growth (GO:0045570),1/32,0.1832278557266989,0.2998274002800527,0.2186426380892205,0.3577788623278154,-1.5139072913024234,2.569138199151796,Myc
GO_Biological_Process_2018,regulation of endocytosis (GO:0030100),1/32,0.1832278557266989,0.2998274002800527,0.2186426380892205,0.3577788623278154,-1.7636359412352,2.9929339082093445,Rab21
GO_Biological_Process_2018,chromatin assembly or disassembly (GO:0006333),1/32,0.1832278557266989,0.2998274002800527,0.2186426380892205,0.3577788623278154,-1.7555165809571756,2.979155152559781,Caf1-55
GO_Biological_Process_2018,stem cell fate determination (GO:0048867),1/32,0.1832278557266989,0.2998274002800527,0.2186426380892205,0.3577788623278154,-0.8080394372890221,1.3712629542687411,Sara
GO_Biological_Process_2018,"mitochondrial electron transport, NADH to ubiquinone (GO:0006120)",1/32,0.1832278557266989,0.2998274002800527,0.2186426380892205,0.3577788623278154,-1.5621710788382923,2.6510430429335266,ND-MNLL
GO_Molecular_Function_2018,neuropeptide hormone activity (GO:0005184),1/34,0.1935034120793455,0.3000705085868112,0.2144736425591498,0.3325895616496961,-1.771061068109775,2.9088971978024145,ITP
GO_Molecular_Function_2018,cation transmembrane transporter activity (GO:0008324),1/34,0.1935034120793455,0.3000705085868112,0.2144736425591498,0.3325895616496961,-1.5945258905221102,2.6189452065103334,wtrw
GO_Molecular_Function_2018,L-amino acid transmembrane transporter activity (GO:0015179),1/35,0.1985929928587084,0.3035635747983115,0.2198892438160605,0.3361164155474068,-1.7532275493550684,2.834088495154169,mnd
GO_Biological_Process_2018,regulation of cytoskeleton organization (GO:0051493),1/33,0.1883817664825483,0.306120370534141,0.2244751386407332,0.3647721002911915,-1.682079489173233,2.8078695595004417,Cdc42
GO_Biological_Process_2018,regulation of dendrite morphogenesis (GO:0048814),1/33,0.1883817664825483,0.306120370534141,0.2244751386407332,0.3647721002911915,-1.5827062779140957,2.641987378117037,kat-60L1
GO_Biological_Process_2018,regulation of MAPK cascade (GO:0043408),1/35,0.1985929928587084,0.3110214061890952,0.2360120346069086,0.3734642584946807,-0.6838383047448142,1.1054231224782722,Nf-YB
GO_Biological_Process_2018,regulation of nucleic acid-templated transcription (GO:1903506),3/246,0.2026616468113597,0.3110214061890952,0.2822035097375014,0.3861732238513178,-0.7399691545747781,1.181151680704016,Myc;Hr78;Mitf
GO_Biological_Process_2018,cellular protein metabolic process (GO:0044267),2/132,0.2022027092576341,0.3110214061890952,0.2627525703577408,0.379167931225901,-0.8656687709032129,1.3837581761233009,RpL41;ubl
GO_Biological_Process_2018,nervous system development (GO:0007399),3/246,0.2026616468113597,0.3110214061890952,0.2822035097375014,0.3861732238513178,-0.6329136191546242,1.0102677664105253,FucTA;Myc;fru
GO_Biological_Process_2018,wing disc morphogenesis (GO:0007472),2/134,0.2067957390298193,0.3110214061890952,0.268289214254187,0.3800665195326569,-0.6436887759837784,1.0144687926785634,flw;disco-r
GO_Biological_Process_2018,asymmetric stem cell division (GO:0098722),1/34,0.1935034120793455,0.3110214061890952,0.2302648345563292,0.370322826709148,-0.9433090185921928,1.549347456309449,Sara
GO_Biological_Process_2018,positive regulation of immune response (GO:0050778),1/37,0.2086767554345639,0.3110214061890952,0.247380171225109,0.3734642584946807,-1.300858151757334,2.038404200759708,Hr78
GO_Biological_Process_2018,positive regulation of canonical Wnt signaling pathway (GO:0090263),1/37,0.2086767554345639,0.3110214061890952,0.247380171225109,0.3734642584946807,-1.2592591743625323,1.973219899032174,flw
GO_Biological_Process_2018,monocarboxylic acid biosynthetic process (GO:0072330),1/34,0.1935034120793455,0.3110214061890952,0.2302648345563292,0.370322826709148,-1.6255065016130112,2.6698296251287785,AcCoAS
GO_Biological_Process_2018,positive regulation of protein kinase activity (GO:0045860),1/35,0.1985929928587084,0.3110214061890952,0.2360120346069086,0.3734642584946807,-1.4120593087850073,2.2825907811995383,Cdc42
GO_Biological_Process_2018,regulation of neuron projection development (GO:0010975),1/37,0.2086767554345639,0.3110214061890952,0.247380171225109,0.3734642584946807,-1.4553479144967023,2.280484846460304,Cdc42
GO_Biological_Process_2018,calcium-mediated signaling (GO:0019722),1/37,0.2086767554345639,0.3110214061890952,0.247380171225109,0.3734642584946807,-1.5545300059420153,2.435900094132882,zyd
GO_Biological_Process_2018,amino acid transmembrane transport (GO:0003333),1/36,0.2036507080203854,0.3110214061890952,0.2417170453602346,0.3734642584946807,-1.5492716361255976,2.4654318196731277,mnd
GO_Biological_Process_2018,cation transport (GO:0006812),1/37,0.2086767554345639,0.3110214061890952,0.247380171225109,0.3734642584946807,-1.571232949192273,2.4620730858925,wtrw
GO_Biological_Process_2018,divalent metal ion transport (GO:0070838),1/36,0.2036507080203854,0.3110214061890952,0.2417170453602346,0.3734642584946807,-1.7218962681700256,2.740137849769967,wtrw
GO_Biological_Process_2018,positive regulation of cell size (GO:0045793),1/37,0.2086767554345639,0.3110214061890952,0.247380171225109,0.3734642584946807,-1.774255177304102,2.780202592996474,Myc
GO_Biological_Process_2018,positive regulation of innate immune response (GO:0045089),1/36,0.2036507080203854,0.3110214061890952,0.2417170453602346,0.3734642584946807,-1.5653420858472191,2.4910055132567948,Hr78
GO_Biological_Process_2018,regulation of cellular catabolic process (GO:0031329),1/37,0.2086767554345639,0.3110214061890952,0.247380171225109,0.3734642584946807,-1.599469710049494,2.5063192105521725,Myc
GO_Biological_Process_2018,axon extension (GO:0048675),1/36,0.2036507080203854,0.3110214061890952,0.2417170453602346,0.3734642584946807,-1.5763792542899064,2.5085694998703643,Cdc42
GO_Biological_Process_2018,eye photoreceptor cell differentiation (GO:0001754),1/36,0.2036507080203854,0.3110214061890952,0.2417170453602346,0.3734642584946807,-1.604243577066131,2.552911361171037,rg
GO_Biological_Process_2018,positive regulation of neuromuscular junction development (GO:1904398),1/36,0.2036507080203854,0.3110214061890952,0.2417170453602346,0.3734642584946807,-1.6151558010732563,2.570276517585987,caz
GO_Biological_Process_2018,regulation of TOR signaling (GO:0032006),1/35,0.1985929928587084,0.3110214061890952,0.2360120346069086,0.3734642584946807,-1.6211887012105457,2.620647986204001,PRAS40
GO_Biological_Process_2018,positive regulation of synaptic growth at neuromuscular junction (GO:0045887),1/36,0.2036507080203854,0.3110214061890952,0.2417170453602346,0.3734642584946807,-1.6586071986319186,2.6394228542595832,caz
GO_Biological_Process_2018,DNA packaging (GO:0006323),1/36,0.2036507080203854,0.3110214061890952,0.2417170453602346,0.3734642584946807,-1.6738695605819998,2.663710598201762,Caf1-55
GO_Biological_Process_2018,protein localization to plasma membrane (GO:0072659),1/34,0.1935034120793455,0.3110214061890952,0.2302648345563292,0.370322826709148,-1.4083713087499792,2.3131937273402947,Cdc42
GO_Biological_Process_2018,Rab protein signal transduction (GO:0032482),1/37,0.2086767554345639,0.3110214061890952,0.247380171225109,0.3734642584946807,-1.4409536492903288,2.257929481277801,Rab21
GO_Molecular_Function_2018,transcription regulatory region DNA binding (GO:0044212),2/137,0.2137061732283746,0.3132405552799463,0.2465288059199246,0.3564673274788099,-0.7809980235334293,1.205199622417742,Nf-YB;Trf
GO_Molecular_Function_2018,phosphatidylinositol phosphate binding (GO:1901981),1/37,0.2086767554345639,0.3132405552799463,0.2306113896307892,0.3475411083168232,-1.6110941257590154,2.524534307856714,Pex23
GO_Molecular_Function_2018,mRNA 3'-UTR binding (GO:0003730),1/38,0.2136713318577053,0.3132405552799463,0.2359184106663601,0.3506009714069519,-1.677741617506752,2.5892859468993423,Sxl
GO_Biological_Process_2018,positive regulation of MAPK cascade (GO:0043410),1/38,0.2136713318577053,0.3154516823640571,0.2530017144411237,0.3782901033816163,-1.246397303345094,1.9235852458620315,Nf-YB
GO_Biological_Process_2018,synaptic vesicle endocytosis (GO:0048488),1/38,0.2136713318577053,0.3154516823640571,0.2530017144411237,0.3782901033816163,-1.456939808018373,2.24851892032476,Arl1
GO_Biological_Process_2018,regulation of cell communication (GO:0010646),1/38,0.2136713318577053,0.3154516823640571,0.2530017144411237,0.3782901033816163,-1.4619261999937494,2.256214500223863,cdm
GO_Molecular_Function_2018,enhancer sequence-specific DNA binding (GO:0001158),1/39,0.2186346327270282,0.3161338608350272,0.241189712226217,0.3535246466877427,-1.5829882586761697,2.406701400956641,Nf-YB
GO_Biological_Process_2018,protein import (GO:0017038),1/40,0.2235668523648455,0.3170584451719627,0.264121251238555,0.379167931225901,-1.404315113741548,2.1037269451753904,cdm
GO_Biological_Process_2018,olfactory learning (GO:0008355),1/40,0.2235668523648455,0.3170584451719627,0.264121251238555,0.379167931225901,-1.3805059644521696,2.068059773034575,rg
GO_Biological_Process_2018,second-messenger-mediated signaling (GO:0019932),1/39,0.2186346327270282,0.3170584451719627,0.2585819751242278,0.379167931225901,-1.3638271364924912,2.0734990686564685,zyd
GO_Biological_Process_2018,regulation of actin filament polymerization (GO:0030833),1/40,0.2235668523648455,0.3170584451719627,0.264121251238555,0.379167931225901,-1.2870042305970049,1.9279899874095732,Cdc42
GO_Biological_Process_2018,adenylate cyclase-modulating G-protein coupled receptor signaling pathway (GO:0007188),1/40,0.2235668523648455,0.3170584451719627,0.264121251238555,0.379167931225901,-1.3685574478752836,2.0501603599814047,Ac78C
GO_Biological_Process_2018,regulation of cell morphogenesis involved in differentiation (GO:0010769),1/39,0.2186346327270282,0.3170584451719627,0.2585819751242278,0.379167931225901,-1.487515279091126,2.2615487427095187,Cdc42
GO_Biological_Process_2018,positive regulation of Notch signaling pathway (GO:0045747),1/39,0.2186346327270282,0.3170584451719627,0.2585819751242278,0.379167931225901,-1.7725162148406353,2.694850851921571,CRMP
GO_Biological_Process_2018,regulation of organ growth (GO:0046620),1/40,0.2235668523648455,0.3170584451719627,0.264121251238555,0.379167931225901,-1.3887248695490932,2.080372061026812,Myc
GO_Biological_Process_2018,lipid homeostasis (GO:0055088),1/40,0.2235668523648455,0.3170584451719627,0.264121251238555,0.379167931225901,-1.3318558712510002,1.9951797541904357,Myc
GO_Biological_Process_2018,positive regulation of synapse assembly (GO:0051965),1/40,0.2235668523648455,0.3170584451719627,0.264121251238555,0.379167931225901,-1.4888364770147091,2.2303437334024743,caz
GO_Biological_Process_2018,regulation of organ morphogenesis (GO:2000027),1/40,0.2235668523648455,0.3170584451719627,0.264121251238555,0.379167931225901,-1.4880365139015082,2.229145352825409,CG31687
GO_Biological_Process_2018,dendrite morphogenesis (GO:0048813),2/141,0.2229538966758134,0.3170584451719627,0.2876636887461909,0.390222047342659,-0.76370353831024,1.1461588396591629,fru;Cdc42
GO_Biological_Process_2018,amino acid transport (GO:0006865),1/40,0.2235668523648455,0.3170584451719627,0.264121251238555,0.379167931225901,-1.1132604160413009,1.6677139705371524,mnd
GO_Biological_Process_2018,clathrin-dependent endocytosis (GO:0072583),1/41,0.2284681838678262,0.3191734628362468,0.269619838642825,0.3800665195326569,-1.3693555989526305,2.0216595280371843,Arl1
GO_Biological_Process_2018,positive regulation of cell growth (GO:0030307),1/41,0.2284681838678262,0.3191734628362468,0.269619838642825,0.3800665195326569,-1.6352054780714151,2.414149208262764,Myc
GO_Biological_Process_2018,establishment of protein localization to organelle (GO:0072594),1/41,0.2284681838678262,0.3191734628362468,0.269619838642825,0.3800665195326569,-1.3956862787046558,2.060533046092752,cdm
GO_Biological_Process_2018,regulation of embryonic development (GO:0045995),1/41,0.2284681838678262,0.3191734628362468,0.269619838642825,0.3800665195326569,-1.3690003629596097,2.0211350724242365,Yp3
GO_Biological_Process_2018,nuclear import (GO:0051170),1/41,0.2284681838678262,0.3191734628362468,0.269619838642825,0.3800665195326569,-1.3079347455692845,1.930980340280848,cdm
GO_Biological_Process_2018,chemical homeostasis (GO:0048878),1/42,0.2333388190934306,0.3211840215756633,0.2750780311133742,0.3820074734749529,-1.222291409785326,1.7787563469629306,Myc
GO_Biological_Process_2018,chaeta morphogenesis (GO:0008407),1/42,0.2333388190934306,0.3211840215756633,0.2750780311133742,0.3820074734749529,-1.5415208538412046,2.2433193760458003,capt
GO_Biological_Process_2018,fatty acid metabolic process (GO:0006631),1/42,0.2333388190934306,0.3211840215756633,0.2750780311133742,0.3820074734749529,-1.3534692656432024,1.9696547217859748,AcCoAS
GO_Biological_Process_2018,carboxylic acid transmembrane transport (GO:1905039),1/42,0.2333388190934306,0.3211840215756633,0.2750780311133742,0.3820074734749529,-1.3783793638161388,2.005905483980534,mnd
GO_Biological_Process_2018,positive regulation of defense response (GO:0031349),1/42,0.2333388190934306,0.3211840215756633,0.2750780311133742,0.3820074734749529,-1.414500910553775,2.0584718605477823,Hr78
GO_Biological_Process_2018,regulation of cellular macromolecule biosynthetic process (GO:2000112),3/266,0.2355424779898563,0.3232665093819729,0.323156217055521,0.4159228758982649,-0.6465135555325521,0.9347706807327592,Myc;Hr78;Mitf
GO_Biological_Process_2018,rhabdomere development (GO:0042052),1/43,0.2381789488182516,0.3240341512992493,0.2804961203150833,0.3860946597278206,-1.3235955811963032,1.899006261702212,capt
GO_Biological_Process_2018,melanization defense response (GO:0035006),1/43,0.2381789488182516,0.3240341512992493,0.2804961203150833,0.3860946597278206,-1.1581802877692662,1.6616794811796167,Cdc42
GO_Biological_Process_2018,positive regulation of Wnt signaling pathway (GO:0030177),1/43,0.2381789488182516,0.3240341512992493,0.2804961203150833,0.3860946597278206,-1.180960677160755,1.6943632576390033,flw
GO_Molecular_Function_2018,"ATPase activity, coupled to transmembrane movement of ions, rotational mechanism (GO:0044769)",1/43,0.2381789488182516,0.3281459964492662,0.261922390127532,0.3639700745928042,-1.2219983539191368,1.753241366811476,sun
GO_Molecular_Function_2018,hormone activity (GO:0005179),1/43,0.2381789488182516,0.3281459964492662,0.261922390127532,0.3639700745928042,-1.5590377940574625,2.236802974568433,ITP
GO_Molecular_Function_2018,carboxylic acid transmembrane transporter activity (GO:0046943),1/42,0.2333388190934306,0.3281459964492662,0.2567916369892351,0.3639700745928042,-1.2508871065930285,1.820370627146297,mnd
GO_Molecular_Function_2018,ATPase activity (GO:0016887),2/148,0.2392092310564744,0.3281459964492662,0.2746866494879967,0.3720439429774132,-0.7094607296255007,1.0148244517254044,kat-60L1;sun
GO_Biological_Process_2018,neuron maturation (GO:0042551),1/44,0.2429887625423999,0.3286668811267143,0.285874395866611,0.3889221432138777,-1.389099087477725,1.9652141560803291,kat-60L1
GO_Biological_Process_2018,neuron remodeling (GO:0016322),1/44,0.2429887625423999,0.3286668811267143,0.285874395866611,0.3889221432138777,-1.4153307448072503,2.00232513310576,kat-60L1
GO_Molecular_Function_2018,myosin binding (GO:0017022),1/44,0.2429887625423999,0.3291113619245163,0.2670185811029236,0.3662947202309337,-1.2745435152249158,1.8031477964674387,CG2765
GO_Biological_Process_2018,imaginal disc-derived wing hair organization (GO:0035317),1/45,0.2477684486511091,0.3313018113391973,0.2912131453144458,0.3905093180720936,-1.1537877182235925,1.6098345944874313,Cdc42
GO_Biological_Process_2018,negative regulation of cellular amide metabolic process (GO:0034249),1/45,0.2477684486511091,0.3313018113391973,0.2912131453144458,0.3905093180720936,-1.3597399636278822,1.897191656993396,Sxl
GO_Biological_Process_2018,positive regulation of apoptotic process (GO:0043065),1/45,0.2477684486511091,0.3313018113391973,0.2912131453144458,0.3905093180720936,-1.3931513192874343,1.9438092065997328,Cyt-c-p
GO_Biological_Process_2018,regulation of neurogenesis (GO:0050767),1/45,0.2477684486511091,0.3313018113391973,0.2912131453144458,0.3905093180720936,-1.379001602567014,1.9240666637394213,Myc
GO_Biological_Process_2018,chemical synaptic transmission (GO:0007268),2/154,0.2531905838236125,0.3347265345464708,0.3234955701430949,0.4159228758982649,-0.5876513898982876,0.8072054582289556,cdm;Cdc42
GO_Biological_Process_2018,anterior/posterior pattern specification (GO:0009952),1/46,0.2525181943462571,0.3347265345464708,0.2965126541735229,0.3942270515716158,-1.05535638554878,1.4524574181718046,pcs
GO_Biological_Process_2018,lipid biosynthetic process (GO:0008610),1/46,0.2525181943462571,0.3347265345464708,0.2965126541735229,0.3942270515716158,-1.2987735747710474,1.7874656741862565,AcCoAS
GO_Biological_Process_2018,cellular response to insulin stimulus (GO:0032869),1/46,0.2525181943462571,0.3347265345464708,0.2965126541735229,0.3942270515716158,-1.2859206713060731,1.76977658333659,Myc
GO_Biological_Process_2018,open tracheal system development (GO:0007424),2/155,0.2555234172228414,0.3353411446020378,0.3262375220915,0.4176312006137343,-0.7004808053353383,0.9557648853206558,Hr78;Cdc42
GO_Biological_Process_2018,phagocytosis (GO:0006909),1/47,0.2572381857096828,0.3353411446020378,0.3017732059349845,0.3967130909482381,-1.008921957508961,1.369866643712095,Cdc42
GO_Biological_Process_2018,gland development (GO:0048732),1/47,0.2572381857096828,0.3353411446020378,0.3017732059349845,0.3967130909482381,-1.0933418419497605,1.4844879807746831,Arl1
GO_Biological_Process_2018,regulation of multicellular organism growth (GO:0040014),1/47,0.2572381857096828,0.3353411446020378,0.3017732059349845,0.3967130909482381,-1.3559075910203906,1.8409873698069037,Myc
GO_Biological_Process_2018,protein localization to nucleus (GO:0034504),1/47,0.2572381857096828,0.3353411446020378,0.3017732059349845,0.3967130909482381,-1.410065151175969,1.9145199504092036,cdm
GO_Biological_Process_2018,regulation of multicellular organismal development (GO:2000026),1/48,0.2619286076145966,0.339563956685959,0.3069950820692025,0.4013231799116948,-1.234117897322129,1.6533271402031384,Yp3
GO_Biological_Process_2018,vesicle organization (GO:0016050),1/48,0.2619286076145966,0.339563956685959,0.3069950820692025,0.4013231799116948,-1.1327281200113424,1.5174969485084782,Arl1
GO_Biological_Process_2018,cell morphogenesis involved in neuron differentiation (GO:0048667),2/160,0.2671928026995712,0.3435336034708773,0.3399054710464375,0.4264765695703292,-0.6592881101043978,0.8701184091886794,fru;Cdc42
GO_Biological_Process_2018,associative learning (GO:0008306),1/49,0.2665896438793119,0.3435336034708773,0.312178562063196,0.4058321306821548,-1.2214614242117852,1.6148266230889032,rg
GO_Biological_Process_2018,regulation of JNK cascade (GO:0046328),1/49,0.2665896438793119,0.3435336034708773,0.312178562063196,0.4058321306821548,-1.182706218943583,1.5635905087017845,flw
GO_Molecular_Function_2018,protein kinase regulator activity (GO:0019887),1/47,0.2572381857096828,0.3440560733867008,0.2821020441640861,0.3773114840694652,-1.2857042201901865,1.745668544341066,pcs
GO_Biological_Process_2018,vesicle-mediated transport in synapse (GO:0099003),1/51,0.2758242888457969,0.352630859736058,0.3224314415936574,0.4159228758982649,-1.1062614686653591,1.424855092538498,Arl1
GO_Biological_Process_2018,gene expression (GO:0010467),2/164,0.2765289006904557,0.352630859736058,0.3507832751062197,0.4361772744221015,-0.6711186651983618,0.8626827368523968,RpL41;Caf1-55
GO_Biological_Process_2018,neuromuscular junction development (GO:0007528),1/51,0.2758242888457969,0.352630859736058,0.3224314415936574,0.4159228758982649,-1.198704746374494,1.5439212254064552,rg
GO_Molecular_Function_2018,amino acid transmembrane transporter activity (GO:0015171),1/50,0.2712214771270898,0.3539109518609586,0.2968825344069819,0.3873955022139887,-1.297247180373668,1.692673460216942,mnd
GO_Molecular_Function_2018,G-protein coupled receptor binding (GO:0001664),1/50,0.2712214771270898,0.3539109518609586,0.2968825344069819,0.3873955022139887,-1.335171343891491,1.742157649551665,sun
GO_Biological_Process_2018,wing disc dorsal/ventral pattern formation (GO:0048190),1/52,0.2803982594426868,0.3556270607565784,0.3275013902248729,0.4176312006137343,-1.1049654075478488,1.4050125001941065,capt
GO_Biological_Process_2018,SCF-dependent proteasomal ubiquitin-dependent protein catabolic process (GO:0031146),1/52,0.2803982594426868,0.3556270607565784,0.3275013902248729,0.4176312006137343,-1.1112686998956345,1.4130274158471408,CG32085
GO_Biological_Process_2018,cellular macromolecule biosynthetic process (GO:0034645),2/166,0.2811951423889699,0.3556738557784809,0.3562010954046111,0.4398472629270659,-0.6344248563058933,0.8048988715630137,RpL41;Caf1-55
KEGG_2019,Pyruvate metabolism,1/46,0.2525181943462571,0.3558210920333623,0.3132800307605829,0.4414400433444577,-2.93036856775927,4.03298413929264,AcCoAS
KEGG_2019,Purine metabolism,2/99,0.1290466131851835,0.3558210920333623,0.1891210230378233,0.4414400433444577,0.0450926744236638,-0.0923309303260074,Ac78C;Papss
KEGG_2019,Pentose and glucuronate interconversions,1/45,0.2477684486511091,0.3558210920333623,0.307725841426082,0.4414400433444577,-6.707599698672481,9.358849873633222,CG6083
KEGG_2019,Pyrimidine metabolism,1/38,0.2136713318577053,0.3558210920333623,0.2676212829490081,0.4414400433444577,-2.7405392797543326,4.229518878204129,CRMP
KEGG_2019,Propanoate metabolism,1/22,0.1298691805013237,0.3558210920333623,0.1674069788523114,0.4414400433444577,-8.352156773423884,17.048653251392423,AcCoAS
KEGG_2019,beta-Alanine metabolism,1/19,0.1131974149443004,0.3558210920333623,0.1472058172768465,0.4414400433444577,-16.427122966660423,35.78849066484645,CRMP
KEGG_2019,N-Glycan biosynthesis,1/38,0.2136713318577053,0.3558210920333623,0.2676212829490081,0.4414400433444577,-40.67025051037659,62.76705960235268,FucT6
KEGG_2019,Glyoxylate and dicarboxylate metabolism,1/33,0.1883817664825483,0.3558210920333623,0.2376195411752574,0.4414400433444577,-82.45154475376324,137.6351023468411,AcCoAS
KEGG_2019,Glycerolipid metabolism,1/42,0.2333388190934306,0.3558210920333623,0.2908033202269255,0.4414400433444577,-70.75230535808555,102.96326326964665,CG6083
KEGG_2019,Folate biosynthesis,1/40,0.2235668523648455,0.3558210920333623,0.2793017773490533,0.4414400433444577,-61.42105263157895,92.01148813233452,CG6083
KEGG_2019,Galactose metabolism,1/37,0.2086767554345639,0.3558210920333623,0.2617130971070569,0.4414400433444577,-80.50500577686667,126.148836240188,CG6083
KEGG_2019,AGE-RAGE signaling pathway in diabetic complications,1/31,0.1780414781423642,0.3558210920333623,0.2252914668083879,0.4414400433444577,-61.70154714761605,106.4807497717678,Cdc42
KEGG_2019,Fructose and mannose metabolism,1/29,0.1675705098159991,0.3558210920333623,0.2127721389166595,0.4414400433444577,-19.26220062209674,34.40905254097522,CG6083
KEGG_2019,Basal transcription factors,1/39,0.2186346327270282,0.3558210920333623,0.2734840648649275,0.4414400433444577,-43.6053069553139,66.29547172147839,Trf
GO_Biological_Process_2018,negative regulation of Notch signaling pathway (GO:0045746),1/53,0.2849435682110387,0.3584773922655004,0.3325340409067576,0.4217504909061315,-1.3480758357893456,1.692460849068797,Myc
GO_Biological_Process_2018,cytoskeleton organization (GO:0007010),1/53,0.2849435682110387,0.3584773922655004,0.3325340409067576,0.4217504909061315,-1.2080121010951628,1.5166158550032656,Cdc42
GO_Biological_Process_2018,negative regulation of intracellular signal transduction (GO:1902532),1/54,0.2894603933148674,0.3612465708569545,0.3375296633345083,0.4246340925821233,-1.0103587087821086,1.252578874483509,PRAS40
GO_Biological_Process_2018,protein import into nucleus (GO:0006606),1/54,0.2894603933148674,0.3612465708569545,0.3375296633345083,0.4246340925821233,-1.136851910384169,1.4093971517105264,cdm
GO_Biological_Process_2018,regulation of cell growth (GO:0001558),1/54,0.2894603933148674,0.3612465708569545,0.3375296633345083,0.4246340925821233,-1.2888590643530065,1.5978460146507372,Myc
GO_Biological_Process_2018,internal peptidyl-lysine acetylation (GO:0018393),1/55,0.2939489118404648,0.3658725817588765,0.3424885252788127,0.4285685289585144,-1.0100220817426522,1.2366198247192028,Caf1-55
GO_Molecular_Function_2018,protein serine/threonine phosphatase activity (GO:0004722),1/53,0.2849435682110387,0.3673368891395318,0.3113659883190319,0.4013995271100773,-1.2821779268167923,1.6097283884678388,flw
GO_Biological_Process_2018,"dorsal/ventral pattern formation, imaginal disc (GO:0007450)",1/57,0.3028417319682117,0.3729735014766397,0.3522970293409282,0.4361772744221015,-0.9904520231691312,1.1831394592023996,capt
GO_Biological_Process_2018,fatty acid biosynthetic process (GO:0006633),1/57,0.3028417319682117,0.3729735014766397,0.3522970293409282,0.4361772744221015,-0.9997715125284188,1.1942720081221438,AcCoAS
GO_Biological_Process_2018,neuropeptide signaling pathway (GO:0007218),1/57,0.3028417319682117,0.3729735014766397,0.3522970293409282,0.4361772744221015,-1.0413952671866744,1.2439934539108737,ITP
GO_Biological_Process_2018,positive regulation of transcription from RNA polymerase II promoter (GO:0045944),3/305,0.3018362051084802,0.3729735014766397,0.4029412271286313,0.4740366766123153,-0.4865007083086004,0.5827649809530995,MED21;yki;Trf
GO_Biological_Process_2018,cell morphogenesis (GO:0000902),1/58,0.3072463823235806,0.3774050050588865,0.357147197547041,0.4398549696105663,-1.1051992632493532,1.3042515136198165,capt
KEGG_2019,Longevity regulating pathway,1/55,0.2939489118404648,0.3796840111272671,0.3613795078037497,0.46678186424651,-57.73601663413658,70.68905131945682,Ac78C
KEGG_2019,Glycolysis / Gluconeogenesis,1/54,0.2894603933148674,0.3796840111272671,0.3561992637081948,0.46678186424651,-66.2337972990274,82.11247604683754,AcCoAS
GO_Molecular_Function_2018,protein transporter activity (GO:0008565),1/57,0.3028417319682117,0.3812242978893959,0.3302252522115939,0.4156953174898888,-1.253554149586951,1.4974267747747008,cdm
GO_Molecular_Function_2018,sodium ion transmembrane transporter activity (GO:0015081),1/57,0.3028417319682117,0.3812242978893959,0.3302252522115939,0.4156953174898888,-0.8815210311552166,1.0530164931556978,zyd
GO_Biological_Process_2018,neuromuscular synaptic transmission (GO:0007274),1/59,0.3116234235375723,0.3817794822397483,0.3619616574788203,0.4446143194228028,-1.028338101047091,1.1990008825115168,Cdc42
GO_Molecular_Function_2018,hydrogen ion transmembrane transporter activity (GO:0015078),1/58,0.3072463823235806,0.3822716617281759,0.3348607627838271,0.4166290885798779,-0.8540214879593275,1.007835288507149,sun
GO_Biological_Process_2018,neuron projection morphogenesis (GO:0048812),2/180,0.3137622170968493,0.3833961295073772,0.3936639779726453,0.4688130854546866,-0.6514111078895922,0.7550635458868912,fru;Cdc42
GO_Molecular_Function_2018,DNA binding (GO:0003677),4/448,0.3124457852773493,0.3842724025824871,0.3754874976668323,0.4618064626477134,-0.5354275309797072,0.6228758640861173,Nf-YB;Myc;Trf;Mitf
GO_Biological_Process_2018,negative regulation of translation (GO:0017148),1/61,0.3202953642336088,0.3883373846148418,0.3714844842656111,0.4527467151987136,-1.0928557196570714,1.2442290185128275,Sxl
GO_Biological_Process_2018,branching involved in open tracheal system development (GO:0060446),1/61,0.3202953642336088,0.3883373846148418,0.3714844842656111,0.4527467151987136,-1.0327613134529052,1.1758108342048537,Cdc42
GO_Biological_Process_2018,wound healing (GO:0042060),1/61,0.3202953642336088,0.3883373846148418,0.3714844842656111,0.4527467151987136,-1.0574661310054294,1.2039375579278726,Cdc42
GO_Biological_Process_2018,response to light stimulus (GO:0009416),1/62,0.3245906039269016,0.3925281721906718,0.376193362418179,0.4572947886018383,-0.948789399442686,1.067568886062032,cdm
GO_Biological_Process_2018,ER to Golgi vesicle-mediated transport (GO:0006888),1/63,0.3288589148938805,0.393621412200348,0.3808675549022974,0.4593969476656576,-0.9677419127703164,1.076251378256246,Bet3
GO_Biological_Process_2018,regulation of gene expression (GO:0010468),4/458,0.3267040284697855,0.393621412200348,0.4522570968520043,0.5100152321126217,-0.4127843131666503,0.4617820710528963,Sf3b5;Myc;Hr78;Mitf
GO_Biological_Process_2018,regulation of programmed cell death (GO:0043067),1/63,0.3288589148938805,0.393621412200348,0.3808675549022974,0.4593969476656576,-1.0221770580919682,1.1367901431944054,Myc
GO_Biological_Process_2018,sensory perception of sound (GO:0007605),1/63,0.3288589148938805,0.393621412200348,0.3808675549022974,0.4593969476656576,-1.0201092421820288,1.1344904704266097,wtrw
GO_Biological_Process_2018,nucleosome assembly (GO:0006334),1/64,0.3331004646208605,0.397681166945313,0.3855073128429823,0.4637980010553103,-1.0036342968199732,1.103306361920934,Caf1-55
GO_Biological_Process_2018,negative regulation of cellular protein metabolic process (GO:0032269),1/65,0.3373154195445186,0.4006690770224231,0.390112885574208,0.4669381852908678,-0.97564788321087,1.0602724812891704,Sxl
GO_Biological_Process_2018,mitotic cytokinesis (GO:0000281),1/65,0.3373154195445186,0.4006690770224231,0.390112885574208,0.4669381852908678,-1.1006564738714593,1.196123919992613,Caf1-55
GO_Biological_Process_2018,negative regulation of transcription from RNA polymerase II promoter (GO:0000122),2/192,0.3414316096987988,0.4025789579846275,0.4250153730006728,0.4871732854336441,-0.4936086068934873,0.530435700801147,MEP-1;Caf1-55
GO_Biological_Process_2018,morphogenesis of an epithelium (GO:0002009),1/66,0.3415039451279853,0.4025789579846275,0.3946845206605695,0.4688130854546866,-1.0990179007332583,1.1807804888847162,yki
GO_Biological_Process_2018,axon development (GO:0061564),1/66,0.3415039451279853,0.4025789579846275,0.3946845206605695,0.4688130854546866,-0.5735800346455208,0.616252122255132,Cdc42
GO_Biological_Process_2018,cytoskeleton-dependent cytokinesis (GO:0061640),1/69,0.3539125846145587,0.408965653332379,0.4081982493050493,0.4740366766123153,-0.9600444224737894,0.9972032610212104,Caf1-55
GO_Biological_Process_2018,chromatin assembly (GO:0031497),1/68,0.3498023647364691,0.408965653332379,0.4037269593445735,0.4740366766123153,-1.0312432903447453,1.083204500813449,Caf1-55
GO_Biological_Process_2018,positive regulation of intracellular signal transduction (GO:1902533),1/69,0.3539125846145587,0.408965653332379,0.4081982493050493,0.4740366766123153,-0.7988295443765308,0.8297485074698328,Nf-YB
GO_Biological_Process_2018,histone acetylation (GO:0016573),1/69,0.3539125846145587,0.408965653332379,0.4081982493050493,0.4740366766123153,-0.9270990501339482,0.9629827270919646,Caf1-55
GO_Biological_Process_2018,regulation of canonical Wnt signaling pathway (GO:0060828),1/68,0.3498023647364691,0.408965653332379,0.4037269593445735,0.4740366766123153,-0.7399452024313736,0.7772287889126887,flw
GO_Biological_Process_2018,positive regulation of multicellular organismal process (GO:0051240),1/69,0.3539125846145587,0.408965653332379,0.4081982493050493,0.4740366766123153,-0.7516468769577449,0.7807396192222923,Myc
GO_Biological_Process_2018,protein-DNA complex assembly (GO:0065004),1/69,0.3539125846145587,0.408965653332379,0.4081982493050493,0.4740366766123153,-1.0088814821161118,1.0479305752933177,Caf1-55
GO_Biological_Process_2018,ion transport (GO:0006811),1/68,0.3498023647364691,0.408965653332379,0.4037269593445735,0.4740366766123153,-0.975545867453536,1.0247006543163737,wtrw
GO_Biological_Process_2018,regulation of cell size (GO:0008361),1/70,0.3579970266290482,0.4116526006447041,0.4126365743759721,0.4768244859455678,-1.0934167745769123,1.1231911673445911,Myc
GO_Biological_Process_2018,modulation of chemical synaptic transmission (GO:0050804),1/70,0.3579970266290482,0.4116526006447041,0.4126365743759721,0.4768244859455678,-1.0284593700038716,1.056464933792614,cdm
GO_Biological_Process_2018,regulation of cellular component organization (GO:0051128),1/71,0.3620558512557629,0.4152993587933751,0.4170421734219324,0.4807284166538531,-0.8405423505072492,0.8539547114914353,Rab21
GO_Biological_Process_2018,regulation of autophagy (GO:0010506),1/72,0.3660892178555646,0.4188991539276387,0.421415283632529,0.4845758052580432,-0.969274265639748,0.9740025896888956,Myc
GO_Biological_Process_2018,chromatin remodeling (GO:0006338),1/73,0.3700972848134584,0.4224525104699964,0.4257561404751292,0.4871732854336441,-0.9278900263557956,0.9223128282718834,Caf1-55
GO_Molecular_Function_2018,mRNA binding (GO:0003729),2/196,0.3505825659516289,0.4262765290548216,0.3957439170895805,0.4811886264611945,-0.6186025882467354,0.6483938913594143,Sxl;caz
GO_Biological_Process_2018,motor neuron axon guidance (GO:0008045),1/75,0.3780381486173871,0.4294219746430513,0.4343420276831557,0.4945792432012576,-1.0040268916928186,0.9766773660189608,Cdc42
GO_Biological_Process_2018,regulation of innate immune response (GO:0045088),1/75,0.3780381486173871,0.4294219746430513,0.4343420276831557,0.4945792432012576,-0.8056176482484632,0.7836727573930643,Hr78
GO_Biological_Process_2018,wing disc pattern formation (GO:0035222),1/76,0.3819712574645182,0.4328391004682676,0.438587520668456,0.498201358429217,-0.860985656660314,0.8286211330265703,capt
GO_Biological_Process_2018,imaginal disc morphogenesis (GO:0007560),1/77,0.385879690574192,0.4362118241273476,0.4428016855883878,0.501770433063839,-0.9648768036590768,0.9187842919239484,disco-r
KEGG_2019,Apoptosis,1/69,0.3539125846145587,0.4388516049220528,0.4298321043703636,0.5329918094192508,1.5510514127819115,-1.6110853733749029,Cyt-c-p
GO_Biological_Process_2018,compound eye photoreceptor development (GO:0042051),1/78,0.389763601589322,0.4395406398645848,0.4469847496622544,0.5052871083138528,-0.8371563813491758,0.7887811938793442,capt
KEGG_2019,mRNA surveillance pathway,1/73,0.3700972848134584,0.4412698395852774,0.4480585017001295,0.5342235981809235,2.470021647749593,-2.4551752762941805,flw
GO_Biological_Process_2018,cellular response to starvation (GO:0009267),1/80,0.3974584668408642,0.4471407751959722,0.4552584760486317,0.5121657855547107,-0.7844904279673941,0.7238217322851112,Mitf
GO_Biological_Process_2018,salivary gland development (GO:0007431),1/82,0.4050570630085345,0.4545964160383553,0.4634104853800918,0.5200865879085923,-0.6903769155429026,0.6239124834589163,Arl1
GO_Biological_Process_2018,sensory perception of pain (GO:0019233),1/83,0.4088206341630793,0.4577226238955051,0.467441397195758,0.5233554399225233,-0.7537928623341563,0.6742517096276994,CG5934
GO_Biological_Process_2018,chaeta development (GO:0022416),1/85,0.4162770624567475,0.4649586282333122,0.475414123467114,0.5310114791947717,-0.7845252502747677,0.6875612438734997,capt
GO_Biological_Process_2018,heart development (GO:0007507),1/87,0.4236401814058168,0.4720562021379101,0.4832694863578209,0.5385002847987148,-0.7105732496320226,0.6102906244648811,yki
GO_Molecular_Function_2018,"transferase activity, transferring hexosyl groups (GO:0016758)",1/79,0.3936231431150672,0.4732323181271033,0.4252830218900049,0.5112953184520282,-0.6615732985612416,0.616825351917359,FucTA
GO_Biological_Process_2018,"regulation of alternative mRNA splicing, via spliceosome (GO:0000381)",1/88,0.4272871124242011,0.4749889990843851,0.4871536882048135,0.5415390168167524,-0.7138298704458416,0.6069688944468165,Sxl
GO_Biological_Process_2018,nucleosome organization (GO:0034728),1/90,0.4345124348561835,0.4818763495561467,0.4948361827952317,0.5487756719150911,-0.7839312583466008,0.6534307829976134,Caf1-55
GO_Molecular_Function_2018,ion channel activity (GO:0005216),1/83,0.4088206341630793,0.4850987097810919,0.4410911296955017,0.5232139967081432,-0.6309927330404335,0.5644096014623255,wtrw
GO_Molecular_Function_2018,calcium ion binding (GO:0005509),1/84,0.4125605849540127,0.4850987097810919,0.444976389723748,0.5232139967081432,-0.7671435563455776,0.6792075869247935,Nca
GO_Biological_Process_2018,Golgi organization (GO:0007030),1/92,0.4416473172915804,0.4886310744502592,0.5024055145907511,0.55585290975998,-0.7085926834819977,0.5790928639938391,Arl1
GO_Biological_Process_2018,"regulation of mRNA splicing, via spliceosome (GO:0048024)",1/93,0.4451811950258357,0.4890722987607772,0.5061482574065352,0.556050198277602,-0.6829181438772373,0.5526678295791617,Sxl
GO_Biological_Process_2018,transmembrane receptor protein tyrosine kinase signaling pathway (GO:0007169),1/93,0.4451811950258357,0.4890722987607772,0.5061482574065352,0.556050198277602,-0.1658996966867205,0.1342582945228835,Myc
GO_Biological_Process_2018,cellular response to DNA damage stimulus (GO:0006974),1/93,0.4451811950258357,0.4890722987607772,0.5061482574065352,0.556050198277602,-0.747594309712496,0.6050085625325095,Caf1-55
GO_Biological_Process_2018,cellular protein modification process (GO:0006464),3/391,0.4482846056949209,0.4906267971383097,0.56687526768988,0.602949148361054,-0.3294838196060656,0.2643537538918723,flw;FucTA;ubl
GO_Biological_Process_2018,peptide biosynthetic process (GO:0043043),1/94,0.448692882852984,0.4906267971383097,0.5098633221512316,0.5588197535521696,-0.6307453902662146,0.5054898436870715,RpL41
GO_Biological_Process_2018,axon guidance (GO:0007411),2/242,0.4519747853415873,0.4930634021908225,0.5458883787579077,0.588653827785025,-0.4088132439905717,0.3246504057659096,capt;Cdc42
GO_Biological_Process_2018,endosomal transport (GO:0016197),1/96,0.4556502407764604,0.4947663867363886,0.5172112207256088,0.564230422609755,-0.7443170649493678,0.5850553785265783,Sara
GO_Biological_Process_2018,regulation of translation (GO:0006417),1/96,0.4556502407764604,0.4947663867363886,0.5172112207256088,0.564230422609755,-0.700077602098197,0.5502818432913424,Sxl
KEGG_2019,Ubiquitin mediated proteolysis,1/100,0.4693047026804621,0.5016705442446319,0.5572385017956796,0.59566874329883,6.800789526059543,-5.144817920971479,CG31687
KEGG_2019,Wnt signaling pathway,1/91,0.4380911105536121,0.5016705442446319,0.5233808974292816,0.59566874329883,5.197125869982705,-4.289335450373634,Myc
KEGG_2019,Drug metabolism,1/96,0.4556502407764604,0.5016705442446319,0.5424859598652971,0.59566874329883,3.4216921683364565,-2.6895519409912927,CRMP
GO_Molecular_Function_2018,phosphoprotein phosphatase activity (GO:0004721),1/91,0.4380911105536121,0.5027262015978629,0.4714449777216935,0.5408328923690326,-0.8023955226033829,0.66223979299836,flw
GO_Molecular_Function_2018,protein kinase binding (GO:0019901),1/90,0.4345124348561835,0.5027262015978629,0.4677405750001014,0.5408328923690326,-0.7697443982183405,0.6416055993183217,Cdc42
GO_Molecular_Function_2018,RNA polymerase II core promoter proximal region sequence-specific DNA binding (GO:0000978),1/92,0.4416473172915804,0.5027262015978629,0.4751242232027017,0.5408328923690326,-0.7251219137000093,0.5926012722651829,Trf
GO_Biological_Process_2018,regulation of mitotic cell cycle (GO:0007346),1/100,0.4693047026804621,0.508413427903834,0.5315836372556455,0.578560795896842,-0.7435291223446405,0.5624820381140861,Caf1-55
GO_Molecular_Function_2018,core promoter proximal region sequence-specific DNA binding (GO:0000987),1/95,0.4521825189679775,0.5093003108376168,0.486012676932193,0.5474037519131016,-0.7323632895686518,0.5812543162309439,Trf
GO_Biological_Process_2018,male mating behavior (GO:0060179),1/101,0.4726648839604571,0.5108710524099168,0.5351105087995032,0.5810480698797391,-0.7073411297658225,0.5300592548817888,fru
GO_Biological_Process_2018,regulation of signal transduction (GO:0009966),1/102,0.4760039575520743,0.5132945901713613,0.538611272032712,0.5834955447021047,-0.6738721303962816,0.5002348992153671,Sara
GO_Biological_Process_2018,endocytosis (GO:0006897),1/104,0.4826193067796243,0.5192318059146303,0.5455352321048471,0.588653827785025,-0.5782154709165243,0.4212456522471777,Cdc42
GO_Biological_Process_2018,histone modification (GO:0016570),1/105,0.4858958431707287,0.5215579234034426,0.548958804796108,0.5906039555047782,-0.456115768907976,0.3292065700682116,Caf1-55
GO_Biological_Process_2018,dorsal closure (GO:0007391),1/107,0.4923872849075974,0.5273163600383423,0.5557300650855619,0.5965175927982637,-0.5430151064404903,0.3847206140359589,Cdc42
GO_Biological_Process_2018,Golgi vesicle transport (GO:0048193),1/108,0.4956024461162587,0.5283415598688134,0.5590781205444904,0.5973711424995924,-0.5579010656406338,0.3916360559540319,Bet3
GO_Biological_Process_2018,protein dephosphorylation (GO:0006470),1/108,0.4956024461162587,0.5283415598688134,0.5590781205444904,0.5973711424995924,-0.6450887195342654,0.4528401492991086,flw
GO_Biological_Process_2018,courtship behavior (GO:0007619),1/109,0.4987974034622772,0.5305390564098768,0.5624013692511995,0.5995531681311194,-0.5763291031490283,0.4008687453868923,fru
GO_Molecular_Function_2018,G-protein coupled receptor activity (GO:0004930),1/102,0.4760039575520743,0.5305460776882494,0.510569156193576,0.5690718720074232,-0.7210936237793362,0.5352887883996257,Rh2
GO_Biological_Process_2018,regulation of macromolecule metabolic process (GO:0060255),1/113,0.511377701690451,0.5390197396196647,0.5754498903695332,0.6065552898489674,-0.5711326945284539,0.3830283251311918,Sf3b5
GO_Biological_Process_2018,male courtship behavior (GO:0008049),1/113,0.511377701690451,0.5390197396196647,0.5754498903695332,0.6065552898489674,-0.5909699522360674,0.3963321189215584,fru
GO_Biological_Process_2018,DNA repair (GO:0006281),1/113,0.511377701690451,0.5390197396196647,0.5754498903695332,0.6065552898489674,-0.5928770633991678,0.3976111169576356,Caf1-55
GO_Biological_Process_2018,respiratory system development (GO:0060541),1/112,0.5082623080304324,0.5390197396196647,0.572224074971398,0.6065552898489674,-0.4735953503923979,0.3205092575703765,Hr78
GO_Biological_Process_2018,morphogenesis of embryonic epithelium (GO:0016331),1/114,0.5144735135452762,0.5410642794139086,0.5786517894352278,0.60855963473188,-0.6185238276992518,0.4110778664625873,Cdc42
GO_Molecular_Function_2018,metal ion binding (GO:0046872),1/107,0.4923872849075974,0.5431488606712672,0.5274048105197072,0.5817764404701925,-0.7645767634210792,0.5416947676265425,Nca
GO_Molecular_Function_2018,microtubule binding (GO:0008017),1/111,0.5051272096207702,0.5459455699941658,0.5404652965854078,0.5841392599458449,-0.7759145477740046,0.5299069462339181,kat-60L1
GO_Molecular_Function_2018,sequence-specific double-stranded DNA binding (GO:1990837),1/111,0.5051272096207702,0.5459455699941658,0.5404652965854078,0.5841392599458449,-0.742244672613886,0.5069122739760493,Nf-YB
GO_Biological_Process_2018,"negative regulation of transcription, DNA-templated (GO:0045892)",2/279,0.526790645144269,0.5527758339182016,0.6236111739871802,0.6471175818758323,-0.3698157044279335,0.2370341402210623,MEP-1;Caf1-55
GO_Molecular_Function_2018,actin binding (GO:0003779),1/116,0.5206068792748486,0.5570493608240878,0.5562964760344074,0.5952372293568159,-0.6666045763984312,0.435132851539572,capt
GO_Biological_Process_2018,border follicle cell migration (GO:0007298),1/121,0.5356060665861558,0.5607687677009416,0.6004099098069399,0.6300265421292554,-0.4489257778347746,0.2802896549155989,yki
GO_Biological_Process_2018,regulation of cell cycle (GO:0051726),1/122,0.538549556485827,0.5613389586533786,0.6034266488100917,0.6303653384891136,-0.5624392132968126,0.348079995425148,Caf1-55
GO_Biological_Process_2018,defense response to Gram-negative bacterium (GO:0050829),1/122,0.538549556485827,0.5613389586533786,0.6034266488100917,0.6303653384891136,-0.6361875793197137,0.3937210714756486,Hr78
GO_Molecular_Function_2018,tubulin binding (GO:0015631),1/120,0.5326439508063106,0.5642861657056953,0.5685771451007484,0.6023540052057433,-0.4628781497259868,0.2915679128994357,kat-60L1
GO_Biological_Process_2018,male gamete generation (GO:0048232),1/124,0.5443811226042887,0.5661563675084603,0.609393114268214,0.6351803507294524,-0.3391703735400088,0.2062514321312201,Sf3b5
KEGG_2019,Spliceosome,1/127,0.55299165886321,0.5714247141586503,0.6455171781345423,0.6670344174056936,5.550703586604679,-3.288305416971397,Sf3b5
GO_Biological_Process_2018,DNA metabolic process (GO:0006259),1/128,0.5558258083074884,0.5767771137204091,0.6210625282686038,0.6459050293993477,-0.6500826020139011,0.3817937255390473,Caf1-55
GO_Molecular_Function_2018,RNA polymerase II regulatory region DNA binding (GO:0001012),1/127,0.55299165886321,0.5800990931212106,0.5892751108629646,0.6181611457091885,-0.7575444647105406,0.4487787049043481,Hr78
GO_Molecular_Function_2018,protein homodimerization activity (GO:0042803),1/139,0.5858489717483191,0.6086003881268947,0.6225254301054525,0.6467011749639167,-0.6086362545401791,0.3254336970167304,Caf1-55
GO_Biological_Process_2018,imaginal disc development (GO:0007444),1/140,0.5884763837160656,0.6093074061484928,0.6540527763420574,0.677205087009033,-0.4784465703151527,0.2536812145709629,Arl1
GO_Biological_Process_2018,spermatogenesis (GO:0007283),1/141,0.5910872586612123,0.6106596844446962,0.6566708992582349,0.6784149687700971,-0.707288583958111,0.3718864150955974,Sf3b5
GO_Biological_Process_2018,dephosphorylation (GO:0016311),1/143,0.5962598096122171,0.6146466759879243,0.6618488458093439,0.6822582815832005,-0.6352349960939608,0.3284665398014729,flw
GO_Biological_Process_2018,negative regulation of signal transduction (GO:0009968),1/146,0.6038971686278227,0.6211513734457604,0.6694721391387778,0.6885999145427429,-0.4570099696259259,0.2304935933883669,Myc
GO_Molecular_Function_2018,kinase activity (GO:0016301),1/149,0.6113911804796717,0.6290274645319701,0.6482151292715957,0.6669136426159686,-0.6254396092382678,0.3077277300081776,Papss
GO_Biological_Process_2018,regulation of cell proliferation (GO:0042127),1/155,0.6259597908091586,0.642432416883084,0.6913426057960024,0.7095358322643182,-0.6474891531753609,0.3033286879641829,Caf1-55
GO_Molecular_Function_2018,"phosphotransferase activity, alcohol group as acceptor (GO:0016773)",1/158,0.6330395810882073,0.6450974778708399,0.6698718138795485,0.6826312770010637,-0.0675344519374025,0.0308782594314343,Papss
GO_Biological_Process_2018,post-embryonic appendage morphogenesis (GO:0035120),1/161,0.6399864094383522,0.6553908963176123,0.7051259346002572,0.722098331275537,-0.5449940846645683,0.2432354042044977,flw
GO_Biological_Process_2018,ubiquitin-dependent protein catabolic process (GO:0006511),1/164,0.6468027533067023,0.6609250841649272,0.7117888624018825,0.7273301039390417,-0.4435399087781856,0.1932565010089014,Vsp37A
GO_Biological_Process_2018,embryonic development via the syncytial blastoderm (GO:0001700),1/166,0.6512756938763065,0.66404580552094,0.7161483578977054,0.7301904825623662,-0.3771606906788748,0.161734889774303,Cdc42
GO_Biological_Process_2018,imaginal disc-derived appendage morphogenesis (GO:0035114),1/170,0.6600536695141784,0.670076176426541,0.7246737741594037,0.7356774974112819,-0.5030667238537808,0.2089910866666124,flw
GO_Biological_Process_2018,central nervous system development (GO:0007417),1/170,0.6600536695141784,0.670076176426541,0.7246737741594037,0.7356774974112819,-0.6049621747662887,0.251321934649273,fru
KEGG_2019,Ribosome biogenesis in eukaryotes,1/178,0.6769573143145681,0.6769573143145681,0.7683678070008163,0.7683678070008163,5.396931260993016,-2.105596860675845,prage
GO_Biological_Process_2018,proteasome-mediated ubiquitin-dependent protein catabolic process (GO:0043161),1/178,0.6769573143145681,0.6857489677472248,0.7409763797999037,0.7505994496674349,-0.4118084238762695,0.1606658455668744,CG32085
GO_Biological_Process_2018,negative regulation of cellular macromolecule biosynthetic process (GO:2000113),1/179,0.6790107588847604,0.6863434884623497,0.7429462681238772,0.7509694459653877,-0.3932349399355266,0.1522284439485795,Sxl
GO_Molecular_Function_2018,RNA binding (GO:0003723),2/401,0.7221420540679384,0.7289547149553717,0.7740558805455136,0.781358294512924,-0.4145160537030202,0.1349388239044078,Sxl;caz
GO_Biological_Process_2018,axonogenesis (GO:0007409),1/212,0.7399718529512312,0.7463509206490868,0.8003025526969447,0.8072017126339874,-0.3794339451219213,0.1142639258849232,Cdc42
GO_Biological_Process_2018,defense response to bacterium (GO:0042742),1/216,0.7465322687351289,0.7513486059527749,0.8063357348948355,0.811537900926415,-0.5529793867897087,0.161644963656315,Hr78
GO_Molecular_Function_2018,ubiquitin-protein transferase activity (GO:0004842),1/231,0.7697040463130406,0.7697040463130406,0.8035437888011538,0.8035437888011537,-0.4130346234449246,0.1081114795559053,CG32085
GO_Biological_Process_2018,sensory perception (GO:0007600),1/232,0.7711718641461242,0.7744816146360216,0.8287273470420624,0.8322841167718567,0.3684173726116617,-0.0957310509767485,CG5934
GO_Biological_Process_2018,negative regulation of gene expression (GO:0010629),1/245,0.7894297118425238,0.7911201394910087,0.8450292064106358,0.8468386907926714,-0.2955993272327858,0.069892828609408,Sxl
GO_Biological_Process_2018,phosphorylation (GO:0016310),1/258,0.8062414335004177,0.8062414335004177,0.8598032568148024,0.8598032568148024,-0.489742395505198,0.105476816857198,Cyt-c-p
