Gene_set,Term,Overlap,P-value,Adjusted P-value,Old P-value,Old Adjusted P-value,Z-score,Combined Score,Genes
GO_Biological_Process_2018,nervous system development (GO:0007399),12/246,3.534854333e-07,0.0001279617268634,0.0001770176770957,0.0182405680464999,-1.096471089151534,16.28854245005062,unc-119;kuz;glec;mbl;futsch;Gs2;inaE;aPKC;Lar;da;numb;stai
GO_Biological_Process_2018,chemical synaptic transmission (GO:0007268),10/154,2.541918814e-07,0.0001279617268634,6.95274556374e-05,0.0182405680464999,-1.102885399148056,16.7475093530647,brp;Rbp;CaMKII;Snap25;shi;5-HT1A;CASK;nAChRalpha6;Rdl;Frq2
GO_Biological_Process_2018,axonogenesis (GO:0007409),11/212,6.020380364e-07,0.0001452918461216,0.0002007228117093,0.0182405680464999,-1.0852365061565246,15.543783017808943,kuz;RhoGAP93B;dally;sbb;Sh;jeb;futsch;egh;beat-Ic;Lar;fax
GO_Biological_Process_2018,axon guidance (GO:0007411),11/242,2.2032812802e-06,0.0002658626078132,0.0005915601790519,0.0225415562965075,-1.0554422766645868,13.747729675212913,kuz;RhoGAP93B;dally;sbb;jeb;egh;beat-Ic;fend;Fas2;Lar;Ptp99A
GO_Biological_Process_2018,regulation of developmental growth (GO:0048638),7/76,1.6448155484e-06,0.0002658626078132,0.0001214275227867,0.0182405680464999,-1.102926963024511,14.688651488596191,kuz;dally;CaMKII;futsch;CASK;Cip4;Fas2
GO_Biological_Process_2018,cell junction assembly (GO:0034329),4/13,2.0620236873e-06,0.0002658626078132,6.57433624864e-05,0.0182405680464999,-2.7128025924920625,35.51553051998283,sdt;cindr;aPKC;alpha-Cat
GO_Biological_Process_2018,anesthesia-resistant memory (GO:0007615),4/14,2.8700017384e-06,0.0002968401798058,8.36500325427e-05,0.0182405680464999,-2.7079256878584554,34.55637566207476,brp;Dop2R;5-HT1A;CASK
GO_Biological_Process_2018,anterograde trans-synaptic signaling (GO:0098916),7/89,4.7794911337e-06,0.0004325439476047,0.0003019075499315,0.0182405680464999,-1.4593502379246353,17.87875730292052,brp;CaMKII;shi;5-HT1A;nAChRalpha6;Rdl;Frq2
GO_Biological_Process_2018,cortical cytoskeleton organization (GO:0030865),5/38,9.1252412308e-06,0.0006010870269848,0.0002635960521053,0.0182405680464999,-2.177181966324744,25.26503458863623,brp;Rbp;shi;Rab3;Galphao
GO_Biological_Process_2018,morphogenesis of an epithelium (GO:0002009),6/66,1.00961502796e-05,0.0006010870269848,0.0004031064761657,0.0182405680464999,-1.6184280450733244,18.617354557158432,Toll-6;sdt;shi;Eip63E;egh;aPKC
GO_Biological_Process_2018,axon development (GO:0061564),6/66,1.00961502796e-05,0.0006010870269848,0.0004031064761657,0.0182405680464999,-2.0589889293989967,23.68528341100791,dally;Con;futsch;Fas2;fax;Ptp99A
GO_Biological_Process_2018,regulation of circadian sleep/wake cycle (GO:0042749),4/19,1.07929991033e-05,0.0006010870269848,0.0002297767486206,0.0182405680464999,-2.59235214967762,29.64772794613452,Sh;5-HT1A;Rdl;qvr
GO_Biological_Process_2018,cation transport (GO:0006812),5/37,7.9725232026e-06,0.0006010870269848,0.0002354571277398,0.0182405680464999,-2.0346732007493986,23.8860654260052,Cngl;nrv2;GluRIA;nAChRalpha6;GluRIB
GO_Biological_Process_2018,ion transport (GO:0006811),6/68,1.2013486097e-05,0.0006212688524487,0.0004676408544239,0.0199159987413488,-1.386783251426701,15.711534079057742,Cngl;nrv2;GluRIA;nAChRalpha6;Rdl;GluRIB
GO_Biological_Process_2018,adherens junction assembly (GO:0034333),4/20,1.34126873802e-05,0.000647385710889,0.0002728768944021,0.0182405680464999,-2.2097475500027084,24.79184163512024,sdt;cindr;aPKC;alpha-Cat
GO_Biological_Process_2018,regulation of neuromuscular junction development (GO:1904396),5/42,1.50962893224e-05,0.0006831070918389,0.0004024222558202,0.0182405680464999,-1.419104345020089,15.753564729013672,CaMKII;futsch;CASK;Cip4;Fas2
GO_Biological_Process_2018,regulation of synaptic growth at neuromuscular junction (GO:0008582),7/110,1.93614734909e-05,0.0008154808894124,0.0009962921019458,0.0300548117420324,-1.4115172500860131,15.3181033100844,CaMKII;futsch;CASK;Cip4;Fas2;Galphao;Liprin-gamma
GO_Biological_Process_2018,regulation of short-term neuronal synaptic plasticity (GO:0048172),3/8,2.25270963926e-05,0.0008154808894124,0.0003667732840906,0.0182405680464999,-3.2627888120213853,34.91442340331398,Snap25;shi;Rab3
GO_Biological_Process_2018,cytoskeletal matrix organization at active zone (GO:0048789),3/8,2.25270963926e-05,0.0008154808894124,0.0003667732840906,0.0182405680464999,-3.334085498029726,35.67735438841999,brp;Rbp;Rab3
GO_Biological_Process_2018,motor neuron axon guidance (GO:0008045),6/75,2.11689435766e-05,0.0008154808894124,0.0007590532238365,0.0274777267028835,-1.5408264515076346,16.58387715621609,dally;beat-Ic;fend;Fas2;Lar;Ptp99A
GO_Biological_Process_2018,regulation of synapse assembly (GO:0051963),5/46,2.37462396417e-05,0.0008186798809813,0.0005904267369666,0.0225415562965075,-1.1669896142554308,12.42620620652809,CaMKII;futsch;CASK;Cip4;Fas2
GO_Biological_Process_2018,vesicle-mediated transport in synapse (GO:0099003),5/51,3.94861078696e-05,0.0012429540042446,0.0009100969435395,0.0286482690053324,-1.834323412834244,18.59923532573961,lqf;EndoA;Snap25;shi;CASK
GO_Biological_Process_2018,neuromuscular junction development (GO:0007528),5/51,3.94861078696e-05,0.0012429540042446,0.0009100969435395,0.0286482690053324,-1.673982583819891,16.973449605350066,CaMKII;futsch;Fas2;Vap33;Frq2
GO_Biological_Process_2018,adherens junction organization (GO:0034332),4/28,5.40971462251e-05,0.0016319305777905,0.0008497899000037,0.0286482690053324,-2.133370626792539,20.95978852827085,cindr;shi;aPKC;alpha-Cat
GO_Biological_Process_2018,neuroblast fate commitment (GO:0014017),4/31,8.16930703234e-05,0.0023658313165661,0.0011994433307669,0.0333998835182804,-2.37172584526283,22.32396765642136,kuz;nkd;da;numb
GO_Biological_Process_2018,cell-cell adhesion via plasma-membrane adhesion molecules (GO:0098742),5/64,0.0001185182318321,0.0028007221964413,0.0023307868759849,0.0539569607162503,-1.7512446614660442,15.832028861652097,glec;Con;beat-Ic;Fas2;Dscam2
GO_Biological_Process_2018,regulation of signal transduction (GO:0009966),6/102,0.0001199204255382,0.0028007221964413,0.0033370926451575,0.0603059197544192,-1.106140542480264,9.98699137754206,lqf;kuz;Vha68-1;RSG7;SKIP;numb
GO_Biological_Process_2018,regulation of neuronal synaptic plasticity (GO:0048168),3/13,0.0001119195564111,0.0028007221964413,0.0011849453521303,0.0333998835182804,-2.5273606831059263,22.99324559039165,Snap25;shi;Rab3
GO_Biological_Process_2018,"regulation of circadian sleep/wake cycle, sleep (GO:0045187)",4/34,0.0001183212337545,0.0028007221964413,0.0016391860125428,0.0422666010513075,-1.894578082835419,17.13097833661778,Sh;5-HT1A;qvr;Ih
GO_Biological_Process_2018,regulation of filopodium assembly (GO:0051489),4/33,0.0001050107700903,0.0028007221964413,0.0014819060687681,0.0397370368069678,-2.230586679339878,20.435403070989924,sif;CaMKII;aPKC;Lar
GO_Biological_Process_2018,negative regulation of signal transduction (GO:0009968),7/146,0.0001178793982951,0.0028007221964413,0.0045805100732705,0.070559346660593,-1.0404938220688398,9.412149484294783,dally;sbb;nkd;swm;cdi;tow;numb
GO_Biological_Process_2018,regulation of nucleobase-containing compound metabolic process (GO:0019219),3/15,0.0001761027237323,0.0037003285669075,0.0016929992133811,0.0422666010513075,-1.687277038526731,14.585570312341044,Rbp6;msi;fne
GO_Biological_Process_2018,synaptic vesicle endocytosis (GO:0048488),4/38,0.0001839942381335,0.0037003285669075,0.0023848380427071,0.0539569607162503,-1.840889770789267,15.832767820312084,lqf;EndoA;shi;CASK
GO_Biological_Process_2018,courtship behavior (GO:0007619),6/109,0.0001727638090479,0.0037003285669075,0.0045484703568609,0.070559346660593,-1.1416572265984994,9.89084460834574,CaMKII;Sh;egh;5-HT1A;CASK;fne
GO_Biological_Process_2018,positive regulation of multicellular organismal process (GO:0051240),5/69,0.0001695239538432,0.0037003285669075,0.0031676474638883,0.0603059197544192,-1.530566406808796,13.289167806755968,Sh;Tctp;qvr;Hipk;Ih
GO_Biological_Process_2018,modulation of chemical synaptic transmission (GO:0050804),5/70,0.0001814707941902,0.0037003285669075,0.003357994419856,0.0603059197544192,-1.500299730936076,12.924205753060122,Sh;CASK;Rdl;qvr;Frq2
GO_Biological_Process_2018,male courtship behavior (GO:0008049),6/113,0.0002103306732705,0.0041156596607531,0.0053718149778284,0.0733196420186208,-1.1570918922290911,9.796899918987354,CaMKII;egh;5-HT1A;CASK;fne;tipE
GO_Biological_Process_2018,oogenesis (GO:0048477),8/216,0.0002302069641403,0.0042735856932726,0.0107556285123342,0.0990751551804784,-1.052304304459012,8.814660479647776,ari-1;kuz;dally;Top1;Lar;Dp;capu;da
GO_Biological_Process_2018,regulation of smoothened signaling pathway (GO:0008589),4/40,0.0002251679971621,0.0042735856932726,0.0028332195854657,0.0602227754379788,-1.6342673214637695,13.725661760127371,sbb;swm;tow;Hipk
GO_Biological_Process_2018,clathrin-dependent endocytosis (GO:0072583),4/41,0.0002480640429795,0.0043804479784673,0.0030776832751453,0.0602227754379788,-1.8263859515698784,15.162334008813756,lqf;EndoA;shi;CASK
GO_Biological_Process_2018,synaptic vesicle recycling (GO:0036465),4/41,0.0002480640429795,0.0043804479784673,0.0030776832751453,0.0602227754379788,-1.6669497340505834,13.83872265435085,lqf;EndoA;shi;CASK
GO_Biological_Process_2018,"positive regulation of circadian sleep/wake cycle, sleep (GO:0045938)",3/17,0.0002603044239165,0.0044871524503704,0.0023191986531312,0.0539569607162503,-2.4426385016003174,20.160704643419727,Sh;qvr;Ih
GO_Biological_Process_2018,axo-dendritic transport (GO:0008088),3/18,0.000310651167164,0.0051116237506078,0.0026793030235868,0.0587822845174816,-2.328492765165937,18.80686332912283,futsch;Vap33;stai
GO_Biological_Process_2018,border follicle cell migration (GO:0007298),6/121,0.0003046445097395,0.0051116237506078,0.0073392556096005,0.0874568168315464,-1.1718451585954928,9.487686130948404,kuz;cindr;shi;egh;CASK;stai
GO_Biological_Process_2018,apical junction assembly (GO:0043297),4/44,0.0003267792110787,0.0052575144182442,0.0038967819320867,0.0656109329960648,-2.333538522577655,18.72950711992366,sdt;nrv2;aPKC;Galphao
GO_Biological_Process_2018,regulation of neurotransmitter secretion (GO:0046928),3/19,0.0003668745736815,0.0057742867683799,0.0030720662798041,0.0602227754379788,-2.662843016797954,21.064394465682845,CASK;Frq2;Ih
GO_Biological_Process_2018,morphogenesis of a polarized epithelium (GO:0001738),4/47,0.0004219435836259,0.0063423907198331,0.0048522796712107,0.0722164812991227,-1.1968487386653366,9.300279415106422,sdt;shi;aPKC;tow
GO_Biological_Process_2018,positive regulation of neurogenesis (GO:0050769),3/20,0.0004292502006516,0.0063423907198331,0.0034984097095105,0.0603059197544192,-2.5471983673770966,19.74962763023836,ari-1;aPKC;da
GO_Biological_Process_2018,inter-male aggressive behavior (GO:0002121),3/20,0.0004292502006516,0.0063423907198331,0.0034984097095105,0.0603059197544192,-2.491176417920568,19.315263092691257,5-HT1A;CG14478;Rdl
GO_Biological_Process_2018,regulation of multicellular organismal development (GO:2000026),4/48,0.0004576377591517,0.0066265947525175,0.005202779254612,0.0733196420186208,-1.8330917014457824,14.095435098287735,dally;sbb;Top1;numb
GO_Biological_Process_2018,neuron development (GO:0048666),4/49,0.0004954329391528,0.0070332048616991,0.0055698623080443,0.0733196420186208,-1.5049579482182134,11.452848205061194,sdt;egh;Fas2;stai
GO_Biological_Process_2018,negative regulation of smoothened signaling pathway (GO:0045879),3/22,0.0005735251363233,0.0077441681709782,0.0044552513810661,0.070559346660593,-2.2441307341678987,16.749538292514647,sbb;swm;tow
GO_Biological_Process_2018,cell-cell junction assembly (GO:0007043),4/51,0.0005776037033602,0.0077441681709782,0.0063551337142075,0.0807213475278288,-1.5670025852408174,11.684546826759812,sdt;nrv2;aPKC;Galphao
GO_Biological_Process_2018,positive regulation of circadian rhythm (GO:0042753),3/22,0.0005735251363233,0.0077441681709782,0.0044552513810661,0.070559346660593,-2.430289541098219,18.138973416633824,Sh;qvr;Ih
GO_Biological_Process_2018,regulation of RNA metabolic process (GO:0051252),3/23,0.0006559406736188,0.008480375851786,0.0049873260565692,0.0722164812991227,-2.3824346102154994,17.461912029014634,Rbp6;msi;fne
GO_Biological_Process_2018,positive regulation of filopodium assembly (GO:0051491),3/23,0.0006559406736188,0.008480375851786,0.0049873260565692,0.0722164812991227,-2.68256622646142,19.661708765319684,sif;aPKC;Lar
GO_Biological_Process_2018,sensory organ development (GO:0007423),6/143,0.0007399089189921,0.0091486738461179,0.0153728725911863,0.1209778234349881,-1.0836771457935768,7.812210621939542,dally;msi;mbl;aPKC;da;numb
GO_Biological_Process_2018,transport along microtubule (GO:0010970),3/24,0.0007455411007195,0.0091486738461179,0.0055561368343454,0.0733196420186208,-2.0616319713340467,14.846637083514349,futsch;Vap33;stai
GO_Biological_Process_2018,cell-cell junction organization (GO:0045216),3/24,0.0007455411007195,0.0091486738461179,0.0055561368343454,0.0733196420186208,-2.158572744240269,15.544746393976167,sdt;aPKC;alpha-Cat
GO_Biological_Process_2018,regulation of secretion by cell (GO:1903530),3/25,0.0008425677255934,0.0101669838888274,0.0061623480462846,0.0796703568841092,-2.374148909234878,16.80673429758181,Rab3;CASK;Frq2
GO_Biological_Process_2018,regulation of mRNA processing (GO:0050684),3/26,0.0009472553198039,0.0112428336317711,0.0068065771053709,0.0849648590394577,-2.2390499837312543,15.588135880089377,Psi;swm;fne
GO_Biological_Process_2018,neuromuscular synaptic transmission (GO:0007274),4/59,0.0010042926585405,0.0113610606997395,0.0102242492370545,0.0990751551804784,-1.5321497039172904,10.577152286043386,brp;Rbp;Snap25;CASK
GO_Biological_Process_2018,male mating behavior (GO:0060179),5/101,0.0009862867956199,0.0113610606997395,0.0141990666998597,0.11550701450223,-1.2031675289101456,8.327800305567008,CaMKII;egh;5-HT1A;CASK;fne
GO_Biological_Process_2018,female gamete generation (GO:0007292),7/208,0.0009986301534482,0.0113610606997395,0.026226589333401,0.1686771373205119,-0.9232841681449382,6.379086711191721,ari-1;kuz;Top1;Lar;Dp;capu;da
GO_Biological_Process_2018,positive regulation of macromolecule metabolic process (GO:0010604),4/60,0.0010698162180508,0.0113903962039528,0.0107946762434774,0.0990751551804784,-1.7480331054933111,11.957015620811967,rin;swm;Dp;Hipk
GO_Biological_Process_2018,short-term memory (GO:0007614),3/27,0.0010598322200693,0.0113903962039528,0.0074893959165136,0.0874568168315464,-2.341334488282059,16.03730928977843,brp;shi;Fas2
GO_Biological_Process_2018,neuroblast fate determination (GO:0007400),3/27,0.0010598322200693,0.0113903962039528,0.0074893959165136,0.0874568168315464,-1.8212017561624587,12.474584895426707,kuz;da;numb
GO_Biological_Process_2018,positive regulation of plasma membrane bounded cell projection assembly (GO:0120034),3/27,0.0010598322200693,0.0113903962039528,0.0074893959165136,0.0874568168315464,-2.275087794665526,15.583542978185305,sif;aPKC;Lar
GO_Molecular_Function_2018,poly(U) RNA binding (GO:0008266),3/12,8.65678180962e-05,0.0119463588972865,0.0006487312925271,0.0895249183687437,-1.7089084135278745,15.986124614503463,Rbp6;CG4612;fne
GO_Biological_Process_2018,homophilic cell adhesion via plasma membrane adhesion molecules (GO:0007156),3/28,0.0011805204289161,0.012209954150504,0.0082113322565511,0.0925477865863418,-2.345338901445454,15.811805562507358,Con;Fas2;Dscam2
GO_Biological_Process_2018,protein localization to cell periphery (GO:1990778),3/28,0.0011805204289161,0.012209954150504,0.0082113322565511,0.0925477865863418,-2.1248920761433774,14.325597178550472,shi;Rab3;aPKC
GO_Biological_Process_2018,positive regulation of behavior (GO:0048520),3/29,0.0013095357132864,0.0133535754425269,0.0089728711211519,0.0925477865863418,-1.8303831740723049,12.15023473927934,Sh;qvr;Ih
GO_Biological_Process_2018,"G-protein coupled receptor signaling pathway, coupled to cyclic nucleotide second messenger (GO:0007187)",3/31,0.0015933799844163,0.0160223209544091,0.0106164903665852,0.0990751551804784,-2.2186918018800137,14.29258571017377,Dop2R;5-HT1A;Galphao
GO_Biological_Process_2018,regulation of macromolecule metabolic process (GO:0060255),5/113,0.00162689737762,0.016135256183519,0.0216064273698875,0.1533632687823394,-1.365026398799928,8.76494442863664,Rbp6;Pitslre;msi;mbl;fne
GO_Biological_Process_2018,stem cell fate determination (GO:0048867),3/32,0.0017486102016895,0.0168799171469768,0.0114993385262556,0.1015307450366962,-1.3796664175514857,8.7594109953602,kuz;da;numb
GO_Biological_Process_2018,regulation of imaginal disc growth (GO:0045570),3/32,0.0017486102016895,0.0168799171469768,0.0114993385262556,0.1015307450366962,-1.758626506251218,11.16540357844432,dally;sbb;rin
GO_Biological_Process_2018,regulation of Notch signaling pathway (GO:0008593),5/117,0.0018961998931855,0.0169508841403154,0.0245457400446396,0.1676520357765951,-1.2300828159256425,7.710040327953981,lqf;shi;Vha68-1;Hipk;numb
GO_Biological_Process_2018,cellular potassium ion homeostasis (GO:0030007),2/9,0.0019432643420527,0.0169508841403154,0.0092036472848295,0.0925477865863418,-2.925874295314986,18.26736281628648,nrv3;nrv2
GO_Biological_Process_2018,cellular sodium ion homeostasis (GO:0006883),2/9,0.0019432643420527,0.0169508841403154,0.0092036472848295,0.0925477865863418,-2.39568146931968,14.957164312353202,nrv3;nrv2
GO_Biological_Process_2018,muscle cell fate specification (GO:0042694),2/9,0.0019432643420527,0.0169508841403154,0.0092036472848295,0.0925477865863418,-3.512754866530992,21.931484799038333,jeb;numb
GO_Biological_Process_2018,defasciculation of motor neuron axon (GO:0007415),2/9,0.0019432643420527,0.0169508841403154,0.0092036472848295,0.0925477865863418,-2.35193521305792,14.684039545418612,beat-Ic;Ptp99A
GO_Biological_Process_2018,plasma membrane tubulation (GO:0097320),2/9,0.0019432643420527,0.0169508841403154,0.0092036472848295,0.0925477865863418,-4.117485057540893,25.707048849356102,EndoA;Cip4
GO_Biological_Process_2018,sodium ion export from cell (GO:0036376),2/9,0.0019432643420527,0.0169508841403154,0.0092036472848295,0.0925477865863418,-3.702158499933445,23.11400480532352,nrv3;nrv2
GO_Biological_Process_2018,sodium ion export (GO:0071436),2/9,0.0019432643420527,0.0169508841403154,0.0092036472848295,0.0925477865863418,-3.7543440505984624,23.439819345371266,nrv3;nrv2
GO_Biological_Process_2018,vesicle-mediated transport (GO:0016192),7/235,0.0020094343356007,0.0173194102258925,0.0453081168289236,0.2411990925304465,-0.96564738422033,5.996575643415678,lqf;EndoA;Snap25;shi;Rab3;Frq2;nSyb
GO_Biological_Process_2018,protein localization to plasma membrane (GO:0072659),3/34,0.0020866458457953,0.0177733128512452,0.0133887467650589,0.1101528711125302,-1.6222501354294945,10.012848004198013,shi;Rab3;aPKC
GO_Molecular_Function_2018,poly-pyrimidine tract binding (GO:0008187),3/17,0.0002603044239165,0.0179610052502398,0.0015579953954869,0.1075016822885988,-2.6168563061805648,21.59863895071335,Rbp6;CG4612;fne
GO_Biological_Process_2018,regulation of cell cycle (GO:0051726),5/122,0.0022770421242786,0.0191695174183456,0.0285675422371508,0.1758026482025079,-1.1503293739047944,6.999613891018685,Mnn1;Pitslre;dally;Wdr62;Dp
GO_Biological_Process_2018,maintenance of synapse structure (GO:0099558),2/10,0.0024171448033303,0.0194445870845683,0.0109475309591688,0.0990751551804784,-3.036270553719969,18.294040995459905,brp;Rab3
GO_Biological_Process_2018,Malpighian tubule tip cell differentiation (GO:0061382),2/10,0.0024171448033303,0.0194445870845683,0.0109475309591688,0.0990751551804784,-3.667294556474377,22.09606679364345,da;numb
GO_Biological_Process_2018,regulation of mRNA metabolic process (GO:1903311),2/10,0.0024171448033303,0.0194445870845683,0.0109475309591688,0.0990751551804784,-2.89301999191879,17.430932256022082,swm;fne
GO_Biological_Process_2018,maintenance of presynaptic active zone structure (GO:0048790),2/10,0.0024171448033303,0.0194445870845683,0.0109475309591688,0.0990751551804784,-3.227818581622744,19.44815009511165,brp;Rab3
GO_Biological_Process_2018,receptor metabolic process (GO:0043112),2/11,0.0029397803492538,0.0221708434672896,0.0128246602769228,0.1067247590861166,-2.7468172759728544,16.01235269538372,shi;Gs2
GO_Biological_Process_2018,sodium ion homeostasis (GO:0055078),2/11,0.0029397803492538,0.0221708434672896,0.0128246602769228,0.1067247590861166,-3.772965709930451,21.99420332158718,nrv3;nrv2
GO_Biological_Process_2018,pericardial nephrocyte differentiation (GO:0061320),2/11,0.0029397803492538,0.0221708434672896,0.0128246602769228,0.1067247590861166,-2.5492115053206863,14.860425582501788,kuz;numb
GO_Biological_Process_2018,compound eye retinal cell programmed cell death (GO:0046667),2/11,0.0029397803492538,0.0221708434672896,0.0128246602769228,0.1067247590861166,-2.9140135563264544,16.98701010481402,shi;aPKC
GO_Biological_Process_2018,zonula adherens assembly (GO:0045186),2/11,0.0029397803492538,0.0221708434672896,0.0128246602769228,0.1067247590861166,-2.996608506706125,17.468490794449114,sdt;aPKC
GO_Biological_Process_2018,protein localization to membrane (GO:0072657),3/38,0.0028780304228292,0.0221708434672896,0.0176693245491418,0.1346588523534603,-2.1971294133477435,12.85463322423637,shi;Rab3;aPKC
GO_Biological_Process_2018,positive regulation of Notch signaling pathway (GO:0045747),3/39,0.0031008801998722,0.0231447140691499,0.0188450542804002,0.1405391571762406,-2.0908413069551828,12.07684422646478,lqf;shi;Hipk
GO_Biological_Process_2018,olfactory learning (GO:0008355),3/40,0.0033340460539524,0.0243823165965812,0.0200632532524994,0.1438197559882136,-1.6880135732077557,9.62770134980078,shi;futsch;Fas2
GO_Biological_Process_2018,regulation of organ growth (GO:0046620),3/40,0.0033340460539524,0.0243823165965812,0.0200632532524994,0.1438197559882136,-1.630458839114482,9.299433970964342,dally;sbb;Hipk
GO_Biological_Process_2018,"regulation of tube diameter, open tracheal system (GO:0035158)",2/12,0.0035104228557789,0.0251638232434055,0.0148311811647372,0.1179975292667003,-3.0910737460868845,17.47080685406322,nrv2;Fas2
GO_Biological_Process_2018,cellular monovalent inorganic cation homeostasis (GO:0030004),2/12,0.0035104228557789,0.0251638232434055,0.0148311811647372,0.1179975292667003,-2.847366940337253,16.093371411876635,nrv3;nrv2
GO_Biological_Process_2018,eye development (GO:0001654),5/140,0.0041151858255568,0.0287395458061238,0.0463893754248958,0.2451526117344858,-0.8610189843211001,4.729638661006611,dally;cindr;mbl;futsch;Hipk
GO_Biological_Process_2018,retinal cell programmed cell death (GO:0046666),2/13,0.004128332546736,0.0287395458061238,0.0169633177413497,0.1306536387737998,-2.678329858124316,14.703714061945435,shi;aPKC
GO_Biological_Process_2018,axonal defasciculation (GO:0007414),2/13,0.004128332546736,0.0287395458061238,0.0169633177413497,0.1306536387737998,-1.907219786275548,10.470410993483648,beat-Ic;Ptp99A
GO_Molecular_Function_2018,transmembrane receptor protein tyrosine phosphatase activity (GO:0005001),2/7,0.0011448034159346,0.0297967199114753,0.0046923958076389,0.1217903214115425,-3.974933627219917,26.9203268136424,Lar;Ptp99A
GO_Molecular_Function_2018,transmembrane receptor protein phosphatase activity (GO:0019198),2/7,0.0011448034159346,0.0297967199114753,0.0046923958076389,0.1217903214115425,-3.79121529130664,25.676090278326203,Lar;Ptp99A
GO_Molecular_Function_2018,potassium-transporting ATPase activity (GO:0008556),2/9,0.0019432643420527,0.0297967199114753,0.0070603084876256,0.1217903214115425,-2.542483427678351,15.873705614135451,nrv3;nrv2
GO_Molecular_Function_2018,extracellular ligand-gated ion channel activity (GO:0005230),3/29,0.0013095357132864,0.0297967199114753,0.0061260128441856,0.1217903214115425,-1.95777208378064,12.995852847040627,nAChRalpha6;Rdl;GluRIB
GO_Molecular_Function_2018,sodium:potassium-exchanging ATPase activity (GO:0005391),2/9,0.0019432643420527,0.0297967199114753,0.0070603084876256,0.1217903214115425,-2.655251105538871,16.577757763172315,nrv3;nrv2
GO_Molecular_Function_2018,protein tyrosine phosphatase activity (GO:0004725),3/28,0.0011805204289161,0.0297967199114753,0.0055986076145683,0.1217903214115425,-1.9978407002851324,13.469042225967073,Lar;IA-2;Ptp99A
GO_Molecular_Function_2018,protein serine/threonine kinase activity (GO:0004674),6/172,0.0019115544393865,0.0297967199114753,0.0180713088948743,0.2078200522910551,-1.0382299056948496,6.499151561790514,Pitslre;CaMKII;Eip63E;cdi;aPKC;Hipk
GO_Biological_Process_2018,positive regulation of gene expression (GO:0010628),6/204,0.0044423232050389,0.0306308761947447,0.0647467440793177,0.3154838144354316,-1.0387029435273978,5.626215299516283,CG4612;rin;swm;Dp;da;Hipk
GO_Biological_Process_2018,negative regulation of neuromuscular junction development (GO:1904397),3/45,0.0046596292095914,0.0309501976857265,0.0267926392152746,0.1686771373205119,-1.703982542894352,9.148374538268383,Cip4;Galphao;Liprin-gamma
GO_Biological_Process_2018,imaginal disc-derived wing hair organization (GO:0035317),3/45,0.0046596292095914,0.0309501976857265,0.0267926392152746,0.1686771373205119,-1.3648355007051851,7.327555317771962,Cip4;tow;Galphao
GO_Biological_Process_2018,negative regulation of synapse assembly (GO:0051964),3/45,0.0046596292095914,0.0309501976857265,0.0267926392152746,0.1686771373205119,-1.3906008014214966,7.465884564175835,Cip4;Galphao;Liprin-gamma
GO_Biological_Process_2018,negative regulation of synaptic growth at neuromuscular junction (GO:0045886),3/45,0.0046596292095914,0.0309501976857265,0.0267926392152746,0.1686771373205119,-1.5930542572029565,8.552820605732679,Cip4;Galphao;Liprin-gamma
GO_Biological_Process_2018,potassium ion homeostasis (GO:0055075),2/14,0.004792777913529,0.0309818857981698,0.019217370939845,0.1405391571762406,-2.532288422919992,13.524053746172193,nrv3;nrv2
GO_Biological_Process_2018,nephrocyte differentiation (GO:0061319),2/14,0.004792777913529,0.0309818857981698,0.019217370939845,0.1405391571762406,-2.105535710185047,11.244918963927631,kuz;numb
GO_Biological_Process_2018,regulation of neurotransmitter transport (GO:0051588),2/14,0.004792777913529,0.0309818857981698,0.019217370939845,0.1405391571762406,-2.792137863134338,14.911817384612444,CASK;Frq2
GO_Molecular_Function_2018,ligand-gated cation channel activity (GO:0099094),3/35,0.0022698176699389,0.0313234838451576,0.0099070801789394,0.1519085627437387,-2.0713675133785543,12.610600946436117,GluRIA;nAChRalpha6;GluRIB
GO_Biological_Process_2018,associative learning (GO:0008306),3/49,0.0059195890209077,0.0379272783286479,0.0329402739802401,0.1938923444040151,-1.524031952095524,7.817503997970079,shi;futsch;Fas2
GO_Biological_Process_2018,regulation of tube diameter (GO:0035296),2/16,0.006258390495252,0.0390609889531245,0.0240768068940848,0.166015316107785,-2.4777059526902723,12.57146433486471,nrv2;Fas2
GO_Biological_Process_2018,regulation of axon extension (GO:0030516),2/16,0.006258390495252,0.0390609889531245,0.0240768068940848,0.166015316107785,-2.3827196283591228,12.089519660464436,kuz;Lar
GO_Biological_Process_2018,muscle cell fate commitment (GO:0042693),2/16,0.006258390495252,0.0390609889531245,0.0240768068940848,0.166015316107785,-2.3612752212246626,11.98071433625699,jeb;numb
GO_Molecular_Function_2018,mRNA binding (GO:0003729),6/196,0.0036569415099704,0.0420548273646597,0.031304861644387,0.2655185157755849,-1.0083865844889266,5.658186334108469,CG4612;msi;rin;Psi;swm;fne
GO_Molecular_Function_2018,AMPA glutamate receptor activity (GO:0004971),2/12,0.0035104228557789,0.0420548273646597,0.0114176617364651,0.1575637319632187,-3.2564163178204795,18.405326174143696,GluRIA;GluRIB
GO_Biological_Process_2018,negative regulation of synaptic transmission (GO:0050805),2/17,0.0070581353048086,0.0425840830056785,0.026675163496809,0.1686771373205119,-2.296634901561116,11.376551816613796,jeb;Rdl
GO_Biological_Process_2018,neuron projection fasciculation (GO:0106030),2/17,0.0070581353048086,0.0425840830056785,0.026675163496809,0.1686771373205119,-2.687254004543576,13.311512598851523,Con;Fas2
GO_Biological_Process_2018,establishment of glial blood-brain barrier (GO:0060857),2/17,0.0070581353048086,0.0425840830056785,0.026675163496809,0.1686771373205119,-2.7988393401504528,13.864258858887446,nrv2;Galphao
GO_Biological_Process_2018,potassium ion import (GO:0010107),2/17,0.0070581353048086,0.0425840830056785,0.026675163496809,0.1686771373205119,-2.0290152839401334,10.050878134245762,nrv3;nrv2
GO_Biological_Process_2018,cell morphogenesis involved in neuron differentiation (GO:0048667),5/160,0.0071911568577189,0.043028079049492,0.0725471814762097,0.3190066232677914,-0.8692937608120789,4.289880581129975,dally;futsch;Fas2;Lar;fax
GO_Biological_Process_2018,regulation of plasma membrane bounded cell projection assembly (GO:0120032),2/18,0.007901570821827,0.0450451753937228,0.02938138181285,0.1758026482025079,-2.547066939375014,12.329570889633468,CaMKII;Lar
GO_Biological_Process_2018,positive regulation of endocytosis (GO:0045807),2/18,0.007901570821827,0.0450451753937228,0.02938138181285,0.1758026482025079,-2.1767277805291982,10.536872456149377,cindr;numb
GO_Biological_Process_2018,establishment of synaptic vesicle localization (GO:0097480),2/18,0.007901570821827,0.0450451753937228,0.02938138181285,0.1758026482025079,-2.633328653331485,12.747137425025963,Snap25;shi
GO_Biological_Process_2018,regulation of gene expression (GO:0010468),9/458,0.0077778717445298,0.0450451753937228,0.1797749466188337,0.344551934169635,-0.8308972079624654,4.035229468135028,Dsp1;Pitslre;mbl;rin;swm;fne;Dp;Hipk;numb
GO_Biological_Process_2018,receptor-mediated endocytosis (GO:0006898),2/18,0.007901570821827,0.0450451753937228,0.02938138181285,0.1758026482025079,-2.446322386857366,11.841897368844286,lqf;shi
GO_Biological_Process_2018,apical protein localization (GO:0045176),2/18,0.007901570821827,0.0450451753937228,0.02938138181285,0.1758026482025079,-2.4772770172194547,11.991739253056965,sdt;aPKC
GO_Biological_Process_2018,protein phosphorylation (GO:0006468),6/235,0.0086904320717875,0.0487742079067763,0.1076955462970326,0.3190066232677914,-0.9348055401817958,4.436150184632438,Pitslre;CaMKII;Eip63E;cdi;aPKC;Hipk
GO_Biological_Process_2018,cytoplasmic translation (GO:0002181),4/107,0.0086377597096718,0.0487742079067763,0.0631796405636728,0.3154624811593046,-1.003428841992014,4.767904549483458,RpS13;RpS24;RpS23;RpL22
GO_Biological_Process_2018,establishment of blood-brain barrier (GO:0060856),2/19,0.0087880056747337,0.0489424316039017,0.0321921269487891,0.1910418025485518,-1.160661742435209,5.494999207183603,nrv2;Galphao
GO_Molecular_Function_2018,ATPase activator activity (GO:0001671),2/14,0.004792777913529,0.0508771809282312,0.0148290948471733,0.1860377353554472,-2.1405290492541,11.431805968600736,nrv3;nrv2
GO_Biological_Process_2018,cellular protein modification process (GO:0006464),8/391,0.0094510861508233,0.0522334837648555,0.1714943543133484,0.3362250567678992,-0.8082624676345163,3.767817016694991,Pitslre;CaMKII;Eip63E;cdi;aPKC;Hipk;IA-2;Ptp99A
GO_Biological_Process_2018,mitotic DNA damage checkpoint (GO:0044773),2/20,0.009716756283019,0.0528942221722238,0.0351041330155212,0.2033231384258989,-3.0968158330198925,14.35034551672959,Mnn1;Tctp
GO_Biological_Process_2018,synaptic vesicle transport (GO:0048489),2/20,0.009716756283019,0.0528942221722238,0.0351041330155212,0.2033231384258989,-2.4911765504266565,11.543871566600654,Snap25;shi
GO_Biological_Process_2018,axonal fasciculation (GO:0007413),2/21,0.0106871467810509,0.056893340216771,0.0381142019017944,0.2155834545070246,-2.6073596490701907,11.834058425531548,Con;Fas2
GO_Biological_Process_2018,cell cycle comprising mitosis without cytokinesis (GO:0033301),2/21,0.0106871467810509,0.056893340216771,0.0381142019017944,0.2155834545070246,-2.225440797671268,10.100638180695553,shi;luna
GO_Biological_Process_2018,regulation of neuron death (GO:1901214),2/21,0.0106871467810509,0.056893340216771,0.0381142019017944,0.2155834545070246,-2.169293959956072,9.845803770656484,futsch;Drep2
GO_Biological_Process_2018,cell morphogenesis involved in differentiation (GO:0000904),2/22,0.0116985089462224,0.0609332408421947,0.0412192020640188,0.2278068877431269,-2.1804858636749134,9.699441935444192,aPKC;Fas2
GO_Biological_Process_2018,positive regulation of actin filament polymerization (GO:0030838),2/22,0.0116985089462224,0.0609332408421947,0.0412192020640188,0.2278068877431269,-2.0901101377992526,9.297424146607344,shi;capu
GO_Biological_Process_2018,stem cell development (GO:0048864),2/22,0.0116985089462224,0.0609332408421947,0.0412192020640188,0.2278068877431269,-1.085138558967574,4.8270152170941865,Rbp6;numb
GO_Molecular_Function_2018,cyclin-dependent protein serine/threonine kinase activity (GO:0004693),2/18,0.007901570821827,0.0641421631418903,0.0227780783647981,0.2095583209561426,-2.194667975819624,10.623715446487685,Pitslre;Eip63E
GO_Molecular_Function_2018,cyclin-dependent protein kinase activity (GO:0097472),2/18,0.007901570821827,0.0641421631418903,0.0227780783647981,0.2095583209561426,-2.455122698712669,11.884496983009692,Pitslre;Eip63E
GO_Molecular_Function_2018,protein kinase activity (GO:0004672),6/228,0.0075465393160753,0.0641421631418903,0.0571050907937016,0.310709933311896,-0.9047869631460754,4.421391861538881,Pitslre;CaMKII;Eip63E;cdi;aPKC;Hipk
GO_Molecular_Function_2018,ATPase regulator activity (GO:0060590),2/17,0.0070581353048086,0.0641421631418903,0.0206560700682383,0.2095583209561426,-2.303909919829453,11.412589160747292,nrv3;nrv2
GO_Biological_Process_2018,epithelial cell morphogenesis (GO:0003382),2/23,0.0127501821155555,0.0645533695920435,0.0444160673416532,0.2382017241137554,-2.0854948687249686,9.09736599550964,aPKC;alpha-Cat
GO_Biological_Process_2018,regulation of cellular localization (GO:0060341),2/23,0.0127501821155555,0.0645533695920435,0.0444160673416532,0.2382017241137554,-1.3516645140024317,5.896244086441065,CASK;Frq2
GO_Biological_Process_2018,synaptic vesicle localization (GO:0097479),2/23,0.0127501821155555,0.0645533695920435,0.0444160673416532,0.2382017241137554,-2.3532732326503405,10.265471378476729,Snap25;shi
GO_Biological_Process_2018,regulation of stem cell differentiation (GO:2000736),2/23,0.0127501821155555,0.0645533695920435,0.0444160673416532,0.2382017241137554,-1.9511374284156209,8.511270662912985,Pdcd4;Tctp
GO_Biological_Process_2018,phosphorylation (GO:0016310),6/258,0.0133238140001638,0.0669891759452683,0.1471455259730417,0.3190066232677914,-0.9266632208588456,4.001519268788464,Pitslre;CaMKII;Eip63E;cdi;aPKC;Hipk
GO_Biological_Process_2018,regulation of neuromuscular synaptic transmission (GO:1900073),2/24,0.0138415131167989,0.0691121068728444,0.0477017957814971,0.250261595259449,-2.1954963925623723,9.396906798486986,jeb;CASK
GO_Biological_Process_2018,regulation of canonical Wnt signaling pathway (GO:0060828),3/68,0.0145254642305185,0.0720303842664072,0.0710431338612382,0.3190066232677914,-1.2671136121070408,5.36223729384792,dally;nkd;Hipk
GO_Biological_Process_2018,non-sensory hair organization (GO:0035316),2/25,0.0149718561937239,0.0722641592283744,0.0510734484974789,0.2604026529026394,-2.0806673917011325,8.742096937209617,Cip4;tow
GO_Biological_Process_2018,apical constriction (GO:0003383),2/25,0.0149718561937239,0.0722641592283744,0.0510734484974789,0.2604026529026394,-2.03948991229346,8.569086335876785,RhoGAP71E;alpha-Cat
GO_Biological_Process_2018,plasma membrane organization (GO:0007009),2/25,0.0149718561937239,0.0722641592283744,0.0510734484974789,0.2604026529026394,-2.083122273876432,8.75241132865512,EndoA;Cip4
GO_Biological_Process_2018,synapse assembly (GO:0007416),2/25,0.0149718561937239,0.0722641592283744,0.0510734484974789,0.2604026529026394,-2.443258257787182,10.265552590195766,Gs2;aPKC
GO_Biological_Process_2018,negative regulation of developmental growth (GO:0048640),3/69,0.0151038748179341,0.0724185785972471,0.0734317346671355,0.3190066232677914,-1.2983948286516744,5.443914976125219,Cip4;Galphao;Liprin-gamma
GO_Molecular_Function_2018,microtubule binding (GO:0008017),4/111,0.0097974916263246,0.0751141024684888,0.0463736875181865,0.310709933311896,-1.247702674413211,5.771409527620032,shi;futsch;capu;stai
GO_Molecular_Function_2018,actin binding (GO:0003779),4/116,0.0113835374321799,0.0765892796346599,0.0527663920628112,0.310709933311896,-1.1286020303694482,5.051156634178436,shi;futsch;alpha-Cat;capu
GO_Molecular_Function_2018,tubulin binding (GO:0015631),4/120,0.0127648799391099,0.0765892796346599,0.0582115971369084,0.310709933311896,-1.771012051125515,7.723485625126979,shi;futsch;capu;stai
GO_Molecular_Function_2018,G-protein coupled amine receptor activity (GO:0008227),2/23,0.0127501821155555,0.0765892796346599,0.0346328498837719,0.2655185157755849,-2.018645240433142,8.805753896935483,Dop2R;5-HT1A
GO_Molecular_Function_2018,RNA binding (GO:0003723),8/401,0.0108919606852779,0.0765892796346599,0.1074696410578037,0.310709933311896,-0.9378113692680315,4.238654474195927,Rbp6;CG4612;msi;mbl;rin;Psi;swm;fne
GO_Molecular_Function_2018,ionotropic glutamate receptor activity (GO:0004970),2/23,0.0127501821155555,0.0765892796346599,0.0346328498837719,0.2655185157755849,-2.400949748983801,10.473446341628549,GluRIA;GluRIB
GO_Biological_Process_2018,regulation of cell division (GO:0051302),2/26,0.0161405729341392,0.076880097396821,0.0545281485325025,0.2760725841785443,-1.877063055697851,7.745548880585574,cindr;numb
GO_Biological_Process_2018,compound eye morphogenesis (GO:0001745),4/131,0.0171007055477145,0.0809209857290543,0.1099004141876862,0.3190066232677914,-1.0201175288218187,4.150486449292254,cindr;shi;mbl;aPKC
GO_Biological_Process_2018,sensory organ boundary specification (GO:0008052),2/27,0.0173470321905662,0.0815535799088958,0.0580630797495338,0.2919282620740453,-1.8081810518111725,7.3309696317608495,dally;numb
GO_Biological_Process_2018,compound eye photoreceptor cell differentiation (GO:0001751),3/73,0.0175465144542809,0.0819592029993509,0.083338245898445,0.3190066232677914,-1.2798577655939267,5.174336903423749,jeb;mbl;rin
GO_Biological_Process_2018,long-term memory (GO:0007616),3/74,0.0181895445901713,0.0844181428415645,0.0859006731514718,0.3190066232677914,-1.2281447668899828,4.92106348834921,CG4612;CaMKII;CASK
GO_Biological_Process_2018,regulation of GTPase activity (GO:0043087),3/75,0.0188455610774424,0.0869056447138109,0.0884965058068301,0.3190066232677914,-1.1140530299959417,4.424436965137808,sif;RhoGAP93B;Dhit
GO_Biological_Process_2018,organelle membrane fusion (GO:0090174),2/29,0.0198706895953981,0.0893563929631569,0.0653626687366225,0.3154838144354316,-1.6637702888189858,6.519499711946963,Snap25;nSyb
GO_Biological_Process_2018,regulation of axonogenesis (GO:0050770),2/29,0.0198706895953981,0.0893563929631569,0.0653626687366225,0.3154838144354316,-1.8569811042789972,7.276598131243011,kuz;sif
GO_Biological_Process_2018,heterophilic cell-cell adhesion via plasma membrane cell adhesion molecules (GO:0007157),2/29,0.0198706895953981,0.0893563929631569,0.0653626687366225,0.3154838144354316,-1.7900801985352583,7.014446295345699,glec;beat-Ic
GO_Biological_Process_2018,photoreceptor cell development (GO:0042461),2/29,0.0198706895953981,0.0893563929631569,0.0653626687366225,0.3154838144354316,-1.8738480139259803,7.342691277228325,sdt;Lar
GO_Biological_Process_2018,negative regulation of cell death (GO:0060548),2/30,0.0211866611585681,0.0913044207071627,0.0691219885776333,0.3190066232677914,-1.5832942948786888,6.1026233835970665,futsch;Drep2
GO_Biological_Process_2018,negative regulation of neuron death (GO:1901215),2/30,0.0211866611585681,0.0913044207071627,0.0691219885776333,0.3190066232677914,-1.8857585937836137,7.268436782389054,futsch;Drep2
GO_Biological_Process_2018,establishment or maintenance of apical/basal cell polarity (GO:0035088),2/30,0.0211866611585681,0.0913044207071627,0.0691219885776333,0.3190066232677914,-1.780984903743518,6.864598801735287,sdt;aPKC
GO_Biological_Process_2018,glial cell migration (GO:0008347),2/30,0.0211866611585681,0.0913044207071627,0.0691219885776333,0.3190066232677914,-1.7562665845044685,6.769324920259576,kuz;numb
GO_Biological_Process_2018,cellular response to hypoxia (GO:0071456),2/30,0.0211866611585681,0.0913044207071627,0.0691219885776333,0.3190066232677914,-1.7178104296067571,6.62110015188827,msi;Vha68-1
GO_Biological_Process_2018,actin filament organization (GO:0007015),3/78,0.0208916574613268,0.0913044207071627,0.0964797326337366,0.3190066232677914,-1.1206079966290945,4.334965985357403,cindr;cdi;capu
GO_Biological_Process_2018,compound eye photoreceptor development (GO:0042051),3/78,0.0208916574613268,0.0913044207071627,0.0964797326337366,0.3190066232677914,-1.167181189283648,4.515129973651529,jeb;mbl;Lar
GO_Biological_Process_2018,peripheral nervous system development (GO:0007422),3/79,0.0215997348072166,0.0925337751504429,0.0992044579668778,0.3190066232677914,-1.193141977088494,4.5757880631556045,mbl;da;numb
GO_Biological_Process_2018,neuron projection extension (GO:1990138),2/31,0.0225379219312325,0.0943205518971813,0.0729508616442253,0.3190066232677914,-1.9823433839118445,7.51814823391844,Sh;Lar
GO_Biological_Process_2018,"mitotic cell cycle, embryonic (GO:0045448)",2/31,0.0225379219312325,0.0943205518971813,0.0729508616442253,0.3190066232677914,-1.959672198945872,7.432166496043937,shi;luna
GO_Biological_Process_2018,ion transmembrane transport (GO:0034220),2/31,0.0225379219312325,0.0943205518971813,0.0729508616442253,0.3190066232677914,-1.7185589983599387,6.517731187877282,nAChRalpha6;Rdl
GO_Biological_Process_2018,cellular metal ion homeostasis (GO:0006875),2/31,0.0225379219312325,0.0943205518971813,0.0729508616442253,0.3190066232677914,-2.071254848528996,7.855349939794168,nrv3;nrv2
GO_Biological_Process_2018,cortical actin cytoskeleton organization (GO:0030866),2/32,0.0239238760457022,0.0989764928976483,0.0768467598503359,0.3190066232677914,-1.9299763369947411,7.204366828377252,shi;Galphao
GO_Biological_Process_2018,cellular response to decreased oxygen levels (GO:0036294),2/32,0.0239238760457022,0.0989764928976483,0.0768467598503359,0.3190066232677914,-1.6237468223619709,6.061249311959531,msi;Vha68-1
GO_Biological_Process_2018,ventral cord development (GO:0007419),3/83,0.0245623527092167,0.1010405872810962,0.1104086011031789,0.3190066232677914,-1.100947424089353,4.080706090185962,kuz;Galphao;numb
GO_Biological_Process_2018,regulation of cytoskeleton organization (GO:0051493),2/33,0.0253439344920093,0.1030843178214313,0.0808072096272186,0.3190066232677914,-1.7975232738084983,6.606286023241957,shi;stai
GO_Biological_Process_2018,pole plasm oskar mRNA localization (GO:0045451),2/33,0.0253439344920093,0.1030843178214313,0.0808072096272186,0.3190066232677914,-1.923037102102359,7.067576434144119,Pat1;capu
GO_Biological_Process_2018,chaeta development (GO:0022416),3/85,0.0261218039206684,0.1044872156826739,0.1161868632491177,0.3190066232677914,-1.1190122198897048,4.078782660242894,dally;msi;da
GO_Biological_Process_2018,epithelium development (GO:0060429),3/85,0.0261218039206684,0.1044872156826739,0.1161868632491177,0.3190066232677914,-0.9091463239869162,3.313824635683514,sdt;Eip63E;numb
GO_Biological_Process_2018,Ras protein signal transduction (GO:0007265),3/85,0.0261218039206684,0.1044872156826739,0.1161868632491177,0.3190066232677914,-1.1172691713720109,4.072429274691275,RhoGAP71E;Rab3;rin
GO_Biological_Process_2018,asymmetric stem cell division (GO:0098722),2/34,0.0267975150304639,0.1060185840549501,0.0848297909420705,0.3190066232677914,-1.2774915525007269,4.623811841125807,aPKC;numb
GO_Biological_Process_2018,asymmetric neuroblast division (GO:0055059),2/34,0.0267975150304639,0.1060185840549501,0.0848297909420705,0.3190066232677914,-1.746377838034472,6.320920487322663,aPKC;numb
GO_Biological_Process_2018,translation (GO:0006412),5/225,0.0274770958495482,0.1081163988862658,0.200233319224388,0.3633306343820975,-0.8895531107095813,3.1974119246113126,RpS13;RpS24;RpS23;eEF1alpha1;RpL22
KEGG_2019,Neuroactive ligand-receptor interaction,3/54,0.0077557150236075,0.1082910079557458,0.0239769647488457,0.3091713019638757,-19.996787432700803,97.17089479005762,Dop2R;5-HT1A;Rdl
KEGG_2019,Nitrogen metabolism,2/18,0.007901570821827,0.1082910079557458,0.0198440697693221,0.3091713019638757,-16.74067042011493,81.03645785432079,Gs2;CAH1
KEGG_2019,Endocytosis,4/121,0.0131261827825146,0.1082910079557458,0.0468441366611932,0.3091713019638757,-1.160861192173064,5.030181446778053,lqf;EndoA;shi;aPKC
KEGG_2019,Hippo signaling pathway,3/63,0.0118252829592947,0.1082910079557458,0.0350595195465975,0.3091713019638757,-7.653509902619876,33.96256817927733,sdt;dally;aPKC
GO_Biological_Process_2018,heart development (GO:0007507),3/87,0.0277332610530294,0.1085344919048287,0.1220772192126508,0.3190066232677914,-1.0370468432496134,3.7179403094561096,kuz;Galphao;numb
GO_Biological_Process_2018,septate junction assembly (GO:0019991),2/35,0.0282840421438095,0.1089236516602029,0.0889121363246297,0.3190066232677914,-1.8047013724126943,6.434586070993596,nrv2;Galphao
GO_Biological_Process_2018,establishment or maintenance of epithelial cell apical/basal polarity (GO:0045197),2/35,0.0282840421438095,0.1089236516602029,0.0889121363246297,0.3190066232677914,-1.646249267378489,5.869631822297231,sdt;aPKC
GO_Biological_Process_2018,neuroblast division (GO:0055057),2/35,0.0282840421438095,0.1089236516602029,0.0889121363246297,0.3190066232677914,-1.8578691096216475,6.624153379192409,aPKC;numb
GO_Biological_Process_2018,"regulation of alternative mRNA splicing, via spliceosome (GO:0000381)",3/88,0.0285584583350801,0.1093985388073971,0.1250631620447331,0.3190066232677914,-1.0780848576743367,3.833456425511288,mbl;Psi;trv
GO_Biological_Process_2018,axon extension (GO:0048675),2/36,0.0298029469521291,0.1123819457986538,0.0930519298999752,0.3190066232677914,-1.7187950244007637,6.038381301264774,Sh;Lar
GO_Biological_Process_2018,"regulation of tube length, open tracheal system (GO:0035159)",2/36,0.0298029469521291,0.1123819457986538,0.0930519298999752,0.3190066232677914,-1.888485582648582,6.634529346481533,nrv2;Fas2
GO_Biological_Process_2018,glial cell development (GO:0021782),2/36,0.0298029469521291,0.1123819457986538,0.0930519298999752,0.3190066232677914,-1.4997022405825604,5.268675926122023,nrv2;Galphao
GO_Biological_Process_2018,asymmetric protein localization (GO:0008105),2/37,0.031353667159509,0.1164105385819718,0.0972469064573313,0.3190066232677914,-1.5747143696206476,5.45232889574266,sdt;aPKC
GO_Biological_Process_2018,positive regulation of canonical Wnt signaling pathway (GO:0090263),2/37,0.031353667159509,0.1164105385819718,0.0972469064573313,0.3190066232677914,-1.3626174798676491,4.717959525012905,dally;Hipk
GO_Biological_Process_2018,vesicle fusion (GO:0006906),2/37,0.031353667159509,0.1164105385819718,0.0972469064573313,0.3190066232677914,-1.4977852893936237,5.185967798684943,Snap25;nSyb
GO_Biological_Process_2018,segment polarity determination (GO:0007367),2/38,0.0329356469751218,0.1210426822842039,0.1014948505226265,0.3190066232677914,-1.5176330397105295,5.179984655705221,dally;nkd
GO_Biological_Process_2018,"regulation of mRNA splicing, via spliceosome (GO:0048024)",3/93,0.0328783833692198,0.1210426822842039,0.1403800538786128,0.3190066232677914,-1.0438752018744843,3.564771054124904,mbl;Psi;trv
KEGG_2019,Dorso-ventral axis formation,2/28,0.0185906100175774,0.1226980261160112,0.0424201344003532,0.3091713019638757,-46.46654756917964,185.1737766154491,egh;capu
GO_Biological_Process_2018,second-messenger-mediated signaling (GO:0019932),2/39,0.0345483370735997,0.1263282628347786,0.1057935954441746,0.3190066232677914,-1.6140330171723165,5.4318600354072615,Cngl;Galphao
GO_Biological_Process_2018,imaginal disc-derived wing morphogenesis (GO:0007476),5/240,0.0348577678294491,0.1268192156207093,0.2369417902559775,0.3797219556369135,-0.7795059934807511,2.616395710587081,dally;sbb;Cip4;tow;Hipk
GO_Molecular_Function_2018,GTPase activator activity (GO:0005096),3/81,0.0230549833730022,0.1295356651813812,0.0764329683940743,0.310709933311896,-1.208989449150189,4.557737086057762,RhoGAP93B;RhoGAP71E;Dhit
GO_Molecular_Function_2018,potassium channel activity (GO:0005267),2/33,0.0253439344920093,0.1295356651813812,0.0637255572984469,0.310709933311896,-1.8858623700037564,6.930951269586207,Sh;GluRIA
GO_Molecular_Function_2018,ligand-gated ion channel activity (GO:0015276),3/84,0.0253355719764042,0.1295356651813812,0.0829650841401997,0.310709933311896,-1.120121103567116,4.1170564891470685,nAChRalpha6;Rdl;GluRIB
GO_Molecular_Function_2018,GTPase regulator activity (GO:0030695),3/83,0.0245623527092167,0.1295356651813812,0.0807613508076052,0.310709933311896,-1.3074423409583733,4.846087839052714,RhoGAP93B;RhoGAP71E;Dhit
GO_Biological_Process_2018,regulation of actin filament polymerization (GO:0030833),2/40,0.0361911944939247,0.1303603224557288,0.1101410225026325,0.3190066232677914,-1.4471915530608483,4.803141116557769,shi;Cip4
GO_Biological_Process_2018,adenylate cyclase-modulating G-protein coupled receptor signaling pathway (GO:0007188),2/40,0.0361911944939247,0.1303603224557288,0.1101410225026325,0.3190066232677914,-1.5009655817400431,4.981613860961037,Dop2R;Galphao
GO_Biological_Process_2018,acylglycerol catabolic process (GO:0046464),1/6,0.0441700583670561,0.1384377586915526,0.0909431792927086,0.3190066232677914,-2.0046204468955744,6.253830709665499,inaE
GO_Biological_Process_2018,endocytosis (GO:0006897),3/104,0.0435060514186721,0.1384377586915526,0.1760924233060058,0.3399757719294618,-0.8870105960133966,2.780649812621637,lqf;EndoA;shi
GO_Biological_Process_2018,positive regulation of hydrolase activity (GO:0051345),2/43,0.0412954356295312,0.1384377586915526,0.1234549098666142,0.3190066232677914,-1.5351855379317725,4.8926413794422965,RhoGAP93B;Dhit
GO_Biological_Process_2018,gliogenesis (GO:0042063),2/43,0.0412954356295312,0.1384377586915526,0.1234549098666142,0.3190066232677914,-1.5205176182057685,4.845894670833728,kuz;numb
GO_Biological_Process_2018,regulation of presynaptic cytosolic calcium ion concentration (GO:0099509),1/6,0.0441700583670561,0.1384377586915526,0.0909431792927086,0.3190066232677914,-3.4617384354231846,10.799613547694529,Cbp53E
GO_Biological_Process_2018,central nervous system development (GO:0007417),4/170,0.0393082111794319,0.1384377586915526,0.2090958099812761,0.3670756263242174,-0.9638457035592491,3.1193149066671664,kuz;Dmtn;Galphao;numb
GO_Biological_Process_2018,cellular glucose homeostasis (GO:0001678),1/6,0.0441700583670561,0.1384377586915526,0.0909431792927086,0.3190066232677914,-2.3328520699560125,7.277817573292281,Hex-A
GO_Biological_Process_2018,negative regulation of receptor activity (GO:2000272),1/6,0.0441700583670561,0.1384377586915526,0.0909431792927086,0.3190066232677914,-2.4777984001653905,7.730007818343664,qvr
GO_Biological_Process_2018,muscle tissue development (GO:0060537),1/6,0.0441700583670561,0.1384377586915526,0.0909431792927086,0.3190066232677914,-4.16852908769406,13.004594093174504,kuz
GO_Biological_Process_2018,response to auditory stimulus (GO:0010996),1/6,0.0441700583670561,0.1384377586915526,0.0909431792927086,0.3190066232677914,-4.218226596636503,13.1596358159602,nrv3
GO_Biological_Process_2018,regulation of response to wounding (GO:1903034),1/6,0.0441700583670561,0.1384377586915526,0.0909431792927086,0.3190066232677914,-3.88457979290952,12.118755169171989,Cbp53E
GO_Biological_Process_2018,positive regulation of nucleobase-containing compound transport (GO:0032241),1/6,0.0441700583670561,0.1384377586915526,0.0909431792927086,0.3190066232677914,-4.074372766285766,12.710853851601978,swm
GO_Biological_Process_2018,establishment of epithelial cell planar polarity (GO:0090163),1/6,0.0441700583670561,0.1384377586915526,0.0909431792927086,0.3190066232677914,-4.2373593995641095,13.219324576840568,aPKC
GO_Biological_Process_2018,synaptic vesicle membrane organization (GO:0048499),1/6,0.0441700583670561,0.1384377586915526,0.0909431792927086,0.3190066232677914,-5.61192980365292,17.507583044422546,shi
GO_Biological_Process_2018,clypeo-labral disc development (GO:0035213),1/6,0.0441700583670561,0.1384377586915526,0.0909431792927086,0.3190066232677914,-2.898601576934105,9.042790910861964,Mnn1
GO_Biological_Process_2018,synaptic vesicle budding (GO:0070142),1/6,0.0441700583670561,0.1384377586915526,0.0909431792927086,0.3190066232677914,-6.401308000397642,19.97021262399586,shi
GO_Biological_Process_2018,muscle organ development (GO:0007517),2/43,0.0412954356295312,0.1384377586915526,0.1234549098666142,0.3190066232677914,-1.3489117486929605,4.298986197956456,jeb;mbl
GO_Biological_Process_2018,centripetally migrating follicle cell migration (GO:0060269),1/6,0.0441700583670561,0.1384377586915526,0.0909431792927086,0.3190066232677914,-4.655100918845471,14.522556191598303,Lar
GO_Biological_Process_2018,exocyst localization (GO:0051601),1/6,0.0441700583670561,0.1384377586915526,0.0909431792927086,0.3190066232677914,-3.537996009505741,11.03751492168312,aPKC
GO_Biological_Process_2018,positive regulation of nurse cell apoptotic process (GO:0045850),1/6,0.0441700583670561,0.1384377586915526,0.0909431792927086,0.3190066232677914,-3.7311693727629303,11.640159433913876,Dp
GO_Biological_Process_2018,positive regulation of Wnt signaling pathway (GO:0030177),2/43,0.0412954356295312,0.1384377586915526,0.1234549098666142,0.3190066232677914,-1.3014908336623574,4.147855585143154,dally;Hipk
GO_Biological_Process_2018,optomotor response (GO:0071632),1/6,0.0441700583670561,0.1384377586915526,0.0909431792927086,0.3190066232677914,-3.6366225653700015,11.345200990039674,Ih
GO_Biological_Process_2018,ribosomal large subunit export from nucleus (GO:0000055),1/6,0.0441700583670561,0.1384377586915526,0.0909431792927086,0.3190066232677914,-1.9897167370019884,6.207335484714164,emb
GO_Biological_Process_2018,chaeta morphogenesis (GO:0008407),2/42,0.0395652710519298,0.1384377586915526,0.1189736825318328,0.3190066232677914,-1.724802394185935,5.570772877065334,dally;da
GO_Biological_Process_2018,regulation of cardioblast cell fate specification (GO:0042686),1/6,0.0441700583670561,0.1384377586915526,0.0909431792927086,0.3190066232677914,-4.466533998027767,13.934282435305402,lqf
GO_Biological_Process_2018,negative regulation of transport (GO:0051051),1/6,0.0441700583670561,0.1384377586915526,0.0909431792927086,0.3190066232677914,-3.874859941053836,12.0884320682964,Pde6
GO_Biological_Process_2018,negative regulation of mRNA processing (GO:0050686),1/6,0.0441700583670561,0.1384377586915526,0.0909431792927086,0.3190066232677914,-3.356912507830283,10.472587248943118,Psi
GO_Biological_Process_2018,receptor internalization (GO:0031623),1/6,0.0441700583670561,0.1384377586915526,0.0909431792927086,0.3190066232677914,-4.46583887349212,13.932113849638824,shi
GO_Biological_Process_2018,positive regulation of RNA export from nucleus (GO:0046833),1/6,0.0441700583670561,0.1384377586915526,0.0909431792927086,0.3190066232677914,-5.139772865104574,16.0345912036738,swm
GO_Biological_Process_2018,glutamate catabolic process (GO:0006538),1/6,0.0441700583670561,0.1384377586915526,0.0909431792927086,0.3190066232677914,-4.619740614070291,14.41224236124273,Gs2
GO_Biological_Process_2018,neuron projection development (GO:0031175),2/45,0.0448394271030196,0.139329378637709,0.1325374800734671,0.3190066232677914,-1.3683071314400477,4.248138622616203,Dscam2;stai
GO_Biological_Process_2018,regulation of neurogenesis (GO:0050767),2/45,0.0448394271030196,0.139329378637709,0.1325374800734671,0.3190066232677914,-1.5031432596802354,4.666759962036059,ari-1;numb
GO_Biological_Process_2018,negative regulation of humoral immune response (GO:0002921),1/7,0.0513409341930918,0.1413339785391578,0.1032477458602358,0.3190066232677914,-4.445425491336777,13.199654801188156,Dsp1
GO_Biological_Process_2018,regulation of sodium ion transport (GO:0002028),1/7,0.0513409341930918,0.1413339785391578,0.1032477458602358,0.3190066232677914,-4.735635499001102,14.06136577317148,tipE
GO_Biological_Process_2018,negative regulation of antimicrobial humoral response (GO:0008348),1/7,0.0513409341930918,0.1413339785391578,0.1032477458602358,0.3190066232677914,-4.816222342748061,14.300649621489288,Dsp1
GO_Biological_Process_2018,action potential (GO:0001508),1/7,0.0513409341930918,0.1413339785391578,0.1032477458602358,0.3190066232677914,-1.6975744359391496,5.040551595653981,Sh
GO_Biological_Process_2018,glutathione metabolic process (GO:0006749),2/47,0.0484915851392157,0.1413339785391578,0.1417678046575081,0.3190066232677914,-1.3200501066343726,3.994953438821001,GstD1;GstE2
GO_Biological_Process_2018,synaptic target recognition (GO:0008039),2/47,0.0484915851392157,0.1413339785391578,0.1417678046575081,0.3190066232677914,-1.2909743498990682,3.906959586335976,Con;hig
GO_Biological_Process_2018,"regulation of tube size, open tracheal system (GO:0035151)",2/47,0.0484915851392157,0.1413339785391578,0.1417678046575081,0.3190066232677914,-1.340589472356749,4.0571130563320486,nrv2;Fas2
GO_Biological_Process_2018,periodic partitioning (GO:0007365),2/48,0.0503569802361902,0.1413339785391578,0.1464338827370603,0.3190066232677914,-1.338067746855038,3.998973400493577,dally;nkd
GO_Biological_Process_2018,vesicle organization (GO:0016050),2/48,0.0503569802361902,0.1413339785391578,0.1464338827370603,0.3190066232677914,-1.2628620206416188,3.774212210786157,Snap25;nSyb
GO_Biological_Process_2018,neuron projection morphogenesis (GO:0048812),4/180,0.0467972863260364,0.1413339785391578,0.23785809531174,0.3797219556369135,-0.8464502921334491,2.5917715956634746,dally;futsch;fax;Dscam2
GO_Biological_Process_2018,neurotransmitter biosynthetic process (GO:0042136),1/7,0.0513409341930918,0.1413339785391578,0.1032477458602358,0.3190066232677914,-1.2415361378165335,3.686452168485372,inaE
GO_Biological_Process_2018,G-protein coupled glutamate receptor signaling pathway (GO:0007216),1/7,0.0513409341930918,0.1413339785391578,0.1032477458602358,0.3190066232677914,-2.4984979549270334,7.418707296024041,inaE
GO_Biological_Process_2018,neuroepithelial cell differentiation (GO:0060563),1/7,0.0513409341930918,0.1413339785391578,0.1032477458602358,0.3190066232677914,-2.443148810050191,7.254360911782748,da
GO_Biological_Process_2018,DNA topological change (GO:0006265),1/7,0.0513409341930918,0.1413339785391578,0.1032477458602358,0.3190066232677914,-2.3762261040475523,7.055649535488688,Top1
GO_Biological_Process_2018,mesoderm morphogenesis (GO:0048332),1/7,0.0513409341930918,0.1413339785391578,0.1032477458602358,0.3190066232677914,-2.3466789441239007,6.967916131316746,miple1
GO_Biological_Process_2018,protein dephosphorylation (GO:0006470),3/108,0.0477463430849,0.1413339785391578,0.1896635369839391,0.3511928408602862,-1.006702510152283,3.062240848868625,Lar;IA-2;Ptp99A
GO_Biological_Process_2018,regulation of multicellular organism growth (GO:0040014),2/47,0.0484915851392157,0.1413339785391578,0.1417678046575081,0.3190066232677914,-1.5047698512118093,4.553982808319143,dally;Tctp
GO_Biological_Process_2018,DNA conformation change (GO:0071103),1/7,0.0513409341930918,0.1413339785391578,0.1032477458602358,0.3190066232677914,-2.6978866744214347,8.01074562254779,Top1
GO_Biological_Process_2018,neuroendocrine cell differentiation (GO:0061101),1/7,0.0513409341930918,0.1413339785391578,0.1032477458602358,0.3190066232677914,-2.59738093114433,7.712317245021279,da
GO_Biological_Process_2018,positive regulation of signal transduction (GO:0009967),3/107,0.046667799778239,0.1413339785391578,0.1862450532953938,0.3493300999633812,-1.0424251406271017,3.194721229524499,lqf;shi;Hipk
GO_Biological_Process_2018,regulation of synaptic vesicle exocytosis (GO:2000300),1/7,0.0513409341930918,0.1413339785391578,0.1032477458602358,0.3190066232677914,-1.142089432772959,3.391168358139461,Rab3
GO_Biological_Process_2018,negative regulation of cell-cell adhesion (GO:0022408),1/7,0.0513409341930918,0.1413339785391578,0.1032477458602358,0.3190066232677914,-3.111135687605977,9.23779224195414,Lar
GO_Biological_Process_2018,positive regulation of cell development (GO:0010720),1/7,0.0513409341930918,0.1413339785391578,0.1032477458602358,0.3190066232677914,-3.103636769510279,9.215525952610523,ari-1
GO_Biological_Process_2018,negative regulation of response to wounding (GO:1903035),1/7,0.0513409341930918,0.1413339785391578,0.1032477458602358,0.3190066232677914,-3.97697724307287,11.808706919741272,Cbp53E
GO_Biological_Process_2018,proboscis development (GO:0048728),1/7,0.0513409341930918,0.1413339785391578,0.1032477458602358,0.3190066232677914,-3.194573197715564,9.485540479566826,Mnn1
GO_Biological_Process_2018,regulation of transport (GO:0051049),1/7,0.0513409341930918,0.1413339785391578,0.1032477458602358,0.3190066232677914,-3.2973739549089305,9.790783365967146,IA-2
GO_Biological_Process_2018,regulation of microtubule-based movement (GO:0060632),1/7,0.0513409341930918,0.1413339785391578,0.1032477458602358,0.3190066232677914,-3.707278908053685,11.00790057856066,Pat1
GO_Biological_Process_2018,synaptic target attraction (GO:0016200),1/7,0.0513409341930918,0.1413339785391578,0.1032477458602358,0.3190066232677914,-3.564219928032066,10.583120283361602,Con
GO_Biological_Process_2018,microtubule depolymerization (GO:0007019),1/7,0.0513409341930918,0.1413339785391578,0.1032477458602358,0.3190066232677914,-3.8798059365759854,11.520179375001426,stai
GO_Biological_Process_2018,regulation of receptor-mediated endocytosis (GO:0048259),1/7,0.0513409341930918,0.1413339785391578,0.1032477458602358,0.3190066232677914,-2.9157516693850978,8.65764494239629,cindr
GO_Biological_Process_2018,regulation of neuroblast proliferation (GO:1902692),2/49,0.0522479330572098,0.1427452963525279,0.151131590857531,0.3190066232677914,-1.301490551174537,3.841681173727522,aPKC;numb
GO_Biological_Process_2018,imaginal disc-derived wing vein morphogenesis (GO:0008586),2/49,0.0522479330572098,0.1427452963525279,0.151131590857531,0.3190066232677914,-1.294857401534794,3.822101741460018,dally;Hipk
GO_Molecular_Function_2018,phosphoprotein phosphatase activity (GO:0004721),3/91,0.0311117128111581,0.1489394177927923,0.0991011358766361,0.310709933311896,-1.190098246775246,4.129844319544948,Lar;IA-2;Ptp99A
GO_Molecular_Function_2018,"phosphotransferase activity, alcohol group as acceptor (GO:0016773)",4/158,0.0312988631593549,0.1489394177927923,0.1238336690735817,0.310709933311896,-1.4509895320567023,5.026479489911472,Eip63E;cdi;Hex-A;Hipk
GO_Biological_Process_2018,wing disc dorsal/ventral pattern formation (GO:0048190),2/52,0.0580693410998234,0.1511566380029951,0.1653978350242822,0.3362250567678992,-1.2408604719690437,3.531634637715232,dally;sbb
GO_Biological_Process_2018,positive regulation of apoptotic process involved in development (GO:1904747),1/8,0.0584583682884511,0.1511566380029951,0.1153872850230093,0.3190066232677914,-2.7203703387281624,7.724329527835612,Dp
GO_Biological_Process_2018,cellular protein complex localization (GO:0034629),1/8,0.0584583682884511,0.1511566380029951,0.1153872850230093,0.3190066232677914,-1.877231494040953,5.33028700304928,aPKC
GO_Biological_Process_2018,regulation of protein export from nucleus (GO:0046825),1/8,0.0584583682884511,0.1511566380029951,0.1153872850230093,0.3190066232677914,-0.9355668366789848,2.656486302229666,emb
GO_Biological_Process_2018,regulation of G-protein coupled receptor protein signaling pathway (GO:0008277),1/8,0.0584583682884511,0.1511566380029951,0.1153872850230093,0.3190066232677914,-1.748012061488259,4.963376121752293,RSG7
GO_Biological_Process_2018,regulation of nucleocytoplasmic transport (GO:0046822),1/8,0.0584583682884511,0.1511566380029951,0.1153872850230093,0.3190066232677914,-0.978679100176695,2.7789010062889976,emb
GO_Biological_Process_2018,histone deubiquitination (GO:0016578),1/8,0.0584583682884511,0.1511566380029951,0.1153872850230093,0.3190066232677914,-1.5309675173177708,4.34709106764619,Usp7
GO_Biological_Process_2018,behavioral response to starvation (GO:0042595),1/8,0.0584583682884511,0.1511566380029951,0.1153872850230093,0.3190066232677914,-3.3067059779274537,9.38919464807762,Galphao
GO_Biological_Process_2018,glutamine family amino acid catabolic process (GO:0009065),1/8,0.0584583682884511,0.1511566380029951,0.1153872850230093,0.3190066232677914,-3.0223604645672704,8.581812500990067,Gs2
GO_Biological_Process_2018,axis elongation (GO:0003401),1/8,0.0584583682884511,0.1511566380029951,0.1153872850230093,0.3190066232677914,-3.2521055388874425,9.234159953901854,Toll-6
GO_Biological_Process_2018,regulation of RNA export from nucleus (GO:0046831),1/8,0.0584583682884511,0.1511566380029951,0.1153872850230093,0.3190066232677914,-2.9922024961876734,8.496180746247818,swm
GO_Biological_Process_2018,membrane protein ectodomain proteolysis (GO:0006509),1/8,0.0584583682884511,0.1511566380029951,0.1153872850230093,0.3190066232677914,-3.658119444970685,10.387012254495934,kuz
GO_Biological_Process_2018,regulation of synaptic vesicle endocytosis (GO:1900242),1/8,0.0584583682884511,0.1511566380029951,0.1153872850230093,0.3190066232677914,-3.676828480048058,10.440135445124836,CASK
GO_Biological_Process_2018,detection of light stimulus (GO:0009583),1/8,0.0584583682884511,0.1511566380029951,0.1153872850230093,0.3190066232677914,-3.202818241310684,9.094211608413948,Sh
GO_Biological_Process_2018,non-canonical Wnt signaling pathway (GO:0035567),1/8,0.0584583682884511,0.1511566380029951,0.1153872850230093,0.3190066232677914,-4.01484387813098,11.399910032836193,Galphao
GO_Biological_Process_2018,phospholipase C-activating G-protein coupled receptor signaling pathway (GO:0007200),1/10,0.0725344908913629,0.1513399752315468,0.1391800239426581,0.3190066232677914,-1.6545561483941928,4.341047539872007,5-HT1A
GO_Biological_Process_2018,positive chemotaxis (GO:0050918),1/9,0.0655227562810445,0.1513399752315468,0.1273639897023683,0.3190066232677914,-1.7232966622608716,4.696599952886003,Con
GO_Biological_Process_2018,regulation of microtubule polymerization or depolymerization (GO:0031110),1/10,0.0725344908913629,0.1513399752315468,0.1391800239426581,0.3190066232677914,-0.9885937671926078,2.5937666395724066,futsch
GO_Biological_Process_2018,regulation of actin nucleation (GO:0051125),1/9,0.0655227562810445,0.1513399752315468,0.1273639897023683,0.3190066232677914,-0.907029387572422,2.471979591343274,Cip4
GO_Biological_Process_2018,male gamete generation (GO:0048232),3/124,0.0666274978956499,0.1513399752315468,0.2462485919112003,0.3859674717564622,-0.8624508137151785,2.3360669655131567,Psi;aPKC;Lar
GO_Biological_Process_2018,negative regulation of cytoskeleton organization (GO:0051494),1/10,0.0725344908913629,0.1513399752315468,0.1391800239426581,0.3190066232677914,-1.8603865200160696,4.881083264393827,Cip4
GO_Biological_Process_2018,eye photoreceptor cell fate commitment (GO:0042706),1/10,0.0725344908913629,0.1513399752315468,0.1391800239426581,0.3190066232677914,-1.843551832007061,4.83691420972805,rin
GO_Biological_Process_2018,monovalent inorganic cation transport (GO:0015672),2/57,0.0682389161717659,0.1513399752315468,0.1896576925892357,0.3511928408602862,-0.6971712742081327,1.8717237869496528,Sh;tipE
GO_Biological_Process_2018,regulation of DNA binding (GO:0051101),1/10,0.0725344908913629,0.1513399752315468,0.1391800239426581,0.3190066232677914,-0.9242676749616072,2.424994715633784,Dsp1
GO_Biological_Process_2018,positive regulation of nervous system development (GO:0051962),1/10,0.0725344908913629,0.1513399752315468,0.1391800239426581,0.3190066232677914,-2.2111815599351936,5.8014617879744055,ari-1
GO_Biological_Process_2018,purine ribonucleotide metabolic process (GO:0009150),1/10,0.0725344908913629,0.1513399752315468,0.1391800239426581,0.3190066232677914,-2.2524715101763912,5.909793945266226,Pde6
GO_Biological_Process_2018,negative regulation of cell fate commitment (GO:0010454),1/9,0.0655227562810445,0.1513399752315468,0.1273639897023683,0.3190066232677914,-2.040202493880082,5.560281724252872,cdi
GO_Biological_Process_2018,adenylate cyclase-activating adrenergic receptor signaling pathway (GO:0071880),1/9,0.0655227562810445,0.1513399752315468,0.1273639897023683,0.3190066232677914,-1.4836695026675888,4.043530210976614,Dop2R
GO_Biological_Process_2018,negative regulation of protein polymerization (GO:0032272),1/10,0.0725344908913629,0.1513399752315468,0.1391800239426581,0.3190066232677914,-2.071428471776672,5.434792575733486,Cip4
GO_Biological_Process_2018,establishment of endothelial barrier (GO:0061028),1/9,0.0655227562810445,0.1513399752315468,0.1273639897023683,0.3190066232677914,-1.931622827180876,5.264363285674319,Galphao
GO_Biological_Process_2018,compound eye development (GO:0048749),4/198,0.0621358695057539,0.1513399752315468,0.2916959993710691,0.410073599115833,-0.7630849702360668,2.120179584038708,dally;cindr;futsch;Hipk
GO_Biological_Process_2018,positive regulation of histone modification (GO:0031058),1/10,0.0725344908913629,0.1513399752315468,0.1391800239426581,0.3190066232677914,-2.3407708723915026,6.141464372098337,Tctp
GO_Biological_Process_2018,regulation of MyD88-dependent toll-like receptor signaling pathway (GO:0034124),1/10,0.0725344908913629,0.1513399752315468,0.1391800239426581,0.3190066232677914,-2.2799668520278296,5.981933283793944,Pitslre
GO_Biological_Process_2018,"regulation of synaptic transmission, glutamatergic (GO:0051966)",1/9,0.0655227562810445,0.1513399752315468,0.1273639897023683,0.3190066232677914,-2.0756610671012,5.656919022384247,Ih
GO_Biological_Process_2018,negative regulation of actin filament polymerization (GO:0030837),1/10,0.0725344908913629,0.1513399752315468,0.1391800239426581,0.3190066232677914,-2.7305117395990712,7.164024793768543,Cip4
GO_Biological_Process_2018,glutamine family amino acid biosynthetic process (GO:0009084),1/9,0.0655227562810445,0.1513399752315468,0.1273639897023683,0.3190066232677914,-2.4989270013495983,6.810470126139793,Gs2
GO_Biological_Process_2018,positive regulation of lamellipodium organization (GO:1902745),1/10,0.0725344908913629,0.1513399752315468,0.1391800239426581,0.3190066232677914,-2.60628749464417,6.83809850019591,aPKC
GO_Biological_Process_2018,adrenergic receptor signaling pathway (GO:0071875),1/9,0.0655227562810445,0.1513399752315468,0.1273639897023683,0.3190066232677914,-2.471652092876551,6.73613624233744,Dop2R
GO_Biological_Process_2018,positive regulation of toll-like receptor signaling pathway (GO:0034123),1/9,0.0655227562810445,0.1513399752315468,0.1273639897023683,0.3190066232677914,-2.522900315869838,6.875805985201092,Pitslre
GO_Biological_Process_2018,metal ion transport (GO:0030001),2/58,0.0703388486068687,0.1513399752315468,0.1945687566344911,0.3564042923021421,-1.1510748030276143,3.055448664690746,Sh;tipE
GO_Biological_Process_2018,"dorsal/ventral pattern formation, imaginal disc (GO:0007450)",2/57,0.0682389161717659,0.1513399752315468,0.1896576925892357,0.3511928408602862,-1.086847137229341,2.917902264175875,dally;sbb
GO_Biological_Process_2018,positive regulation of GTPase activity (GO:0043547),2/58,0.0703388486068687,0.1513399752315468,0.1945687566344911,0.3564042923021421,-1.0331741601388045,2.742489540806464,RhoGAP93B;Dhit
GO_Biological_Process_2018,sensory perception of chemical stimulus (GO:0007606),4/204,0.067772069525595,0.1513399752315468,0.3100400934725059,0.4149150234271613,-0.6274644726664125,1.6888865890113731,Sh;SKIP;dpr9;dpr13
GO_Biological_Process_2018,negative regulation of neuromuscular synaptic transmission (GO:1900074),1/10,0.0725344908913629,0.1513399752315468,0.1391800239426581,0.3190066232677914,-2.518938508790521,6.608921569259893,jeb
GO_Biological_Process_2018,Bolwig's organ development (GO:0055034),1/10,0.0725344908913629,0.1513399752315468,0.1391800239426581,0.3190066232677914,-2.5078290375272903,6.579773726230611,Fas2
GO_Biological_Process_2018,glutamate receptor signaling pathway (GO:0007215),1/9,0.0655227562810445,0.1513399752315468,0.1273639897023683,0.3190066232677914,-2.3641411205648017,6.443130378314213,inaE
GO_Biological_Process_2018,negative regulation of imaginal disc growth (GO:0045571),1/10,0.0725344908913629,0.1513399752315468,0.1391800239426581,0.3190066232677914,-2.4002878103157665,6.2976185510952805,rin
GO_Biological_Process_2018,digestive system development (GO:0055123),1/9,0.0655227562810445,0.1513399752315468,0.1273639897023683,0.3190066232677914,-2.758019234547339,7.516589157690167,IA-2
GO_Biological_Process_2018,peripheral nervous system neuron differentiation (GO:0048934),1/9,0.0655227562810445,0.1513399752315468,0.1273639897023683,0.3190066232677914,-2.711101043053893,7.388720299829955,egh
GO_Biological_Process_2018,negative regulation of response to biotic stimulus (GO:0002832),1/9,0.0655227562810445,0.1513399752315468,0.1273639897023683,0.3190066232677914,-2.7007875787287823,7.360612419669693,Dsp1
GO_Biological_Process_2018,regulation of microtubule-based process (GO:0032886),1/10,0.0725344908913629,0.1513399752315468,0.1391800239426581,0.3190066232677914,-2.813214466631784,7.381011367523989,Pat1
GO_Biological_Process_2018,circulatory system development (GO:0072359),2/55,0.0641037374991112,0.1513399752315468,0.1798903744697818,0.344551934169635,-1.1501134194607538,3.1596520927619403,Galphao;numb
GO_Biological_Process_2018,"dorsal closure, amnioserosa morphology change (GO:0046664)",1/9,0.0655227562810445,0.1513399752315468,0.1273639897023683,0.3190066232677914,-2.727747460178437,7.434087742125286,alpha-Cat
GO_Biological_Process_2018,neuron fate commitment (GO:0048663),1/10,0.0725344908913629,0.1513399752315468,0.1391800239426581,0.3190066232677914,-2.658153574297881,6.974179175186642,da
GO_Biological_Process_2018,glutamate metabolic process (GO:0006536),1/10,0.0725344908913629,0.1513399752315468,0.1391800239426581,0.3190066232677914,-2.634255856237767,6.911478897354368,Gs2
GO_Biological_Process_2018,G2 DNA damage checkpoint (GO:0031572),1/9,0.0655227562810445,0.1513399752315468,0.1273639897023683,0.3190066232677914,-2.642793202233619,7.202556994924952,Tctp
GO_Biological_Process_2018,glutamine metabolic process (GO:0006541),1/9,0.0655227562810445,0.1513399752315468,0.1273639897023683,0.3190066232677914,-3.366703341509656,9.175471119621871,Gs2
GO_Biological_Process_2018,"mating behavior, sex discrimination (GO:0048047)",1/10,0.0725344908913629,0.1513399752315468,0.1391800239426581,0.3190066232677914,-3.346833584866133,8.78106416276343,Sh
GO_Biological_Process_2018,convergent extension (GO:0060026),1/9,0.0655227562810445,0.1513399752315468,0.1273639897023683,0.3190066232677914,-3.2172607032173204,8.768186463802879,Toll-6
GO_Biological_Process_2018,mitotic G2 DNA damage checkpoint (GO:0007095),1/9,0.0655227562810445,0.1513399752315468,0.1273639897023683,0.3190066232677914,-3.2038949950765043,8.731760127235797,Tctp
GO_Biological_Process_2018,glycosphingolipid biosynthetic process (GO:0006688),1/9,0.0655227562810445,0.1513399752315468,0.1273639897023683,0.3190066232677914,-3.8356459195915,10.453507419672473,egh
GO_Biological_Process_2018,regulation of membrane potential in photoreceptor cell (GO:0016057),1/9,0.0655227562810445,0.1513399752315468,0.1273639897023683,0.3190066232677914,-3.730086774796901,10.165820983943767,Ih
GO_Biological_Process_2018,"synaptic transmission, cholinergic (GO:0007271)",1/10,0.0725344908913629,0.1513399752315468,0.1391800239426581,0.3190066232677914,-3.6141631159657903,9.482454807282569,nAChRalpha6
GO_Biological_Process_2018,peptidyl-tyrosine dephosphorylation (GO:0035335),1/9,0.0655227562810445,0.1513399752315468,0.1273639897023683,0.3190066232677914,-2.981623839412594,8.125991705535569,Lar
GO_Biological_Process_2018,regulation of cellular response to stress (GO:0080135),1/9,0.0655227562810445,0.1513399752315468,0.1273639897023683,0.3190066232677914,-3.066947151260232,8.358528256658436,emb
GO_Biological_Process_2018,positive regulation of oogenesis (GO:1905881),1/9,0.0655227562810445,0.1513399752315468,0.1273639897023683,0.3190066232677914,-3.1725128174233914,8.646232465449634,Dp
GO_Biological_Process_2018,response to salt stress (GO:0009651),1/10,0.0725344908913629,0.1513399752315468,0.1391800239426581,0.3190066232677914,-3.071734923815762,8.059289705647648,Mnn1
GO_Biological_Process_2018,decapentaplegic signaling pathway (GO:0008101),1/10,0.0725344908913629,0.1513399752315468,0.1391800239426581,0.3190066232677914,-2.9663511815755,7.782795108931428,dally
GO_Biological_Process_2018,positive regulation of MyD88-dependent toll-like receptor signaling pathway (GO:0034126),1/9,0.0655227562810445,0.1513399752315468,0.1273639897023683,0.3190066232677914,-2.835649991141292,7.728160743561707,Pitslre
GO_Biological_Process_2018,glycosphingolipid metabolic process (GO:0006687),1/9,0.0655227562810445,0.1513399752315468,0.1273639897023683,0.3190066232677914,-2.895732886665056,7.891908129874144,egh
GO_Biological_Process_2018,negative regulation of RNA splicing (GO:0033119),1/9,0.0655227562810445,0.1513399752315468,0.1273639897023683,0.3190066232677914,-2.904477605303285,7.915740616783523,Psi
GO_Biological_Process_2018,negative regulation of multi-organism process (GO:0043901),1/9,0.0655227562810445,0.1513399752315468,0.1273639897023683,0.3190066232677914,-2.820335862659737,7.686424264474816,Dsp1
GO_Biological_Process_2018,regulation of ion transport (GO:0043269),1/9,0.0655227562810445,0.1513399752315468,0.1273639897023683,0.3190066232677914,-2.8257192996992098,7.701096056453326,Ih
GO_Biological_Process_2018,embryo development ending in birth or egg hatching (GO:0009792),2/57,0.0682389161717659,0.1513399752315468,0.1896576925892357,0.3511928408602862,-1.1459803166508458,3.0766594915830248,Eip63E;cdi
GO_Biological_Process_2018,gland morphogenesis (GO:0022612),2/55,0.0641037374991112,0.1513399752315468,0.1798903744697818,0.344551934169635,-1.1375178525097955,3.125048888588583,shi;jeb
GO_Biological_Process_2018,establishment of planar polarity (GO:0001736),2/53,0.0600577564080202,0.1513399752315468,0.1702055950816828,0.3362250567678992,-1.1541331021142485,3.245939996056948,tow;Galphao
GO_Biological_Process_2018,instar larval development (GO:0002168),2/57,0.0682389161717659,0.1513399752315468,0.1896576925892357,0.3511928408602862,-1.1808716138049886,3.170333561724706,Eip63E;Top1
GO_Biological_Process_2018,positive regulation of nucleocytoplasmic transport (GO:0046824),1/9,0.0655227562810445,0.1513399752315468,0.1273639897023683,0.3190066232677914,-2.7857441493930577,7.592149469857974,swm
GO_Biological_Process_2018,positive regulation of lamellipodium assembly (GO:0010592),1/10,0.0725344908913629,0.1513399752315468,0.1391800239426581,0.3190066232677914,-2.865349007004056,7.517796401047971,aPKC
GO_Biological_Process_2018,intra-S DNA damage checkpoint (GO:0031573),1/10,0.0725344908913629,0.1513399752315468,0.1391800239426581,0.3190066232677914,-4.6947221065112,12.317509968236928,Tctp
GO_Biological_Process_2018,interstrand cross-link repair (GO:0036297),1/10,0.0725344908913629,0.1513399752315468,0.1391800239426581,0.3190066232677914,-4.056145062254049,10.642079787350257,Mnn1
GO_Biological_Process_2018,Bolwig's organ morphogenesis (GO:0001746),1/10,0.0725344908913629,0.1513399752315468,0.1391800239426581,0.3190066232677914,-3.564294910793197,9.351615941770254,Fas2
GO_Biological_Process_2018,Notch signaling pathway (GO:0007219),2/60,0.0746012340007612,0.1552048661395147,0.2044388961227477,0.3652134887959739,-1.164058142183478,3.0214272538690383,kuz;numb
KEGG_2019,Wnt signaling pathway,3/91,0.0311117128111581,0.1552680500255742,0.0834323022787334,0.3933237107426004,-8.670681406972415,30.088746414170284,dally;CaMKII;nkd
KEGG_2019,Phototransduction,2/38,0.0329356469751218,0.1552680500255742,0.0710548231040733,0.3908015270724032,-9.45884103611229,32.28491351055593,CaMKII;inaE
GO_Biological_Process_2018,positive regulation of BMP signaling pathway (GO:0030513),1/11,0.0794939619466175,0.1559718928166697,0.1508375233039165,0.3190066232677914,-2.948897544896204,7.466827423024923,dally
GO_Biological_Process_2018,regulation of exocytosis (GO:0017157),1/11,0.0794939619466175,0.1559718928166697,0.1508375233039165,0.3190066232677914,-1.3404069105024587,3.394009769744021,Rab3
GO_Biological_Process_2018,regulation of neurological system process (GO:0031644),1/11,0.0794939619466175,0.1559718928166697,0.1508375233039165,0.3190066232677914,-2.219342388636764,5.6195396266769615,Rdl
GO_Biological_Process_2018,skeletal muscle organ development (GO:0060538),1/11,0.0794939619466175,0.1559718928166697,0.1508375233039165,0.3190066232677914,-1.7379364083560715,4.400583959197308,kuz
GO_Biological_Process_2018,leg disc morphogenesis (GO:0007478),2/61,0.0767628362841117,0.1559718928166697,0.2093953503755549,0.3670756263242174,-1.005409915351646,2.580922098704977,dally;RhoGAP71E
GO_Biological_Process_2018,polarized epithelial cell differentiation (GO:0030859),1/11,0.0794939619466175,0.1559718928166697,0.1508375233039165,0.3190066232677914,-2.172055322865436,5.499805266944176,aPKC
GO_Biological_Process_2018,adherens junction maintenance (GO:0034334),1/11,0.0794939619466175,0.1559718928166697,0.1508375233039165,0.3190066232677914,-2.422446216216376,6.133813590557982,shi
GO_Biological_Process_2018,regulation of olfactory learning (GO:0090328),1/11,0.0794939619466175,0.1559718928166697,0.1508375233039165,0.3190066232677914,-2.4703721764924715,6.255165678589561,Rdl
GO_Biological_Process_2018,synaptic vesicle cycle (GO:0099504),1/11,0.0794939619466175,0.1559718928166697,0.1508375233039165,0.3190066232677914,-2.6495238577473894,6.708791030474184,shi
GO_Biological_Process_2018,regulation of nurse cell apoptotic process (GO:0045477),1/11,0.0794939619466175,0.1559718928166697,0.1508375233039165,0.3190066232677914,-2.722576481511752,6.893765695121905,Dp
GO_Biological_Process_2018,morphogenesis of follicular epithelium (GO:0016333),1/11,0.0794939619466175,0.1559718928166697,0.1508375233039165,0.3190066232677914,-2.581848702307339,6.537432514688573,egh
GO_Biological_Process_2018,long-chain fatty acid metabolic process (GO:0001676),1/11,0.0794939619466175,0.1559718928166697,0.1508375233039165,0.3190066232677914,-2.3180309954984226,5.869426502987784,inaE
GO_Biological_Process_2018,epithelial cell development (GO:0002064),1/11,0.0794939619466175,0.1559718928166697,0.1508375233039165,0.3190066232677914,-1.7546579690970672,4.44292419190995,aPKC
GO_Biological_Process_2018,positive regulation of protein phosphorylation (GO:0001934),2/62,0.0789441530682495,0.1559718928166697,0.2143643666394957,0.3688998400762538,-0.9059952952828162,2.300335281973385,jeb;Tctp
GO_Biological_Process_2018,establishment of epithelial cell apical/basal polarity (GO:0045198),1/11,0.0794939619466175,0.1559718928166697,0.1508375233039165,0.3190066232677914,-2.80033367670164,7.090652683747952,aPKC
GO_Biological_Process_2018,sensory organ precursor cell division (GO:0045035),1/11,0.0794939619466175,0.1559718928166697,0.1508375233039165,0.3190066232677914,-2.7645466867564537,7.00003736943406,numb
GO_Biological_Process_2018,regulation of cytokinesis (GO:0032465),1/11,0.0794939619466175,0.1559718928166697,0.1508375233039165,0.3190066232677914,-1.445411858912793,3.659890091595351,cindr
GO_Biological_Process_2018,branching morphogenesis of an epithelial tube (GO:0048754),1/11,0.0794939619466175,0.1559718928166697,0.1508375233039165,0.3190066232677914,-1.2515394060453182,3.1689906535509818,aPKC
GO_Biological_Process_2018,positive regulation of clathrin-dependent endocytosis (GO:2000370),1/11,0.0794939619466175,0.1559718928166697,0.1508375233039165,0.3190066232677914,-3.052097129004835,7.72813642848724,CASK
GO_Biological_Process_2018,Malpighian tubule development (GO:0072002),2/61,0.0767628362841117,0.1559718928166697,0.2093953503755549,0.3670756263242174,-0.6107379612298051,1.5677855137371723,da;numb
GO_Biological_Process_2018,peripheral nervous system neuron development (GO:0048935),1/11,0.0794939619466175,0.1559718928166697,0.1508375233039165,0.3190066232677914,-2.996033192430846,7.58617838054559,egh
GO_Biological_Process_2018,regulation of programmed cell death (GO:0043067),2/63,0.0811447717609298,0.1583526004175557,0.2193447130988151,0.3701761591690959,-1.040163870483333,2.6123927945715204,Drep2;Hipk
GO_Biological_Process_2018,sensory perception of sound (GO:0007605),2/63,0.0811447717609298,0.1583526004175557,0.2193447130988151,0.3701761591690959,-1.0442972062165292,2.622773751643149,nrv3;nrv2
GO_Biological_Process_2018,regulation of RNA polymerase II transcriptional preinitiation complex assembly (GO:0045898),1/12,0.086401556406608,0.1646177022062743,0.1623385952212706,0.3339009742619316,-0.6640130930885749,1.626001789036291,Dsp1
GO_Biological_Process_2018,positive regulation of neuron differentiation (GO:0045666),1/12,0.086401556406608,0.1646177022062743,0.1623385952212706,0.3339009742619316,-1.4529041631405886,3.5577984728830345,da
GO_Biological_Process_2018,negative regulation of cell cycle (GO:0045786),1/12,0.086401556406608,0.1646177022062743,0.1623385952212706,0.3339009742619316,-1.5267045655740468,3.738517178037233,Mnn1
GO_Biological_Process_2018,regulation of vesicle fusion (GO:0031338),1/12,0.086401556406608,0.1646177022062743,0.1623385952212706,0.3339009742619316,-2.033826357084026,4.980331456757368,Rab3
GO_Biological_Process_2018,apical constriction involved in gastrulation (GO:0003384),1/12,0.086401556406608,0.1646177022062743,0.1623385952212706,0.3339009742619316,-2.925473477350593,7.163751976372183,RhoGAP71E
GO_Biological_Process_2018,membrane protein proteolysis (GO:0033619),1/12,0.086401556406608,0.1646177022062743,0.1623385952212706,0.3339009742619316,-2.480976995482437,6.075291398921568,kuz
GO_Biological_Process_2018,endomitotic cell cycle (GO:0007113),1/12,0.086401556406608,0.1646177022062743,0.1623385952212706,0.3339009742619316,-2.226689511485973,5.452605026903549,Dp
GO_Biological_Process_2018,epithelial cell morphogenesis involved in gastrulation (GO:0003381),1/12,0.086401556406608,0.1646177022062743,0.1623385952212706,0.3339009742619316,-2.103195221280252,5.150198434472872,RhoGAP71E
GO_Biological_Process_2018,ribosomal subunit export from nucleus (GO:0000054),1/12,0.086401556406608,0.1646177022062743,0.1623385952212706,0.3339009742619316,-3.2773085243659272,8.025307903276605,emb
GO_Biological_Process_2018,skeletal muscle tissue development (GO:0007519),1/13,0.0932576584033465,0.1675398131117192,0.1736853193801026,0.3362250567678992,-1.9893262296763652,4.719455856030421,kuz
GO_Biological_Process_2018,negative regulation of response to external stimulus (GO:0032102),1/13,0.0932576584033465,0.1675398131117192,0.1736853193801026,0.3362250567678992,-1.981062572566012,4.699851246007242,Dsp1
GO_Biological_Process_2018,spermatogenesis (GO:0007283),3/141,0.0898319663757234,0.1675398131117192,0.3088182907005604,0.4140452638281588,-0.8010032818913688,1.9302692383540652,Psi;aPKC;Lar
GO_Biological_Process_2018,dendrite morphogenesis (GO:0048813),3/141,0.0898319663757234,0.1675398131117192,0.3088182907005604,0.4140452638281588,-0.6832551200783442,1.6465180231483798,Toll-6;dally;futsch
GO_Biological_Process_2018,establishment of apical/basal cell polarity (GO:0035089),1/13,0.0932576584033465,0.1675398131117192,0.1736853193801026,0.3362250567678992,-1.21271979204446,2.8770432113687714,aPKC
GO_Biological_Process_2018,cell junction maintenance (GO:0034331),1/13,0.0932576584033465,0.1675398131117192,0.1736853193801026,0.3362250567678992,-1.5242489940583626,3.616111693368421,shi
GO_Biological_Process_2018,negative regulation of phosphorylation (GO:0042326),1/13,0.0932576584033465,0.1675398131117192,0.1736853193801026,0.3362250567678992,-0.5625915563409201,1.3346860738665145,shi
GO_Biological_Process_2018,imaginal disc-derived leg morphogenesis (GO:0007480),2/68,0.092423300845815,0.1675398131117192,0.2443753822885977,0.3859674717564622,-0.8353814712043794,1.9893575187528032,dally;RhoGAP71E
GO_Biological_Process_2018,microtubule polymerization or depolymerization (GO:0031109),1/13,0.0932576584033465,0.1675398131117192,0.1736853193801026,0.3362250567678992,-2.015084796389023,4.780565198832773,stai
GO_Biological_Process_2018,salivary gland morphogenesis (GO:0007435),2/67,0.0901321880029566,0.1675398131117192,0.2393558173412485,0.3800298503400525,-0.8886701668899475,2.138565144229904,shi;jeb
GO_Biological_Process_2018,cardiocyte differentiation (GO:0035051),1/13,0.0932576584033465,0.1675398131117192,0.1736853193801026,0.3362250567678992,-1.91424903668476,4.541343542005285,kuz
GO_Biological_Process_2018,regulation of axon extension involved in axon guidance (GO:0048841),1/13,0.0932576584033465,0.1675398131117192,0.1736853193801026,0.3362250567678992,-2.1678498169235385,5.142983267826674,Lar
GO_Biological_Process_2018,cellular response to gamma radiation (GO:0071480),1/13,0.0932576584033465,0.1675398131117192,0.1736853193801026,0.3362250567678992,-2.6202876385322926,6.216341822511019,Tctp
GO_Biological_Process_2018,positive regulation of neuroblast proliferation (GO:0002052),1/13,0.0932576584033465,0.1675398131117192,0.1736853193801026,0.3362250567678992,-2.6195205877748515,6.214522079657848,aPKC
GO_Biological_Process_2018,germarium-derived female germ-line cyst encapsulation (GO:0030708),1/13,0.0932576584033465,0.1675398131117192,0.1736853193801026,0.3362250567678992,-2.774890463512629,6.583119878733099,Cip4
GO_Biological_Process_2018,retinal ganglion cell axon guidance (GO:0031290),1/13,0.0932576584033465,0.1675398131117192,0.1736853193801026,0.3362250567678992,-2.321901658283795,5.508454176516301,Lar
GO_Biological_Process_2018,protein export from nucleus (GO:0006611),1/13,0.0932576584033465,0.1675398131117192,0.1736853193801026,0.3362250567678992,-2.604403870725903,6.178659344960875,emb
GO_Biological_Process_2018,cytoskeletal anchoring at plasma membrane (GO:0007016),1/13,0.0932576584033465,0.1675398131117192,0.1736853193801026,0.3362250567678992,-2.2328266717666465,5.297133649760577,alpha-Cat
GO_Biological_Process_2018,protein depolymerization (GO:0051261),1/13,0.0932576584033465,0.1675398131117192,0.1736853193801026,0.3362250567678992,-1.9249812144663736,4.566804443552657,stai
GO_Biological_Process_2018,regulation of metal ion transport (GO:0010959),1/13,0.0932576584033465,0.1675398131117192,0.1736853193801026,0.3362250567678992,-1.742299504139937,4.133412345902582,tipE
GO_Biological_Process_2018,vacuolar acidification (GO:0007035),1/13,0.0932576584033465,0.1675398131117192,0.1736853193801026,0.3362250567678992,-0.8685709299302908,2.0605882034261302,Vha68-1
GO_Biological_Process_2018,regulation of supramolecular fiber organization (GO:1902903),1/13,0.0932576584033465,0.1675398131117192,0.1736853193801026,0.3362250567678992,-1.6839796339670376,3.995054921813723,futsch
GO_Biological_Process_2018,regulation of protein modification process (GO:0031399),1/13,0.0932576584033465,0.1675398131117192,0.1736853193801026,0.3362250567678992,-1.9748049215260624,4.685005662912363,CG17124
GO_Molecular_Function_2018,glutathione transferase activity (GO:0004364),2/41,0.0378636826108133,0.1741729400097412,0.091126674927476,0.310709933311896,-1.573372694398449,5.150849105643019,GstD1;GstE2
GO_Biological_Process_2018,protein transport (GO:0015031),3/146,0.0972220365836866,0.1742295903133393,0.3274104114852011,0.4255747538874068,-0.6437190311215729,1.500353203898295,unc-119;Rab3;emb
GO_Molecular_Function_2018,sodium ion transmembrane transporter activity (GO:0015081),2/57,0.0682389161717659,0.1756098200527733,0.1535052072799193,0.3267997965986862,-1.1539521421134686,3.098061772336417,nrv3;nrv2
GO_Molecular_Function_2018,GABA receptor activity (GO:0016917),1/7,0.0513409341930918,0.1756098200527733,0.0907141120549279,0.310709933311896,-3.385383636434652,10.052107600861182,Rdl
GO_Molecular_Function_2018,protein-lysine N-methyltransferase activity (GO:0016279),1/8,0.0584583682884511,0.1756098200527733,0.101466826587732,0.310709933311896,-3.102730526800312,8.810018505158935,Mnn1
GO_Molecular_Function_2018,PDZ domain binding (GO:0030165),1/8,0.0584583682884511,0.1756098200527733,0.101466826587732,0.310709933311896,-3.300442969586181,9.371411208971974,nkd
GO_Molecular_Function_2018,adrenergic receptor activity (GO:0004935),1/9,0.0655227562810445,0.1756098200527733,0.11209415547603,0.310709933311896,-3.349865651300513,9.129582389738754,Dop2R
GO_Molecular_Function_2018,lysophosphatidic acid acyltransferase activity (GO:0042171),1/7,0.0513409341930918,0.1756098200527733,0.0907141120549279,0.310709933311896,-3.797031973278155,11.274401384978466,EndoA
GO_Molecular_Function_2018,G-protein coupled serotonin receptor activity (GO:0004993),1/10,0.0725344908913629,0.1756098200527733,0.1225975401741022,0.310709933311896,-2.8054908233844484,7.36074689807686,5-HT1A
GO_Molecular_Function_2018,Rac guanyl-nucleotide exchange factor activity (GO:0030676),1/7,0.0513409341930918,0.1756098200527733,0.0907141120549279,0.310709933311896,-2.4735703521233896,7.3446905899358494,sif
GO_Molecular_Function_2018,kainate selective glutamate receptor activity (GO:0015277),1/10,0.0725344908913629,0.1756098200527733,0.1225975401741022,0.310709933311896,-2.9500877375726824,7.740124823219578,GluRIA
GO_Molecular_Function_2018,serotonin receptor activity (GO:0099589),1/10,0.0725344908913629,0.1756098200527733,0.1225975401741022,0.310709933311896,-2.956615267198819,7.757251057619349,5-HT1A
GO_Molecular_Function_2018,intracellular ligand-gated ion channel activity (GO:0005217),1/9,0.0655227562810445,0.1756098200527733,0.11209415547603,0.310709933311896,-2.636345865654407,7.184985696066612,Cngl
GO_Molecular_Function_2018,poly(A) binding (GO:0008143),1/9,0.0655227562810445,0.1756098200527733,0.11209415547603,0.310709933311896,-3.3605594954560405,9.15872694102636,CG4612
GO_Molecular_Function_2018,"3',5'-cyclic-nucleotide phosphodiesterase activity (GO:0004114)",1/9,0.0655227562810445,0.1756098200527733,0.11209415547603,0.310709933311896,-3.1200229783637248,8.503178874588963,Pde6
GO_Molecular_Function_2018,hexokinase activity (GO:0004396),1/9,0.0655227562810445,0.1756098200527733,0.11209415547603,0.310709933311896,-2.931705518278904,7.989946421041686,Hex-A
GO_Molecular_Function_2018,"3',5'-cyclic-GMP phosphodiesterase activity (GO:0047555)",1/6,0.0441700583670561,0.1756098200527733,0.0798345539088257,0.310709933311896,-4.138357658286261,12.910468039498252,Pde6
GO_Molecular_Function_2018,sodium channel activity (GO:0005272),2/45,0.0448394271030196,0.1756098200527733,0.1059101464371858,0.310709933311896,-1.5195241763163647,4.717617260837506,GluRIA;tipE
GO_Molecular_Function_2018,amidine-lyase activity (GO:0016842),1/6,0.0441700583670561,0.1756098200527733,0.0798345539088257,0.310709933311896,-4.408115567929572,13.752033983871955,Pal2
GO_Molecular_Function_2018,GDP-dissociation inhibitor activity (GO:0005092),1/6,0.0441700583670561,0.1756098200527733,0.0798345539088257,0.310709933311896,-4.814381606241317,15.019465447330676,Dhit
GO_Molecular_Function_2018,delayed rectifier potassium channel activity (GO:0005251),1/6,0.0441700583670561,0.1756098200527733,0.0798345539088257,0.310709933311896,-1.4006844275933457,4.369726599067168,Sh
GO_Molecular_Function_2018,GTPase activity (GO:0003924),3/107,0.046667799778239,0.1756098200527733,0.1401776420381192,0.3188204236137598,-0.997330659661954,3.056520134732138,shi;Rab3;Galphao
GO_Molecular_Function_2018,lysophospholipid acyltransferase activity (GO:0071617),1/7,0.0513409341930918,0.1756098200527733,0.0907141120549279,0.310709933311896,-3.4481382933257256,10.238442926859436,EndoA
GO_Molecular_Function_2018,fructokinase activity (GO:0008865),1/9,0.0655227562810445,0.1756098200527733,0.11209415547603,0.310709933311896,-2.850470371747235,7.768551583038124,Hex-A
GO_Molecular_Function_2018,ligand-gated anion channel activity (GO:0099095),1/9,0.0655227562810445,0.1756098200527733,0.11209415547603,0.310709933311896,-2.320300030125564,6.323647721728979,Rdl
GO_Molecular_Function_2018,poly-purine tract binding (GO:0070717),1/10,0.0725344908913629,0.1756098200527733,0.1225975401741022,0.310709933311896,-3.1157131854262152,8.17467516691301,CG4612
GO_Molecular_Function_2018,neurexin family protein binding (GO:0042043),1/10,0.0725344908913629,0.1756098200527733,0.1225975401741022,0.310709933311896,-3.0690276804015046,8.052186729798382,CASK
GO_Molecular_Function_2018,small ribosomal subunit rRNA binding (GO:0070181),1/8,0.0584583682884511,0.1756098200527733,0.101466826587732,0.310709933311896,-2.262315158657125,6.42370912978534,RpS13
GO_Molecular_Function_2018,SH3 domain binding (GO:0017124),1/9,0.0655227562810445,0.1756098200527733,0.11209415547603,0.310709933311896,-2.918993696073296,7.955302157590477,cindr
GO_Biological_Process_2018,regulation of protein dephosphorylation (GO:0035304),1/14,0.100062649199297,0.1762660779082508,0.1848797480676964,0.3476699677948369,-0.5831607849467282,1.342412099069918,CG17124
GO_Biological_Process_2018,cyclic nucleotide metabolic process (GO:0009187),1/14,0.100062649199297,0.1762660779082508,0.1848797480676964,0.3476699677948369,-1.916414172735169,4.411506463939902,Pde6
GO_Biological_Process_2018,positive regulation of neural precursor cell proliferation (GO:2000179),1/14,0.100062649199297,0.1762660779082508,0.1848797480676964,0.3476699677948369,-1.157976904665995,2.665615122610081,aPKC
GO_Biological_Process_2018,regulation of intracellular protein transport (GO:0033157),1/14,0.100062649199297,0.1762660779082508,0.1848797480676964,0.3476699677948369,-1.1327758113274693,2.60760324410128,emb
GO_Biological_Process_2018,positive regulation of receptor-mediated endocytosis (GO:0048260),1/14,0.100062649199297,0.1762660779082508,0.1848797480676964,0.3476699677948369,-2.193024580619162,5.04825222575593,cindr
GO_Biological_Process_2018,female germ-line cyst encapsulation (GO:0048139),1/14,0.100062649199297,0.1762660779082508,0.1848797480676964,0.3476699677948369,-2.561658571582643,5.896832484188453,Cip4
GO_Biological_Process_2018,vesicle-mediated transport to the plasma membrane (GO:0098876),1/14,0.100062649199297,0.1762660779082508,0.1848797480676964,0.3476699677948369,-1.6444884479220758,3.785544649530863,Snap25
GO_Biological_Process_2018,sensory perception of mechanical stimulus (GO:0050954),2/72,0.1017532866532493,0.1783762216391103,0.2644890487760723,0.3966127331328517,-0.865852827727372,1.9786504786065493,nrv3;nrv2
GO_Biological_Process_2018,peptide metabolic process (GO:0006518),2/72,0.1017532866532493,0.1783762216391103,0.2644890487760723,0.3966127331328517,-0.0994074453324508,0.2271663070043585,GstD1;GstE2
GO_Molecular_Function_2018,DNA secondary structure binding (GO:0000217),1/11,0.0794939619466175,0.1798387991579216,0.132978405802811,0.3110342373014902,-2.149289575069325,5.442160704065457,Mnn1
GO_Molecular_Function_2018,acetylcholine-gated cation-selective channel activity (GO:0022848),1/11,0.0794939619466175,0.1798387991579216,0.132978405802811,0.3110342373014902,-2.04785257929789,5.185314703075593,nAChRalpha6
GO_Molecular_Function_2018,calmodulin-dependent protein kinase activity (GO:0004683),1/11,0.0794939619466175,0.1798387991579216,0.132978405802811,0.3110342373014902,-3.081244315010335,7.801939266482257,CaMKII
GO_Molecular_Function_2018,G-protein beta/gamma-subunit complex binding (GO:0031683),1/11,0.0794939619466175,0.1798387991579216,0.132978405802811,0.3110342373014902,-1.336533859001263,3.38420291592166,Galphao
GO_Biological_Process_2018,chromatin remodeling (GO:0006338),2/73,0.1041253083980411,0.1820935344931926,0.2695213600847555,0.3966127331328517,-0.9227991420589982,2.087519507164851,Dsp1;Top1
GO_Biological_Process_2018,adult walking behavior (GO:0007628),1/15,0.1068169073153075,0.1841320021340062,0.1959239065417852,0.3564042923021421,-2.057698618248869,4.602329096677619,CASK
GO_Biological_Process_2018,actin nucleation (GO:0045010),1/15,0.1068169073153075,0.1841320021340062,0.1959239065417852,0.3564042923021421,-1.2044008641567303,2.6938100128042084,capu
GO_Biological_Process_2018,sensory perception of sweet taste (GO:0050916),1/15,0.1068169073153075,0.1841320021340062,0.1959239065417852,0.3564042923021421,-1.9232651767390063,4.301650010858007,Galphao
GO_Biological_Process_2018,glycerophospholipid metabolic process (GO:0006650),1/15,0.1068169073153075,0.1841320021340062,0.1959239065417852,0.3564042923021421,-1.1360692739463711,2.54097690932717,Vap33
GO_Biological_Process_2018,sensory perception of taste (GO:0050909),2/74,0.1065124129522671,0.1841320021340062,0.2745533361417669,0.4031980027720877,-0.8525860523788107,1.9093611331517408,Sh;Galphao
GO_Biological_Process_2018,intrinsic apoptotic signaling pathway in response to DNA damage (GO:0008630),1/15,0.1068169073153075,0.1841320021340062,0.1959239065417852,0.3564042923021421,-2.515532653154785,5.626338580675808,Dp
GO_Biological_Process_2018,transmembrane transport (GO:0055085),2/75,0.1089142445086317,0.1873014561146066,0.2795840738237988,0.4040296795377851,-0.9507208356163738,2.107932964058022,nAChRalpha6;Rdl
GO_Molecular_Function_2018,protein phosphatase inhibitor activity (GO:0004864),1/12,0.086401556406608,0.1892605521287605,0.1432381613337182,0.3188204236137598,-2.440797796863348,5.976902602801896,CG17124
GO_Molecular_Function_2018,excitatory extracellular ligand-gated ion channel activity (GO:0005231),1/12,0.086401556406608,0.1892605521287605,0.1432381613337182,0.3188204236137598,-2.697982395720125,6.606683283644462,nAChRalpha6
GO_Biological_Process_2018,establishment of epithelial cell polarity (GO:0090162),1/16,0.1135208084297329,0.1898130838409391,0.2068197933789355,0.3652134887959739,-1.093336594496612,2.3788480051903296,aPKC
GO_Biological_Process_2018,open tracheal system development (GO:0007424),3/155,0.111119183168888,0.1898130838409391,0.3608544912890319,0.4564620906731049,-0.6035434636902538,1.3260766869640834,nrv2;shi;aPKC
GO_Biological_Process_2018,regulation of neuron differentiation (GO:0045664),1/16,0.1135208084297329,0.1898130838409391,0.2068197933789355,0.3652134887959739,-1.7162825208984414,3.734234518201649,da
GO_Biological_Process_2018,striated muscle tissue development (GO:0014706),1/16,0.1135208084297329,0.1898130838409391,0.2068197933789355,0.3652134887959739,-1.0124923099978749,2.202949507070996,kuz
GO_Biological_Process_2018,wing disc pattern formation (GO:0035222),2/76,0.111330451708593,0.1898130838409391,0.2846126940329238,0.4069054729867531,-0.8490235351662004,1.8638210023592252,dally;sbb
GO_Biological_Process_2018,intracellular pH reduction (GO:0051452),1/16,0.1135208084297329,0.1898130838409391,0.2068197933789355,0.3652134887959739,-2.319137624654601,5.0459080396110645,Vha68-1
GO_Biological_Process_2018,Notch receptor processing (GO:0007220),1/16,0.1135208084297329,0.1898130838409391,0.2068197933789355,0.3652134887959739,-3.2562693992414693,7.084890420515314,kuz
GO_Biological_Process_2018,response to gamma radiation (GO:0010332),1/16,0.1135208084297329,0.1898130838409391,0.2068197933789355,0.3652134887959739,-2.0085334334325453,4.370105030353395,Tctp
GO_Biological_Process_2018,regulation of microtubule depolymerization (GO:0031114),1/16,0.1135208084297329,0.1898130838409391,0.2068197933789355,0.3652134887959739,-2.094803487309254,4.5578087499629625,futsch
GO_Biological_Process_2018,regulation of synaptic activity (GO:0060025),1/16,0.1135208084297329,0.1898130838409391,0.2068197933789355,0.3652134887959739,-2.2636539342141595,4.925188339027357,Sh
GO_Biological_Process_2018,cGMP metabolic process (GO:0046068),1/16,0.1135208084297329,0.1898130838409391,0.2068197933789355,0.3652134887959739,-1.988341515965948,4.326172079761451,Pde6
GO_Biological_Process_2018,visceral muscle development (GO:0007522),1/16,0.1135208084297329,0.1898130838409391,0.2068197933789355,0.3652134887959739,-1.8504259332176063,4.0260996130051305,jeb
GO_Biological_Process_2018,positive regulation of developmental growth (GO:0048639),2/78,0.1162046094063904,0.193852850714808,0.2946601830501787,0.4124693618958341,-0.9242170284216742,1.9892872897287708,Tctp;Hipk
GO_Biological_Process_2018,DNA duplex unwinding (GO:0032508),1/17,0.1201747255056301,0.1946454167026313,0.2175693808184535,0.3688998400762538,-1.7862050451661469,3.7846265205486818,Dsp1
GO_Biological_Process_2018,leg disc development (GO:0035218),1/17,0.1201747255056301,0.1946454167026313,0.2175693808184535,0.3688998400762538,-2.178431117887333,4.615678476699204,Dsp1
GO_Biological_Process_2018,organelle fission (GO:0048285),1/17,0.1201747255056301,0.1946454167026313,0.2175693808184535,0.3688998400762538,-0.353540193743224,0.7490839850337936,shi
GO_Biological_Process_2018,regulation of neuron remodeling (GO:1904799),1/17,0.1201747255056301,0.1946454167026313,0.2175693808184535,0.3688998400762538,-1.9836591933704075,4.202994057863908,Fas2
GO_Biological_Process_2018,adenylate cyclase-inhibiting G-protein coupled receptor signaling pathway (GO:0007193),1/17,0.1201747255056301,0.1946454167026313,0.2175693808184535,0.3688998400762538,-2.0172915915104066,4.274254670577301,5-HT1A
GO_Biological_Process_2018,regulation of antimicrobial humoral response (GO:0002759),1/17,0.1201747255056301,0.1946454167026313,0.2175693808184535,0.3688998400762538,-2.0921478479034628,4.432860746593507,Dsp1
GO_Biological_Process_2018,nucleocytoplasmic transport (GO:0006913),1/17,0.1201747255056301,0.1946454167026313,0.2175693808184535,0.3688998400762538,-2.057031446702615,4.358455815507561,emb
GO_Biological_Process_2018,"negative regulation of female receptivity, post-mating (GO:0045434)",1/17,0.1201747255056301,0.1946454167026313,0.2175693808184535,0.3688998400762538,-2.267945373500768,4.805342046779573,egh
GO_Biological_Process_2018,positive regulation of smoothened signaling pathway (GO:0045880),1/17,0.1201747255056301,0.1946454167026313,0.2175693808184535,0.3688998400762538,-1.917661984529314,4.063158607539694,Hipk
GO_Biological_Process_2018,positive regulation of stem cell proliferation (GO:2000648),1/17,0.1201747255056301,0.1946454167026313,0.2175693808184535,0.3688998400762538,-0.9633026937021116,2.0410539830055625,aPKC
GO_Biological_Process_2018,positive regulation of transport (GO:0051050),1/17,0.1201747255056301,0.1946454167026313,0.2175693808184535,0.3688998400762538,-1.5198391583375113,3.220248202287156,numb
GO_Biological_Process_2018,regulation of neural precursor cell proliferation (GO:2000177),1/17,0.1201747255056301,0.1946454167026313,0.2175693808184535,0.3688998400762538,-1.4860012148828905,3.148552078403868,numb
GO_Biological_Process_2018,regulation of cytosolic calcium ion concentration (GO:0051480),1/17,0.1201747255056301,0.1946454167026313,0.2175693808184535,0.3688998400762538,-0.8574739355525939,1.816823105473727,Cbp53E
GO_Biological_Process_2018,post-embryonic appendage morphogenesis (GO:0035120),3/161,0.1207837078122028,0.1951950992322206,0.3830376787492449,0.4722965175851204,-0.5545534278048245,1.172189455076617,dally;sbb;RhoGAP71E
GO_Biological_Process_2018,intrinsic apoptotic signaling pathway (GO:0097193),1/18,0.1267790287198005,0.1999738927955023,0.2281746151174408,0.3763061989636154,-0.7227219297255171,1.4926445679972902,Dp
GO_Biological_Process_2018,regulation of lamellipodium assembly (GO:0010591),1/18,0.1267790287198005,0.1999738927955023,0.2281746151174408,0.3763061989636154,-0.6596421087273368,1.362365205644283,aPKC
GO_Biological_Process_2018,regulation of Wnt signaling pathway (GO:0030111),1/18,0.1267790287198005,0.1999738927955023,0.2281746151174408,0.3763061989636154,-0.5898479159505221,1.2182185865350028,nkd
GO_Biological_Process_2018,medium-term memory (GO:0072375),1/18,0.1267790287198005,0.1999738927955023,0.2281746151174408,0.3763061989636154,-1.553535572767343,3.208531993435457,CASK
GO_Biological_Process_2018,regulation of cellular response to growth factor stimulus (GO:0090287),1/18,0.1267790287198005,0.1999738927955023,0.2281746151174408,0.3763061989636154,-1.5787433156346686,3.2605937877643987,dally
GO_Biological_Process_2018,salivary gland development (GO:0007431),2/82,0.1261104527418706,0.1999738927955023,0.3146936305363179,0.4186203978324647,-0.6446542243908917,1.3348191978030528,shi;jeb
GO_Biological_Process_2018,mitotic G2/M transition checkpoint (GO:0044818),1/18,0.1267790287198005,0.1999738927955023,0.2281746151174408,0.3763061989636154,-2.031933893702148,4.196572657088158,Tctp
GO_Biological_Process_2018,protein ubiquitination involved in ubiquitin-dependent protein catabolic process (GO:0042787),1/18,0.1267790287198005,0.1999738927955023,0.2281746151174408,0.3763061989636154,-0.1750388210909974,0.3615093644513526,ari-1
GO_Biological_Process_2018,regulation of oviposition (GO:0046662),1/18,0.1267790287198005,0.1999738927955023,0.2281746151174408,0.3763061989636154,-2.1215077595839493,4.3815704257234165,egh
GO_Biological_Process_2018,syncytial blastoderm mitotic cell cycle (GO:0035186),1/18,0.1267790287198005,0.1999738927955023,0.2281746151174408,0.3763061989636154,-1.9008003650100989,3.925741316244741,shi
GO_Biological_Process_2018,peptide transport (GO:0015833),1/18,0.1267790287198005,0.1999738927955023,0.2281746151174408,0.3763061989636154,-1.918339792018524,3.9619656639130807,emb
GO_Molecular_Function_2018,mannosyltransferase activity (GO:0000030),1/14,0.100062649199297,0.2001252983985941,0.1633998982993431,0.3267997965986862,-2.875874649055949,6.620144947938892,egh
GO_Molecular_Function_2018,voltage-gated ion channel activity (GO:0005244),1/14,0.100062649199297,0.2001252983985941,0.1633998982993431,0.3267997965986862,-1.8478087659886957,4.253579644346757,Sh
GO_Molecular_Function_2018,nucleotide kinase activity (GO:0019201),1/13,0.0932576584033465,0.2001252983985941,0.1533781997653129,0.3267997965986862,-1.920684914812891,4.55661194910081,sdt
GO_Molecular_Function_2018,carbohydrate kinase activity (GO:0019200),1/14,0.100062649199297,0.2001252983985941,0.1633998982993431,0.3267997965986862,-1.833681733899916,4.221059798552154,Hex-A
GO_Molecular_Function_2018,acetylcholine receptor activity (GO:0015464),1/14,0.100062649199297,0.2001252983985941,0.1633998982993431,0.3267997965986862,-1.6844564923905725,3.877549441100611,nAChRalpha6
GO_Molecular_Function_2018,ion transmembrane transporter activity (GO:0015075),1/14,0.100062649199297,0.2001252983985941,0.1633998982993431,0.3267997965986862,-1.4370397820620588,3.308006368194201,nrv2
GO_Molecular_Function_2018,kinase activity (GO:0016301),3/149,0.1017714142977993,0.2006350739013759,0.2669632485586005,0.4347184047574104,-0.7724848446156568,1.7651479675874786,Eip63E;cdi;Hipk
GO_Biological_Process_2018,mesoderm development (GO:0007498),2/83,0.128617813240212,0.2024332538824207,0.3196847356622402,0.4208213611262943,-0.6741715592183607,1.3826651656364766,miple1;Cip4
GO_Biological_Process_2018,cellular macromolecule biosynthetic process (GO:0034645),3/166,0.1290660568302439,0.2026981022670208,0.4014004067156592,0.48028065958,-0.441422944348429,0.9037829926626912,RpS23;eEF1alpha1;Top1
GO_Biological_Process_2018,potassium ion transport (GO:0006813),1/19,0.133334085559518,0.2032292167265075,0.2386374168712647,0.3797219556369135,-1.7906281281761716,3.607931921978369,Sh
GO_Biological_Process_2018,imaginal disc-derived male genitalia morphogenesis (GO:0048803),1/19,0.133334085559518,0.2032292167265075,0.2386374168712647,0.3797219556369135,-1.8531276076290435,3.7338619593081863,Fas2
GO_Biological_Process_2018,negative regulation of protein modification process (GO:0031400),1/19,0.133334085559518,0.2032292167265075,0.2386374168712647,0.3797219556369135,-1.4354163240167563,2.892216588836794,shi
GO_Biological_Process_2018,heart morphogenesis (GO:0003007),1/19,0.133334085559518,0.2032292167265075,0.2386374168712647,0.3797219556369135,-1.531195526092629,3.0852018520489444,kuz
GO_Biological_Process_2018,actin-mediated cell contraction (GO:0070252),1/19,0.133334085559518,0.2032292167265075,0.2386374168712647,0.3797219556369135,-0.5823019581493193,1.1732786891811535,alpha-Cat
GO_Biological_Process_2018,negative regulation of female receptivity (GO:0007621),1/19,0.133334085559518,0.2032292167265075,0.2386374168712647,0.3797219556369135,-2.05880004879622,4.148270821920037,egh
GO_Biological_Process_2018,"imaginal disc fusion, thorax closure (GO:0046529)",1/19,0.133334085559518,0.2032292167265075,0.2386374168712647,0.3797219556369135,-2.1456950720152377,4.323355376440171,Mnn1
GO_Biological_Process_2018,female germ-line stem cell asymmetric division (GO:0048132),1/19,0.133334085559518,0.2032292167265075,0.2386374168712647,0.3797219556369135,-1.9977349456238944,4.025230905598193,dally
GO_Biological_Process_2018,peroxisome organization (GO:0007031),1/19,0.133334085559518,0.2032292167265075,0.2386374168712647,0.3797219556369135,-1.870618298471558,3.7691039064412513,shi
GO_Biological_Process_2018,regulation of cellular protein metabolic process (GO:0032268),1/19,0.133334085559518,0.2032292167265075,0.2386374168712647,0.3797219556369135,-1.6933536964668334,3.411933924496952,msi
GO_Biological_Process_2018,photoreceptor cell morphogenesis (GO:0008594),1/19,0.133334085559518,0.2032292167265075,0.2386374168712647,0.3797219556369135,-1.870538768480167,3.7689436616700567,Lar
GO_Biological_Process_2018,cellular response to ionizing radiation (GO:0071479),1/19,0.133334085559518,0.2032292167265075,0.2386374168712647,0.3797219556369135,-0.8704471451020972,1.7538616711039472,Tctp
GO_Biological_Process_2018,imaginal disc fusion (GO:0046528),1/19,0.133334085559518,0.2032292167265075,0.2386374168712647,0.3797219556369135,-1.049660080830239,2.114957345560707,Mnn1
GO_Biological_Process_2018,asymmetric protein localization involved in cell fate determination (GO:0045167),1/19,0.133334085559518,0.2032292167265075,0.2386374168712647,0.3797219556369135,-1.8502398775698143,3.728043479580985,aPKC
GO_Biological_Process_2018,imaginal disc-derived appendage morphogenesis (GO:0035114),3/170,0.1358337467306433,0.2066042702373651,0.4159856723305658,0.4905107927806672,-0.4898874326679648,0.9779738390429282,dally;sbb;RhoGAP71E
GO_Biological_Process_2018,positive regulation of JNK cascade (GO:0046330),1/20,0.1398402607846835,0.2087512346558986,0.2489596813677733,0.3859674717564622,-1.6270965901865233,3.2009130925548352,Mnn1
GO_Biological_Process_2018,positive regulation of cellular component organization (GO:0051130),1/20,0.1398402607846835,0.2087512346558986,0.2489596813677733,0.3859674717564622,-1.4308235393936213,2.8147940497224364,numb
GO_Biological_Process_2018,regulation of actin filament-based process (GO:0032970),1/20,0.1398402607846835,0.2087512346558986,0.2489596813677733,0.3859674717564622,-0.7533052951048542,1.481943233324332,shi
GO_Biological_Process_2018,regulation of organelle organization (GO:0033043),1/20,0.1398402607846835,0.2087512346558986,0.2489596813677733,0.3859674717564622,-1.1917661810505698,2.3445073852385985,stai
GO_Biological_Process_2018,translational elongation (GO:0006414),1/20,0.1398402607846835,0.2087512346558986,0.2489596813677733,0.3859674717564622,-1.684002081958095,3.312860677442229,eEF1alpha1
GO_Biological_Process_2018,negative regulation of organ growth (GO:0046621),1/20,0.1398402607846835,0.2087512346558986,0.2489596813677733,0.3859674717564622,-1.960490847363091,3.8567844459922695,rin
GO_Biological_Process_2018,imaginal disc-derived genitalia morphogenesis (GO:0048805),1/20,0.1398402607846835,0.2087512346558986,0.2489596813677733,0.3859674717564622,-0.9677719656243468,1.9038537564751372,Fas2
GO_Biological_Process_2018,negative regulation of neuron apoptotic process (GO:0043524),1/20,0.1398402607846835,0.2087512346558986,0.2489596813677733,0.3859674717564622,-1.877423448462469,3.693369731519175,futsch
GO_Biological_Process_2018,male genitalia morphogenesis (GO:0048808),1/20,0.1398402607846835,0.2087512346558986,0.2489596813677733,0.3859674717564622,-0.6885583607254738,1.3545695351630018,Fas2
GO_Biological_Process_2018,regulation of transmembrane receptor protein serine/threonine kinase signaling pathway (GO:0090092),1/21,0.146297916482815,0.2131180916168171,0.2591432789053159,0.3916904674894545,-1.450278721290853,2.787595541106524,dally
GO_Biological_Process_2018,posttranscriptional regulation of gene expression (GO:0010608),1/21,0.146297916482815,0.2131180916168171,0.2591432789053159,0.3916904674894545,-0.8532461078344926,1.6400330576103928,msi
GO_Biological_Process_2018,detection of visible light (GO:0009584),1/21,0.146297916482815,0.2131180916168171,0.2591432789053159,0.3916904674894545,-0.5086705195995621,0.9777208004996338,Sh
GO_Biological_Process_2018,negative regulation of supramolecular fiber organization (GO:1902904),1/21,0.146297916482815,0.2131180916168171,0.2591432789053159,0.3916904674894545,-1.0696490100618936,2.055983285987655,Cip4
GO_Biological_Process_2018,neuroblast development (GO:0014019),1/21,0.146297916482815,0.2131180916168171,0.2591432789053159,0.3916904674894545,-1.691616297243037,3.251472960494549,numb
GO_Biological_Process_2018,positive regulation of organ growth (GO:0046622),1/21,0.146297916482815,0.2131180916168171,0.2591432789053159,0.3916904674894545,-1.740919210851955,3.3462385942462807,Hipk
GO_Biological_Process_2018,negative regulation of protein phosphorylation (GO:0001933),1/21,0.146297916482815,0.2131180916168171,0.2591432789053159,0.3916904674894545,-1.6452457222465533,3.162343604736167,shi
GO_Biological_Process_2018,glycolytic process (GO:0006096),1/21,0.146297916482815,0.2131180916168171,0.2591432789053159,0.3916904674894545,-1.6566999270341862,3.184359848734084,Hex-A
GO_Biological_Process_2018,ATP generation from ADP (GO:0006757),1/21,0.146297916482815,0.2131180916168171,0.2591432789053159,0.3916904674894545,-1.3274046806623188,2.551418092768198,Hex-A
GO_Biological_Process_2018,formation of animal organ boundary (GO:0010160),1/21,0.146297916482815,0.2131180916168171,0.2591432789053159,0.3916904674894545,-1.4537619089065366,2.794290611594544,dally
GO_Biological_Process_2018,negative regulation of hippo signaling (GO:0035331),1/21,0.146297916482815,0.2131180916168171,0.2591432789053159,0.3916904674894545,-1.5683687018774832,3.014577498781285,Hipk
GO_Biological_Process_2018,endoplasmic reticulum organization (GO:0007029),1/21,0.146297916482815,0.2131180916168171,0.2591432789053159,0.3916904674894545,-1.646305448009593,3.164380514447713,ari-1
GO_Molecular_Function_2018,transmitter-gated ion channel activity (GO:0022824),1/16,0.1135208084297329,0.2146009803192211,0.1830937066038185,0.3509296043239855,-2.085838035365559,4.538301996435052,Rdl
GO_Molecular_Function_2018,voltage-gated potassium channel activity (GO:0005249),1/16,0.1135208084297329,0.2146009803192211,0.1830937066038185,0.3509296043239855,-2.249844116832293,4.895141364750399,Sh
GO_Molecular_Function_2018,Notch binding (GO:0005112),1/16,0.1135208084297329,0.2146009803192211,0.1830937066038185,0.3509296043239855,-2.0919144006641623,4.5515227644420415,numb
GO_Biological_Process_2018,response to ionizing radiation (GO:0010212),1/22,0.1527074120849478,0.2180673892495114,0.269190055132086,0.3966127331328517,-1.9912731846250284,3.7420633489286415,Mnn1
GO_Biological_Process_2018,positive regulation of protein polymerization (GO:0032273),1/22,0.1527074120849478,0.2180673892495114,0.269190055132086,0.3966127331328517,-0.6172183759250615,1.1598962315506502,shi
GO_Biological_Process_2018,positive regulation of stress-activated MAPK cascade (GO:0032874),1/22,0.1527074120849478,0.2180673892495114,0.269190055132086,0.3966127331328517,-1.590010239039013,2.9879973706619127,Mnn1
GO_Biological_Process_2018,germarium-derived female germ-line cyst formation (GO:0030727),1/22,0.1527074120849478,0.2180673892495114,0.269190055132086,0.3966127331328517,-1.7014202642732918,3.197362602590608,Pdcd4
GO_Biological_Process_2018,regulation of morphogenesis of an epithelium (GO:1905330),1/22,0.1527074120849478,0.2180673892495114,0.269190055132086,0.3966127331328517,-1.6339419870163454,3.0705552965304834,aPKC
GO_Biological_Process_2018,R7 cell development (GO:0045467),1/22,0.1527074120849478,0.2180673892495114,0.269190055132086,0.3966127331328517,-1.408036894385863,2.646027324177939,Lar
GO_Biological_Process_2018,response to insecticide (GO:0017085),1/22,0.1527074120849478,0.2180673892495114,0.269190055132086,0.3966127331328517,-1.3861944333554563,2.604980282765749,nAChRalpha6
GO_Biological_Process_2018,regulation of RNA splicing (GO:0043484),1/22,0.1527074120849478,0.2180673892495114,0.269190055132086,0.3966127331328517,-1.6126474282034469,3.030537890239564,Psi
GO_Biological_Process_2018,regulation of neuron apoptotic process (GO:0043523),1/22,0.1527074120849478,0.2180673892495114,0.269190055132086,0.3966127331328517,-0.3646991803643565,0.6853541978886051,futsch
GO_Biological_Process_2018,establishment of mitotic spindle orientation (GO:0000132),1/22,0.1527074120849478,0.2180673892495114,0.269190055132086,0.3966127331328517,-1.880785158275862,3.5344307663734087,aPKC
GO_Biological_Process_2018,cellular response to DNA damage stimulus (GO:0006974),2/93,0.1542854983084643,0.2198872062506459,0.3690306732217304,0.4625356917797885,-0.6124578302292817,1.1446533727963888,Mnn1;Dp
GO_Molecular_Function_2018,DNA binding (GO:0003677),6/448,0.1213614808448005,0.2203668994287167,0.4499540699294987,0.5644878331842801,-0.602757657767667,1.2712048950424553,Dsp1;Mnn1;mbl;Dp;da;luna
GO_Molecular_Function_2018,translation elongation factor activity (GO:0003746),1/17,0.1201747255056301,0.2203668994287167,0.1927684933988443,0.3594871903924394,-1.7143620632120546,3.63240499617522,eEF1alpha1
GO_Molecular_Function_2018,TBP-class protein binding (GO:0017025),1/17,0.1201747255056301,0.2203668994287167,0.1927684933988443,0.3594871903924394,-2.2083272527940867,4.67902266293146,Dsp1
GO_Biological_Process_2018,negative regulation of stress-activated MAPK cascade (GO:0032873),1/23,0.159069104357626,0.2236233622425655,0.2791018313546557,0.4040296795377851,-0.4236265504745964,0.7788020625047768,Mnn1
GO_Biological_Process_2018,actomyosin contractile ring assembly (GO:0000915),1/23,0.159069104357626,0.2236233622425655,0.2791018313546557,0.4040296795377851,-1.6529114271574838,3.038739727634605,shi
GO_Biological_Process_2018,regulation of axon guidance (GO:1902667),1/23,0.159069104357626,0.2236233622425655,0.2791018313546557,0.4040296795377851,-1.4981053429906517,2.75414166006224,Lar
GO_Biological_Process_2018,plasma membrane bounded cell projection organization (GO:0120036),1/23,0.159069104357626,0.2236233622425655,0.2791018313546557,0.4040296795377851,-1.5192218440822014,2.7929625852015145,stai
GO_Biological_Process_2018,"male courtship behavior, veined wing generated song production (GO:0045433)",1/23,0.159069104357626,0.2236233622425655,0.2791018313546557,0.4040296795377851,-1.999388334645943,3.6757086094480456,tipE
GO_Biological_Process_2018,"regulation of female receptivity, post-mating (GO:0046008)",1/23,0.159069104357626,0.2236233622425655,0.2791018313546557,0.4040296795377851,-1.5670834482285287,2.8809521504971443,egh
GO_Biological_Process_2018,germline stem cell asymmetric division (GO:0098728),1/23,0.159069104357626,0.2236233622425655,0.2791018313546557,0.4040296795377851,-1.3419215745913846,2.467010834992739,dally
GO_Biological_Process_2018,photoreceptor cell differentiation (GO:0046530),1/24,0.1653833474545039,0.2267756506762515,0.2888804048552363,0.4069054729867531,-0.350202965398136,0.6301864477051774,sdt
GO_Biological_Process_2018,Golgi to plasma membrane transport (GO:0006893),1/24,0.1653833474545039,0.2267756506762515,0.2888804048552363,0.4069054729867531,-0.2293745016393671,0.4127569343050101,Snap25
GO_Biological_Process_2018,regulation of translation (GO:0006417),2/96,0.1621696616818141,0.2267756506762515,0.3835803944322073,0.4722965175851204,-0.5540294331960219,1.0078416996719062,CG4612;msi
GO_Biological_Process_2018,positive regulation of cellular protein metabolic process (GO:0032270),1/24,0.1653833474545039,0.2267756506762515,0.2888804048552363,0.4069054729867531,-1.1972459839472522,2.154431196192905,CG4612
GO_Biological_Process_2018,nicotinamide nucleotide metabolic process (GO:0046496),1/24,0.1653833474545039,0.2267756506762515,0.2888804048552363,0.4069054729867531,-1.1763544678761646,2.116837139029378,Hex-A
GO_Biological_Process_2018,positive regulation of cellular component biogenesis (GO:0044089),1/24,0.1653833474545039,0.2267756506762515,0.2888804048552363,0.4069054729867531,-1.1940642971499893,2.148705785221019,Lar
GO_Biological_Process_2018,cell fate determination involved in pattern specification (GO:0060582),1/24,0.1653833474545039,0.2267756506762515,0.2888804048552363,0.4069054729867531,-1.1462194199662448,2.062609446319273,numb
GO_Biological_Process_2018,sensory organ precursor cell fate determination (GO:0016360),1/24,0.1653833474545039,0.2267756506762515,0.2888804048552363,0.4069054729867531,-1.2504997510559102,2.250260774000651,numb
GO_Biological_Process_2018,"male courtship behavior, veined wing vibration (GO:0016545)",1/24,0.1653833474545039,0.2267756506762515,0.2888804048552363,0.4069054729867531,-1.8004011799171729,3.239802446350879,tipE
GO_Biological_Process_2018,nucleotide-excision repair (GO:0006289),1/24,0.1653833474545039,0.2267756506762515,0.2888804048552363,0.4069054729867531,-2.0002279209761267,3.599388505141901,Mnn1
GO_Biological_Process_2018,embryonic heart tube development (GO:0035050),1/24,0.1653833474545039,0.2267756506762515,0.2888804048552363,0.4069054729867531,-1.5223380414070384,2.739430836715197,numb
GO_Biological_Process_2018,stem cell differentiation (GO:0048863),1/24,0.1653833474545039,0.2267756506762515,0.2888804048552363,0.4069054729867531,-1.5054688250825423,2.709074864432042,Rbp6
GO_Biological_Process_2018,regulation of tube size (GO:0035150),1/24,0.1653833474545039,0.2267756506762515,0.2888804048552363,0.4069054729867531,-0.9130980917836048,1.6431101381831663,nrv2
GO_Molecular_Function_2018,"phosphotransferase activity, phosphate group as acceptor (GO:0016776)",1/18,0.1267790287198005,0.2272143631601619,0.2023302946904447,0.3722877422304183,-1.77844946504207,3.673048823163456,sdt
GO_Biological_Process_2018,dendrite guidance (GO:0070983),1/25,0.17165049291644,0.2318562628199675,0.2985275492174269,0.4124693618958341,-1.676467404396753,2.954429935738022,Toll-6
GO_Biological_Process_2018,positive regulation of cytoskeleton organization (GO:0051495),1/25,0.17165049291644,0.2318562628199675,0.2985275492174269,0.4124693618958341,-1.2750664926436694,2.247043161139458,shi
GO_Biological_Process_2018,"terminal branching, open tracheal system (GO:0007430)",1/25,0.17165049291644,0.2318562628199675,0.2985275492174269,0.4124693618958341,-1.385954421178727,2.4424603906762514,aPKC
GO_Biological_Process_2018,establishment of imaginal disc-derived wing hair orientation (GO:0001737),1/25,0.17165049291644,0.2318562628199675,0.2985275492174269,0.4124693618958341,-1.5581492229680778,2.7459184095143767,Galphao
GO_Biological_Process_2018,regulation of stem cell proliferation (GO:0072091),1/25,0.17165049291644,0.2318562628199675,0.2985275492174269,0.4124693618958341,-0.4723684057419535,0.8324524264299945,numb
GO_Biological_Process_2018,post-Golgi vesicle-mediated transport (GO:0006892),1/25,0.17165049291644,0.2318562628199675,0.2985275492174269,0.4124693618958341,-1.6187191008808322,2.852660395693244,Snap25
GO_Biological_Process_2018,positive regulation of cellular amide metabolic process (GO:0034250),1/25,0.17165049291644,0.2318562628199675,0.2985275492174269,0.4124693618958341,-1.177173576530998,2.074526975556931,CG4612
GO_Biological_Process_2018,neuroblast differentiation (GO:0014016),1/25,0.17165049291644,0.2318562628199675,0.2985275492174269,0.4124693618958341,-0.4664328684156035,0.8219922593455238,numb
GO_Molecular_Function_2018,calcium ion binding (GO:0005509),2/84,0.1311368922942255,0.2320114248282452,0.2700269121104276,0.4347184047574104,-0.8371801884779735,1.7007428732825245,Cbp53E;Tctp
GO_Molecular_Function_2018,voltage-gated cation channel activity (GO:0022843),1/19,0.133334085559518,0.2329127064204239,0.2117804113384985,0.3845486416409578,-1.9421468726572624,3.913226643081748,Sh
GO_Biological_Process_2018,regulation of mitotic cell cycle (GO:0007346),2/100,0.1727918671708156,0.2329633367442653,0.4027569099630173,0.48028065958,-0.6148336113310289,1.079443382376038,Pitslre;Wdr62
GO_Biological_Process_2018,positive regulation of transmembrane receptor protein serine/threonine kinase signaling pathway (GO:0090100),1/26,0.1778708897176365,0.233717829683428,0.3080450146318109,0.4140452638281588,-0.6260030412073121,1.080917780162824,dally
GO_Biological_Process_2018,positive regulation of proteasomal ubiquitin-dependent protein catabolic process (GO:0032436),1/26,0.1778708897176365,0.233717829683428,0.3080450146318109,0.4140452638281588,-1.4125309488925464,2.4390134187584267,ari-1
GO_Biological_Process_2018,adult chitin-containing cuticle pigmentation (GO:0048085),1/26,0.1778708897176365,0.233717829683428,0.3080450146318109,0.4140452638281588,-1.3796680240461112,2.3822690941523383,dally
GO_Biological_Process_2018,histone H3-K4 methylation (GO:0051568),1/26,0.1778708897176365,0.233717829683428,0.3080450146318109,0.4140452638281588,-1.2888501463849005,2.2254541072293827,Mnn1
GO_Biological_Process_2018,oocyte anterior/posterior axis specification (GO:0007314),1/26,0.1778708897176365,0.233717829683428,0.3080450146318109,0.4140452638281588,-1.3540039553071217,2.33795501516992,aPKC
GO_Biological_Process_2018,imaginal disc-derived male genitalia development (GO:0007485),1/26,0.1778708897176365,0.233717829683428,0.3080450146318109,0.4140452638281588,-1.215791894759726,2.0993046191742466,Fas2
GO_Biological_Process_2018,axon midline choice point recognition (GO:0016199),1/26,0.1778708897176365,0.233717829683428,0.3080450146318109,0.4140452638281588,-1.2446909993891917,2.1492046259929523,RhoGAP93B
GO_Biological_Process_2018,neurogenesis (GO:0022008),1/26,0.1778708897176365,0.233717829683428,0.3080450146318109,0.4140452638281588,-1.219830048591812,2.106277288616421,inaE
GO_Biological_Process_2018,positive regulation of macromolecule biosynthetic process (GO:0010557),1/26,0.1778708897176365,0.233717829683428,0.3080450146318109,0.4140452638281588,-1.1554918582487046,1.995184707099179,CG4612
GO_Biological_Process_2018,negative regulation of cell communication (GO:0010648),1/26,0.1778708897176365,0.233717829683428,0.3080450146318109,0.4140452638281588,-0.9473523495553132,1.635790773058314,Rdl
GO_Biological_Process_2018,Rho protein signal transduction (GO:0007266),1/26,0.1778708897176365,0.233717829683428,0.3080450146318109,0.4140452638281588,-1.466285519238778,2.5318312918796098,RhoGAP71E
GO_Biological_Process_2018,negative regulation of signaling (GO:0023057),1/26,0.1778708897176365,0.233717829683428,0.3080450146318109,0.4140452638281588,-0.9425130591355624,1.627434783208821,Rdl
GO_Biological_Process_2018,regulation of terminal button organization (GO:2000331),1/26,0.1778708897176365,0.233717829683428,0.3080450146318109,0.4140452638281588,-1.6305891121595308,2.8155338671740666,CASK
GO_Biological_Process_2018,negative regulation of JNK cascade (GO:0046329),1/26,0.1778708897176365,0.233717829683428,0.3080450146318109,0.4140452638281588,-1.6213262046757433,2.7995396295487684,Mnn1
GO_Molecular_Function_2018,cation channel activity (GO:0005261),2/86,0.1362089558380844,0.2349604488206956,0.2788291479059345,0.4347184047574104,-0.8643769184215633,1.7231916857962568,Cngl;Sh
GO_Biological_Process_2018,positive regulation of multicellular organism growth (GO:0040018),1/27,0.1840448842347379,0.2387965881468643,0.3174345281906397,0.4186203978324647,-1.513294424721242,2.561365241692989,Tctp
GO_Biological_Process_2018,positive regulation of proteasomal protein catabolic process (GO:1901800),1/27,0.1840448842347379,0.2387965881468643,0.3174345281906397,0.4186203978324647,-0.1077491076059939,0.1823735120786351,ari-1
GO_Biological_Process_2018,dsRNA transport (GO:0033227),1/27,0.1840448842347379,0.2387965881468643,0.3174345281906397,0.4186203978324647,-1.5715285037426987,2.6599308238103214,egh
GO_Biological_Process_2018,eye photoreceptor cell development (GO:0042462),1/27,0.1840448842347379,0.2387965881468643,0.3174345281906397,0.4186203978324647,-1.6071066381974866,2.720149506617905,jeb
GO_Biological_Process_2018,cyclic-nucleotide-mediated signaling (GO:0019935),1/27,0.1840448842347379,0.2387965881468643,0.3174345281906397,0.4186203978324647,-1.2912405839566374,2.1855223255838805,Cngl
GO_Biological_Process_2018,cytoplasmic microtubule organization (GO:0031122),1/27,0.1840448842347379,0.2387965881468643,0.3174345281906397,0.4186203978324647,-1.278446311747398,2.163867052430052,Vap33
GO_Biological_Process_2018,transmembrane receptor protein serine/threonine kinase signaling pathway (GO:0007178),1/27,0.1840448842347379,0.2387965881468643,0.3174345281906397,0.4186203978324647,-0.9923969870453644,1.679706940734336,dally
GO_Biological_Process_2018,establishment of spindle orientation (GO:0051294),1/28,0.1901728203038824,0.244122556560303,0.3266977942095396,0.4254122356253717,-1.5473452098828402,2.568317682376332,aPKC
GO_Biological_Process_2018,plasma membrane bounded cell projection morphogenesis (GO:0120039),1/28,0.1901728203038824,0.244122556560303,0.3266977942095396,0.4254122356253717,-1.1055541803155315,1.8350231945620217,Dscam2
GO_Biological_Process_2018,photoreceptor cell axon guidance (GO:0072499),1/28,0.1901728203038824,0.244122556560303,0.3266977942095396,0.4254122356253717,-1.289995625066572,2.1411631695925464,Fas2
GO_Biological_Process_2018,axon choice point recognition (GO:0016198),1/28,0.1901728203038824,0.244122556560303,0.3266977942095396,0.4254122356253717,-0.0382245356531492,0.0634459267341131,RhoGAP93B
GO_Biological_Process_2018,small GTPase mediated signal transduction (GO:0007264),1/28,0.1901728203038824,0.244122556560303,0.3266977942095396,0.4254122356253717,-1.1436411643950524,1.898240810162632,rin
GO_Biological_Process_2018,positive regulation of supramolecular fiber organization (GO:1902905),1/28,0.1901728203038824,0.244122556560303,0.3266977942095396,0.4254122356253717,-0.6448251895853729,1.0702950614227704,shi
GO_Molecular_Function_2018,transmitter-gated ion channel activity involved in regulation of postsynaptic membrane potential (GO:1904315),1/21,0.146297916482815,0.2492483021559071,0.2303507204492188,0.4128363561297687,-1.1320556957429018,2.1759358138608995,nAChRalpha6
GO_Biological_Process_2018,regulation of transcription from RNA polymerase II promoter (GO:0006357),7/630,0.1953018495655401,0.2502629010361965,0.7688136910678898,0.7934310013359543,0.1408670566299165,-0.2300653405729138,Dsp1;Mnn1;dally;sbb;Dp;da;luna
GO_Biological_Process_2018,adenylate cyclase-activating G-protein coupled receptor signaling pathway (GO:0007189),1/29,0.1962550392645768,0.2510400148896707,0.3358364945015744,0.4357448423282077,-1.234970434726005,2.010952060086489,Dop2R
GO_Biological_Process_2018,"maternal determination of anterior/posterior axis, embryo (GO:0008358)",1/30,0.2022918798844176,0.2564961839515207,0.3448522886919979,0.4434690177850914,-0.1568686991057547,0.2506830323476897,aPKC
GO_Biological_Process_2018,regulation of proteasomal ubiquitin-dependent protein catabolic process (GO:0032434),1/30,0.2022918798844176,0.2564961839515207,0.3448522886919979,0.4434690177850914,-0.6538425957193204,1.0448690242691685,ari-1
GO_Biological_Process_2018,establishment of mitotic spindle localization (GO:0040001),1/30,0.2022918798844176,0.2564961839515207,0.3448522886919979,0.4434690177850914,-1.572316600686673,2.5126305981859645,aPKC
GO_Biological_Process_2018,regulation of cellular amide metabolic process (GO:0034248),1/30,0.2022918798844176,0.2564961839515207,0.3448522886919979,0.4434690177850914,-1.2094987567792657,1.9328318377000175,msi
GO_Biological_Process_2018,cellular calcium ion homeostasis (GO:0006874),1/30,0.2022918798844176,0.2564961839515207,0.3448522886919979,0.4434690177850914,-1.1954880390871556,1.910442098915624,Cbp53E
GO_Biological_Process_2018,respiratory system development (GO:0060541),2/112,0.2052593496765877,0.2598037922479886,0.4585110867887957,0.5217428688061652,-0.1851466398760712,0.2931761825807408,nrv2;shi
GO_Biological_Process_2018,DNA repair (GO:0006281),2/113,0.2079969699525757,0.2599954883232443,0.4630246346255323,0.5254386135875946,-0.3804257324676462,0.5973565700755042,Mnn1;Tctp
GO_Biological_Process_2018,embryonic organ development (GO:0048568),1/31,0.2082836784909968,0.2599954883232443,0.353746814502296,0.4493205152625654,0.4772067719165505,-0.7486678911309019,numb
GO_Biological_Process_2018,protein stabilization (GO:0050821),1/31,0.2082836784909968,0.2599954883232443,0.353746814502296,0.4493205152625654,-1.388779827589362,2.1787931897753627,Hipk
GO_Biological_Process_2018,nuclear export (GO:0051168),1/31,0.2082836784909968,0.2599954883232443,0.353746814502296,0.4493205152625654,-1.4517881120253904,2.2776440070909785,emb
GO_Biological_Process_2018,mRNA metabolic process (GO:0016071),1/31,0.2082836784909968,0.2599954883232443,0.353746814502296,0.4493205152625654,-1.1665247825298783,1.8301074089562572,Psi
GO_Biological_Process_2018,melanotic encapsulation of foreign target (GO:0035011),1/31,0.2082836784909968,0.2599954883232443,0.353746814502296,0.4493205152625654,-1.24012972466693,1.9455828381611784,aPKC
GO_Biological_Process_2018,autophagosome assembly (GO:0000045),1/31,0.2082836784909968,0.2599954883232443,0.353746814502296,0.4493205152625654,-1.1144299443500576,1.7483781986136344,EndoA
GO_Biological_Process_2018,regulation of actin cytoskeleton organization (GO:0032956),1/31,0.2082836784909968,0.2599954883232443,0.353746814502296,0.4493205152625654,-1.2416891691554424,1.94802937933632,shi
GO_Biological_Process_2018,eye morphogenesis (GO:0048592),2/114,0.2107384778668629,0.2626069844674849,0.4675164571224387,0.5272303971287315,0.2981743089548262,-0.4642983549651353,cindr;Fas2
GO_Biological_Process_2018,carbohydrate catabolic process (GO:0016052),1/32,0.2142307688887734,0.2651334644025162,0.3625216880345791,0.4564620906731049,0.7625937388714397,-1.1749293064484856,Hex-A
GO_Biological_Process_2018,regulation of endocytosis (GO:0030100),1/32,0.2142307688887734,0.2651334644025162,0.3625216880345791,0.4564620906731049,-1.319857508167737,2.033506423718192,numb
GO_Biological_Process_2018,autophagosome organization (GO:1905037),1/32,0.2142307688887734,0.2651334644025162,0.3625216880345791,0.4564620906731049,-0.8774852035954281,1.3519427568405342,EndoA
GO_Biological_Process_2018,cellular response to light stimulus (GO:0071482),1/32,0.2142307688887734,0.2651334644025162,0.3625216880345791,0.4564620906731049,-1.3697469758888845,2.110371200755882,Ih
GO_Biological_Process_2018,mRNA processing (GO:0006397),3/213,0.215029312164402,0.2656676143464626,0.5632297144128584,0.6132004710299391,-0.1274935068711818,0.1959550880584826,rin;Psi;trv
GO_Molecular_Function_2018,ubiquitin conjugating enzyme binding (GO:0031624),1/23,0.159069104357626,0.2677016634311267,0.2484895352384204,0.4347184047574104,-2.054660577872806,3.777322016294528,ari-1
GO_Molecular_Function_2018,single-stranded RNA binding (GO:0003727),1/24,0.1653833474545039,0.2685047288084886,0.2574002304670964,0.4347184047574104,-1.8839389057681584,3.390127680300716,Rbp6
GO_Molecular_Function_2018,hydro-lyase activity (GO:0016836),1/24,0.1653833474545039,0.2685047288084886,0.2574002304670964,0.4347184047574104,-1.9757654824183684,3.5553686115941865,CAH1
GO_Molecular_Function_2018,metalloendopeptidase activity (GO:0004222),1/24,0.1653833474545039,0.2685047288084886,0.2574002304670964,0.4347184047574104,-1.7178907507408738,3.091325821653748,kuz
GO_Biological_Process_2018,regulation of nervous system development (GO:0051960),1/33,0.2201334824766927,0.2696728279409907,0.3711785040387529,0.4625356917797885,-0.3699300690762477,0.5598969939594775,numb
GO_Biological_Process_2018,positive regulation of cellular biosynthetic process (GO:0031328),1/33,0.2201334824766927,0.2696728279409907,0.3711785040387529,0.4625356917797885,-0.9604139181738204,1.4536068048892,CG4612
GO_Biological_Process_2018,negative regulation of neural precursor cell proliferation (GO:2000178),1/33,0.2201334824766927,0.2696728279409907,0.3711785040387529,0.4625356917797885,-1.0083686401313283,1.5261872921613426,numb
GO_Biological_Process_2018,negative regulation of neuroblast proliferation (GO:0007406),1/33,0.2201334824766927,0.2696728279409907,0.3711785040387529,0.4625356917797885,-1.1207079662405752,1.6962152413601317,numb
GO_Biological_Process_2018,regulation of cell development (GO:0060284),1/33,0.2201334824766927,0.2696728279409907,0.3711785040387529,0.4625356917797885,-0.8506218521237656,1.287434187736103,numb
GO_Molecular_Function_2018,chloride channel activity (GO:0005254),1/25,0.17165049291644,0.27227319566056,0.2662067418452543,0.4347184047574104,-1.579001746215006,2.7826667046227844,Rdl
GO_Molecular_Function_2018,cysteine-type peptidase activity (GO:0008234),1/25,0.17165049291644,0.27227319566056,0.2662067418452543,0.4347184047574104,-1.9209450329408413,3.3852716106161567,Usp7
GO_Molecular_Function_2018,syntaxin binding (GO:0019905),1/26,0.1778708897176365,0.273156306580086,0.2749102702964333,0.4347184047574104,-1.805329937753599,3.117258384263766,Snap25
GO_Molecular_Function_2018,G-protein coupled receptor activity (GO:0004930),2/102,0.1781454173348387,0.273156306580086,0.3487083932965814,0.4911663771786697,-0.7487032197888829,1.2916291861614553,Dop2R;5-HT1A
GO_Molecular_Function_2018,histone methyltransferase activity (GO:0042054),1/26,0.1778708897176365,0.273156306580086,0.2749102702964333,0.4347184047574104,-1.7700079813653269,3.056268056458673,Mnn1
GO_Molecular_Function_2018,cysteine-type endopeptidase activity (GO:0004197),1/27,0.1840448842347379,0.2735896602714611,0.283512003102659,0.4347184047574104,-1.9324478705597463,3.270814143088602,Usp7
GO_Molecular_Function_2018,sequence-specific DNA binding (GO:0043565),3/197,0.1843756406177237,0.2735896602714611,0.4224395686003032,0.5348317474022188,-0.6775969783492185,1.145667471470352,Dp;da;luna
GO_Molecular_Function_2018,ubiquitin-like protein conjugating enzyme binding (GO:0044390),1/27,0.1840448842347379,0.2735896602714611,0.283512003102659,0.4347184047574104,-1.9516497095176788,3.3033147074731524,ari-1
GO_Biological_Process_2018,regulation of vesicle-mediated transport (GO:0060627),1/34,0.2259921481487597,0.2745273745968155,0.3797188362265674,0.4691406782048376,-1.0281605926891688,1.529137005946126,Rab3
GO_Biological_Process_2018,negative regulation of ERBB signaling pathway (GO:1901185),1/34,0.2259921481487597,0.2745273745968155,0.3797188362265674,0.4691406782048376,-0.9768672484864852,1.4528507221332936,Fas2
GO_Biological_Process_2018,sister chromatid segregation (GO:0000819),1/34,0.2259921481487597,0.2745273745968155,0.3797188362265674,0.4691406782048376,-1.1975503714787097,1.7810628052987778,luna
GO_Biological_Process_2018,pyruvate metabolic process (GO:0006090),1/34,0.2259921481487597,0.2745273745968155,0.3797188362265674,0.4691406782048376,-1.1633824252023537,1.7302463555730578,Hex-A
GO_Biological_Process_2018,phosphatidylinositol metabolic process (GO:0046488),1/34,0.2259921481487597,0.2745273745968155,0.3797188362265674,0.4691406782048376,0.0763309997309014,-0.1135236627617684,Vap33
GO_Molecular_Function_2018,metal ion binding (GO:0046872),2/107,0.191637137849627,0.2754783856588388,0.3701583429776119,0.5079204810000916,-0.7699872064980425,1.2721355968238943,Cbp53E;Tctp
GO_Molecular_Function_2018,phosphatidylinositol binding (GO:0035091),1/28,0.1901728203038824,0.2754783856588388,0.2920131140237359,0.4380196710356039,-1.6646033563780716,2.762945338262622,qvr
GO_Molecular_Function_2018,Rho guanyl-nucleotide exchange factor activity (GO:0005089),1/28,0.1901728203038824,0.2754783856588388,0.2920131140237359,0.4380196710356039,-1.5457590989434284,2.5656850204816988,sif
GO_Biological_Process_2018,negative regulation of canonical Wnt signaling pathway (GO:0090090),1/35,0.2318070924430677,0.2783222801472322,0.3881442375181584,0.4722965175851204,-1.0757746084190711,1.572620843764032,nkd
GO_Biological_Process_2018,regulation of MAPK cascade (GO:0043408),1/35,0.2318070924430677,0.2783222801472322,0.3881442375181584,0.4722965175851204,-0.1089419323212378,0.1592567366691082,jeb
GO_Biological_Process_2018,regulation of hippo signaling (GO:0035330),1/35,0.2318070924430677,0.2783222801472322,0.3881442375181584,0.4722965175851204,-0.7311051672742499,1.0687659069484057,Hipk
GO_Biological_Process_2018,negative regulation of epidermal growth factor receptor signaling pathway (GO:0042059),1/35,0.2318070924430677,0.2783222801472322,0.3881442375181584,0.4722965175851204,-1.0171569539065053,1.4869306400934974,Fas2
GO_Biological_Process_2018,Wnt signaling pathway (GO:0016055),1/35,0.2318070924430677,0.2783222801472322,0.3881442375181584,0.4722965175851204,-1.2228334255645203,1.7875987390334525,Galphao
GO_Biological_Process_2018,extracellular matrix organization (GO:0030198),1/35,0.2318070924430677,0.2783222801472322,0.3881442375181584,0.4722965175851204,-1.4003215168660692,2.0470596611599734,shi
GO_Biological_Process_2018,"epithelial cell migration, open tracheal system (GO:0007427)",1/35,0.2318070924430677,0.2783222801472322,0.3881442375181584,0.4722965175851204,-1.3083372032999163,1.9125924152504965,shi
GO_Molecular_Function_2018,histone-lysine N-methyltransferase activity (GO:0018024),1/29,0.1962550392645768,0.2792082001908413,0.3004147635144713,0.4457767458601833,-1.8279146984537933,2.9764670676780747,Mnn1
GO_Biological_Process_2018,DNA packaging (GO:0006323),1/36,0.2375786394602001,0.2824416009346221,0.3964562403310492,0.4775945391009644,-0.954691316962806,1.3721363932094095,Top1
GO_Biological_Process_2018,DNA-dependent DNA replication (GO:0006261),1/36,0.2375786394602001,0.2824416009346221,0.3964562403310492,0.4775945391009644,-1.3048682157172626,1.875430450990095,Dsp1
GO_Biological_Process_2018,glucose homeostasis (GO:0042593),1/36,0.2375786394602001,0.2824416009346221,0.3964562403310492,0.4775945391009644,-0.965910143303994,1.3882607253766,Hex-A
GO_Biological_Process_2018,epithelial cell migration (GO:0010631),1/36,0.2375786394602001,0.2824416009346221,0.3964562403310492,0.4775945391009644,0.1116603182007318,-0.1604845289344307,shi
GO_Biological_Process_2018,positive regulation of translation (GO:0045727),1/36,0.2375786394602001,0.2824416009346221,0.3964562403310492,0.4775945391009644,-1.129085872773998,1.622786118994492,CG4612
GO_Biological_Process_2018,eye photoreceptor cell differentiation (GO:0001754),1/36,0.2375786394602001,0.2824416009346221,0.3964562403310492,0.4775945391009644,-1.235854561100787,1.77624012062351,mbl
GO_Biological_Process_2018,Rab protein signal transduction (GO:0032482),1/37,0.2433071109219324,0.285964851148505,0.404656356828453,0.48028065958,-0.971970816390711,1.3738134911627398,Rab3
GO_Biological_Process_2018,regulation of cell death (GO:0010941),1/37,0.2433071109219324,0.285964851148505,0.404656356828453,0.48028065958,-1.0404289760639895,1.4705743627376304,Hipk
GO_Biological_Process_2018,regulation of neuron projection development (GO:0010975),1/37,0.2433071109219324,0.285964851148505,0.404656356828453,0.48028065958,-0.7921034222130491,1.1195833758397835,sif
GO_Biological_Process_2018,sphingolipid biosynthetic process (GO:0030148),1/37,0.2433071109219324,0.285964851148505,0.404656356828453,0.48028065958,-0.039717423761102,0.0561378301458136,egh
GO_Biological_Process_2018,negative regulation of response to stimulus (GO:0048585),1/37,0.2433071109219324,0.285964851148505,0.404656356828453,0.48028065958,-0.5782481037654653,0.8173136814356108,Cbp53E
GO_Biological_Process_2018,positive regulation of cell size (GO:0045793),1/37,0.2433071109219324,0.285964851148505,0.404656356828453,0.48028065958,-1.3614358304451044,1.9242953385814303,Tctp
GO_Biological_Process_2018,calcium-mediated signaling (GO:0019722),1/37,0.2433071109219324,0.285964851148505,0.404656356828453,0.48028065958,-1.0775330269800865,1.5230183712055068,Galphao
GO_Biological_Process_2018,positive regulation of MAPK cascade (GO:0043410),1/38,0.2489928261465382,0.2912290890631562,0.4127460792027151,0.4874847656488838,-0.8877303363347293,1.2342391781013728,jeb
GO_Biological_Process_2018,regulation of cell communication (GO:0010646),1/38,0.2489928261465382,0.2912290890631562,0.4127460792027151,0.4874847656488838,-0.8256578844504263,1.147937911984078,SKIP
GO_Biological_Process_2018,negative regulation of stem cell proliferation (GO:2000647),1/38,0.2489928261465382,0.2912290890631562,0.4127460792027151,0.4874847656488838,-1.183451836970908,1.6453900050507826,numb
GO_Molecular_Function_2018,"proton-transporting ATPase activity, rotational mechanism (GO:0046961)",1/31,0.2082836784909968,0.2932974248138527,0.3169242541424185,0.4652717773580187,-1.235178046577698,1.9378143767503404,Vha68-1
GO_Biological_Process_2018,regulation of cell morphogenesis involved in differentiation (GO:0010769),1/39,0.2546361021849479,0.2968704315328539,0.420726879943358,0.4944906835697909,-0.8061675154153666,1.1027725091015734,sif
GO_Biological_Process_2018,histone lysine methylation (GO:0034968),1/39,0.2546361021849479,0.2968704315328539,0.420726879943358,0.4944906835697909,0.3057028696663324,-0.4181770093375642,Mnn1
GO_Molecular_Function_2018,rRNA binding (GO:0019843),1/32,0.2142307688887734,0.2986247081479872,0.3250343507874374,0.472155162196488,-1.3315400693649595,2.0515057631112845,RpS13
GO_Biological_Process_2018,cellular protein metabolic process (GO:0044267),2/132,0.2605239855138332,0.3022746242179731,0.5444259536838219,0.5954144871104033,-0.224035370447776,0.3013410931412404,kuz;RpS23
GO_Biological_Process_2018,negative regulation of Wnt signaling pathway (GO:0030178),1/40,0.2602372536536108,0.3022746242179731,0.4286002120569001,0.5021141642867243,-0.9088236345218286,1.2234234325264497,nkd
GO_Biological_Process_2018,regulation of organ morphogenesis (GO:2000027),1/40,0.2602372536536108,0.3022746242179731,0.4286002120569001,0.5021141642867243,-0.8092712300961077,1.0894098134782848,aPKC
GO_Biological_Process_2018,macroautophagy (GO:0016236),1/41,0.2657965929372943,0.305782255079066,0.4363675093604758,0.5071108776516605,-0.9882081612977004,1.309399482223218,lqf
GO_Biological_Process_2018,negative regulation of neurogenesis (GO:0050768),1/41,0.2657965929372943,0.305782255079066,0.4363675093604758,0.5071108776516605,-1.075045082951677,1.4244604832397043,numb
GO_Biological_Process_2018,compound eye photoreceptor fate commitment (GO:0001752),1/41,0.2657965929372943,0.305782255079066,0.4363675093604758,0.5071108776516605,-1.0459017084632698,1.3858448140316646,rin
GO_Biological_Process_2018,regulation of embryonic development (GO:0045995),1/41,0.2657965929372943,0.305782255079066,0.4363675093604758,0.5071108776516605,-1.0404791620322702,1.3786598101355645,Top1
GO_Biological_Process_2018,wing disc morphogenesis (GO:0007472),2/134,0.2660812440605133,0.305782255079066,0.5524890224303812,0.6024127292765,-0.3562504852465678,0.4716591081815444,dally;sbb
GO_Biological_Process_2018,DNA replication (GO:0006260),1/41,0.2657965929372943,0.305782255079066,0.4363675093604758,0.5071108776516605,-0.9257111694182676,1.2265894711219385,Top1
GO_Biological_Process_2018,chorion-containing eggshell formation (GO:0007304),1/42,0.271314430069352,0.3103185582467786,0.4440301867308298,0.513542899669522,-0.8104927934965447,1.0572691041391795,capu
GO_Biological_Process_2018,peptidyl-serine phosphorylation (GO:0018105),1/42,0.271314430069352,0.3103185582467786,0.4440301867308298,0.513542899669522,-0.8844264963137951,1.1537139095347504,aPKC
GO_Biological_Process_2018,regulation of BMP signaling pathway (GO:0030510),1/42,0.271314430069352,0.3103185582467786,0.4440301867308298,0.513542899669522,-1.2701645595978164,1.6569002917865476,dally
GO_Molecular_Function_2018,cation transmembrane transporter activity (GO:0008324),1/34,0.2259921481487597,0.3118691644452884,0.340970789669771,0.4901455101502958,-1.4338506634136206,2.1325016014195928,nrv2
GO_Biological_Process_2018,R7 cell differentiation (GO:0045466),1/43,0.2767910727729243,0.3126314144892312,0.4515896403113911,0.515695425213639,-1.0087406155024228,1.2957195606755614,Lar
GO_Biological_Process_2018,peptidyl-serine modification (GO:0018209),1/43,0.2767910727729243,0.3126314144892312,0.4515896403113911,0.515695425213639,-0.3108292554653188,0.3992577875294914,aPKC
GO_Biological_Process_2018,melanization defense response (GO:0035006),1/43,0.2767910727729243,0.3126314144892312,0.4515896403113911,0.515695425213639,-0.8947752536708724,1.1493319301040896,aPKC
GO_Biological_Process_2018,protein deubiquitination (GO:0016579),1/43,0.2767910727729243,0.3126314144892312,0.4515896403113911,0.515695425213639,-0.960205550701668,1.2333766433046065,Usp7
GO_Biological_Process_2018,regulation of cell cycle process (GO:0010564),1/43,0.2767910727729243,0.3126314144892312,0.4515896403113911,0.515695425213639,-0.2849126191593084,0.3659680675632873,cindr
GO_Biological_Process_2018,glycolipid biosynthetic process (GO:0009247),1/43,0.2767910727729243,0.3126314144892312,0.4515896403113911,0.515695425213639,-0.9600245944755026,1.2331442064241387,egh
GO_Biological_Process_2018,rhabdomere development (GO:0042052),1/43,0.2767910727729243,0.3126314144892312,0.4515896403113911,0.515695425213639,-0.9585403619072672,1.2312377211079937,mbl
GO_Biological_Process_2018,cellular response to heat (GO:0034605),1/43,0.2767910727729243,0.3126314144892312,0.4515896403113911,0.515695425213639,-0.8676752021499523,1.1145221223979902,tipE
KEGG_2019,Arginine biosynthesis,1/15,0.1068169073153075,0.3128418908078594,0.1630152826099051,0.5207595768492743,-53.88540861531995,120.52220950009676,Gs2
KEGG_2019,Metabolism of xenobiotics by cytochrome P450,2/64,0.0833642847793123,0.3128418908078594,0.1640733257034118,0.5207595768492743,-59.39924748795089,147.57952726008864,GstD1;GstE2
KEGG_2019,mRNA surveillance pathway,2/73,0.1041253083980411,0.3128418908078594,0.1999703107574353,0.5207595768492743,-1.4950744817823316,3.38209801368179,Rbp6;msi
KEGG_2019,Ribosome,4/240,0.1068072170070193,0.3128418908078594,0.2808238634178749,0.5207595768492743,7.494797345249271,-16.763836415437975,RpS13;RpS24;RpS23;RpL22
KEGG_2019,Glutathione metabolism,2/77,0.1137606875664943,0.3128418908078594,0.2162425143792847,0.5207595768492743,-0.516892231707,1.1235470735988085,GstD1;GstE2
GO_Biological_Process_2018,negative regulation of gene expression (GO:0010629),3/245,0.2789871267218112,0.3146209964900176,0.6572698454990665,0.694691048381495,-0.0097199005086216,0.0124083242814884,Dsp1;msi;numb
GO_Molecular_Function_2018,hydrogen-exporting ATPase activity (GO:0036442),1/35,0.2318070924430677,0.3167265223479539,0.3487993113297799,0.4911663771786697,-1.1959548704381224,1.7483063299068302,Vha68-1
GO_Biological_Process_2018,regulation of synapse organization (GO:0050807),1/44,0.2822268266229877,0.3172860597438557,0.4590472478308388,0.5217428688061652,-1.075505228636424,1.360561631802374,CASK
GO_Biological_Process_2018,brain development (GO:0007420),1/44,0.2822268266229877,0.3172860597438557,0.4590472478308388,0.5217428688061652,-0.8824012069854009,1.1162765127628151,Dmtn
GO_Biological_Process_2018,imaginal disc development (GO:0007444),2/140,0.2827489791526257,0.3173802494674434,0.5760786732048953,0.6243726937130901,-0.2073720262272474,0.2619514672624224,Dsp1;dally
GO_Biological_Process_2018,negative regulation of cellular amide metabolic process (GO:0034249),1/45,0.2876219947795162,0.3213554386116817,0.4664043687553501,0.5267968221199275,-0.6921960238562018,0.8625511268533302,msi
GO_Biological_Process_2018,neuron differentiation (GO:0030182),1/45,0.2876219947795162,0.3213554386116817,0.4664043687553501,0.5267968221199275,-1.031297424137292,1.285108155280814,da
GO_Biological_Process_2018,RNA processing (GO:0006396),1/45,0.2876219947795162,0.3213554386116817,0.4664043687553501,0.5267968221199275,-1.0505214433965262,1.3090633629145223,Psi
GO_Molecular_Function_2018,metallopeptidase activity (GO:0008237),1/36,0.2375786394602001,0.3214299239755648,0.3565361334325783,0.4969897617545031,-1.403108031018627,2.0166262736000795,kuz
GO_Biological_Process_2018,dephosphorylation (GO:0016311),2/143,0.2910731699099354,0.3247102850767231,0.5875337452391625,0.6348872112733637,-0.3733184226632458,0.4607423550332339,IA-2;Ptp99A
GO_Biological_Process_2018,regulation of cell differentiation (GO:0045595),1/46,0.2929768783227292,0.3263311690856245,0.4736623445908624,0.53333054041024,-1.0303837193190284,1.2649625117208367,Tctp
KEGG_2019,Base excision repair,1/20,0.1398402607846835,0.3296234718496111,0.2084361500550494,0.5207595768492743,-46.46654756917964,91.41152490704856,Dsp1
KEGG_2019,SNARE interactions in vesicular transport,1/20,0.1398402607846835,0.3296234718496111,0.2084361500550494,0.5207595768492743,-27.63437289242328,54.36384448802759,nSyb
GO_Molecular_Function_2018,nucleoside-triphosphatase activity (GO:0017111),3/230,0.2486749213654845,0.3303943270021373,0.5235820925517523,0.602119406434515,-0.403549395212086,0.5615828783760757,shi;Rab3;Galphao
GO_Molecular_Function_2018,mRNA 3'-UTR binding (GO:0003730),1/38,0.2489928261465382,0.3303943270021373,0.3717389027609366,0.5079204810000916,-1.5424841873296022,2.144563881262028,CG4612
GO_Biological_Process_2018,gland development (GO:0048732),1/47,0.2982917760006748,0.3312319721234486,0.4808224991221305,0.5397139369991047,-0.4870714596655888,0.5892021412077274,kuz
GO_Biological_Process_2018,lymph gland development (GO:0048542),1/47,0.2982917760006748,0.3312319721234486,0.4808224991221305,0.5397139369991047,-0.7784256694366806,0.9416484216054224,kuz
GO_Molecular_Function_2018,thiol-dependent ubiquitinyl hydrolase activity (GO:0036459),1/39,0.2546361021849479,0.3315073783162529,0.3792069318737353,0.5080636562968492,-0.8602665001761379,1.1767755816934344,Usp7
GO_Molecular_Function_2018,thiol-dependent ubiquitin-specific protease activity (GO:0004843),1/39,0.2546361021849479,0.3315073783162529,0.3792069318737353,0.5080636562968492,-1.222196780408689,1.6718671794319535,Usp7
KEGG_2019,Drug metabolism,2/96,0.1621696616818141,0.3344749272187416,0.2946766626636191,0.5207595768492743,1.308449449857945,-2.3802163539802903,GstD1;GstE2
KEGG_2019,Notch signaling pathway,1/22,0.1527074120849478,0.3344749272187416,0.225925973687353,0.5207595768492743,-5.20413170701091,9.77976837842574,numb
GO_Molecular_Function_2018,single-stranded DNA binding (GO:0003697),1/40,0.2602372536536108,0.3356330934971804,0.3865874254873701,0.512971776127472,-1.1848608054019911,1.5950140583366847,Dsp1
GO_Molecular_Function_2018,regulatory region DNA binding (GO:0000975),1/41,0.2657965929372943,0.3396289798643205,0.3938813951342333,0.5176726907478494,-0.980952461682832,1.2997855064527697,Mnn1
GO_Biological_Process_2018,regulation of JNK cascade (GO:0046328),1/49,0.308802797990724,0.3418550852374376,0.4948545519677745,0.5537475975651758,-0.817797712375323,0.9609551646589404,Mnn1
GO_Biological_Process_2018,regulation of protein phosphorylation (GO:0001932),1/49,0.308802797990724,0.3418550852374376,0.4948545519677745,0.5537475975651758,-0.7797563703904298,0.9162545944595426,shi
GO_Molecular_Function_2018,"ATPase activity, coupled to transmembrane movement of ions, rotational mechanism (GO:0044769)",1/43,0.2767910727729243,0.3446663900351532,0.4082137512755466,0.530602465926376,-0.9734538378227612,1.2503939661965735,Vha68-1
GO_Molecular_Function_2018,double-stranded DNA binding (GO:0003690),1/44,0.2822268266229877,0.3446663900351532,0.4152541037684682,0.530602465926376,-0.6094129363686942,0.7709342893650963,Mnn1
GO_Molecular_Function_2018,myosin binding (GO:0017022),1/44,0.2822268266229877,0.3446663900351532,0.4152541037684682,0.530602465926376,-1.1187901518763772,1.415318972099508,aPKC
GO_Molecular_Function_2018,protein homodimerization activity (GO:0042803),2/139,0.2799723297927021,0.3446663900351532,0.4995634513373667,0.5892716548206032,-0.5647211245620828,0.7189264176980147,da;Liprin-gamma
GO_Molecular_Function_2018,transcription regulatory region DNA binding (GO:0044212),2/137,0.2744170163231039,0.3446663900351532,0.4919547558146245,0.5892716548206032,-0.567618682682646,0.7339913355645458,Mnn1;da
GO_Biological_Process_2018,regulation of epidermal growth factor receptor signaling pathway (GO:0042058),1/50,0.3139995089263412,0.3470773197903375,0.5017290112000684,0.5605737717729158,-0.9294890970132094,1.0766865754593455,Fas2
GO_Biological_Process_2018,digestive tract development (GO:0048565),1/51,0.3191574073697081,0.3522407971580315,0.5085107713505,0.5672754983940865,-0.7682569999667134,0.8774039310153553,IA-2
GO_Biological_Process_2018,RNA transport (GO:0050658),1/52,0.3242767812182762,0.3568030237112949,0.5152010709029323,0.5729732339995744,-0.90716624760555,1.0216124044632964,egh
GO_Biological_Process_2018,microtubule cytoskeleton organization involved in mitosis (GO:1902850),1/52,0.3242767812182762,0.3568030237112949,0.5152010709029323,0.5729732339995744,-0.8602126348132075,0.9687352241342936,Wdr62
KEGG_2019,Fructose and mannose metabolism,1/29,0.1962550392645768,0.3598009053183909,0.2842332317716265,0.5207595768492743,-17.812279611777072,29.00445174469844,Hex-A
KEGG_2019,"Alanine, aspartate and glutamate metabolism",1/29,0.1962550392645768,0.3598009053183909,0.2842332317716265,0.5207595768492743,-57.53139662398696,93.6806884663012,Gs2
GO_Biological_Process_2018,cytoskeleton organization (GO:0007010),1/53,0.329357916307445,0.3602041259918281,0.5218011319562841,0.5767694954753431,-0.838290150989523,0.9310136157457092,alpha-Cat
GO_Biological_Process_2018,negative regulation of Notch signaling pathway (GO:0045746),1/53,0.329357916307445,0.3602041259918281,0.5218011319562841,0.5767694954753431,-0.9499032917856656,1.0549723114964484,numb
GO_Biological_Process_2018,regulation of hydrolase activity (GO:0051336),1/53,0.329357916307445,0.3602041259918281,0.5218011319562841,0.5767694954753431,-0.4430270908947752,0.4920304184420778,sif
GO_Biological_Process_2018,chromosome condensation (GO:0030261),1/53,0.329357916307445,0.3602041259918281,0.5218011319562841,0.5767694954753431,-0.8126467870368929,0.9025338334588244,Top1
KEGG_2019,Starch and sucrose metabolism,1/33,0.2201334824766927,0.363220246086543,0.3156118647571359,0.5207595768492743,-17.58010179018613,26.607856372437933,Hex-A
KEGG_2019,Glyoxylate and dicarboxylate metabolism,1/33,0.2201334824766927,0.363220246086543,0.3156118647571359,0.5207595768492743,-77.97437572934084,118.01586901476324,Gs2
GO_Biological_Process_2018,generation of neurons (GO:0048699),1/54,0.3344010963667676,0.3635231137680777,0.5283121604207497,0.5804218575790939,-0.9057590871744744,0.9921812926558292,numb
GO_Biological_Process_2018,negative regulation of intracellular signal transduction (GO:1902532),1/54,0.3344010963667676,0.3635231137680777,0.5283121604207497,0.5804218575790939,-0.4263016482939655,0.4669768445658904,Hipk
GO_Biological_Process_2018,imaginal disc-derived wing margin morphogenesis (GO:0008587),1/54,0.3344010963667676,0.3635231137680777,0.5283121604207497,0.5804218575790939,-0.6630485665090009,0.7263127614482017,Hipk
GO_Biological_Process_2018,protein modification by small protein removal (GO:0070646),1/54,0.3344010963667676,0.3635231137680777,0.5283121604207497,0.5804218575790939,-0.5840693287907628,0.6397977893305012,Usp7
GO_Biological_Process_2018,apoptotic process (GO:0006915),1/55,0.3394066030025392,0.3678598511584407,0.5347353462431031,0.5857010449016742,-0.7419183712566917,0.8016846973441105,mbl
GO_Biological_Process_2018,double-strand break repair (GO:0006302),1/55,0.3394066030025392,0.3678598511584407,0.5347353462431031,0.5857010449016742,-0.8095398733453836,0.8747535490347649,Tctp
GO_Biological_Process_2018,organelle assembly (GO:0070925),2/161,0.3406547195555444,0.3686607129420242,0.6514869291789323,0.6916078251107727,0.1273118882994094,-0.1371003732488302,unc-119;EndoA
GO_Biological_Process_2018,cellular protein localization (GO:0034613),2/164,0.3488276703713957,0.3768961783061853,0.6613549871338973,0.6979898114940841,-0.3045900092736202,0.3207872713598787,Rab3;Cip4
GO_Biological_Process_2018,negative regulation of cell proliferation (GO:0008285),1/57,0.3493057122147104,0.3768961783061853,0.5473228711233723,0.5976798773654926,-0.7311605883343939,0.7690403908400747,Mnn1
GO_Molecular_Function_2018,G-protein coupled receptor binding (GO:0001664),1/50,0.3139995089263412,0.3801046687003078,0.4557948470500324,0.5666638639000404,-1.1391649075004104,1.3195674560157302,Galphao
GO_Biological_Process_2018,embryonic development via the syncytial blastoderm (GO:0001700),2/166,0.3542578071658334,0.3816706136727134,0.6678099242017004,0.7027534667471382,-0.0375127586860607,0.0389281286538074,Eip63E;cdi
KEGG_2019,Galactose metabolism,1/37,0.2433071109219324,0.3823397457344652,0.3456525054335606,0.5431682228241667,-75.6727725369587,106.95822762560536,Hex-A
GO_Biological_Process_2018,negative regulation of translation (GO:0017148),1/61,0.3686640128288095,0.396012975204834,0.5714944429942719,0.6203327986924331,-0.7145305581191519,0.7130083108350027,msi
GO_Biological_Process_2018,branching involved in open tracheal system development (GO:0060446),1/61,0.3686640128288095,0.396012975204834,0.5714944429942719,0.6203327986924331,-0.7330088545787398,0.7314472408374367,aPKC
GO_Biological_Process_2018,intracellular protein transport (GO:0006886),2/173,0.3731348643359858,0.4002216915248203,0.6896311597496577,0.7236129850126843,-0.2195041715666885,0.2163905834981953,Rab3;emb
GO_Biological_Process_2018,sodium ion transport (GO:0006814),1/63,0.3781275307896683,0.4049768229167453,0.5830961856128422,0.6310338391385617,-0.5539199487538957,0.5387003097623336,tipE
GO_Molecular_Function_2018,GTP binding (GO:0005525),1/56,0.3443747157739086,0.4061855621948665,0.4935617425077207,0.5892716548206032,-0.6025284543756823,0.6423103500332541,Galphao
GO_Molecular_Function_2018,purine ribonucleoside binding (GO:0032550),1/56,0.3443747157739086,0.4061855621948665,0.4935617425077207,0.5892716548206032,-0.8890144352411444,0.9477115461310924,Galphao
GO_Molecular_Function_2018,transcription corepressor activity (GO:0003714),1/55,0.3394066030025392,0.4061855621948665,0.4874517822177857,0.5892716548206032,-1.0259991593129525,1.1086500312910228,sbb
GO_Molecular_Function_2018,protein transporter activity (GO:0008565),1/57,0.3493057122147104,0.4085100702172037,0.4995998812609462,0.5892716548206032,-1.079310609651315,1.1352272897735476,emb
GO_Biological_Process_2018,cellular response to nutrient levels (GO:0031669),1/64,0.38280631245324,0.4093822307476304,0.5887798023731082,0.6352855095650228,0.6068862203076636,-0.5827480062679657,EndoA
GO_Molecular_Function_2018,hydrogen ion transmembrane transporter activity (GO:0015078),1/58,0.3541998677251465,0.4107527877821027,0.5055670308178151,0.5912563580750719,-0.3650778879826132,0.3789121228484434,Vha68-1
GO_Biological_Process_2018,negative regulation of cellular protein metabolic process (GO:0032269),1/65,0.3874501253336594,0.4137373019787159,0.5943866425877967,0.640380847073757,-0.3777302525086116,0.3581517936960166,msi
GO_Biological_Process_2018,negative regulation of cellular macromolecule biosynthetic process (GO:2000113),2/179,0.3891391811316807,0.4149289648591117,0.707396069583128,0.73904004960777,0.0906224586008815,-0.0855311264127036,Dsp1;msi
KEGG_2019,Amino sugar and nucleotide sugar metabolism,1/47,0.2982917760006748,0.4154610374750951,0.4152587744135663,0.6228881616203495,-51.69318589090623,62.53237632457989,Hex-A
KEGG_2019,RNA transport,2/147,0.3021534818000692,0.4154610374750951,0.4951896296830739,0.6536503111816576,7.370206483882399,-8.820811797797633,eEF1alpha1;emb
KEGG_2019,Oxidative phosphorylation,2/144,0.2938455136453202,0.4154610374750951,0.4842707610688854,0.6536503111816576,4.913662714539955,-6.01776819805393,UQCR-6.4;Vha68-1
GO_Molecular_Function_2018,guanyl ribonucleotide binding (GO:0032561),1/60,0.363878747608881,0.4184605597502131,0.5172916441910166,0.5998844277173134,-0.5173715316452863,0.5230287709115279,Galphao
GO_Biological_Process_2018,mitotic nuclear division (GO:0140014),1/67,0.3966338810979831,0.4222984263454997,0.6053740900263052,0.6512493925394428,-0.3509539034744641,0.3245416874403044,luna
GO_Biological_Process_2018,positive regulation of intracellular signal transduction (GO:1902533),1/69,0.4056808521446705,0.4312965300333942,0.6160665860150972,0.661768855007315,-0.2109495339552906,0.1903162450837671,jeb
GO_Biological_Process_2018,anterior/posterior axis specification (GO:0009948),1/70,0.4101536769769212,0.4347749079521097,0.6213046871812024,0.6654209963301634,-0.5722049407550228,0.5099624142667958,aPKC
GO_Biological_Process_2018,regulation of cell size (GO:0008361),1/70,0.4101536769769212,0.4347749079521097,0.6213046871812024,0.6654209963301634,-0.6734161764345552,0.6001642325697897,Tctp
GO_Molecular_Function_2018,kinase binding (GO:0019900),1/64,0.38280631245324,0.4365890175086539,0.5399245807202698,0.6157817532181589,-0.8046741809710624,0.7726691741632767,futsch
GO_Biological_Process_2018,regulation of cellular component organization (GO:0051128),1/71,0.4145930622392569,0.4381976307463094,0.6264719763441337,0.6689759747391633,-0.2533286529271533,0.2230451916618856,Cip4
GO_Biological_Process_2018,modification-dependent protein catabolic process (GO:0019941),1/71,0.4145930622392569,0.4381976307463094,0.6264719763441337,0.6689759747391633,1.5050116829118687,-1.3250992944922972,ari-1
KEGG_2019,Glycolysis / Gluconeogenesis,1/54,0.3344010963667676,0.4414094472041332,0.4596455021211536,0.6536503111816576,-64.72762794600801,70.903557552324,Hex-A
GO_Biological_Process_2018,negative regulation of macromolecule metabolic process (GO:0010605),1/73,0.4233725055508866,0.4461742271016622,0.6365978999757931,0.6787877460713906,-0.2445435414212413,0.2101858731681089,numb
GO_Biological_Process_2018,negative regulation of transcription from RNA polymerase II promoter (GO:0000122),2/192,0.4231753711118886,0.4461742271016622,0.7430139657740955,0.7717964292976257,0.0203278652736914,-0.0174813257781429,Dsp1;sbb
GO_Biological_Process_2018,mitotic spindle organization (GO:0007052),1/74,0.4277130547653708,0.4500933890263495,0.6415583937620989,0.6830709957114112,-0.6518452118398117,0.5536139251441974,Wdr62
GO_Molecular_Function_2018,"translation factor activity, RNA binding (GO:0008135)",1/68,0.4011743375229894,0.4537873653948568,0.5615105703595253,0.6351513008984794,-0.2337388180295488,0.2134874973293349,eEF1alpha1
GO_Biological_Process_2018,mitotic sister chromatid segregation (GO:0000070),1/76,0.4362970227133023,0.4584601515884338,0.6512790013784914,0.6916078251107727,-0.4807391750432766,0.3987404664048173,luna
GO_Biological_Process_2018,"RNA splicing, via transesterification reactions with bulged adenosine as nucleophile (GO:0000377)",2/198,0.4385576307943335,0.4601677169494166,0.7581778018684971,0.7864193818807907,0.2907387506788215,-0.2396454997428764,rin;trv
GO_Biological_Process_2018,cilium organization (GO:0044782),1/77,0.4405409218885268,0.4609127564267246,0.6560409014719182,0.6944058664702761,-0.3282997876417264,0.2691243875567265,unc-119
GO_Biological_Process_2018,imaginal disc morphogenesis (GO:0007560),1/77,0.4405409218885268,0.4609127564267246,0.6560409014719182,0.6944058664702761,-0.6476126337440319,0.5308817123590774,dally
GO_Biological_Process_2018,cilium assembly (GO:0060271),1/79,0.4489337382271277,0.4690159112214148,0.665372271300375,0.7012074591287794,-0.4305416424171397,0.344812181305992,unc-119
GO_Biological_Process_2018,cellular response to starvation (GO:0009267),1/80,0.4530831252884313,0.4726688511654529,0.6699434570683164,0.7039754178773021,-0.4192567413132282,0.3319170389435883,EndoA
GO_Molecular_Function_2018,ubiquitin-like protein ligase activity (GO:0061659),1/76,0.4362970227133023,0.4855563639873848,0.6017306362055894,0.6696679660997688,-0.6462500106331484,0.5360204535667029,ari-1
GO_Molecular_Function_2018,"transcriptional activator activity, RNA polymerase II core promoter proximal region sequence-specific binding (GO:0001077)",1/76,0.4362970227133023,0.4855563639873848,0.6017306362055894,0.6696679660997688,-0.7630294838992615,0.6328810883016339,da
GO_Biological_Process_2018,"mRNA splicing, via spliceosome (GO:0000398)",2/211,0.4711058978368122,0.4907635540055425,0.7884239532191166,0.8108223609810232,0.0518910310191137,-0.0390569455098891,rin;trv
KEGG_2019,FoxO signaling pathway,1/65,0.3874501253336594,0.4917636206157984,0.5228601368540222,0.6636301736993357,-25.81749180229143,24.47932336982215,Usp7
GO_Biological_Process_2018,somatic muscle development (GO:0007525),1/85,0.4733690909868196,0.492412675106979,0.6918877017681863,0.724930095629764,-0.4393316958399398,0.3285673340186956,mbl
GO_Molecular_Function_2018,ubiquitin protein ligase activity (GO:0061630),1/79,0.4489337382271277,0.4956228470027491,0.6158560863616339,0.6799051193432439,-0.713388572892205,0.5713386248928782,ari-1
GO_Biological_Process_2018,plasma membrane bounded cell projection assembly (GO:0120031),1/86,0.4773356808157223,0.495826446069703,0.6960998699002242,0.7282894592597721,-0.114704353931067,0.0848279190517053,unc-119
GO_Biological_Process_2018,protein polyubiquitination (GO:0000209),1/90,0.4929074507070227,0.5112679001602929,0.7123855684027594,0.7431803336074896,-0.3118758189828416,0.2206315111337709,ari-1
GO_Biological_Process_2018,negative regulation of cellular process (GO:0048523),1/91,0.4967278365266941,0.5144934959160608,0.716320002677025,0.7462096142995194,-0.1771289301689466,0.123939417861229,Mnn1
GO_Molecular_Function_2018,zinc ion binding (GO:0008270),2/211,0.4711058978368122,0.515973126202223,0.723212732734752,0.7677181316722753,-0.2742816888307263,0.2064442498950566,ari-1;nkd
GO_Biological_Process_2018,"regulation of transcription, DNA-templated (GO:0006355)",5/623,0.5027270721841275,0.5199634289447262,0.9344991195025784,0.9396907812775926,0.2299193094374511,-0.158117315386379,Dsp1;Mnn1;Dp;da;luna
GO_Biological_Process_2018,peptide biosynthetic process (GO:0043043),1/94,0.5080182909482664,0.5246865087682524,0.7278061827162822,0.7570857417910754,-0.0725907686468677,0.0491612143640888,RpS23
GO_Biological_Process_2018,sensory perception (GO:0007600),2/232,0.5212355142404572,0.537570530356255,0.8303351012379732,0.8490997362941985,1.46036713633351,-0.9515070220430816,dpr9;dpr13
KEGG_2019,Autophagy,1/95,0.5117255780158855,0.5427254983377425,0.6609224752268488,0.6972291595449187,3.249530869251253,-2.1770777267087107,Dsp1
KEGG_2019,Peroxisome,1/90,0.4929074507070227,0.5427254983377425,0.640975394621543,0.6972291595449187,7.64260765529646,-5.406639352451219,CG12355
KEGG_2019,MAPK signaling pathway,1/93,0.5042830448626826,0.5427254983377425,0.6530763125378392,0.6972291595449187,1.1403781335675434,-0.7807229085059607,emb
KEGG_2019,Purine metabolism,1/99,0.5262792711153867,0.5427254983377425,0.6761010031950727,0.6972291595449187,14.217076064717952,-9.12627200649928,Pde6
KEGG_2019,mTOR signaling pathway,1/96,0.5154051139955195,0.5427254983377425,0.6647806395177138,0.6972291595449187,1.7832940927921035,-1.18197099549119,Vha68-1
KEGG_2019,Phagosome,1/89,0.4890582587149903,0.5427254983377425,0.6368513837295618,0.6972291595449187,8.821880778716553,-6.310058936154857,Vha68-1
GO_Molecular_Function_2018,core promoter proximal region sequence-specific DNA binding (GO:0000987),1/95,0.5117255780158855,0.5432163828168631,0.6832500118244245,0.7309186173005471,-0.5279556728628878,0.3537127611113123,da
GO_Molecular_Function_2018,purine ribonucleoside triphosphate binding (GO:0035639),1/94,0.5080182909482664,0.5432163828168631,0.6794030653457301,0.7309186173005471,-0.4779334034299729,0.3236745792303065,Galphao
GO_Molecular_Function_2018,RNA polymerase II core promoter proximal region sequence-specific DNA binding (GO:0000978),1/92,0.500519630392568,0.5432163828168631,0.6715704625951713,0.7309186173005471,-0.5286280464631864,0.3658679428504134,da
GO_Molecular_Function_2018,"transcriptional activator activity, RNA polymerase II transcription regulatory region sequence-specific binding (GO:0001228)",1/93,0.5042830448626826,0.5432163828168631,0.6755100633951635,0.7309186173005471,-0.6762307431499811,0.4629594492149482,da
GO_Biological_Process_2018,wing disc development (GO:0035220),1/103,0.5404019773595296,0.5565448529278796,0.75957167747533,0.7867380464837466,-0.2606254997141687,0.1603998824011801,dally
GO_Biological_Process_2018,histone modification (GO:0016570),1/105,0.5473056875370746,0.5628541445693778,0.7661156986441641,0.7923825225976783,0.0012286865968787,-0.000740588129513,Usp7
GO_Biological_Process_2018,negative regulation of apoptotic process (GO:0043066),1/106,0.5507188138182842,0.5655608811410465,0.7693212195274032,0.7934310013359543,-0.0939674213777362,0.0560544723090491,futsch
GO_Biological_Process_2018,dorsal closure (GO:0007391),1/107,0.554106376818351,0.568233734867544,0.7724832081415451,0.7955588089537392,-0.1669455323187599,0.098564407680778,alpha-Cat
GO_Molecular_Function_2018,transition metal ion binding (GO:0046914),2/242,0.5439768060133204,0.5730442689300627,0.7904867233605201,0.8202042693515171,-0.1633218454913645,0.0994382882525837,ari-1;nkd
GO_Biological_Process_2018,protein modification by small protein conjugation (GO:0032446),1/115,0.5803091324530019,0.5942628173917587,0.7962806296987147,0.8177406750381127,-0.2163721605611558,0.1177485030426189,ari-1
GO_Molecular_Function_2018,protein heterodimerization activity (GO:0046982),1/113,0.5739054784997698,0.5999920911588502,0.7452030614506744,0.785023072367886,-0.4279366197037573,0.2376291685486742,da
GO_Biological_Process_2018,regulation of cellular macromolecule biosynthetic process (GO:2000112),2/266,0.5954560514238316,0.6089126853543136,0.8826605492151577,0.8953118127282697,0.1545752061550643,-0.0801360676836061,Dsp1;msi
GO_Biological_Process_2018,defense response to Gram-negative bacterium (GO:0050829),1/122,0.6019782726447234,0.6147140612056132,0.8150695041187516,0.835850313005632,-0.3065305319245991,0.1555746443914484,Vap33
GO_Biological_Process_2018,DNA metabolic process (GO:0006259),1/128,0.619664795957631,0.6318835384131336,0.8298005510173659,0.8490997362941985,-0.357943597395793,0.171303429414317,Top1
GO_Biological_Process_2018,"negative regulation of transcription, DNA-templated (GO:0045892)",2/279,0.6214885616948643,0.6328519249888633,0.8984261734170518,0.9071974191826297,0.0368787458082053,-0.017540924510775,Dsp1;sbb
GO_Biological_Process_2018,sensory perception of smell (GO:0007608),1/130,0.6253850444454618,0.635925241823756,0.8344477091511471,0.8521017509526523,-0.284583551205379,0.1335800321688737,SKIP
GO_Molecular_Function_2018,RNA polymerase II regulatory region DNA binding (GO:0001012),1/127,0.6167722197596978,0.6399591453145737,0.7849814482652424,0.8202042693515171,-0.6491389880635999,0.3136999843295328,da
GO_Biological_Process_2018,negative regulation of nucleic acid-templated transcription (GO:1903507),1/132,0.6310198252067287,0.6407550539266081,0.8389691234158381,0.8555121765536152,0.1447112543623345,-0.0666276660538949,Dsp1
GO_Biological_Process_2018,positive regulation of nucleic acid-templated transcription (GO:1903508),1/135,0.6393145143960728,0.648268499191536,0.8455228256163034,0.8609824553392457,0.0991121680558251,-0.0443386954022438,da
GO_Molecular_Function_2018,"transcription factor activity, RNA polymerase II core promoter proximal region sequence-specific binding (GO:0000982)",1/134,0.636570406944632,0.6555725086444718,0.802507503871194,0.8264629517479462,-0.4620617043771159,0.2086949055248286,da
GO_Molecular_Function_2018,endopeptidase activity (GO:0004175),2/290,0.6425002868705197,0.6567780710231979,0.8667116148953782,0.8859718730041644,-0.1969834880207285,0.0871431343954452,kuz;Usp7
GO_Biological_Process_2018,regulation of apoptotic process (GO:0042981),1/152,0.6829369478535445,0.6915333569873653,0.8779665519002011,0.8927637409771708,-0.0328881068818752,0.0125419696773885,Drep2
GO_Biological_Process_2018,regulation of cell proliferation (GO:0042127),1/155,0.6900716661443269,0.6977819640900735,0.8829456274695919,0.8953118127282697,-0.352789494837341,0.1308707284930438,Mnn1
GO_Biological_Process_2018,gene expression (GO:0010467),1/164,0.7105328956785508,0.716470496478093,0.8967067335405658,0.9067258031890638,-0.2892402028154346,0.0988449565072258,RpS23
GO_Biological_Process_2018,ubiquitin-dependent protein catabolic process (GO:0006511),1/164,0.7105328956785508,0.716470496478093,0.8967067335405658,0.9067258031890638,-0.0095641578944756,0.0032684556361998,ari-1
GO_Biological_Process_2018,protein ubiquitination (GO:0016567),1/168,0.719190536199559,0.7241918612079009,0.902296183907786,0.9098362634390488,0.0688683633553633,-0.0227010066246909,ari-1
KEGG_2019,Ribosome biogenesis in eukaryotes,1/178,0.7397256534712621,0.7397256534712621,0.870531217272066,0.870531217272066,5.776195580107072,-1.7413837615323988,emb
GO_Biological_Process_2018,chitin-based cuticle development (GO:0040003),1/178,0.7397256534712621,0.7438352404349913,0.914992780755805,0.9213557347248996,-0.1278308580878383,0.0385379229996204,sdt
GO_Molecular_Function_2018,RNA polymerase II regulatory region sequence-specific DNA binding (GO:0000977),1/200,0.7798008127494223,0.7912684717604433,0.9118532905396524,0.92277077385887,-0.4166566777531506,0.1036294989983341,da
GO_Molecular_Function_2018,transcription regulatory region sequence-specific DNA binding (GO:0000976),1/204,0.786398565632963,0.792138701148532,0.9160840291207623,0.92277077385887,-0.4170925012786999,0.100223797000983,da
GO_Biological_Process_2018,defense response to bacterium (GO:0042742),1/216,0.8050364428246394,0.8083861090222455,0.9499953055312572,0.9539481292713315,-0.1564840207382979,0.033936334671543,Vap33
GO_Molecular_Function_2018,ubiquitin-protein transferase activity (GO:0004842),1/231,0.8260773788482892,0.8260773788482892,0.9398457598716388,0.9398457598716388,-0.2284714043199853,0.0436533071645653,ari-1
GO_Biological_Process_2018,regulation of nucleic acid-templated transcription (GO:1903506),1/246,0.8448610264040558,0.8472013616572526,0.9671695131222176,0.969848653047764,0.1916782286882884,-0.032313715926256,Dsp1
GO_Biological_Process_2018,positive regulation of transcription from RNA polymerase II promoter (GO:0045944),1/305,0.901117021601459,0.9023633798609352,0.9857172682137332,0.9870806392624384,0.0660959959731182,-0.0068819250228261,da
GO_Biological_Process_2018,"positive regulation of transcription, DNA-templated (GO:0045893)",1/379,0.9439003271105968,0.9439003271105968,0.9950172032591356,0.9950172032591356,-0.0050360791652411,0.0002907565404249,da
