Gene_set,Term,Overlap,P-value,Adjusted P-value,Old P-value,Old Adjusted P-value,Z-score,Combined Score,Genes
GO_Biological_Process_2018,positive regulation of response to wounding (GO:1903036),3/17,3.31645426809e-05,0.0074620221032215,0.0001484881221753,0.0346096680945315,-2.717526108427352,28.02864375443525,Rac2;Imp;Rok
GO_Biological_Process_2018,regulation of multicellular organismal development (GO:2000026),4/48,3.13177854012e-05,0.0074620221032215,0.0001538207470868,0.0346096680945315,-1.9277682059685533,19.99350942847137,robo2;Top1;Yp3;numb
GO_Biological_Process_2018,nervous system development (GO:0007399),6/246,0.0003229070857349,0.0290616377161446,0.0019595755179361,0.1128854722457306,-1.0917409108862597,8.775572766427949,unc-119;fru;Imp;RabX1;numb;stai
GO_Biological_Process_2018,ventral cord development (GO:0007419),4/83,0.0002678680328992,0.0290616377161446,0.0011059644536139,0.1128854722457306,-1.3281540475735598,10.924088442216378,robo2;Galphai;hb;numb
GO_Biological_Process_2018,negative regulation of gene expression (GO:0010629),6/245,0.0003159606300562,0.0290616377161446,0.0019204391293216,0.1128854722457306,-1.0519546105087174,8.478641539038106,foxo;Dsp1;Sxl;hb;Eip78C;numb
GO_Biological_Process_2018,central nervous system development (GO:0007417),5/170,0.0004466448034521,0.0315696960738334,0.0021824244026738,0.1128854722457306,-1.2364859037275449,9.53793930971552,robo2;Galphai;fru;hb;numb
GO_Biological_Process_2018,muscle cell fate specification (GO:0042694),2/9,0.0004910841611485,0.0315696960738334,0.0014649800446641,0.1128854722457306,-3.659716053343205,27.882992476465198,pcs;numb
GO_Biological_Process_2018,negative regulation of cellular macromolecule biosynthetic process (GO:2000113),5/179,0.0005648845193257,0.0317747542120724,0.0027155479284438,0.1128854722457306,-1.4124715896302753,10.563718571065442,foxo;Dsp1;Sxl;hb;Eip78C
GO_Biological_Process_2018,neuron development (GO:0048666),3/49,0.0008243811916893,0.0410644452852473,0.0025585432221246,0.1128854722457306,-1.5407082006574346,10.940380232710146,egh;fru;stai
GO_Biological_Process_2018,positive regulation of wound healing (GO:0090303),2/13,0.0010537194185398,0.0410644452852473,0.0027594226548956,0.1128854722457306,-2.835330005462148,19.437403744249465,Rac2;Rok
GO_Biological_Process_2018,regulation of protein modification process (GO:0031399),2/13,0.0010537194185398,0.0410644452852473,0.0027594226548956,0.1128854722457306,-2.904784724724344,19.91354564577135,CG17124;Rok
GO_Biological_Process_2018,generation of neurons (GO:0048699),3/54,0.0010950518742732,0.0410644452852473,0.0033258337566965,0.1151250146548814,-1.4659426001429172,9.993262601981856,robo2;hb;numb
GO_Biological_Process_2018,regulation of wound healing (GO:0061041),2/14,0.0012263564654131,0.0424508007258403,0.0031430505834019,0.1151250146548814,-3.033482321937361,20.33557888707112,Rac2;Rok
GO_Biological_Process_2018,muscle cell fate commitment (GO:0042693),2/16,0.0016093382735004,0.0482801482050123,0.0039805714279158,0.1279469387544381,-2.8200001955206626,18.138050046691173,pcs;numb
GO_Biological_Process_2018,negative regulation of nucleic acid-templated transcription (GO:1903507),4/132,0.0015339458257426,0.0482801482050123,0.0056176823408907,0.1602835431761267,-1.4028014328444554,9.090029687285178,foxo;Dsp1;hb;Eip78C
KEGG_2019,Oxidative phosphorylation,4/144,0.0021085230673887,0.0484960305499407,0.0085008854048177,0.1399415241345854,-1.4284956754624456,8.802058290735088,UQCR-6.4;CG40472;ND-MNLL;ox
GO_Biological_Process_2018,morphogenesis of an epithelium (GO:0002009),3/66,0.0019562389702714,0.0550192210388834,0.00569897042404,0.1602835431761267,-1.6130315760412195,10.06004490836343,egh;Rac2;Rok
KEGG_2019,Dorso-ventral axis formation,2/28,0.0049240964851297,0.0566271095789924,0.0121688281856161,0.1399415241345854,-48.61247802957895,258.30796697142284,egh;capu
GO_Biological_Process_2018,embryonic heart tube development (GO:0035050),2/24,0.003630359906917,0.0797667199132812,0.0082317565115792,0.2057939127894824,-2.4217912305187257,13.606648731874536,robo2;numb
GO_Biological_Process_2018,"tracheal outgrowth, open tracheal system (GO:0007426)",2/26,0.0042542250620416,0.0797667199132812,0.0095103105251842,0.2082410677767819,-2.321994714112565,12.677725790886718,robo2;Rac2
GO_Biological_Process_2018,Ras protein signal transduction (GO:0007265),3/85,0.0040131225163133,0.0797667199132812,0.0111348337333102,0.2084839876780589,-1.3744044991830155,7.584219196104441,Rac2;RabX1;Rok
GO_Biological_Process_2018,salivary gland development (GO:0007431),3/82,0.0036272441767517,0.0797667199132812,0.0101325411414649,0.2082410677767819,-1.2619105549430394,7.091031391913693,robo2;Rac2;hb
GO_Biological_Process_2018,Rho protein signal transduction (GO:0007266),2/26,0.0042542250620416,0.0797667199132812,0.0095103105251842,0.2082410677767819,-2.083602438197323,11.376141473596864,Rac2;Rok
GO_Biological_Process_2018,actin cytoskeleton reorganization (GO:0031532),2/24,0.003630359906917,0.0797667199132812,0.0082317565115792,0.2057939127894824,-1.9909378197457364,11.18593180902796,Rac2;Rok
GO_Biological_Process_2018,epithelium development (GO:0060429),3/85,0.0040131225163133,0.0797667199132812,0.0111348337333102,0.2084839876780589,-1.051794101948381,5.80399512886353,robo2;Rac2;numb
GO_Biological_Process_2018,"negative regulation of transcription, DNA-templated (GO:0045892)",5/279,0.003972114336317,0.0797667199132812,0.0164452843366944,0.2114393700432138,-1.0235962168830095,5.658907412080745,foxo;Dsp1;MEP-1;hb;Eip78C
GO_Biological_Process_2018,neuroblast fate determination (GO:0007400),2/27,0.0045834542391852,0.0825021763053346,0.0101806744246426,0.2082410677767819,-1.863318135876972,10.034531562817962,hb;numb
GO_Biological_Process_2018,regulation of axonogenesis (GO:0050770),2/29,0.005276063908418,0.0913164907226204,0.0115824437598921,0.2084839876780589,-2.014438377917246,10.564873017185006,Rac2;Rok
GO_Biological_Process_2018,regulation of cytoskeleton organization (GO:0051493),2/33,0.006795444434582,0.0926066085764649,0.0146239158620888,0.2104441989372341,-1.9510952808921087,9.738897611096656,Rok;stai
GO_Biological_Process_2018,asymmetric stem cell division (GO:0098722),2/34,0.0072027362226139,0.0926066085764649,0.0154325745887305,0.2104441989372341,-1.7440860338069817,8.604089679234905,Galphai;numb
GO_Biological_Process_2018,cortical actin cytoskeleton organization (GO:0030866),2/32,0.0063990455749316,0.0926066085764649,0.0138343562953679,0.2104441989372341,-2.1569421427711366,10.896022794657982,Galphai;Rok
GO_Biological_Process_2018,pole plasm oskar mRNA localization (GO:0045451),2/33,0.006795444434582,0.0926066085764649,0.0146239158620888,0.2104441989372341,-2.1699744156795906,10.83143343124689,Pat1;capu
GO_Biological_Process_2018,embryonic organ development (GO:0048568),2/31,0.006013625140228,0.0926066085764649,0.0130641121750355,0.2104441989372341,-2.532502720051085,12.950528873114637,robo2;numb
GO_Biological_Process_2018,stem cell fate determination (GO:0048867),2/32,0.0063990455749316,0.0926066085764649,0.0138343562953679,0.2104441989372341,-1.4988682522981605,7.571692499015172,hb;numb
GO_Biological_Process_2018,asymmetric neuroblast division (GO:0055059),2/34,0.0072027362226139,0.0926066085764649,0.0154325745887305,0.2104441989372341,-1.9087448449943627,9.416400052961128,Galphai;numb
GO_Biological_Process_2018,neuroblast fate commitment (GO:0014017),2/31,0.006013625140228,0.0926066085764649,0.0130641121750355,0.2104441989372341,-2.3560714058366536,12.04830720489488,hb;numb
GO_Biological_Process_2018,negative regulation of transcription from RNA polymerase II promoter (GO:0000122),4/192,0.0058863854716681,0.0926066085764649,0.0195564712493425,0.2174570329074932,-1.1435351421427031,5.8721823364529815,foxo;Dsp1;MEP-1;hb
GO_Biological_Process_2018,female gamete generation (GO:0007292),4/208,0.0077718091331118,0.0945220029702793,0.0252520586661498,0.2174570329074932,-0.9539810069162769,4.6337264457627,Sxl;bel;Top1;capu
GO_Biological_Process_2018,neuroblast division (GO:0055057),2/35,0.0076208359139886,0.0945220029702793,0.0162601178442496,0.2114393700432138,-2.491545934560646,12.150943666768852,Galphai;numb
GO_Biological_Process_2018,glucose homeostasis (GO:0042593),2/36,0.0080496589531805,0.095324908656085,0.0171063326408654,0.2138291580108181,-1.7604619475025085,8.48916854480074,foxo;Hex-A
KEGG_2019,Ribosome,4/240,0.0126483002427139,0.0969703018608071,0.0450623535884316,0.3454780441779762,1.6590263311508398,-7.250330692871464,RpL39;mRpL34;mRpL33;RpL41
GO_Biological_Process_2018,regulation of neuron projection development (GO:0010975),2/37,0.0084891212514657,0.0979513990553735,0.0179710076259129,0.2174570329074932,-2.0613021848555224,9.830287843443555,Rac2;Rok
GO_Biological_Process_2018,oogenesis (GO:0048477),4/216,0.0088480753634913,0.0995408478392779,0.028441212847489,0.2174570329074932,-1.0507447690654854,4.967454019453278,Sxl;bel;Top1;capu
GO_Biological_Process_2018,regulation of cell morphogenesis involved in differentiation (GO:0010769),2/39,0.0093996295980732,0.1031666663203163,0.0197549008517282,0.2174570329074932,-2.1147162006204674,9.869560248478328,Rac2;Rok
GO_Biological_Process_2018,regulation of embryonic development (GO:0045995),2/41,0.0103516975109153,0.1083317181374864,0.021610138960372,0.2174570329074932,-1.6952867257854023,7.74848558183453,Top1;Yp3
GO_Biological_Process_2018,translation (GO:0006412),4/225,0.0101705335862356,0.1083317181374864,0.032306628565072,0.2174570329074932,-1.1132528675954805,5.107894274242148,RpL39;mRpL34;mRpL33;RpL41
GO_Biological_Process_2018,muscle organ development (GO:0007517),2/43,0.0113446688832241,0.1160250226693378,0.0235350888537924,0.2174570329074932,-1.4843661953138882,6.648487094921078,pcs;fru
GO_Biological_Process_2018,myotube differentiation (GO:0014902),2/47,0.0134507338397084,0.1287836218695486,0.0275877169109993,0.2174570329074932,-1.9107913543935715,8.23306800823243,foxo;Rac2
GO_Biological_Process_2018,anterior/posterior pattern specification (GO:0009952),2/46,0.012909402559937,0.1287836218695486,0.0265497126435286,0.2174570329074932,-1.3275067403194116,5.7743879594856775,pcs;hb
GO_Biological_Process_2018,myoblast fusion (GO:0007520),2/47,0.0134507338397084,0.1287836218695486,0.0275877169109993,0.2174570329074932,-1.6890453909695868,7.277626382843616,foxo;Rac2
GO_Biological_Process_2018,regulation of stress fiber assembly (GO:0051492),1/9,0.0332547068401415,0.13716310092267,0.0518112835715701,0.2174570329074932,-2.8830349396167056,9.812579408788814,Rok
GO_Biological_Process_2018,oocyte development (GO:0048599),1/9,0.0332547068401415,0.13716310092267,0.0518112835715701,0.2174570329074932,-2.6706717674871503,9.089788830919304,Rok
GO_Biological_Process_2018,regulation of microtubule-based process (GO:0032886),1/10,0.0368816338036512,0.13716310092267,0.0568459139240357,0.2174570329074932,-3.358555397900872,11.083372464298838,Pat1
GO_Biological_Process_2018,regulation of syncytium formation by plasma membrane fusion (GO:0060142),1/10,0.0368816338036512,0.13716310092267,0.0568459139240357,0.2174570329074932,-3.075521640094601,10.149349294784448,Rok
GO_Biological_Process_2018,nitrogen compound transport (GO:0071705),1/9,0.0332547068401415,0.13716310092267,0.0518112835715701,0.2174570329074932,-2.6261183905450323,8.938148785505092,mnd
GO_Biological_Process_2018,establishment of endothelial barrier (GO:0061028),1/9,0.0332547068401415,0.13716310092267,0.0518112835715701,0.2174570329074932,-3.002370247634022,10.218744165969271,Galphai
GO_Biological_Process_2018,syncytial nuclear migration (GO:0035190),1/8,0.0296143043198252,0.13716310092267,0.0467504211887547,0.2174570329074932,-3.1425812323665463,11.060307671832105,Rok
GO_Biological_Process_2018,female somatic sex determination (GO:0019101),1/7,0.0259603768566062,0.13716310092267,0.0416631934488429,0.2174570329074932,-2.9223592187523453,10.670070843120309,Sxl
GO_Biological_Process_2018,mitochondrial respiratory chain complex III biogenesis (GO:0097033),1/6,0.0222928748867671,0.13716310092267,0.0365494663660818,0.2174570329074932,-3.053129327215083,11.612541257315648,ox
GO_Biological_Process_2018,regulation of triglyceride catabolic process (GO:0010896),1/10,0.0368816338036512,0.13716310092267,0.0568459139240357,0.2174570329074932,-3.508661930460399,11.5787302632863,foxo
GO_Biological_Process_2018,ganglion mother cell fate determination (GO:0007402),1/10,0.0368816338036512,0.13716310092267,0.0568459139240357,0.2174570329074932,-2.8511456787376988,9.408899292587677,hb
GO_Biological_Process_2018,glycogen metabolic process (GO:0005977),1/10,0.0368816338036512,0.13716310092267,0.0568459139240357,0.2174570329074932,-3.452514438327276,11.393441204592603,foxo
GO_Biological_Process_2018,positive regulation of actin filament bundle assembly (GO:0032233),1/8,0.0296143043198252,0.13716310092267,0.0467504211887547,0.2174570329074932,-2.8498279317639086,10.029963080175785,Rok
GO_Biological_Process_2018,negative regulation of peptidyl-tyrosine phosphorylation (GO:0050732),1/6,0.0222928748867671,0.13716310092267,0.0365494663660818,0.2174570329074932,-3.439974084496533,13.08390071269932,pcs
GO_Biological_Process_2018,entry into reproductive diapause (GO:0055116),1/8,0.0296143043198252,0.13716310092267,0.0467504211887547,0.2174570329074932,-3.582640367844982,12.609094822363982,foxo
GO_Biological_Process_2018,positive regulation of triglyceride metabolic process (GO:0090208),1/8,0.0296143043198252,0.13716310092267,0.0467504211887547,0.2174570329074932,-3.6933946854829434,12.998894397453146,foxo
GO_Biological_Process_2018,positive regulation of feeding behavior (GO:2000253),1/9,0.0332547068401415,0.13716310092267,0.0518112835715701,0.2174570329074932,-3.9265108412099816,13.364111166119097,foxo
GO_Biological_Process_2018,cellular glucose homeostasis (GO:0001678),1/6,0.0222928748867671,0.13716310092267,0.0365494663660818,0.2174570329074932,-3.5324375321891006,13.435584341542844,Hex-A
GO_Biological_Process_2018,DNA topological change (GO:0006265),1/7,0.0259603768566062,0.13716310092267,0.0416631934488429,0.2174570329074932,-3.4265049732256414,12.510799690200578,Top1
GO_Biological_Process_2018,negative regulation of multi-organism process (GO:0043901),1/9,0.0332547068401415,0.13716310092267,0.0518112835715701,0.2174570329074932,-3.7675678439389313,12.823139303183424,Dsp1
GO_Biological_Process_2018,muscle organ morphogenesis (GO:0048644),1/8,0.0296143043198252,0.13716310092267,0.0467504211887547,0.2174570329074932,-3.6572686808407,12.871749004302451,pcs
GO_Biological_Process_2018,L-alpha-amino acid transmembrane transport (GO:1902475),1/7,0.0259603768566062,0.13716310092267,0.0416631934488429,0.2174570329074932,-3.4115571255817203,12.4562223499854,mnd
GO_Biological_Process_2018,instar larval development (GO:0002168),2/57,0.0193871607232015,0.13716310092267,0.0388296827154327,0.2174570329074932,-1.4979584924058351,5.906666416672407,bel;Top1
GO_Biological_Process_2018,negative regulation of lipid storage (GO:0010888),1/10,0.0368816338036512,0.13716310092267,0.0568459139240357,0.2174570329074932,-3.883659043220905,12.816236328054222,foxo
GO_Biological_Process_2018,negative regulation of response to biotic stimulus (GO:0002832),1/9,0.0332547068401415,0.13716310092267,0.0518112835715701,0.2174570329074932,-3.6108560932153018,12.289761619432433,Dsp1
GO_Biological_Process_2018,open tracheal system development (GO:0007424),3/155,0.0205340355051247,0.13716310092267,0.0507655988353007,0.2174570329074932,-1.1417627337196783,4.436514915338175,robo2;Rac2;hb
GO_Biological_Process_2018,mitochondrial ATP synthesis coupled electron transport (GO:0042775),2/72,0.029952911735318,0.13716310092267,0.0583369737301386,0.2174570329074932,-1.2239723174268051,4.293852462834851,ND-MNLL;ox
GO_Biological_Process_2018,peripheral nervous system development (GO:0007422),2/79,0.0355067826049589,0.13716310092267,0.068387082590515,0.2182917655463942,-1.270050145465141,4.239467444792977,RabX1;numb
GO_Biological_Process_2018,lamellipodium assembly (GO:0030032),1/8,0.0296143043198252,0.13716310092267,0.0467504211887547,0.2174570329074932,-3.3439668125444566,11.769083774259451,Rac2
GO_Biological_Process_2018,Malpighian tubule tip cell differentiation (GO:0061382),1/10,0.0368816338036512,0.13716310092267,0.0568459139240357,0.2174570329074932,-3.627916999184991,11.972276948791718,numb
GO_Biological_Process_2018,energy reserve metabolic process (GO:0006112),1/6,0.0222928748867671,0.13716310092267,0.0365494663660818,0.2174570329074932,-4.701169117367772,17.88084109193242,foxo
GO_Biological_Process_2018,negative regulation of antimicrobial humoral response (GO:0008348),1/7,0.0259603768566062,0.13716310092267,0.0416631934488429,0.2174570329074932,-5.192972189886135,18.960496299320383,Dsp1
GO_Biological_Process_2018,negative regulation of humoral immune response (GO:0002921),1/7,0.0259603768566062,0.13716310092267,0.0416631934488429,0.2174570329074932,-4.830900997145367,17.638507800436788,Dsp1
GO_Biological_Process_2018,cellular glucan metabolic process (GO:0006073),1/6,0.0222928748867671,0.13716310092267,0.0365494663660818,0.2174570329074932,-4.635833893175526,17.632339340065766,foxo
GO_Biological_Process_2018,negative regulation of response to wounding (GO:1903035),1/7,0.0259603768566062,0.13716310092267,0.0416631934488429,0.2174570329074932,-4.492205575950432,16.401868541580264,Rok
GO_Biological_Process_2018,circadian sleep/wake cycle (GO:0042745),1/6,0.0222928748867671,0.13716310092267,0.0365494663660818,0.2174570329074932,-4.258367000362555,16.196648481185687,ITP
GO_Biological_Process_2018,regulation of response to wounding (GO:1903034),1/6,0.0222928748867671,0.13716310092267,0.0365494663660818,0.2174570329074932,-4.500576899883659,17.117890967066455,Rok
GO_Biological_Process_2018,positive regulation of triglyceride catabolic process (GO:0010898),1/6,0.0222928748867671,0.13716310092267,0.0365494663660818,0.2174570329074932,-4.428280848315325,16.84291379066755,foxo
GO_Biological_Process_2018,copulation (GO:0007620),1/7,0.0259603768566062,0.13716310092267,0.0416631934488429,0.2174570329074932,-4.283276248546231,15.639029151301589,fru
GO_Biological_Process_2018,positive regulation of lipid catabolic process (GO:0050996),1/6,0.0222928748867671,0.13716310092267,0.0365494663660818,0.2174570329074932,-4.170751791292867,15.863405070557503,foxo
GO_Biological_Process_2018,mitochondrial respiratory chain complex III assembly (GO:0034551),1/6,0.0222928748867671,0.13716310092267,0.0365494663660818,0.2174570329074932,-3.1594674839522323,12.016997177780512,ox
GO_Biological_Process_2018,peripheral nervous system neuron differentiation (GO:0048934),1/9,0.0332547068401415,0.13716310092267,0.0518112835715701,0.2174570329074932,-3.553557488350153,12.094742439287902,egh
GO_Biological_Process_2018,lamellipodium organization (GO:0097581),1/8,0.0296143043198252,0.13716310092267,0.0467504211887547,0.2174570329074932,-3.313365817884498,11.661383641477729,Rac2
GO_Biological_Process_2018,respiratory chain complex III assembly (GO:0017062),1/6,0.0222928748867671,0.13716310092267,0.0365494663660818,0.2174570329074932,-3.0600300316960203,11.638788005127845,ox
GO_Biological_Process_2018,cardioblast cell fate commitment (GO:0042684),1/8,0.0296143043198252,0.13716310092267,0.0467504211887547,0.2174570329074932,-3.442698301126615,12.116569029173393,robo2
GO_Biological_Process_2018,negative regulation of protein tyrosine kinase activity (GO:0061099),1/7,0.0259603768566062,0.13716310092267,0.0416631934488429,0.2174570329074932,-3.326499100724972,12.145659861577531,pcs
GO_Biological_Process_2018,respiratory electron transport chain (GO:0022904),2/77,0.0338817887369586,0.13716310092267,0.065459467380812,0.2179467670490454,-1.1311648866906303,3.8288547030884814,ND-MNLL;ox
GO_Biological_Process_2018,regulation of DNA binding (GO:0051101),1/10,0.0368816338036512,0.13716310092267,0.0568459139240357,0.2174570329074932,-1.2097069951875203,3.992083384633448,Dsp1
GO_Biological_Process_2018,regulation of actin filament bundle assembly (GO:0032231),1/8,0.0296143043198252,0.13716310092267,0.0467504211887547,0.2174570329074932,-1.291675699878024,4.54604975863156,Rok
GO_Biological_Process_2018,DNA conformation change (GO:0071103),1/7,0.0259603768566062,0.13716310092267,0.0416631934488429,0.2174570329074932,-3.37184617210171,12.311230357159664,Top1
GO_Biological_Process_2018,mitotic sister chromatid segregation (GO:0000070),2/76,0.0330806100145388,0.13716310092267,0.0640121994322098,0.2179467670490454,-1.2252467470129529,4.176630874488711,bel;Rok
GO_Biological_Process_2018,chromatin remodeling (GO:0006338),2/73,0.0307231487859534,0.13716310092267,0.0597383924877991,0.2174570329074932,-1.3313426068769971,4.636718654795056,Dsp1;Top1
GO_Biological_Process_2018,regulation of developmental growth (GO:0048638),2/76,0.0330806100145388,0.13716310092267,0.0640121994322098,0.2179467670490454,-1.0217608574851451,3.4829865528069046,foxo;Rok
GO_Biological_Process_2018,cellular macromolecule biosynthetic process (GO:0034645),3/166,0.0245333328899566,0.13716310092267,0.0597866830982446,0.2174570329074932,-1.279178496251708,4.742838968803772,mRpL33;Top1;RpL41
GO_Biological_Process_2018,positive regulation of stress fiber assembly (GO:0051496),1/6,0.0222928748867671,0.13716310092267,0.0365494663660818,0.2174570329074932,-3.741234938469757,14.22974280487472,Rok
GO_Biological_Process_2018,glycosphingolipid biosynthetic process (GO:0006688),1/9,0.0332547068401415,0.13716310092267,0.0518112835715701,0.2174570329074932,-4.236057104351895,14.417670124436016,egh
GO_Biological_Process_2018,"primary sex determination, germ-line (GO:0007542)",1/7,0.0259603768566062,0.13716310092267,0.0416631934488429,0.2174570329074932,-3.116669475910152,11.379533319914614,Sxl
GO_Biological_Process_2018,microtubule depolymerization (GO:0007019),1/7,0.0259603768566062,0.13716310092267,0.0416631934488429,0.2174570329074932,-4.275354772882807,15.610106387129266,stai
GO_Biological_Process_2018,regulation of microtubule-based movement (GO:0060632),1/7,0.0259603768566062,0.13716310092267,0.0416631934488429,0.2174570329074932,-4.065229180699549,14.842899214184532,Pat1
GO_Biological_Process_2018,positive regulation of response to external stimulus (GO:0032103),1/8,0.0296143043198252,0.13716310092267,0.0467504211887547,0.2174570329074932,-4.189994901782078,14.746677756431142,Imp
GO_Biological_Process_2018,female germ-line sex determination (GO:0019099),1/6,0.0222928748867671,0.13716310092267,0.0365494663660818,0.2174570329074932,-3.2242659359491865,12.26345732295595,Sxl
GO_Biological_Process_2018,"mating behavior, sex discrimination (GO:0048047)",1/10,0.0368816338036512,0.13716310092267,0.0568459139240357,0.2174570329074932,-3.722842390391333,12.28553468684086,fru
GO_Biological_Process_2018,glycosphingolipid metabolic process (GO:0006687),1/9,0.0332547068401415,0.13716310092267,0.0518112835715701,0.2174570329074932,-3.8142768013713697,12.982115993895494,egh
GO_Biological_Process_2018,negative regulation of Notch signaling pathway (GO:0045746),2/53,0.0169006186075926,0.13716310092267,0.0341500973135548,0.2174570329074932,-1.794469968167174,7.322164326864298,foxo;numb
GO_Biological_Process_2018,negative regulation of protein kinase activity (GO:0006469),1/10,0.0368816338036512,0.13716310092267,0.0568459139240357,0.2174570329074932,-2.3958677139981046,7.906463078151361,pcs
GO_Biological_Process_2018,regulation of cytokinetic process (GO:0032954),1/6,0.0222928748867671,0.13716310092267,0.0365494663660818,0.2174570329074932,-3.664590474530185,13.938226493492335,Rok
GO_Biological_Process_2018,neuron migration (GO:0001764),1/7,0.0259603768566062,0.13716310092267,0.0416631934488429,0.2174570329074932,-3.884368513129742,14.182543661957874,robo2
GO_Biological_Process_2018,regulation of phosphate metabolic process (GO:0019220),1/10,0.0368816338036512,0.13716310092267,0.0568459139240357,0.2174570329074932,-3.1301017948571133,10.329466074984076,Rok
GO_Biological_Process_2018,mitotic spindle elongation (GO:0000022),1/10,0.0368816338036512,0.13716310092267,0.0568459139240357,0.2174570329074932,-3.1577657009976483,10.420758115533587,Rok
GO_Biological_Process_2018,negative regulation of RNA splicing (GO:0033119),1/9,0.0332547068401415,0.13716310092267,0.0518112835715701,0.2174570329074932,-3.251438328413865,11.066462064654106,Sxl
GO_Biological_Process_2018,regulation of myotube differentiation (GO:0010830),1/10,0.0368816338036512,0.13716310092267,0.0568459139240357,0.2174570329074932,-3.0790108356742416,10.1608637852806,Rok
GO_Biological_Process_2018,regulation of axon regeneration (GO:0048679),1/7,0.0259603768566062,0.13716310092267,0.0416631934488429,0.2174570329074932,-3.994053605333929,14.58302410144078,Imp
GO_Biological_Process_2018,negative regulation of lipid localization (GO:1905953),1/8,0.0296143043198252,0.13716310092267,0.0467504211887547,0.2174570329074932,-4.359076691167767,15.34176073886891,foxo
GO_Biological_Process_2018,negative regulation of mRNA processing (GO:0050686),1/6,0.0222928748867671,0.13716310092267,0.0365494663660818,0.2174570329074932,-3.98194071611289,15.145264380996354,Sxl
GO_Biological_Process_2018,peripheral nervous system neuron development (GO:0048935),1/11,0.0404951344290502,0.1380515946444893,0.0618544449159092,0.2174570329074932,-3.3478125474367557,10.73500682898588,egh
GO_Biological_Process_2018,regulation of myoblast fusion (GO:1901739),1/11,0.0404951344290502,0.1380515946444893,0.0618544449159092,0.2174570329074932,-3.2106242740361943,10.295102553897545,Rok
GO_Biological_Process_2018,negative regulation of multicellular organism growth (GO:0040015),1/11,0.0404951344290502,0.1380515946444893,0.0618544449159092,0.2174570329074932,-4.6086338475037065,14.77792293452248,foxo
GO_Biological_Process_2018,trunk segmentation (GO:0035290),1/11,0.0404951344290502,0.1380515946444893,0.0618544449159092,0.2174570329074932,-2.715346966484357,8.706959489292114,hb
GO_Biological_Process_2018,long-chain fatty acid metabolic process (GO:0001676),1/11,0.0404951344290502,0.1380515946444893,0.0618544449159092,0.2174570329074932,-2.7272094373140257,8.744997373301672,CG3961
GO_Biological_Process_2018,adherens junction maintenance (GO:0034334),1/11,0.0404951344290502,0.1380515946444893,0.0618544449159092,0.2174570329074932,-2.735677135356545,8.77214966902439,Rac2
GO_Biological_Process_2018,morphogenesis of follicular epithelium (GO:0016333),1/11,0.0404951344290502,0.1380515946444893,0.0618544449159092,0.2174570329074932,-2.890277718212822,9.26788779331036,egh
GO_Biological_Process_2018,positive regulation of JAK-STAT cascade (GO:0046427),1/11,0.0404951344290502,0.1380515946444893,0.0618544449159092,0.2174570329074932,-2.398017117341862,7.689418020253188,Imp
GO_Biological_Process_2018,pericardial nephrocyte differentiation (GO:0061320),1/11,0.0404951344290502,0.1380515946444893,0.0618544449159092,0.2174570329074932,-2.500120406497964,8.016819716382168,numb
GO_Biological_Process_2018,sensory organ precursor cell division (GO:0045035),1/11,0.0404951344290502,0.1380515946444893,0.0618544449159092,0.2174570329074932,-3.126668476556904,10.025892122757009,numb
GO_Biological_Process_2018,positive regulation of STAT cascade (GO:1904894),1/11,0.0404951344290502,0.1380515946444893,0.0618544449159092,0.2174570329074932,-2.3685476239601435,7.594921925200998,Imp
GO_Biological_Process_2018,plasma membrane bounded cell projection assembly (GO:0120031),2/86,0.041425054547687,0.1401599589959335,0.07896540203891,0.2226278340709795,-1.271593760531959,4.048588461975323,unc-119;Rac2
GO_Biological_Process_2018,apical constriction involved in gastrulation (GO:0003384),1/12,0.0440952577404049,0.1407295459800158,0.0668370085617072,0.2179467670490454,-3.334846823239863,10.409401000465806,Rok
GO_Biological_Process_2018,epithelial cell morphogenesis involved in gastrulation (GO:0003381),1/12,0.0440952577404049,0.1407295459800158,0.0668370085617072,0.2179467670490454,-3.0652729226022224,9.567952208442804,Rok
GO_Biological_Process_2018,regulation of lipid metabolic process (GO:0019216),1/12,0.0440952577404049,0.1407295459800158,0.0668370085617072,0.2179467670490454,-3.323764096555303,10.374807343739448,foxo
GO_Biological_Process_2018,positive regulation of cell-cell adhesion (GO:0022409),1/12,0.0440952577404049,0.1407295459800158,0.0668370085617072,0.2179467670490454,-1.312583051144809,4.097100721557937,robo2
GO_Biological_Process_2018,regulation of RNA polymerase II transcriptional preinitiation complex assembly (GO:0045898),1/12,0.0440952577404049,0.1407295459800158,0.0668370085617072,0.2179467670490454,-1.425768759200159,4.450398934375147,Dsp1
GO_Biological_Process_2018,heart development (GO:0007507),2/87,0.0422989679893452,0.1407295459800158,0.0805167615912543,0.2226278340709795,-1.107898559311303,3.504274934285189,robo2;numb
GO_Biological_Process_2018,"dorsal closure, elongation of leading edge cells (GO:0007394)",1/12,0.0440952577404049,0.1407295459800158,0.0668370085617072,0.2179467670490454,-2.913128780123892,9.093049020118752,Rac2
GO_Biological_Process_2018,"regulation of epithelial cell migration, open tracheal system (GO:2000274)",1/12,0.0440952577404049,0.1407295459800158,0.0668370085617072,0.2179467670490454,-2.5597415673893944,7.989985101213919,robo2
GO_Biological_Process_2018,"regulation of development, heterochronic (GO:0040034)",1/13,0.0476820526034388,0.1420324524846263,0.0717937362241474,0.2182917655463942,-2.440152864531905,7.425873703877455,hb
GO_Biological_Process_2018,microtubule polymerization or depolymerization (GO:0031109),1/13,0.0476820526034388,0.1420324524846263,0.0717937362241474,0.2182917655463942,-2.808596015622478,8.547119977758776,stai
GO_Biological_Process_2018,protein depolymerization (GO:0051261),1/13,0.0476820526034388,0.1420324524846263,0.0717937362241474,0.2182917655463942,-2.69663524562647,8.206400939265786,stai
GO_Biological_Process_2018,positive regulation of cell cycle process (GO:0090068),1/13,0.0476820526034388,0.1420324524846263,0.0717937362241474,0.2182917655463942,-3.0584056501098424,9.307340709286926,foxo
GO_Biological_Process_2018,negative regulation of response to external stimulus (GO:0032102),1/13,0.0476820526034388,0.1420324524846263,0.0717937362241474,0.2182917655463942,-3.009539687902773,9.158631802954636,Dsp1
GO_Biological_Process_2018,regulation of epithelial cell migration (GO:0010632),1/13,0.0476820526034388,0.1420324524846263,0.0717937362241474,0.2182917655463942,-2.3787554832747686,7.23902918049069,robo2
GO_Biological_Process_2018,mitochondrial translation (GO:0032543),2/94,0.048606661516961,0.1420324524846263,0.0916377490712422,0.2253387272243662,-1.016378256691847,3.073522450473257,mRpL34;mRpL33
GO_Biological_Process_2018,mitochondrial gene expression (GO:0140053),2/94,0.048606661516961,0.1420324524846263,0.0916377490712422,0.2253387272243662,-1.102205713567004,3.33306422425286,mRpL34;mRpL33
GO_Biological_Process_2018,transmembrane receptor protein tyrosine kinase signaling pathway (GO:0007169),2/93,0.0476856054887759,0.1420324524846263,0.090021980050277,0.2253387272243662,-1.5425568055837686,4.694194256242613,foxo;hb
GO_Biological_Process_2018,peptide biosynthetic process (GO:0043043),2/94,0.048606661516961,0.1420324524846263,0.0916377490712422,0.2253387272243662,-1.1909445343090754,3.601409946904392,mRpL33;RpL41
GO_Biological_Process_2018,cell junction maintenance (GO:0034331),1/13,0.0476820526034388,0.1420324524846263,0.0717937362241474,0.2182917655463942,-2.284941323430393,6.9535339097780735,Rac2
GO_Biological_Process_2018,regulation of supramolecular fiber organization (GO:1902903),1/13,0.0476820526034388,0.1420324524846263,0.0717937362241474,0.2182917655463942,-2.279437843174488,6.936785717520874,Rok
GO_Biological_Process_2018,carboxylic acid transport (GO:0046942),1/13,0.0476820526034388,0.1420324524846263,0.0717937362241474,0.2182917655463942,-2.6994593862530603,8.214995364606867,mnd
GO_Molecular_Function_2018,hexokinase activity (GO:0004396),1/9,0.0332547068401415,0.1437178770798384,0.0523395981574002,0.2200555765697433,-3.136227978780143,10.674336846551297,Hex-A
GO_Molecular_Function_2018,mRNA 5'-UTR binding (GO:0048027),1/7,0.0259603768566062,0.1437178770798384,0.0420886347524608,0.2200555765697433,-4.479651870674811,16.356032655363745,Sxl
GO_Molecular_Function_2018,mRNA 3'-UTR binding (GO:0003730),2/38,0.0089391391869279,0.1437178770798384,0.0191087332456821,0.2200555765697433,-1.9651636566331956,9.270297925169386,Sxl;Imp
GO_Molecular_Function_2018,poly(A) binding (GO:0008143),1/9,0.0332547068401415,0.1437178770798384,0.0523395981574002,0.2200555765697433,-3.6380787129183454,12.382415410713538,Sxl
GO_Molecular_Function_2018,long-chain fatty acid-CoA ligase activity (GO:0004467),1/7,0.0259603768566062,0.1437178770798384,0.0420886347524608,0.2200555765697433,-3.5226203278174064,12.861734522586996,CG3961
GO_Molecular_Function_2018,oligosaccharyl transferase activity (GO:0004576),1/7,0.0259603768566062,0.1437178770798384,0.0420886347524608,0.2200555765697433,-3.771362526187268,13.76993802517113,CG33774
GO_Molecular_Function_2018,"oxidoreductase activity, acting on diphenols and related substances as donors, cytochrome as acceptor (GO:0016681)",1/11,0.0404951344290502,0.1437178770798384,0.0624842547462095,0.2200555765697433,-2.300677762074252,7.377292228046893,ox
GO_Molecular_Function_2018,leak channel activity (GO:0022840),1/12,0.0440952577404049,0.1437178770798384,0.0675170519020803,0.2200555765697433,-2.48363397060364,7.752422617502894,CG42594
GO_Molecular_Function_2018,GTPase activity (GO:0003924),3/107,0.0076050347720946,0.1437178770798384,0.0204574772360504,0.2200555765697433,-1.1582820666702434,5.651194244122648,Galphai;Rac2;RabX1
GO_Molecular_Function_2018,microtubule binding (GO:0008017),3/111,0.0084089242504797,0.1437178770798384,0.0224676754708397,0.2200555765697433,-1.336162948158062,6.384803507900719,apolpp;capu;stai
GO_Molecular_Function_2018,ubiquinol-cytochrome-c reductase activity (GO:0008121),1/11,0.0404951344290502,0.1437178770798384,0.0624842547462095,0.2200555765697433,-1.8864921739082705,6.049175717809892,ox
GO_Molecular_Function_2018,potassium ion leak channel activity (GO:0022841),1/12,0.0440952577404049,0.1437178770798384,0.0675170519020803,0.2200555765697433,-2.7220431823197786,8.49659385489341,CG42594
GO_Molecular_Function_2018,hormone activity (GO:0005179),2/43,0.0113446688832241,0.1437178770798384,0.0238547989277852,0.2200555765697433,-1.9430439114815483,8.702907955686978,Neb-cGP;ITP
GO_Molecular_Function_2018,protein phosphatase inhibitor activity (GO:0004864),1/12,0.0440952577404049,0.1437178770798384,0.0675170519020803,0.2200555765697433,-2.622848765841677,8.18696810209058,CG17124
GO_Molecular_Function_2018,AMPA glutamate receptor activity (GO:0004971),1/12,0.0440952577404049,0.1437178770798384,0.0675170519020803,0.2200555765697433,-2.942242046926077,9.183923259518773,GluRIA
GO_Molecular_Function_2018,GTPase binding (GO:0051020),1/11,0.0404951344290502,0.1437178770798384,0.0624842547462095,0.2200555765697433,-2.6104621757721205,8.370638704123099,Rok
GO_Molecular_Function_2018,poly(U) RNA binding (GO:0008266),1/12,0.0440952577404049,0.1437178770798384,0.0675170519020803,0.2200555765697433,-1.599403949586322,4.992384344897191,Sxl
GO_Molecular_Function_2018,dolichyl-diphosphooligosaccharide-protein glycotransferase activity (GO:0004579),1/7,0.0259603768566062,0.1437178770798384,0.0420886347524608,0.2200555765697433,-4.459090803598957,16.28096041889749,CG33774
GO_Molecular_Function_2018,G-protein beta/gamma-subunit complex binding (GO:0031683),1/11,0.0404951344290502,0.1437178770798384,0.0624842547462095,0.2200555765697433,-1.985226854509523,6.365775723184659,Galphai
GO_Molecular_Function_2018,tubulin binding (GO:0015631),3/120,0.0103947792522589,0.1437178770798384,0.0273749401457044,0.2200555765697433,-2.072889105294637,9.465747758750249,apolpp;capu;stai
GO_Molecular_Function_2018,potassium channel activity (GO:0005267),2/33,0.006795444434582,0.1437178770798384,0.0148204850855742,0.2200555765697433,-2.0496067024190503,10.23061765017942,CG42594;GluRIA
GO_Molecular_Function_2018,poly-purine tract binding (GO:0070717),1/10,0.0368816338036512,0.1437178770798384,0.0574251478574352,0.2200555765697433,-3.6883061417753065,12.171563630365124,Sxl
GO_Molecular_Function_2018,kinase inhibitor activity (GO:0019210),1/6,0.0222928748867671,0.1437178770798384,0.0369229516234162,0.2200555765697433,-3.0114893723812086,11.454164181981538,pcs
GO_Molecular_Function_2018,nucleosome-dependent ATPase activity (GO:0070615),1/11,0.0404951344290502,0.1437178770798384,0.0624842547462095,0.2200555765697433,-2.421446444803302,7.76454587963399,MEP-1
GO_Molecular_Function_2018,fructokinase activity (GO:0008865),1/9,0.0332547068401415,0.1437178770798384,0.0523395981574002,0.2200555765697433,-3.116729970280031,10.607974224964051,Hex-A
GO_Molecular_Function_2018,kainate selective glutamate receptor activity (GO:0015277),1/10,0.0368816338036512,0.1437178770798384,0.0574251478574352,0.2200555765697433,-3.2829657671708112,10.833923539816697,GluRIA
GO_Molecular_Function_2018,protein kinase inhibitor activity (GO:0004860),1/7,0.0259603768566062,0.1437178770798384,0.0420886347524608,0.2200555765697433,-2.9546184714364725,10.78785530619282,pcs
GO_Biological_Process_2018,regulation of neurotransmitter transport (GO:0051588),1/14,0.0512555676910553,0.1441562841310932,0.0767247586224331,0.2226278340709795,-2.6778425239708743,7.955685445214061,Frq2
GO_Biological_Process_2018,initiation of dorsal closure (GO:0007392),1/14,0.0512555676910553,0.1441562841310932,0.0767247586224331,0.2226278340709795,-2.44506076818321,7.264106903961709,Rac2
GO_Biological_Process_2018,nephrocyte differentiation (GO:0061319),1/14,0.0512555676910553,0.1441562841310932,0.0767247586224331,0.2226278340709795,-1.984649122539134,5.896255659809359,numb
GO_Biological_Process_2018,positive regulation of cell adhesion (GO:0045785),1/14,0.0512555676910553,0.1441562841310932,0.0767247586224331,0.2226278340709795,-2.621698845610535,7.788886449091692,robo2
GO_Biological_Process_2018,ecdysone biosynthetic process (GO:0006697),1/14,0.0512555676910553,0.1441562841310932,0.0767247586224331,0.2226278340709795,-2.9022145028067063,8.62227911917333,foxo
GO_Biological_Process_2018,regulation of protein dephosphorylation (GO:0035304),1/14,0.0512555676910553,0.1441562841310932,0.0767247586224331,0.2226278340709795,-1.463562948277034,4.348144575916377,CG17124
GO_Biological_Process_2018,regulation of cell-cell adhesion (GO:0022407),1/15,0.0548158515070049,0.1459593679180604,0.0816302058260258,0.2226278340709795,-2.5109830745844,7.291332051358621,robo2
GO_Biological_Process_2018,negative regulation of cell growth (GO:0030308),1/15,0.0548158515070049,0.1459593679180604,0.0816302058260258,0.2226278340709795,-2.948856726464014,8.562818993947316,foxo
GO_Biological_Process_2018,actin nucleation (GO:0045010),1/15,0.0548158515070049,0.1459593679180604,0.0816302058260258,0.2226278340709795,-2.398128399759833,6.963627370262667,capu
GO_Biological_Process_2018,salivary gland boundary specification (GO:0007432),1/15,0.0548158515070049,0.1459593679180604,0.0816302058260258,0.2226278340709795,-2.487360336694546,7.222736915190431,robo2
GO_Biological_Process_2018,stabilization of membrane potential (GO:0030322),1/15,0.0548158515070049,0.1459593679180604,0.0816302058260258,0.2226278340709795,-2.760858786759788,8.016915113817943,CG42594
GO_Biological_Process_2018,posterior head segmentation (GO:0035289),1/15,0.0548158515070049,0.1459593679180604,0.0816302058260258,0.2226278340709795,-2.61250276035577,7.586122464803029,hb
GO_Biological_Process_2018,regulation of primary metabolic process (GO:0080090),1/15,0.0548158515070049,0.1459593679180604,0.0816302058260258,0.2226278340709795,-2.7793818106334918,8.070701823503656,foxo
GO_Biological_Process_2018,cellular response to amino acid starvation (GO:0034198),1/15,0.0548158515070049,0.1459593679180604,0.0816302058260258,0.2226278340709795,-2.797224132127372,8.122511926047062,foxo
GO_Biological_Process_2018,establishment of spindle localization (GO:0051293),1/15,0.0548158515070049,0.1459593679180604,0.0816302058260258,0.2226278340709795,-2.299506337203587,6.677251005178458,Galphai
GO_Biological_Process_2018,male mating behavior (GO:0060179),2/101,0.0552324229697577,0.1462034725670059,0.103183320093187,0.237501188782764,-1.0588299248465691,3.066588655367418,egh;fru
GO_Biological_Process_2018,ecdysone-mediated induction of salivary gland cell autophagic cell death (GO:0035072),1/16,0.058362952395118,0.1489498038613228,0.0865102072611876,0.2253387272243662,-2.379508779962701,6.760360449585267,bel
GO_Biological_Process_2018,ecdysone metabolic process (GO:0008205),1/16,0.058362952395118,0.1489498038613228,0.0865102072611876,0.2253387272243662,-2.690914326746663,7.645086641809181,foxo
GO_Biological_Process_2018,leg disc development (GO:0035218),1/17,0.061896918493483,0.1489498038613228,0.0913648917240269,0.2253387272243662,-2.7654728026720883,7.694333171956533,Dsp1
GO_Biological_Process_2018,"mitochondrial electron transport, ubiquinol to cytochrome c (GO:0006122)",1/16,0.058362952395118,0.1489498038613228,0.0865102072611876,0.2253387272243662,-2.7628488976269834,7.84945807848227,ox
GO_Biological_Process_2018,"negative regulation of female receptivity, post-mating (GO:0045434)",1/17,0.061896918493483,0.1489498038613228,0.0913648917240269,0.2253387272243662,-2.7464188201601227,7.6413195644612655,egh
GO_Biological_Process_2018,aerobic respiration (GO:0009060),1/16,0.058362952395118,0.1489498038613228,0.0865102072611876,0.2253387272243662,-2.544932910184853,7.230342639513733,ox
GO_Biological_Process_2018,establishment of glial blood-brain barrier (GO:0060857),1/17,0.061896918493483,0.1489498038613228,0.0913648917240269,0.2253387272243662,-2.711325615136832,7.543680270645005,Galphai
GO_Biological_Process_2018,regulation of antimicrobial humoral response (GO:0002759),1/17,0.061896918493483,0.1489498038613228,0.0913648917240269,0.2253387272243662,-2.454591163739861,6.829371887695412,Dsp1
GO_Biological_Process_2018,positive regulation of smoothened signaling pathway (GO:0045880),1/17,0.061896918493483,0.1489498038613228,0.0913648917240269,0.2253387272243662,-2.2211698641605726,6.1799273346125725,apolpp
GO_Biological_Process_2018,positive regulation of transport (GO:0051050),1/17,0.061896918493483,0.1489498038613228,0.0913648917240269,0.2253387272243662,-2.1431151414109517,5.9627568594952685,numb
GO_Biological_Process_2018,DNA duplex unwinding (GO:0032508),1/17,0.061896918493483,0.1489498038613228,0.0913648917240269,0.2253387272243662,-2.2815668603135126,6.347968983959865,Dsp1
GO_Biological_Process_2018,imaginal disc-derived wing morphogenesis (GO:0007476),3/240,0.0614179006567739,0.1489498038613228,0.1372444920893682,0.2416520685865026,-0.8170408914453954,2.2795881621402727,fru;GEFmeso;Rok
GO_Biological_Process_2018,induction of programmed cell death by ecdysone (GO:0035078),1/16,0.058362952395118,0.1489498038613228,0.0865102072611876,0.2253387272243662,-2.341142509258926,6.6513590366684605,bel
GO_Biological_Process_2018,male germ-line stem cell population maintenance (GO:0036098),1/16,0.058362952395118,0.1489498038613228,0.0865102072611876,0.2253387272243662,-2.433722985675012,6.914387018089432,bel
GO_Biological_Process_2018,regulation of neural precursor cell proliferation (GO:2000177),1/17,0.061896918493483,0.1489498038613228,0.0913648917240269,0.2253387272243662,-2.4625793213638243,6.851597217891931,numb
GO_Biological_Process_2018,cytoplasmic translation (GO:0002181),2/107,0.0611494080407528,0.1489498038613228,0.1133839415730814,0.237501188782764,-0.8750846629826072,2.44536729538376,RpL39;RpL41
GO_Biological_Process_2018,dorsal closure (GO:0007391),2/107,0.0611494080407528,0.1489498038613228,0.1133839415730814,0.237501188782764,-0.9051043989963572,2.5292554993135057,Rac2;Rok
GO_Biological_Process_2018,courtship behavior (GO:0007619),2/109,0.0631682144915233,0.1512005134105612,0.1168416703860743,0.237501188782764,-0.9263602754076689,2.558564504791247,egh;fru
GO_Molecular_Function_2018,potassium ion transmembrane transporter activity (GO:0015079),1/16,0.058362952395118,0.1513035785396251,0.0873877821863336,0.2388708346876668,-2.163889886440486,6.14777122435292,CG42594
GO_Molecular_Function_2018,poly-pyrimidine tract binding (GO:0008187),1/17,0.061896918493483,0.1513035785396251,0.092291004311144,0.2388708346876668,-2.0924202808931103,5.821709315453887,Sxl
GO_Molecular_Function_2018,Notch binding (GO:0005112),1/16,0.058362952395118,0.1513035785396251,0.0873877821863336,0.2388708346876668,-2.3823773832612414,6.768510363739106,numb
GO_Molecular_Function_2018,TBP-class protein binding (GO:0017025),1/17,0.061896918493483,0.1513035785396251,0.092291004311144,0.2388708346876668,-2.3753982801218227,6.6090347248000105,Dsp1
GO_Molecular_Function_2018,nucleoside-triphosphatase activity (GO:0017111),3/230,0.0554527100593861,0.1513035785396251,0.1272568132543142,0.2946999885889383,-0.8343640464329442,2.41316829758639,Galphai;Rac2;RabX1
GO_Molecular_Function_2018,"ATPase activity, coupled (GO:0042623)",2/107,0.0611494080407528,0.1513035785396251,0.1149983369171359,0.2891386756773704,-1.1085357595541383,3.0977312331560807,MEP-1;Myo81F
GO_Molecular_Function_2018,carbohydrate kinase activity (GO:0019200),1/14,0.0512555676910553,0.1513035785396251,0.0775042460998738,0.235185298509962,-2.156146994737997,6.405764009730728,Hex-A
GO_Molecular_Function_2018,mannosyltransferase activity (GO:0000030),1/14,0.0512555676910553,0.1513035785396251,0.0775042460998738,0.235185298509962,-3.113948795886164,9.251327100384358,egh
GO_Molecular_Function_2018,pre-mRNA binding (GO:0036002),1/16,0.058362952395118,0.1513035785396251,0.0873877821863336,0.2388708346876668,-2.811873651121632,7.988741029386567,Sxl
GO_Biological_Process_2018,regulation of feeding behavior (GO:0060259),1/18,0.0654177977969058,0.1525285440860498,0.0961943873627866,0.2302525229428404,-2.285483532299583,6.232424275825847,foxo
GO_Biological_Process_2018,axo-dendritic transport (GO:0008088),1/18,0.0654177977969058,0.1525285440860498,0.0961943873627866,0.2302525229428404,-2.111142090708339,5.7570019778745385,stai
GO_Biological_Process_2018,regulation of oviposition (GO:0046662),1/18,0.0654177977969058,0.1525285440860498,0.0961943873627866,0.2302525229428404,-2.43450369038246,6.638796423206249,egh
GO_Biological_Process_2018,"regulation of gene expression, epigenetic (GO:0040029)",1/18,0.0654177977969058,0.1525285440860498,0.0961943873627866,0.2302525229428404,-2.349737868663435,6.407643340028957,Sxl
GO_Biological_Process_2018,positive regulation of endocytosis (GO:0045807),1/18,0.0654177977969058,0.1525285440860498,0.0961943873627866,0.2302525229428404,-2.0770519808607304,5.664039580562477,numb
GO_Biological_Process_2018,respiratory system development (GO:0060541),2/112,0.0662384618908318,0.1536459167570842,0.1220789323795178,0.237501188782764,-1.017464293121655,2.761900708130064,Rac2;hb
GO_Biological_Process_2018,male courtship behavior (GO:0008049),2/113,0.0672728683249931,0.1543111301065365,0.1238377361736001,0.237501188782764,-0.9367784278968306,2.528363355200454,egh;fru
GO_Biological_Process_2018,asymmetric protein localization involved in cell fate determination (GO:0045167),1/19,0.0689256381142529,0.1543111301065365,0.1009988217057268,0.2354894806610212,-2.1574956343152176,5.770711963606471,Galphai
GO_Biological_Process_2018,regulation of neurotransmitter secretion (GO:0046928),1/19,0.0689256381142529,0.1543111301065365,0.1009988217057268,0.2354894806610212,-2.3394403428546218,6.257364399691925,Frq2
GO_Biological_Process_2018,negative regulation of female receptivity (GO:0007621),1/19,0.0689256381142529,0.1543111301065365,0.1009988217057268,0.2354894806610212,-2.5711533505311484,6.87713345240965,egh
GO_Biological_Process_2018,establishment of blood-brain barrier (GO:0060856),1/19,0.0689256381142529,0.1543111301065365,0.1009988217057268,0.2354894806610212,-1.0736877343735485,2.871821641434531,Galphai
GO_Biological_Process_2018,morphogenesis of embryonic epithelium (GO:0016331),2/114,0.0683126795927395,0.1543111301065365,0.1256028752752124,0.237501188782764,-0.9076513209355546,2.4358274387096173,Rac2;Rok
GO_Biological_Process_2018,secondary alcohol biosynthetic process (GO:1902653),1/19,0.0689256381142529,0.1543111301065365,0.1009988217057268,0.2354894806610212,-2.515461602053277,6.728173225513331,foxo
GO_Biological_Process_2018,ecdysteroid biosynthetic process (GO:0045456),1/20,0.0724204870726122,0.1574358414622004,0.1057783216406913,0.237501188782764,-2.1192497538741426,5.563594428203558,foxo
GO_Biological_Process_2018,hemocyte migration (GO:0035099),1/20,0.0724204870726122,0.1574358414622004,0.1057783216406913,0.237501188782764,-1.9412781326232795,5.096371573247662,Rac2
GO_Biological_Process_2018,regulation of actin filament-based process (GO:0032970),1/20,0.0724204870726122,0.1574358414622004,0.1057783216406913,0.237501188782764,-1.8986237359854985,4.984392433913792,Rok
GO_Biological_Process_2018,positive regulation of cellular component organization (GO:0051130),1/20,0.0724204870726122,0.1574358414622004,0.1057783216406913,0.237501188782764,-2.100407616291175,5.514128804116352,numb
GO_Biological_Process_2018,regulation of organelle organization (GO:0033043),1/20,0.0724204870726122,0.1574358414622004,0.1057783216406913,0.237501188782764,-1.8075798474579563,4.74537800439323,stai
GO_Biological_Process_2018,regulation of Notch signaling pathway (GO:0008593),2/117,0.0714640058780361,0.1574358414622004,0.1309351862148795,0.2395155845394138,-1.0099290754864,2.664759845352408,foxo;numb
GO_Biological_Process_2018,actin filament bundle assembly (GO:0051017),1/22,0.0793714006435703,0.1587428012871406,0.1152630227338147,0.237501188782764,-1.9328604577089403,4.897128440971591,Rac2
GO_Biological_Process_2018,germ-band shortening (GO:0007390),1/22,0.0793714006435703,0.1587428012871406,0.1152630227338147,0.237501188782764,-1.9100819622116223,4.839416453695137,Rac2
GO_Biological_Process_2018,ATP generation from ADP (GO:0006757),1/21,0.0759023921585292,0.1587428012871406,0.1105330134350344,0.237501188782764,-1.9986494372566543,5.15313199019384,Hex-A
GO_Biological_Process_2018,positive regulation of actin filament polymerization (GO:0030838),1/22,0.0793714006435703,0.1587428012871406,0.1152630227338147,0.237501188782764,-1.9922481765522768,5.047594185062012,capu
GO_Biological_Process_2018,neuroblast development (GO:0014019),1/21,0.0759023921585292,0.1587428012871406,0.1105330134350344,0.237501188782764,-2.1022775334493944,5.420317044070359,numb
GO_Biological_Process_2018,microtubule bundle formation (GO:0001578),1/22,0.0793714006435703,0.1587428012871406,0.1152630227338147,0.237501188782764,-2.135834702183633,5.411387471641575,foxo
GO_Biological_Process_2018,formation of animal organ boundary (GO:0010160),1/21,0.0759023921585292,0.1587428012871406,0.1105330134350344,0.237501188782764,-2.0465576115564468,5.276653975077245,robo2
GO_Biological_Process_2018,glycolytic process (GO:0006096),1/21,0.0759023921585292,0.1587428012871406,0.1105330134350344,0.237501188782764,-2.0440162029616102,5.270101443309502,Hex-A
GO_Biological_Process_2018,dosage compensation (GO:0007549),1/21,0.0759023921585292,0.1587428012871406,0.1105330134350344,0.237501188782764,-2.036032444614594,5.24951686265565,Sxl
GO_Biological_Process_2018,male gamete generation (GO:0048232),2/124,0.0789963757510997,0.1587428012871406,0.1435784723467605,0.2466042463971078,-1.2395205426649332,3.146341065017777,bel;Imp
GO_Biological_Process_2018,stem cell development (GO:0048864),1/22,0.0793714006435703,0.1587428012871406,0.1152630227338147,0.237501188782764,-0.9709183406523104,2.4599353775932853,numb
GO_Biological_Process_2018,regulation of protein localization (GO:0032880),1/22,0.0793714006435703,0.1587428012871406,0.1152630227338147,0.237501188782764,-2.0717929226986587,5.249130119603838,Galphai
GO_Biological_Process_2018,regulation of RNA splicing (GO:0043484),1/22,0.0793714006435703,0.1587428012871406,0.1152630227338147,0.237501188782764,-1.9881665353227675,5.0372528687651466,Sxl
GO_Biological_Process_2018,actin filament bundle organization (GO:0061572),1/22,0.0793714006435703,0.1587428012871406,0.1152630227338147,0.237501188782764,-1.9743781571740533,5.002318397154622,Rac2
GO_Biological_Process_2018,negative regulation of cell size (GO:0045792),1/22,0.0793714006435703,0.1587428012871406,0.1152630227338147,0.237501188782764,-2.4046913574033,6.092567309311463,foxo
GO_Biological_Process_2018,epidermis development (GO:0008544),1/21,0.0759023921585292,0.1587428012871406,0.1105330134350344,0.237501188782764,-2.213972245421022,5.708300310503775,Rok
GO_Biological_Process_2018,border follicle cell migration (GO:0007298),2/121,0.0757382135128724,0.1587428012871406,0.1381269245578047,0.2416520685865026,-0.8765934313046053,2.262025193975604,egh;stai
GO_Biological_Process_2018,regulation of transmembrane receptor protein serine/threonine kinase signaling pathway (GO:0090092),1/21,0.0759023921585292,0.1587428012871406,0.1105330134350344,0.237501188782764,-2.5466185223953475,6.565964560842818,foxo
GO_Biological_Process_2018,sterol biosynthetic process (GO:0016126),1/23,0.0828275596625986,0.1592837685819204,0.1199684745562803,0.237501188782764,-1.9269214923548577,4.799950698347245,foxo
GO_Biological_Process_2018,regulation of phosphorylation (GO:0042325),1/23,0.0828275596625986,0.1592837685819204,0.1199684745562803,0.237501188782764,-2.051316461390542,5.109817872937748,Rok
GO_Biological_Process_2018,regulation of macroautophagy (GO:0016241),1/23,0.0828275596625986,0.1592837685819204,0.1199684745562803,0.237501188782764,-1.8973399164968456,4.72626315774882,foxo
GO_Biological_Process_2018,regulation of cellular localization (GO:0060341),1/23,0.0828275596625986,0.1592837685819204,0.1199684745562803,0.237501188782764,-1.0667261171995317,2.657208812871658,Frq2
GO_Biological_Process_2018,negative regulation of cellular response to insulin stimulus (GO:1900077),1/23,0.0828275596625986,0.1592837685819204,0.1199684745562803,0.237501188782764,-2.56660806072333,6.393406375055297,foxo
GO_Biological_Process_2018,"male courtship behavior, veined wing generated song production (GO:0045433)",1/23,0.0828275596625986,0.1592837685819204,0.1199684745562803,0.237501188782764,-2.454030434118631,6.112976134600028,fru
GO_Biological_Process_2018,plasma membrane bounded cell projection organization (GO:0120036),1/23,0.0828275596625986,0.1592837685819204,0.1199684745562803,0.237501188782764,-2.1457960580225808,5.345166021594967,stai
GO_Biological_Process_2018,"regulation of female receptivity, post-mating (GO:0046008)",1/23,0.0828275596625986,0.1592837685819204,0.1199684745562803,0.237501188782764,-2.063984263047742,5.141373296265707,egh
GO_Biological_Process_2018,negative regulation of insulin receptor signaling pathway (GO:0046627),1/23,0.0828275596625986,0.1592837685819204,0.1199684745562803,0.237501188782764,-2.670892587633034,6.653178550389394,foxo
GO_Biological_Process_2018,non-sensory hair organization (GO:0035316),1/25,0.0897015169573637,0.1601812802810067,0.1293062027817271,0.237501188782764,-1.6724252342641626,4.032664778473985,Rok
GO_Biological_Process_2018,cell fate determination involved in pattern specification (GO:0060582),1/24,0.0862709161752904,0.1601812802810067,0.1246494933083408,0.237501188782764,-1.6935361009530412,4.1496084173244405,numb
GO_Biological_Process_2018,regulation of stem cell proliferation (GO:0072091),1/25,0.0897015169573637,0.1601812802810067,0.1293062027817271,0.237501188782764,-1.6928025941289797,4.081800046061174,numb
GO_Biological_Process_2018,female germ-line stem cell population maintenance (GO:0036099),1/25,0.0897015169573637,0.1601812802810067,0.1293062027817271,0.237501188782764,-1.6027994840251452,3.864778462893935,foxo
GO_Biological_Process_2018,apical constriction (GO:0003383),1/25,0.0897015169573637,0.1601812802810067,0.1293062027817271,0.237501188782764,-1.600097568168925,3.858263420735668,Rok
GO_Biological_Process_2018,nicotinamide nucleotide metabolic process (GO:0046496),1/24,0.0862709161752904,0.1601812802810067,0.1246494933083408,0.237501188782764,-1.8483738354568435,4.529001549868145,Hex-A
GO_Biological_Process_2018,regulation of secretion by cell (GO:1903530),1/25,0.0897015169573637,0.1601812802810067,0.1293062027817271,0.237501188782764,-1.9655468839293144,4.739459514761813,Frq2
GO_Biological_Process_2018,positive regulation of cellular catabolic process (GO:0031331),1/25,0.0897015169573637,0.1601812802810067,0.1293062027817271,0.237501188782764,-2.033154849729156,4.9024804121027055,foxo
GO_Biological_Process_2018,"regulation of transcription, DNA-templated (GO:0006355)",5/623,0.0844908339227373,0.1601812802810067,0.2372761155477668,0.2957735512368284,-0.6196712729561816,1.5312772579531404,foxo;Dsp1;fru;hb;Eip78C
GO_Biological_Process_2018,"male courtship behavior, veined wing vibration (GO:0016545)",1/24,0.0862709161752904,0.1601812802810067,0.1246494933083408,0.237501188782764,-2.2810425846513507,5.58915366741698,fru
GO_Biological_Process_2018,embryonic hemopoiesis (GO:0035162),1/25,0.0897015169573637,0.1601812802810067,0.1293062027817271,0.237501188782764,-1.767590447299978,4.262133573181784,Rac2
GO_Biological_Process_2018,transport along microtubule (GO:0010970),1/24,0.0862709161752904,0.1601812802810067,0.1246494933083408,0.237501188782764,-1.82891891438895,4.481331881547356,stai
GO_Biological_Process_2018,neuroblast differentiation (GO:0014016),1/25,0.0897015169573637,0.1601812802810067,0.1293062027817271,0.237501188782764,-1.773457383758784,4.27628032696799,numb
GO_Biological_Process_2018,regulation of transcription from RNA polymerase II promoter (GO:0006357),5/630,0.0876232549287208,0.1601812802810067,0.2443132257530382,0.3003468667277539,-0.5390722558183957,1.3124839915168507,foxo;Dsp1;MEP-1;fru;hb
GO_Biological_Process_2018,cellular protein metabolic process (GO:0044267),2/132,0.0878936800694778,0.1601812802810067,0.1583352462605811,0.257286350916254,-0.96903220623494,2.35632524087912,mRpL33;RpL41
GO_Biological_Process_2018,regulation of Rho protein signal transduction (GO:0035023),1/25,0.0897015169573637,0.1601812802810067,0.1293062027817271,0.237501188782764,-0.8514449656798233,2.053061657740852,GEFmeso
GO_Biological_Process_2018,establishment of imaginal disc-derived wing hair orientation (GO:0001737),1/25,0.0897015169573637,0.1601812802810067,0.1293062027817271,0.237501188782764,-1.8686677381389765,4.505857969536843,Rok
GO_Biological_Process_2018,sensory organ precursor cell fate determination (GO:0016360),1/24,0.0862709161752904,0.1601812802810067,0.1246494933083408,0.237501188782764,-1.745883421350411,4.277873106351774,numb
GO_Biological_Process_2018,regulation of cell division (GO:0051302),1/26,0.0931194086319927,0.1619104661736434,0.1339387261537936,0.2401291903155663,-1.705400645921758,4.04840394317741,numb
GO_Biological_Process_2018,neurogenesis (GO:0022008),1/26,0.0931194086319927,0.1619104661736434,0.1339387261537936,0.2401291903155663,-1.760915784431624,4.180189811903821,hb
GO_Biological_Process_2018,axon midline choice point recognition (GO:0016199),1/26,0.0931194086319927,0.1619104661736434,0.1339387261537936,0.2401291903155663,-1.6570319674537268,3.933582860457332,fru
GO_Biological_Process_2018,regulation of mRNA processing (GO:0050684),1/26,0.0931194086319927,0.1619104661736434,0.1339387261537936,0.2401291903155663,-1.479520677762099,3.5121936655695376,Sxl
GO_Biological_Process_2018,exocrine system development (GO:0035272),1/26,0.0931194086319927,0.1619104661736434,0.1339387261537936,0.2401291903155663,-1.7939555505269138,4.258622008855133,hb
GO_Biological_Process_2018,regulation of gene expression (GO:0010468),4/458,0.0931884683088303,0.1619104661736434,0.2278168977264668,0.2863620222818716,-0.615553348612741,1.460788915665986,foxo;Dsp1;bel;numb
GO_Biological_Process_2018,positive regulation of nucleic acid-templated transcription (GO:1903508),2/135,0.0913046954937262,0.1619104661736434,0.1639436538661695,0.2589053106332855,-0.9075128478889952,2.1721801571564345,foxo;hb
GO_Biological_Process_2018,dsRNA transport (GO:0033227),1/27,0.0965246376502035,0.1645306323583015,0.1385471859895948,0.2416520685865026,-2.028424655577192,4.742369603790452,egh
GO_Biological_Process_2018,sensory organ boundary specification (GO:0008052),1/27,0.0965246376502035,0.1645306323583015,0.1385471859895948,0.2416520685865026,-1.6255703461246926,3.800513554737501,numb
GO_Biological_Process_2018,protein N-linked glycosylation (GO:0006487),1/27,0.0965246376502035,0.1645306323583015,0.1385471859895948,0.2416520685865026,-1.861808764734376,4.352828817018365,CG33774
GO_Biological_Process_2018,terminal region determination (GO:0007362),1/27,0.0965246376502035,0.1645306323583015,0.1385471859895948,0.2416520685865026,-2.0761389945953765,4.853923676258774,hb
GO_Biological_Process_2018,regulation of imaginal disc-derived wing size (GO:0044719),1/27,0.0965246376502035,0.1645306323583015,0.1385471859895948,0.2416520685865026,-1.9072677847271065,4.459110050604673,fru
GO_Biological_Process_2018,spermatogenesis (GO:0007283),2/141,0.0982413505518599,0.1661977734899886,0.1752680737489074,0.2619068944759411,-0.95411461935979,2.2138589306298533,bel;Imp
GO_Biological_Process_2018,dendrite morphogenesis (GO:0048813),2/141,0.0982413505518599,0.1661977734899886,0.1752680737489074,0.2619068944759411,-0.8387887286600095,1.9462650295638912,foxo;fru
GO_Biological_Process_2018,axon choice point recognition (GO:0016198),1/28,0.0999172502888211,0.167147816468288,0.1431317042617123,0.2466042463971078,-1.3648005493760391,3.143699235948658,fru
GO_Biological_Process_2018,adherens junction organization (GO:0034332),1/28,0.0999172502888211,0.167147816468288,0.1431317042617123,0.2466042463971078,-1.6897665242873945,3.892230065237373,Rac2
GO_Biological_Process_2018,establishment of spindle orientation (GO:0051294),1/28,0.0999172502888211,0.167147816468288,0.1431317042617123,0.2466042463971078,-1.863061307845908,4.291399510850399,Galphai
GO_Biological_Process_2018,smoothened signaling pathway (GO:0007224),1/29,0.1032972926587127,0.1702702626242518,0.1476924023240076,0.2498555678413663,-1.7320494642015052,3.9320018923844553,Sxl
GO_Biological_Process_2018,regulation of JAK-STAT cascade (GO:0046425),1/29,0.1032972926587127,0.1702702626242518,0.1476924023240076,0.2498555678413663,-1.1044159347015798,2.5071833310650464,Imp
GO_Biological_Process_2018,positive regulation of behavior (GO:0048520),1/29,0.1032972926587127,0.1702702626242518,0.1476924023240076,0.2498555678413663,-1.3924715098605471,3.1611109988635584,foxo
GO_Biological_Process_2018,insulin receptor signaling pathway (GO:0008286),1/29,0.1032972926587127,0.1702702626242518,0.1476924023240076,0.2498555678413663,-1.7601022917600295,3.995685853683854,foxo
GO_Biological_Process_2018,negative regulation of signal transduction (GO:0009968),2/146,0.1041326982270705,0.1703989607352063,0.1848031114274985,0.26233880171096,-0.7043415323710487,1.5932834077719005,foxo;numb
GO_Biological_Process_2018,protein transport (GO:0015031),2/146,0.1041326982270705,0.1703989607352063,0.1848031114274985,0.26233880171096,-0.8173061855813228,1.8488195352791732,unc-119;RabX1
GO_Biological_Process_2018,glial cell migration (GO:0008347),1/30,0.1066648107124081,0.1732821834678111,0.1522294009436068,0.2556090687485935,-1.5797614116710552,3.535607099151805,numb
GO_Biological_Process_2018,JNK cascade (GO:0007254),1/30,0.1066648107124081,0.1732821834678111,0.1522294009436068,0.2556090687485935,-1.7721235194778795,3.966125802131258,Rac2
GO_Biological_Process_2018,organic substance transport (GO:0071702),1/31,0.110019850224247,0.1743272274679971,0.1567428202810893,0.2564882513690552,-1.7085256397692283,3.770877496318658,apolpp
GO_Biological_Process_2018,melanotic encapsulation of foreign target (GO:0035011),1/31,0.110019850224247,0.1743272274679971,0.1567428202810893,0.2564882513690552,-1.6204765211641468,3.5765447733029,Rac2
GO_Biological_Process_2018,regulation of actin cytoskeleton organization (GO:0032956),1/31,0.110019850224247,0.1743272274679971,0.1567428202810893,0.2564882513690552,-1.688903259571836,3.727569049440127,Rok
GO_Biological_Process_2018,negative regulation of growth (GO:0045926),1/31,0.110019850224247,0.1743272274679971,0.1567428202810893,0.2564882513690552,-1.6544636693916162,3.6515576203049047,foxo
GO_Biological_Process_2018,cellular response to oxidative stress (GO:0034599),1/31,0.110019850224247,0.1743272274679971,0.1567428202810893,0.2564882513690552,-1.7854934396840547,3.9407527021008666,foxo
GO_Biological_Process_2018,stress-activated MAPK cascade (GO:0051403),1/31,0.110019850224247,0.1743272274679971,0.1567428202810893,0.2564882513690552,-1.748109883888508,3.8582436627276895,Rac2
GO_Biological_Process_2018,"G-protein coupled receptor signaling pathway, coupled to cyclic nucleotide second messenger (GO:0007187)",1/31,0.110019850224247,0.1743272274679971,0.1567428202810893,0.2564882513690552,-1.0149037881738834,2.239988541389629,Galphai
GO_Biological_Process_2018,regulation of embryonic cell shape (GO:0016476),1/32,0.1133624568292718,0.175907260597146,0.1612327799075192,0.257286350916254,-1.6976824878339905,3.696134912348334,Rac2
GO_Biological_Process_2018,"mitochondrial electron transport, NADH to ubiquinone (GO:0006120)",1/32,0.1133624568292718,0.175907260597146,0.1612327799075192,0.257286350916254,-1.5573473547706742,3.390602170824824,ND-MNLL
GO_Biological_Process_2018,carbohydrate catabolic process (GO:0016052),1/32,0.1133624568292718,0.175907260597146,0.1612327799075192,0.257286350916254,-1.24529576619738,2.711214370547122,Hex-A
GO_Biological_Process_2018,salivary gland cell autophagic cell death (GO:0035071),1/32,0.1133624568292718,0.175907260597146,0.1612327799075192,0.257286350916254,-1.688867484105412,3.6769431946583855,bel
GO_Biological_Process_2018,RNA interference (GO:0016246),1/32,0.1133624568292718,0.175907260597146,0.1612327799075192,0.257286350916254,-1.621482142820369,3.530234187356361,bel
GO_Biological_Process_2018,regulation of endocytosis (GO:0030100),1/32,0.1133624568292718,0.175907260597146,0.1612327799075192,0.257286350916254,-1.75773855342035,3.826886877043001,numb
GO_Biological_Process_2018,regulation of nervous system development (GO:0051960),1/33,0.1166926759665802,0.1780057768981732,0.1656993988053027,0.2589053106332855,-1.6699336360543944,3.5873706431411674,numb
GO_Biological_Process_2018,regulation of cell development (GO:0060284),1/33,0.1166926759665802,0.1780057768981732,0.1656993988053027,0.2589053106332855,-1.7917475673708725,3.849052731396388,numb
GO_Biological_Process_2018,negative regulation of neuroblast proliferation (GO:0007406),1/33,0.1166926759665802,0.1780057768981732,0.1656993988053027,0.2589053106332855,-1.6341195930735652,3.510434504106815,numb
GO_Biological_Process_2018,negative regulation of neural precursor cell proliferation (GO:2000178),1/33,0.1166926759665802,0.1780057768981732,0.1656993988053027,0.2589053106332855,-1.6065362428635666,3.451179633945251,numb
GO_Biological_Process_2018,lipid transport (GO:0006869),1/33,0.1166926759665802,0.1780057768981732,0.1656993988053027,0.2589053106332855,-1.480682472464547,3.180819116910091,apolpp
GO_Biological_Process_2018,blastoderm segmentation (GO:0007350),1/34,0.1200105529305142,0.1794177701618983,0.1701427953613067,0.2604226459611838,-1.4524345265645224,3.079416242336808,hb
GO_Biological_Process_2018,pyruvate metabolic process (GO:0006090),1/34,0.1200105529305142,0.1794177701618983,0.1701427953613067,0.2604226459611838,-1.5371943994536377,3.2591220566088768,Hex-A
GO_Biological_Process_2018,sister chromatid segregation (GO:0000819),1/34,0.1200105529305142,0.1794177701618983,0.1701427953613067,0.2604226459611838,-1.582335688925944,3.354829517054512,bel
GO_Biological_Process_2018,tripartite regional subdivision (GO:0007351),1/34,0.1200105529305142,0.1794177701618983,0.1701427953613067,0.2604226459611838,-1.338249586509736,2.837324118661763,hb
GO_Biological_Process_2018,"zygotic determination of anterior/posterior axis, embryo (GO:0007354)",1/34,0.1200105529305142,0.1794177701618983,0.1701427953613067,0.2604226459611838,-1.595074207318513,3.3818374129175823,hb
GO_Biological_Process_2018,monocarboxylic acid biosynthetic process (GO:0072330),1/34,0.1200105529305142,0.1794177701618983,0.1701427953613067,0.2604226459611838,-1.6096662255403271,3.412775053891331,CG3961
GO_Biological_Process_2018,cell morphogenesis involved in neuron differentiation (GO:0048667),2/160,0.1211151414034495,0.1804695815614314,0.2118813988405249,0.2798726629724098,-0.7128697987623246,1.5048778430720684,foxo;fru
GO_Biological_Process_2018,septate junction assembly (GO:0019991),1/35,0.1233161328451893,0.1807565465157498,0.1745630873855134,0.2619068944759411,-1.615108272267845,3.380428131069283,Galphai
GO_Biological_Process_2018,cellular respiration (GO:0045333),1/35,0.1233161328451893,0.1807565465157498,0.1745630873855134,0.2619068944759411,-1.4762073945422136,3.0897080335029257,ox
GO_Biological_Process_2018,"epithelial cell migration, open tracheal system (GO:0007427)",1/35,0.1233161328451893,0.1807565465157498,0.1745630873855134,0.2619068944759411,-1.7085217714159553,3.575942961724253,hb
GO_Biological_Process_2018,regulation of insulin receptor signaling pathway (GO:0046626),1/35,0.1233161328451893,0.1807565465157498,0.1745630873855134,0.2619068944759411,-2.002762349684478,4.191789679346696,foxo
GO_Biological_Process_2018,torso signaling pathway (GO:0008293),1/35,0.1233161328451893,0.1807565465157498,0.1745630873855134,0.2619068944759411,-1.5264649158137946,3.194897228321248,hb
GO_Biological_Process_2018,embryonic development via the syncytial blastoderm (GO:0001700),2/166,0.1285917133421544,0.1809621100342596,0.2236184364623847,0.2846805024026281,-0.6083764190307905,1.2478487252173025,Rac2;Rok
GO_Biological_Process_2018,gene expression (GO:0010467),2/164,0.1260872776473651,0.1809621100342596,0.219699081441971,0.2840936397956521,-0.7354924631429124,1.5230437683660365,mRpL33;RpL41
GO_Biological_Process_2018,epithelial cell migration (GO:0010631),1/36,0.1266094606698343,0.1809621100342596,0.1789603920964729,0.2619068944759411,-1.202516365186584,2.4851780930702763,hb
GO_Biological_Process_2018,negative regulation of response to stimulus (GO:0048585),1/37,0.1298905812023685,0.1809621100342596,0.1833348261331588,0.2619068944759411,-1.1888011549298692,2.426417892384469,Rok
GO_Biological_Process_2018,sphingolipid biosynthetic process (GO:0030148),1/37,0.1298905812023685,0.1809621100342596,0.1833348261331588,0.2619068944759411,-1.2175721972431766,2.485141398466256,egh
GO_Biological_Process_2018,DNA packaging (GO:0006323),1/36,0.1266094606698343,0.1809621100342596,0.1789603920964729,0.2619068944759411,-1.6525078305735088,3.415152074484374,Top1
GO_Biological_Process_2018,DNA-dependent DNA replication (GO:0006261),1/36,0.1266094606698343,0.1809621100342596,0.1789603920964729,0.2619068944759411,-1.6232647891835066,3.354717000217502,Dsp1
GO_Biological_Process_2018,calcium-mediated signaling (GO:0019722),1/37,0.1298905812023685,0.1809621100342596,0.1833348261331588,0.2619068944759411,-1.5403617788441364,3.1439752270034345,Galphai
GO_Biological_Process_2018,regulation of cellular catabolic process (GO:0031329),1/37,0.1298905812023685,0.1809621100342596,0.1833348261331588,0.2619068944759411,-1.578489083642385,3.221795453007778,foxo
GO_Biological_Process_2018,cation transport (GO:0006812),1/37,0.1298905812023685,0.1809621100342596,0.1833348261331588,0.2619068944759411,-1.5572832426236638,3.1785129983621805,GluRIA
GO_Biological_Process_2018,amino acid transmembrane transport (GO:0003333),1/36,0.1266094606698343,0.1809621100342596,0.1789603920964729,0.2619068944759411,-1.5297210094687417,3.1613949309132265,mnd
GO_Biological_Process_2018,Rab protein signal transduction (GO:0032482),1/37,0.1298905812023685,0.1809621100342596,0.1833348261331588,0.2619068944759411,-1.42693090677838,2.9124556861720987,RabX1
GO_Biological_Process_2018,glial cell development (GO:0021782),1/36,0.1266094606698343,0.1809621100342596,0.1789603920964729,0.2619068944759411,-1.393749666176014,2.8803900203613497,Galphai
GO_Biological_Process_2018,mitochondrial respiratory chain complex assembly (GO:0033108),1/37,0.1298905812023685,0.1809621100342596,0.1833348261331588,0.2619068944759411,-1.4256620553358577,2.909865880610297,ox
GO_Biological_Process_2018,asymmetric protein localization (GO:0008105),1/37,0.1298905812023685,0.1809621100342596,0.1833348261331588,0.2619068944759411,-1.31773335328977,2.689576614688522,Galphai
GO_Biological_Process_2018,positive regulation of canonical Wnt signaling pathway (GO:0090263),1/37,0.1298905812023685,0.1809621100342596,0.1833348261331588,0.2619068944759411,-1.2493727277489997,2.55004828040077,apolpp
GO_Biological_Process_2018,negative regulation of stem cell proliferation (GO:2000647),1/38,0.133159539101837,0.1838091797417995,0.187686505567811,0.2639341484547342,-1.503647471302016,3.0316650496417306,numb
GO_Biological_Process_2018,cortical cytoskeleton organization (GO:0030865),1/38,0.133159539101837,0.1838091797417995,0.187686505567811,0.2639341484547342,-0.9157461559622204,1.846334109796675,Galphai
GO_Biological_Process_2018,posttranscriptional gene silencing by RNA (GO:0035194),1/38,0.133159539101837,0.1838091797417995,0.187686505567811,0.2639341484547342,-1.5501515322561867,3.125426878096833,bel
GO_Biological_Process_2018,head involution (GO:0008258),1/39,0.1364163788242662,0.1871566172893897,0.1920155458919718,0.2683447069918861,-1.4401242983465368,2.8687901921603887,Rac2
GO_Biological_Process_2018,second-messenger-mediated signaling (GO:0019932),1/39,0.1364163788242662,0.1871566172893897,0.1920155458919718,0.2683447069918861,-1.3474201934970926,2.684119586247802,Galphai
GO_Biological_Process_2018,regulation of organ growth (GO:0046620),1/40,0.1396611446928601,0.1892997443126116,0.1963220620170726,0.2709967113732597,-1.3866228350311334,2.7296172261428664,foxo
GO_Biological_Process_2018,amino acid transport (GO:0006865),1/40,0.1396611446928601,0.1892997443126116,0.1963220620170726,0.2709967113732597,-1.0857603792974486,2.137358595228374,mnd
GO_Biological_Process_2018,adenylate cyclase-modulating G-protein coupled receptor signaling pathway (GO:0007188),1/40,0.1396611446928601,0.1892997443126116,0.1963220620170726,0.2709967113732597,-1.3609602598666497,2.6790995183232145,Galphai
GO_Biological_Process_2018,regulation of smoothened signaling pathway (GO:0008589),1/40,0.1396611446928601,0.1892997443126116,0.1963220620170726,0.2709967113732597,-1.320591444766551,2.599632045040379,apolpp
GO_Biological_Process_2018,negative regulation of neurogenesis (GO:0050768),1/41,0.1428938808670636,0.191375733304103,0.2006061682971991,0.273553865859817,-1.331270544829466,2.590190550722507,numb
GO_Biological_Process_2018,regulation of hemocyte proliferation (GO:0035206),1/41,0.1428938808670636,0.191375733304103,0.2006061682971991,0.273553865859817,-1.5452942211097034,3.0066063619827017,foxo
GO_Biological_Process_2018,DNA replication (GO:0006260),1/41,0.1428938808670636,0.191375733304103,0.2006061682971991,0.273553865859817,-1.45360426866665,2.828209529470633,Top1
GO_Biological_Process_2018,carbohydrate homeostasis (GO:0033500),1/41,0.1428938808670636,0.191375733304103,0.2006061682971991,0.273553865859817,-1.2716682359150315,2.474225138619749,foxo
GO_Biological_Process_2018,proteasome-mediated ubiquitin-dependent protein catabolic process (GO:0043161),2/178,0.1438558875895338,0.1920924314993775,0.2472468159107798,0.300705586918516,-0.6104847896283437,1.1836953688842524,Ubr1;CG18467
GO_Biological_Process_2018,"anterior/posterior axis specification, embryo (GO:0008595)",1/42,0.1461146313568894,0.1926798659612924,0.2048679785182679,0.2760197315365885,-1.2304962152371346,2.366691899877169,hb
GO_Biological_Process_2018,neuron projection morphogenesis (GO:0048812),2/180,0.1464366981305822,0.1926798659612924,0.2511986526449918,0.3022443681557387,-0.7054422332544444,1.355268838937146,foxo;fru
GO_Biological_Process_2018,chorion-containing eggshell formation (GO:0007304),1/42,0.1461146313568894,0.1926798659612924,0.2048679785182679,0.2760197315365885,-1.3159434876534486,2.531038092080057,capu
GO_Biological_Process_2018,fatty acid metabolic process (GO:0006631),1/42,0.1461146313568894,0.1926798659612924,0.2048679785182679,0.2760197315365885,-1.350300253443005,2.5971186523396024,CG3961
GO_Biological_Process_2018,carboxylic acid transmembrane transport (GO:1905039),1/42,0.1461146313568894,0.1926798659612924,0.2048679785182679,0.2760197315365885,-1.372624687039418,2.6400566601999467,mnd
GO_Biological_Process_2018,positive regulation of Wnt signaling pathway (GO:0030177),1/43,0.1493234399832769,0.194206786105418,0.2091076059038995,0.2783977001679135,-1.178301923708514,2.240706762502788,apolpp
GO_Biological_Process_2018,melanization defense response (GO:0035006),1/43,0.1493234399832769,0.194206786105418,0.2091076059038995,0.2783977001679135,-1.1554924812988745,2.1973314010374185,Rac2
GO_Biological_Process_2018,gliogenesis (GO:0042063),1/43,0.1493234399832769,0.194206786105418,0.2091076059038995,0.2783977001679135,-0.9411378409898308,1.7897059168978,numb
GO_Biological_Process_2018,glycolipid biosynthetic process (GO:0009247),1/43,0.1493234399832769,0.194206786105418,0.2091076059038995,0.2783977001679135,-1.4758428311674732,2.806522628580788,egh
GO_Biological_Process_2018,neuron remodeling (GO:0016322),1/44,0.1525203504395099,0.196097593422227,0.2133251631100813,0.2798726629724098,-1.409464119267249,2.6504370165221016,Imp
GO_Biological_Process_2018,apical junction assembly (GO:0043297),1/44,0.1525203504395099,0.196097593422227,0.2133251631100813,0.2798726629724098,-1.0295600718223483,1.9360436975931985,Galphai
GO_Biological_Process_2018,neuron maturation (GO:0042551),1/44,0.1525203504395099,0.196097593422227,0.2133251631100813,0.2798726629724098,-1.38136419825177,2.597596316427166,Imp
GO_Biological_Process_2018,embryonic axis specification (GO:0000578),1/44,0.1525203504395099,0.196097593422227,0.2133251631100813,0.2798726629724098,-1.143807510060476,2.1508811207030387,hb
GO_Molecular_Function_2018,ionotropic glutamate receptor activity (GO:0004970),1/23,0.0828275596625986,0.1969952770353697,0.1211787967782043,0.2946999885889383,-2.3256376489529416,5.793150422310288,GluRIA
GO_Molecular_Function_2018,DNA binding (GO:0003677),4/448,0.0876363197229814,0.1977434906569836,0.2204106500147402,0.3526570400235843,-0.8292317205998953,2.018814177242219,foxo;Dsp1;Galphai;hb
GO_Molecular_Function_2018,single-stranded RNA binding (GO:0003727),1/24,0.0862709161752904,0.1977434906569836,0.1259060246313662,0.2946999885889383,-2.082573018810991,5.102851084005609,Sxl
GO_Biological_Process_2018,negative regulation of cellular amide metabolic process (GO:0034249),1/45,0.1557054062462168,0.1979306011604451,0.2175207622374057,0.282087443823725,-1.350779642288665,2.5121657665640225,Sxl
GO_Biological_Process_2018,regulation of neurogenesis (GO:0050767),1/45,0.1557054062462168,0.1979306011604451,0.2175207622374057,0.282087443823725,-1.374757443349468,2.556759428695598,numb
GO_Biological_Process_2018,imaginal disc-derived wing hair organization (GO:0035317),1/45,0.1557054062462168,0.1979306011604451,0.2175207622374057,0.282087443823725,-1.1502848504645615,2.1392876622260717,Rok
GO_Biological_Process_2018,neuron projection development (GO:0031175),1/45,0.1557054062462168,0.1979306011604451,0.2175207622374057,0.282087443823725,-1.2369479098403602,2.3004627082318807,stai
GO_Molecular_Function_2018,Rho guanyl-nucleotide exchange factor activity (GO:0005089),1/28,0.0999172502888211,0.1998345005776421,0.144569800515169,0.2958637777984854,-1.8756631525667669,4.320426762955932,GEFmeso
GO_Molecular_Function_2018,RNA-dependent ATPase activity (GO:0008186),1/27,0.0965246376502035,0.1998345005776421,0.1399403795142249,0.2958637777984854,-1.7930526628990051,4.192080008073129,bel
GO_Molecular_Function_2018,fatty acid ligase activity (GO:0015645),1/26,0.0931194086319927,0.1998345005776421,0.1352866920183524,0.2958637777984854,-1.754992014638622,4.16612753683326,CG3961
GO_Molecular_Function_2018,heme binding (GO:0020037),1/26,0.0931194086319927,0.1998345005776421,0.1352866920183524,0.2958637777984854,-2.0345375671323045,4.829733077102918,apolpp
GO_Molecular_Function_2018,RNA polymerase II distal enhancer sequence-specific DNA binding (GO:0000980),1/28,0.0999172502888211,0.1998345005776421,0.144569800515169,0.2958637777984854,-1.8409619169616505,4.240495488083457,hb
GO_Biological_Process_2018,cellular response to insulin stimulus (GO:0032869),1/46,0.1588786507798205,0.2008297551992113,0.2216945148399938,0.2846805024026281,-1.2822791776031703,2.358899458941908,foxo
GO_Biological_Process_2018,lipid biosynthetic process (GO:0008610),1/46,0.1588786507798205,0.2008297551992113,0.2216945148399938,0.2846805024026281,-1.2946876465475217,2.3817262592131563,CG3961
GO_Biological_Process_2018,segmentation (GO:0035282),1/47,0.1620401272282062,0.2014310973831293,0.225846531906085,0.2846805024026281,-1.143114360626953,2.0803667140709896,hb
GO_Biological_Process_2018,regulation of multicellular organism growth (GO:0040014),1/47,0.1620401272282062,0.2014310973831293,0.225846531906085,0.2846805024026281,-1.3546773244072383,2.465392537329232,foxo
GO_Biological_Process_2018,morphogenesis of a polarized epithelium (GO:0001738),1/47,0.1620401272282062,0.2014310973831293,0.225846531906085,0.2846805024026281,-0.8439031400792054,1.535828840045255,Rok
GO_Biological_Process_2018,synaptic target recognition (GO:0008039),1/47,0.1620401272282062,0.2014310973831293,0.225846531906085,0.2846805024026281,-1.0913724531127624,1.9862010331709403,robo2
GO_Biological_Process_2018,gland development (GO:0048732),1/47,0.1620401272282062,0.2014310973831293,0.225846531906085,0.2846805024026281,-1.091286688111509,1.9860449484781173,hb
GO_Biological_Process_2018,phagocytosis (GO:0006909),1/47,0.1620401272282062,0.2014310973831293,0.225846531906085,0.2846805024026281,-1.0055796068910952,1.8300656649763896,Rac2
GO_Biological_Process_2018,regulation of neuroblast proliferation (GO:1902692),1/49,0.1683279479865823,0.2080977378955001,0.2340858006751623,0.2926072508439528,-1.2189442050289618,2.1719649209702405,numb
GO_Biological_Process_2018,regulation of protein phosphorylation (GO:0001932),1/49,0.1683279479865823,0.2080977378955001,0.2340858006751623,0.2926072508439528,-1.037499159616133,1.848658676029232,Rok
GO_Biological_Process_2018,"RNA splicing, via transesterification reactions with bulged adenosine as nucleophile (GO:0000377)",2/198,0.1700683665337925,0.2096733286033058,0.2868253905948482,0.3335178960405212,-0.4544806504853966,0.8051373627375151,Sxl;Imp
GO_Biological_Process_2018,gonad development (GO:0008406),1/50,0.1714543779414567,0.2108045630427747,0.2381732716243951,0.2960717464944139,-1.138270403695817,2.0072693588222106,robo2
KEGG_2019,Fatty acid biosynthesis,1/10,0.0368816338036512,0.2120693943709948,0.061091722599282,0.351277404945872,-31.138301830812992,102.75769079538196,CG3961
GO_Biological_Process_2018,neuromuscular junction development (GO:0007528),1/51,0.1745692111070757,0.2128892818378972,0.2422394455507552,0.2986513712269585,-1.193162147687084,2.0825857690125726,Frq2
GO_Biological_Process_2018,negative regulation of multicellular organismal process (GO:0051241),1/51,0.1745692111070757,0.2128892818378972,0.2422394455507552,0.2986513712269585,-1.2334617725609198,2.152926104080599,foxo
GO_Biological_Process_2018,cell-cell junction assembly (GO:0007043),1/51,0.1745692111070757,0.2128892818378972,0.2422394455507552,0.2986513712269585,-1.2316590286305624,2.1497795335479903,Galphai
GO_Biological_Process_2018,protein glycosylation (GO:0006486),1/52,0.1776724899150308,0.2148495222004669,0.2462844307167582,0.3003468667277539,-1.1761243668881016,2.032123403262613,CG33774
GO_Biological_Process_2018,positive regulation of gene expression (GO:0010628),2/204,0.1780863817350536,0.2148495222004669,0.2986904973067456,0.3437614419131343,-0.5613349206420827,0.9685758588460184,foxo;hb
GO_Biological_Process_2018,actomyosin structure organization (GO:0031032),1/52,0.1776724899150308,0.2148495222004669,0.2462844307167582,0.3003468667277539,-0.6700618871404843,1.1577418858307178,Rok
GO_Biological_Process_2018,RNA transport (GO:0050658),1/52,0.1776724899150308,0.2148495222004669,0.2462844307167582,0.3003468667277539,-1.3945235750065328,2.4094764745587804,egh
GO_Molecular_Function_2018,NADH dehydrogenase activity (GO:0003954),1/31,0.110019850224247,0.2151499293274165,0.1583136863229288,0.3166273726458577,-1.5131345833875338,3.339630975727266,ND-MNLL
GO_Biological_Process_2018,establishment of planar polarity (GO:0001736),1/53,0.1807642566674012,0.2163402007987515,0.250308334864443,0.3019805648498643,-1.0697853413772436,1.8299336674258828,Rok
GO_Biological_Process_2018,imaginal disc-derived wing vein specification (GO:0007474),1/53,0.1807642566674012,0.2163402007987515,0.250308334864443,0.3019805648498643,-1.0604356141356923,1.8139403835409715,GEFmeso
GO_Biological_Process_2018,chromosome condensation (GO:0030261),1/53,0.1807642566674012,0.2163402007987515,0.250308334864443,0.3019805648498643,-1.3340726536559382,2.2820133809034084,Top1
GO_Molecular_Function_2018,RNA helicase activity (GO:0003724),1/32,0.1133624568292718,0.2168673087168679,0.1628472601356266,0.316632079244962,-1.8719833681520683,4.075616690368356,bel
GO_Molecular_Function_2018,ligand-gated cation channel activity (GO:0099094),1/35,0.1233161328451893,0.2170363938075332,0.1763064986704902,0.316632079244962,-1.7412362232694114,3.64441444146143,GluRIA
GO_Molecular_Function_2018,L-amino acid transmembrane transporter activity (GO:0015179),1/35,0.1233161328451893,0.2170363938075332,0.1763064986704902,0.316632079244962,-1.8448357118224583,3.861248589042981,mnd
GO_Molecular_Function_2018,ATP-dependent RNA helicase activity (GO:0004004),1/34,0.1200105529305142,0.2170363938075332,0.1718435470879948,0.316632079244962,-1.7951476152078754,3.8060281703291934,bel
GO_Molecular_Function_2018,neuropeptide hormone activity (GO:0005184),1/34,0.1200105529305142,0.2170363938075332,0.1718435470879948,0.316632079244962,-1.878138520837089,3.9819834633814266,ITP
GO_Biological_Process_2018,regulation of cell growth (GO:0001558),1/54,0.1838445534953299,0.2194431009891205,0.2543112651906027,0.3051735182287232,-1.2861617754052463,2.1783267928541656,foxo
GO_Biological_Process_2018,gland morphogenesis (GO:0022612),1/55,0.1869134223713022,0.2219288656123642,0.258293328361398,0.3083076863730215,-0.9620846910067872,1.6135216168720512,Rac2
GO_Biological_Process_2018,circulatory system development (GO:0072359),1/55,0.1869134223713022,0.2219288656123642,0.258293328361398,0.3083076863730215,-0.9544440906724022,1.6007074915454036,numb
GO_Biological_Process_2018,"mRNA splicing, via spliceosome (GO:0000398)",2/211,0.1875147371076857,0.2220569255222594,0.3125025672535724,0.3523970722139,-0.4373539486582537,0.7320858294289961,Sxl;Imp
GO_Biological_Process_2018,axonogenesis (GO:0007409),2/212,0.1888675871482725,0.2230719533247314,0.314472160511695,0.3523970722139,-0.5065090266097132,0.8442032072024217,robo2;egh
GO_Biological_Process_2018,mRNA processing (GO:0006397),2/213,0.1902218343323385,0.2240833126951631,0.3164407290071657,0.3524711090426351,-0.4815216209625327,0.7991161104910842,Sxl;Imp
GO_Biological_Process_2018,neuropeptide signaling pathway (GO:0007218),1/57,0.1930170434134685,0.2250198692644063,0.2661952772943099,0.3144038708200511,-1.0342057934746505,1.7012445223514596,ITP
GO_Biological_Process_2018,negative regulation of cell proliferation (GO:0008285),1/57,0.1930170434134685,0.2250198692644063,0.2661952772943099,0.3144038708200511,-1.1911415132230605,1.9594001382528807,foxo
GO_Biological_Process_2018,embryo development ending in birth or egg hatching (GO:0009792),1/57,0.1930170434134685,0.2250198692644063,0.2661952772943099,0.3144038708200511,-1.0414258503818994,1.713121348358453,Yp3
GO_Biological_Process_2018,fatty acid biosynthetic process (GO:0006633),1/57,0.1930170434134685,0.2250198692644063,0.2661952772943099,0.3144038708200511,-0.9930267812828651,1.6335060032200293,CG3961
GO_Biological_Process_2018,cell morphogenesis (GO:0000902),1/58,0.1960518787771215,0.2279673009036297,0.2701153737526258,0.3181987387138262,-1.0972540006961893,1.7878392985791176,Rac2
GO_Molecular_Function_2018,enhancer sequence-specific DNA binding (GO:0001158),1/39,0.1364163788242662,0.2318902025088999,0.1939264471741865,0.3355407074483374,-1.676815518622443,3.340289389887696,hb
GO_Molecular_Function_2018,ATP-dependent helicase activity (GO:0008026),1/40,0.1396611446928601,0.2318902025088999,0.1982740544012903,0.3355407074483374,-1.6607562745658797,3.269258821471878,bel
GO_Molecular_Function_2018,single-stranded DNA binding (GO:0003697),1/40,0.1396611446928601,0.2318902025088999,0.1982740544012903,0.3355407074483374,-1.4949060334770403,2.94277662054528,Dsp1
GO_Biological_Process_2018,Notch signaling pathway (GO:0007219),1/60,0.202087806085472,0.234380187470264,0.277894333501083,0.3265077025469644,-1.0991981696426445,1.7576761224483763,numb
GO_Biological_Process_2018,leg disc morphogenesis (GO:0007478),1/61,0.2050889803304615,0.23603591086626,0.2817534043768101,0.3284689947398045,-0.9651671597326498,1.529125279657655,GEFmeso
GO_Biological_Process_2018,Malpighian tubule development (GO:0072002),1/61,0.2050889803304615,0.23603591086626,0.2817534043768101,0.3284689947398045,-0.5528912864747237,0.8759519369526918,numb
GO_Biological_Process_2018,negative regulation of translation (GO:0017148),1/61,0.2050889803304615,0.23603591086626,0.2817534043768101,0.3284689947398045,-1.0850012180334467,1.7189797375760902,Sxl
GO_Molecular_Function_2018,carboxylic acid transmembrane transporter activity (GO:0046943),1/42,0.1461146313568894,0.2381127325815975,0.2069012233848233,0.3435341067521595,-1.408118382336451,2.7083239495389946,mnd
GO_Biological_Process_2018,cellular response to nutrient levels (GO:0031669),1/64,0.2140258361632937,0.2456929241670464,0.2932102156948771,0.3400633944914812,-0.6405899627986051,0.9875709877556544,foxo
GO_Biological_Process_2018,negative regulation of cellular protein metabolic process (GO:0032269),1/65,0.2169827012610639,0.2478228821509613,0.2969893590351166,0.3426800296559038,-0.97564788321087,1.4907291303007957,Sxl
GO_Biological_Process_2018,mitotic cytokinesis (GO:0000281),1/65,0.2169827012610639,0.2478228821509613,0.2969893590351166,0.3426800296559038,-1.1006564738714593,1.6817344620832977,Rok
KEGG_2019,Mitophagy,1/36,0.1266094606698343,0.2489569473045397,0.1917781322767895,0.3765175548250363,-56.06033531886989,115.85698228981047,foxo
KEGG_2019,Notch signaling pathway,1/22,0.0793714006435703,0.2489569473045397,0.1237101556958307,0.3765175548250363,-6.233746685315992,15.793927629239288,numb
KEGG_2019,Starch and sucrose metabolism,1/33,0.1166926759665802,0.2489569473045397,0.1776267051220697,0.3765175548250363,-22.59582270036762,48.5406062030367,Hex-A
KEGG_2019,Base excision repair,1/20,0.0724204870726122,0.2489569473045397,0.1135552637113451,0.3765175548250363,-52.18902879691112,137.01008543096592,Dsp1
KEGG_2019,AGE-RAGE signaling pathway in diabetic complications,1/31,0.110019850224247,0.2489569473045397,0.1680627605015233,0.3765175548250363,-65.87169767124514,145.3850598498219,Rac2
KEGG_2019,Galactose metabolism,1/37,0.1298905812023685,0.2489569473045397,0.196443941647845,0.3765175548250363,-82.92112239682065,169.24722373113573,Hex-A
KEGG_2019,Fructose and mannose metabolism,1/29,0.1032972926587127,0.2489569473045397,0.1583938371710615,0.3765175548250363,-20.470468130696457,46.47091269128445,Hex-A
KEGG_2019,Fatty acid degradation,1/32,0.1133624568292718,0.2489569473045397,0.1728577878186838,0.3765175548250363,-14.655402858005267,31.9072303249792,CG3961
GO_Molecular_Function_2018,sodium channel activity (GO:0005272),1/45,0.1557054062462168,0.2491286499939469,0.2196735785972484,0.3526570400235843,-1.434209174066804,2.667327131965113,GluRIA
GO_Molecular_Function_2018,G-protein coupled receptor binding (GO:0001664),1/50,0.1714543779414567,0.2491901491133062,0.2405192973533361,0.3649258304671306,-1.4699257689103586,2.5921230545017493,Galphai
GO_Molecular_Function_2018,sequence-specific DNA binding (GO:0043565),2/197,0.1687382288720179,0.2491901491133062,0.288966178287614,0.3888522182290506,-0.8414883037507088,1.497349931131084,foxo;hb
GO_Molecular_Function_2018,amino acid transmembrane transporter activity (GO:0015171),1/50,0.1714543779414567,0.2491901491133062,0.2405192973533361,0.3649258304671306,-1.427588055274201,2.5174631186653094,mnd
GO_Molecular_Function_2018,RNA polymerase II regulatory region sequence-specific DNA binding (GO:0000977),2/200,0.1727340806353599,0.2491901491133062,0.2949866415843327,0.3888522182290506,-0.8859351104230154,1.5557038020281848,foxo;hb
GO_Molecular_Function_2018,mRNA binding (GO:0003729),2/196,0.1674099467419971,0.2491901491133062,0.2869585990931048,0.3888522182290506,-0.7775934288192081,1.3898002808492165,Sxl;Imp
GO_Molecular_Function_2018,protein kinase regulator activity (GO:0019887),1/47,0.1620401272282062,0.2491901491133062,0.2280775377571504,0.3584075593326649,-1.3967541951224896,2.541968708780938,pcs
GO_Biological_Process_2018,vesicle-mediated transport (GO:0016192),2/235,0.2203121089022867,0.250988478496276,0.3594062409259286,0.3916048629943532,-0.5206090230630818,0.7875305071246678,Frq2;RabX1
GO_Biological_Process_2018,salivary gland morphogenesis (GO:0007435),1/67,0.2228635434051345,0.2526161071342834,0.3044885617549163,0.3486510249102095,-0.8658943893932486,1.2998768541746264,Rac2
GO_Biological_Process_2018,mitotic nuclear division (GO:0140014),1/67,0.2228635434051345,0.2526161071342834,0.3044885617549163,0.3486510249102095,-0.9058371802274096,1.3598387963380885,bel
KEGG_2019,TGF-beta signaling pathway,1/41,0.1428938808670636,0.2528122507648049,0.2148540111681466,0.3801263274513363,-14.901461816442549,28.993074126676508,Rok
GO_Biological_Process_2018,ion transport (GO:0006811),1/68,0.2257876007034778,0.2540110507914126,0.3082088216181368,0.3502372972933373,-0.975545867453536,1.451768866380992,GluRIA
GO_Biological_Process_2018,regulation of canonical Wnt signaling pathway (GO:0060828),1/68,0.2257876007034778,0.2540110507914126,0.3082088216181368,0.3502372972933373,-0.7399452024313736,1.1011572531406506,apolpp
GO_Biological_Process_2018,imaginal disc-derived leg morphogenesis (GO:0007480),1/68,0.2257876007034778,0.2540110507914126,0.3082088216181368,0.3502372972933373,-0.8134542150841227,1.2105504652160946,GEFmeso
GO_Biological_Process_2018,negative regulation of developmental growth (GO:0048640),1/69,0.2287008020668024,0.25600836052254,0.3119096532959054,0.3523970722139,-1.0173884893616807,1.5009946164506431,foxo
GO_Biological_Process_2018,cytoskeleton-dependent cytokinesis (GO:0061640),1/69,0.2287008020668024,0.25600836052254,0.3119096532959054,0.3523970722139,-0.9600444224737894,1.4163925823366996,Rok
GO_Biological_Process_2018,regulation of cell size (GO:0008361),1/70,0.2316031872985268,0.2567030401092046,0.3155911557826704,0.3523970722139,-1.0949385158745295,1.6015991649067385,foxo
GO_Biological_Process_2018,anterior/posterior axis specification (GO:0009948),1/70,0.2316031872985268,0.2567030401092046,0.3155911557826704,0.3523970722139,-0.9061077619468584,1.3253907994007392,hb
GO_Biological_Process_2018,axon guidance (GO:0007411),2/242,0.2299784056468194,0.2567030401092046,0.3729009319094788,0.4033784119213112,-0.4485587637294,0.6592781526955431,robo2;egh
GO_Biological_Process_2018,modulation of chemical synaptic transmission (GO:0050804),1/70,0.2316031872985268,0.2567030401092046,0.3155911557826704,0.3523970722139,-1.029731176906654,1.5062184488915318,Frq2
GO_Biological_Process_2018,regulation of cellular component organization (GO:0051128),1/71,0.2344947959863214,0.2592694304517066,0.3192534275978706,0.3547260306643006,-0.8426622555526647,1.2221315094573095,Rok
GO_Biological_Process_2018,regulation of nucleic acid-templated transcription (GO:1903506),2/246,0.235515902900227,0.2597601870223091,0.3805656642572586,0.4096998777889148,-0.4966447791813654,0.7181368481880407,foxo;Dsp1
GO_Biological_Process_2018,regulation of autophagy (GO:0010506),1/72,0.2373756675772417,0.2611712723954982,0.3228965667513093,0.3578902833450472,-0.969274265639748,1.3939242718137872,foxo
GO_Biological_Process_2018,negative regulation of macromolecule metabolic process (GO:0010605),1/73,0.240245841466019,0.2636844601456307,0.326520670764874,0.3610179406491235,-0.8346778008948995,1.1903277855571703,numb
GO_Molecular_Function_2018,purine ribonucleoside binding (GO:0032550),1/56,0.1899709051224128,0.2653561849328941,0.2648226579146729,0.3884065649415202,-1.3181444924774168,2.1892855579117128,Rac2
GO_Molecular_Function_2018,GTP binding (GO:0005525),1/56,0.1899709051224128,0.2653561849328941,0.2648226579146729,0.3884065649415202,-1.056315574825987,1.7544180063426262,Rac2
GO_Biological_Process_2018,mitotic spindle organization (GO:0007052),1/74,0.2431053567657484,0.2661737482836661,0.3301258366880946,0.3641093787001044,-0.8887709744426564,1.256953560643475,Rok
KEGG_2019,Amino sugar and nucleotide sugar metabolism,1/47,0.1620401272282062,0.2662087804463388,0.2417237957405125,0.3970393068093874,-59.19945683343859,107.73775899361593,Hex-A
KEGG_2019,Longevity regulating pathway,1/55,0.1869134223713022,0.268688044658747,0.2762012569108782,0.3970393068093874,-63.8969894642432,107.16226410973498,foxo
KEGG_2019,Glycolysis / Gluconeogenesis,1/54,0.1838445534953299,0.268688044658747,0.2719740092228918,0.3970393068093874,-72.25847471110494,122.38162763341366,Hex-A
GO_Molecular_Function_2018,hydrogen ion transmembrane transporter activity (GO:0015078),1/58,0.1960518787771215,0.2695713333185421,0.2727550537714813,0.3888522182290506,-1.1799838879438038,1.922637388624321,ox
GO_Molecular_Function_2018,guanyl ribonucleotide binding (GO:0032561),1/60,0.202087806085472,0.2735957990080237,0.2806045075447128,0.3888522182290506,-1.3368224816954155,2.137649989712151,Rac2
GO_Biological_Process_2018,cilium organization (GO:0044782),1/77,0.2516203412288061,0.2748280426042785,0.3408286691251133,0.3749948682305648,-0.7840901974349272,1.0819142428664237,unc-119
GO_Biological_Process_2018,actin filament organization (GO:0007015),1/78,0.2544376114546899,0.2772322642968776,0.3443590435026764,0.3779550477468399,-0.8065387035448718,1.1039092127627816,capu
GO_Biological_Process_2018,cilium assembly (GO:0060271),1/79,0.2572444169656232,0.2796134967017643,0.3478709578196173,0.3808806107514058,-0.7741620907740931,1.0511020173009926,unc-119
GO_Molecular_Function_2018,"transcription factor activity, RNA polymerase II distal enhancer sequence-specific binding (GO:0003705)",1/63,0.2110579546709816,0.2811085609308932,0.2922250060962209,0.3888522182290506,-1.1977056800379275,1.8631779240464,hb
GO_Molecular_Function_2018,kinase binding (GO:0019900),1/64,0.2140258361632937,0.2811085609308932,0.2960579388789362,0.3888522182290506,-1.0176344131433686,1.5688447851595506,Rac2
GO_Biological_Process_2018,cellular response to starvation (GO:0009267),1/80,0.2600407960961569,0.2819719475741461,0.3513645062614452,0.3837719121787629,-0.7858042182071573,1.0584128654630558,foxo
GO_Biological_Process_2018,regulation of cellular macromolecule biosynthetic process (GO:2000112),2/266,0.2632983055615502,0.2848178786122538,0.4183089143308973,0.4439599326625089,-0.4828033181304506,0.644285408339792,foxo;Dsp1
GO_Biological_Process_2018,mesoderm development (GO:0007498),1/83,0.2683677566909527,0.2896054928319634,0.3617358911358418,0.3931911860172193,-0.7250033618597591,0.9536672563550218,pcs
KEGG_2019,FoxO signaling pathway,1/65,0.2169827012610639,0.29356483111791,0.3172179006519769,0.4291771597056158,-29.432824402581183,44.971520441942815,foxo
GO_Biological_Process_2018,somatic muscle development (GO:0007525),1/85,0.2738676287886717,0.2948335716624456,0.3685600240495888,0.3996433995718433,-0.7735796746125267,1.00187107867729,foxo
GO_Biological_Process_2018,"regulation of alternative mRNA splicing, via spliceosome (GO:0000381)",1/88,0.2820410362546876,0.3029080341637456,0.3786628706528627,0.4086289971074058,-0.7169699996460872,0.907470864369036,Sxl
GO_Biological_Process_2018,anterograde trans-synaptic signaling (GO:0098916),1/89,0.2847452810423027,0.3050842296881815,0.3819952878926808,0.4102574690971513,-0.6267349732198408,0.7872795600642023,Frq2
GO_Biological_Process_2018,negative regulation of cellular process (GO:0048523),1/91,0.2901236561856692,0.3101084211010716,0.3886078632172762,0.4163655677327959,-0.7750506421107491,0.9590849028203348,foxo
KEGG_2019,MAPK signaling pathway,1/93,0.2954621237289336,0.3144319292862788,0.4207017813528776,0.4469275348465462,0.0398926005711202,-0.0486376421350157,Rac2
KEGG_2019,Phagosome,1/89,0.2847452810423027,0.3144319292862788,0.4068844398358446,0.4469275348465462,0.8100818878538915,-1.0175926660181476,Rac2
KEGG_2019,Peroxisome,1/90,0.2874394753851766,0.3144319292862788,0.4103676633553617,0.4469275348465462,0.7916645379988358,-0.9870021904661276,CG3961
KEGG_2019,Autophagy,1/95,0.3007609758390493,0.3144319292862788,0.4274959028966964,0.4469275348465462,2.085346052681167,-2.505416972678184,Dsp1
KEGG_2019,Wnt signaling pathway,1/91,0.2901236561856692,0.3144319292862788,0.41383156089413,0.4469275348465462,0.5745234443309986,-0.7109429137089385,Rac2
GO_Biological_Process_2018,"regulation of mRNA splicing, via spliceosome (GO:0048024)",1/93,0.2954621237289336,0.3150662456825121,0.3951513517836394,0.4223708035692108,-0.6876468389601706,0.8383890844366789,Sxl
GO_Biological_Process_2018,proteasomal protein catabolic process (GO:0010498),1/94,0.298116483539115,0.3171451952543776,0.3983974089336924,0.4248313602373497,-0.1782260178366549,0.2157017780693775,CG18467
GO_Molecular_Function_2018,"transcriptional activator activity, RNA polymerase II core promoter proximal region sequence-specific binding (GO:0001077)",1/76,0.2487925678415557,0.3173006662327087,0.3405132637542051,0.434277785657537,-1.0145299280574696,1.4113488935380991,foxo
GO_Molecular_Function_2018,ubiquitin-like protein ligase activity (GO:0061659),1/76,0.2487925678415557,0.3173006662327087,0.3405132637542051,0.434277785657537,-1.0512146977110013,1.4623823895724115,Ubr1
GO_Biological_Process_2018,regulation of translation (GO:0006417),1/96,0.3033956368147486,0.3220000862420681,0.404838585896553,0.4306793466984606,-0.7121050983607291,0.8493402789778672,Sxl
GO_Molecular_Function_2018,ubiquitin protein ligase activity (GO:0061630),1/79,0.2572444169656232,0.323392981328212,0.351194803751522,0.4415020390019134,-0.9725455841806548,1.32045296150746,Ubr1
GO_Biological_Process_2018,positive regulation of transcription from RNA polymerase II promoter (GO:0045944),2/305,0.3174403454758621,0.3361133069744422,0.4885550747088692,0.5100923053804899,-0.4098398938417724,0.4702770840211769,foxo;hb
GO_Biological_Process_2018,regulation of signal transduction (GO:0009966),1/102,0.3189991550729935,0.3369709384573876,0.4237608244165587,0.4486879317351799,-0.6824531410579983,0.7797483185044721,numb
GO_Biological_Process_2018,endocytosis (GO:0006897),1/104,0.3241232967234429,0.3415819286312631,0.4299367403993178,0.4541585285908287,-0.5890981184970309,0.6636963732590796,Rac2
GO_Molecular_Function_2018,cation channel activity (GO:0005261),1/86,0.2766022472969763,0.3428309543962522,0.3754706896539366,0.4653721223879778,-0.9002175683296237,1.1569368748802924,CG42594
GO_Biological_Process_2018,positive regulation of signal transduction (GO:0009967),1/107,0.3317382601930164,0.3487902268384519,0.4390796365100019,0.462730296087824,-0.6063392362805762,0.6690401666710554,apolpp
GO_Molecular_Function_2018,"transcriptional activator activity, RNA polymerase II transcription regulatory region sequence-specific binding (GO:0001228)",1/93,0.2954621237289336,0.3497900073525616,0.3988656133599778,0.4718415087317882,-0.899620827449978,1.0968308717981914,foxo
GO_Molecular_Function_2018,Ras GTPase binding (GO:0017016),1/92,0.2927978601111109,0.3497900073525616,0.3955762323167504,0.4718415087317882,-0.8462516047363802,1.0394278325268074,GEFmeso
GO_Molecular_Function_2018,protein kinase binding (GO:0019901),1/90,0.2874394753851766,0.3497900073525616,0.3889450791501996,0.4718415087317882,-0.860148344218498,1.0723838938339796,Rac2
GO_Molecular_Function_2018,purine ribonucleoside triphosphate binding (GO:0035639),1/94,0.298116483539115,0.3497900073525616,0.4021376494873195,0.4718415087317882,-0.919027298238015,1.1122720730141662,Rac2
GO_Biological_Process_2018,regulation of macromolecule metabolic process (GO:0060255),1/113,0.3467151208877169,0.3636871897423604,0.4569380156021442,0.4804254836938432,-0.6032308227335,0.6389733429338287,bel
GO_Biological_Process_2018,eye morphogenesis (GO:0048592),1/114,0.3491788593015434,0.3654197364783594,0.4598599478854064,0.4823705747049717,-0.3519494460401743,0.3703109996121443,foxo
GO_Biological_Process_2018,protein modification by small protein conjugation (GO:0032446),1/115,0.3516334296378733,0.3671346713156449,0.4627665311291215,0.4842905558328016,-0.6026385576044534,0.6298573542512169,Ubr1
GO_Biological_Process_2018,DNA metabolic process (GO:0006259),1/128,0.3827236966184499,0.3986705173108853,0.4991906160300983,0.5199902250313525,-0.6715136486847276,0.6449498908859841,Top1
GO_Biological_Process_2018,compound eye morphogenesis (GO:0001745),1/131,0.3896867895445811,0.4049862708892875,0.5072474040114949,0.5271624291112534,-0.6620334739242931,0.6239082678848772,foxo
GO_Molecular_Function_2018,actin binding (GO:0003779),1/116,0.3540788655426599,0.4099860548388694,0.4699087976072456,0.5441049235452317,-0.8052038125897364,0.8359912688347363,capu
GO_Biological_Process_2018,imaginal disc development (GO:0007444),1/140,0.4101144012557829,0.4252338261868717,0.5306660441398441,0.5502297692694236,-0.5037281340124703,0.4489825225431075,Dsp1
GO_Biological_Process_2018,"positive regulation of transcription, DNA-templated (GO:0045893)",2/379,0.4171235740987278,0.4305174503312557,0.6069503431446902,0.6144235423294195,-0.4056965210407827,0.3547299869543466,foxo;hb
GO_Biological_Process_2018,sensory organ development (GO:0007423),1/143,0.4167725230739327,0.4305174503312557,0.5382280559903572,0.5567876441279557,-0.4653957681805297,0.4073212242580535,numb
GO_Molecular_Function_2018,RNA polymerase II regulatory region DNA binding (GO:0001012),1/127,0.3803852925761389,0.4347260486584444,0.5009415208515249,0.5725045952588856,-0.8449682362000089,0.816721465275147,foxo
GO_Molecular_Function_2018,"transcription factor activity, RNA polymerase II core promoter proximal region sequence-specific binding (GO:0000982)",1/134,0.3965723719946631,0.4474149837888506,0.5197653467751857,0.5864019296950813,-0.7950791489732356,0.7353661029606104,foxo
GO_Biological_Process_2018,chemical synaptic transmission (GO:0007268),1/154,0.440557323671702,0.4536631479456885,0.5649512549353126,0.5830918915616758,-0.4665057163353108,0.3824015974562219,Frq2
GO_Molecular_Function_2018,protein homodimerization activity (GO:0042803),1/139,0.407878405107269,0.4543455651827806,0.5327878834865308,0.593485237301452,-0.7403816444744682,0.6639640235027574,robo2
GO_Biological_Process_2018,regulation of cell proliferation (GO:0042127),1/155,0.4426715129882878,0.4547994996455012,0.5673043840078821,0.5841807157975903,-0.667891437214147,0.5442829587147686,foxo
GO_Biological_Process_2018,post-embryonic appendage morphogenesis (GO:0035120),1/161,0.4551921045403095,0.4655373796434984,0.5811644346037468,0.5957266413933623,-0.5630506217072744,0.4431409634757288,GEFmeso
GO_Biological_Process_2018,organelle assembly (GO:0070925),1/161,0.4551921045403095,0.4655373796434984,0.5811644346037468,0.5957266413933623,-0.4056647099689586,0.3192726257519447,unc-119
GO_Biological_Process_2018,cellular protein localization (GO:0034613),1/164,0.4613479128182476,0.4696981012855462,0.5879309755912877,0.5999295669298854,-0.622950136723626,0.4819159881216636,RabX1
GO_Biological_Process_2018,ubiquitin-dependent protein catabolic process (GO:0006511),1/164,0.4613479128182476,0.4696981012855462,0.5879309755912877,0.5999295669298854,-0.4702461088325678,0.3637837201389919,CG18467
GO_Molecular_Function_2018,ATPase activity (GO:0016887),1/148,0.4277049949126363,0.4704754944039,0.5553714985122261,0.6109086483634487,-0.6988729487110433,0.5935678807050397,Myo81F
GO_Biological_Process_2018,protein ubiquitination (GO:0016567),1/168,0.4694490182671121,0.4768669485783306,0.596787250409533,0.6075888296024656,-0.4278044426566642,0.3235038258693064,Ubr1
GO_Biological_Process_2018,imaginal disc-derived appendage morphogenesis (GO:0035114),1/170,0.4734543714622451,0.4798524035090322,0.6011454338313089,0.6106443458783049,-0.5180032538643722,0.3873108958442177,GEFmeso
GO_Biological_Process_2018,intracellular protein transport (GO:0006886),1/173,0.4794065237353236,0.4847931138896531,0.6075966140813149,0.6144235423294195,-0.526745891748884,0.3872669238965971,RabX1
GO_Molecular_Function_2018,"phosphotransferase activity, alcohol group as acceptor (GO:0016773)",1/158,0.4489668951898569,0.4877665034161409,0.579224342329724,0.6292807669755027,-0.5044150035540236,0.4039386239074959,Hex-A
KEGG_2019,Ribosome biogenesis in eukaryotes,1/178,0.4891795899772043,0.4891795899772043,0.6515563718880941,0.6515563718880941,3.879873984536792,-2.774209213100553,prage
GO_Molecular_Function_2018,protein serine/threonine kinase activity (GO:0004674),1/172,0.4774298867163204,0.512363780866295,0.6105463600577558,0.6552204839644207,-0.6241195383317857,0.4614352687281918,Rok
GO_Biological_Process_2018,compound eye development (GO:0048749),1/198,0.5264939769905722,0.5312158960667208,0.6575395758899891,0.6634367918172535,-0.5392743701954434,0.3459528063962541,foxo
GO_Biological_Process_2018,defense response to bacterium (GO:0042742),1/216,0.5577696610018243,0.5615130815454608,0.6895988505209272,0.6942270307257657,-0.5808579672151986,0.3391102226716551,Rac2
GO_Molecular_Function_2018,transcription regulatory region sequence-specific DNA binding (GO:0000976),1/204,0.5371543493180203,0.5695130450600697,0.6738921662630947,0.7144880798934017,-0.7096559236213614,0.4410297227044112,foxo
GO_Molecular_Function_2018,zinc ion binding (GO:0008270),1/211,0.5492924322460286,0.5754492147339347,0.6863540814360283,0.7190376091234582,-0.5381348938442514,0.3224097000909467,Ubr1
GO_Biological_Process_2018,protein phosphorylation (GO:0006468),1/235,0.5885723479264582,0.59119990305113,0.7202590108758986,0.7234744528887374,-0.4866765318294382,0.2579655352759736,Rok
GO_Molecular_Function_2018,protein kinase activity (GO:0004672),1/228,0.5774784617905195,0.5958097999902309,0.7147285142301676,0.7362024660195684,-0.5791399508563676,0.3179965577335931,Rok
GO_Molecular_Function_2018,ubiquitin-protein transferase activity (GO:0004842),1/231,0.5822686681722711,0.5958097999902309,0.7194705917918509,0.7362024660195684,-0.5380613202714963,0.2909961034625107,Ubr1
GO_Molecular_Function_2018,transition metal ion binding (GO:0046914),1/242,0.5993787317298004,0.6062681424393384,0.7362135377516726,0.7446757623235309,-0.5378937090107828,0.2753271384662528,Ubr1
GO_Biological_Process_2018,phosphorylation (GO:0016310),1/258,0.6230385600652699,0.6244261737847917,0.7534358460736477,0.7551138769112283,-0.5153642957574182,0.2438430023879353,Rok
GO_Biological_Process_2018,cellular protein modification process (GO:0006464),1/391,0.7731680370090839,0.7731680370090839,0.8820715279021105,0.8820715279021105,-0.2922814246579089,0.0751919893461812,Rok
GO_Molecular_Function_2018,RNA binding (GO:0003723),1/401,0.7816979611595026,0.7816979611595026,0.8930726690594888,0.8930726690594888,-0.5227840500268156,0.1287548379426739,Sxl
