Gene_set,Term,Overlap,P-value,Adjusted P-value,Old P-value,Old Adjusted P-value,Z-score,Combined Score,Genes
GO_Biological_Process_2018,negative regulation of signal transduction (GO:0009968),11/146,1.34253598e-08,1.0069019863e-05,8.7161894851e-06,0.0065371421138868,-1.077388585572256,19.528875214139287,HDAC4;dally;gro;nkd;swm;sty;cdi;Smr;InR;tow;numb
GO_Biological_Process_2018,axon development (GO:0061564),7/66,6.237510932e-07,0.000233906659962,5.64295929211e-05,0.0211610973454403,-2.0937127736919354,29.91395148148469,dally;pros;Con;ckn;Fas2;fax;Ptp99A
GO_Biological_Process_2018,regulation of multicellular organismal development (GO:2000026),6/48,1.5236102935e-06,0.0003809025733865,8.53487236547e-05,0.0213371809136768,-1.923903858845175,25.769591420512494,dally;robo2;sty;Top1;Yp3;numb
GO_Biological_Process_2018,nervous system development (GO:0007399),11/246,2.5819171651e-06,0.0003872875747696,0.000728389230779,0.0859531338701134,-1.0917409108862597,14.04740666169723,unc-119;pros;glec;gro;mbl;fru;tou;InR;RabX1;numb;stai
GO_Biological_Process_2018,axon guidance (GO:0007411),11/242,2.2032812802e-06,0.0003872875747696,0.0006392338655361,0.0859531338701134,-1.0584996243368046,13.787553349373113,RhoGAP93B;dally;grn;pros;robo2;egh;ckn;beat-Ic;Fas2;InR;Ptp99A
GO_Biological_Process_2018,cell morphogenesis involved in neuron differentiation (GO:0048667),9/160,3.3963235501e-06,0.000424540443763,0.0004783884235948,0.0859531338701134,-0.9686791510646852,12.19839930061224,CG9705;fs(1)h;dally;pros;ckn;ninaE;fru;Fas2;fax
GO_Biological_Process_2018,axonogenesis (GO:0007409),9/212,3.25494550512e-05,0.0030515114110581,0.0031324993252289,0.1836557056737193,-1.0775813807656938,11.134378938126217,RhoGAP93B;dally;pros;robo2;egh;ckn;beat-Ic;InR;fax
GO_Biological_Process_2018,neuron development (GO:0048666),5/49,3.24419845391e-05,0.0030515114110581,0.0008022292494543,0.0859531338701134,-1.5424105936307309,15.942444052100653,egh;fru;Fas2;sqz;stai
GO_Biological_Process_2018,oogenesis (GO:0048477),9/216,3.76709902144e-05,0.0031392491845394,0.0035295790924017,0.1836557056737193,-1.0990903662648086,11.196016181630403,ari-1;dally;bel;Top1;Dp;InR;qm;sqz;capu
GO_Biological_Process_2018,dendrite morphogenesis (GO:0048813),7/141,9.47828288931e-05,0.0071087121669867,0.0040138094520712,0.1836557056737193,-1.180694506145567,10.937862158981282,CG9705;fs(1)h;Toll-6;dally;pros;fru;sqz
GO_Biological_Process_2018,negative regulation of response to stimulus (GO:0048585),4/37,0.0001655869753053,0.0103491859565858,0.0022538285001115,0.1836557056737193,-1.830718232695184,15.938258510156802,sty;Cbp53E;InR;Rok
GO_Biological_Process_2018,regulation of canonical Wnt signaling pathway (GO:0060828),5/68,0.0001581872079891,0.0103491859565858,0.0031051303670673,0.1836557056737193,-1.5473015463834785,13.5415674755874,flw;dally;gro;nkd;apolpp
GO_Biological_Process_2018,regulation of gene expression (GO:0010468),12/458,0.000179456467222,0.0103532577243519,0.0260481510745075,0.326525487505136,-1.0022291836494723,8.644805899114958,HDAC4;Dsp1;Pitslre;pros;gro;mbl;bel;swm;Dp;Rga;Met;numb
GO_Biological_Process_2018,"regulation of transcription, DNA-templated (GO:0006355)",14/623,0.0002558484436686,0.0117885482271561,0.0505493247250645,0.3616188473644508,-1.0198010311157637,8.434698155049796,HDAC4;Mnn1;fs(1)h;gro;fru;tth;Dp;Rga;luna;Dsp1;pros;Smr;Eip93F;Met
GO_Biological_Process_2018,regulation of developmental growth (GO:0048638),5/76,0.0002672070931488,0.0117885482271561,0.0048609908970457,0.1836557056737193,-1.0913318050903162,8.978917770272748,dally;Cip4;Fas2;InR;Rok
GO_Biological_Process_2018,motor neuron axon guidance (GO:0008045),5/75,0.0002511304712432,0.0117885482271561,0.0046100861638501,0.1836557056737193,-1.5449241580711064,12.80670743532023,dally;grn;beat-Ic;Fas2;Ptp99A
GO_Biological_Process_2018,regulation of smoothened signaling pathway (GO:0008589),4/40,0.0002251679971621,0.0117885482271561,0.0029281390147686,0.1836557056737193,-1.6598735154798692,13.94071957436206,gro;apolpp;swm;tow
GO_Biological_Process_2018,rhabdomere development (GO:0042052),4/43,0.0002988030708341,0.0124501279514221,0.0037289196921974,0.1836557056737193,-1.724295922907501,13.993912955855022,mbl;ninaE;Rip11;eys
GO_Biological_Process_2018,neuron projection morphogenesis (GO:0048812),7/180,0.0004248702835375,0.0167711954027991,0.0138237468601972,0.2658412857730235,-1.1311020745434024,8.781567320945326,CG9705;fs(1)h;dally;pros;ckn;fru;fax
GO_Biological_Process_2018,negative regulation of gene expression (GO:0010629),8/245,0.0005341709908313,0.0200314121561773,0.0220514752771115,0.326525487505136,-1.0258170629225083,7.729320828043808,Dsp1;fs(1)h;pros;gro;Smr;tth;Rga;numb
GO_Biological_Process_2018,negative regulation of smoothened signaling pathway (GO:0045879),3/22,0.0005735251363233,0.0204830405829763,0.004570325722743,0.1836557056737193,-2.2794094564304275,17.01284840205972,gro;swm;tow
GO_Biological_Process_2018,regulation of cytokinetic process (GO:0032954),2/6,0.0008217616932363,0.0225687783641098,0.0048974854846325,0.1836557056737193,-3.804640576694035,27.02839537601804,flw;Rok
GO_Biological_Process_2018,regulation of response to wounding (GO:1903034),2/6,0.0008217616932363,0.0225687783641098,0.0048974854846325,0.1836557056737193,-4.647962710754772,33.0194065134083,Cbp53E;Rok
GO_Biological_Process_2018,regulated exocytosis (GO:0045055),2/6,0.0008217616932363,0.0225687783641098,0.0048974854846325,0.1836557056737193,-4.6165284906250745,32.79609592391222,Scp2;Rip11
GO_Biological_Process_2018,embryonic heart tube development (GO:0035050),3/24,0.0007455411007195,0.0225687783641098,0.0056986099520454,0.189593782363973,-2.4163836963156493,17.401346259926875,robo2;qm;numb
GO_Biological_Process_2018,non-sensory hair organization (GO:0035316),3/25,0.0008425677255934,0.0225687783641098,0.0063197927454657,0.189593782363973,-2.5705579806254963,18.197125213525123,Cip4;tow;Rok
GO_Biological_Process_2018,neuroblast differentiation (GO:0014016),3/25,0.0008425677255934,0.0225687783641098,0.0063197927454657,0.189593782363973,-2.7859411632499804,19.72183493516757,pros;sqz;numb
GO_Biological_Process_2018,dendrite guidance (GO:0070983),3/25,0.0008425677255934,0.0225687783641098,0.0063197927454657,0.189593782363973,-2.693218799324911,19.06544808096872,Toll-6;pros;sqz
GO_Biological_Process_2018,axon midline choice point recognition (GO:0016199),3/26,0.0009472553198039,0.023681382995098,0.0069798493691954,0.2013418087267927,-1.981117500248309,13.792424918013932,RhoGAP93B;fru;eIF2beta
GO_Biological_Process_2018,regulation of transcription from RNA polymerase II promoter (GO:0006357),13/630,0.0009411333424045,0.023681382995098,0.0978599619417404,0.3616188473644508,-0.9839708182845752,6.856727563318495,Mnn1;gro;fru;tth;Dp;luna;Dsp1;dally;pros;sty;Smr;tou;Met
GO_Biological_Process_2018,female gamete generation (GO:0007292),7/208,0.0009986301534482,0.0241604069382635,0.0273940917062825,0.326525487505136,-0.9610648927865856,6.6401185005539896,ari-1;bel;Top1;Dp;qm;sqz;capu
GO_Biological_Process_2018,negative regulation of response to wounding (GO:1903035),2/7,0.0011448034159346,0.026830009748094,0.0062408662340998,0.189593782363973,-4.621012659169822,31.29591149471232,Cbp53E;Rok
GO_Biological_Process_2018,axon choice point recognition (GO:0016198),3/28,0.0011805204289161,0.026830009748094,0.0084188430563175,0.225504724722791,-2.4360904573653146,16.423634392795158,RhoGAP93B;fru;eIF2beta
GO_Biological_Process_2018,regulation of axonogenesis (GO:0050770),3/29,0.0013095357132864,0.0288868172048489,0.009198797441793,0.2266060209625315,-2.005107576516461,13.310069758770698,sif;pros;Rok
GO_Biological_Process_2018,cell-cell adhesion via plasma-membrane adhesion molecules (GO:0098742),4/64,0.0013620513651503,0.0291868149675069,0.0136943717166783,0.2658412857730235,-1.7408632241463091,11.487544456411314,glec;Con;beat-Ic;Fas2
GO_Biological_Process_2018,embryonic organ development (GO:0048568),3/31,0.0015933799844163,0.0314482891661127,0.010881842641806,0.2387184165819262,-2.4829828198176145,15.995121422029486,robo2;qm;numb
GO_Biological_Process_2018,regulation of cellular protein localization (GO:1903827),2/8,0.0015188955224798,0.0314482891661127,0.0077319001541123,0.2147750042808997,-4.377752700647394,28.410616191243285,pros;Asap
GO_Biological_Process_2018,neuroblast fate commitment (GO:0014017),3/31,0.0015933799844163,0.0314482891661127,0.010881842641806,0.2387184165819262,-2.320848917127757,14.95067140028416,pros;nkd;numb
GO_Biological_Process_2018,eye morphogenesis (GO:0048592),5/114,0.0016914037189028,0.0325269945942849,0.0231104669582761,0.326525487505136,-2.0353824804974274,12.990210926717156,cindr;pros;sty;Fas2;Asap
GO_Biological_Process_2018,defasciculation of motor neuron axon (GO:0007415),2/9,0.0019432643420527,0.0355475184521842,0.0093663821997846,0.2266060209625315,-2.4044400776016546,15.01184768528852,beat-Ic;Ptp99A
GO_Biological_Process_2018,muscle cell fate specification (GO:0042694),2/9,0.0019432643420527,0.0355475184521842,0.0093663821997846,0.2266060209625315,-3.5912683772936806,22.421674958396515,pcs;numb
GO_Biological_Process_2018,negative regulation of cellular macromolecule biosynthetic process (GO:2000113),6/179,0.0023353160844333,0.0398665582380676,0.0405761644007596,0.3616188473644508,-1.334068770422987,8.083933832435944,Dsp1;fs(1)h;gro;Smr;tth;Rga
GO_Biological_Process_2018,regulation of GTPase activity (GO:0043087),4/75,0.0024451489052681,0.0398665582380676,0.0225596913013035,0.326525487505136,-1.246298277813828,7.494800711078842,sif;RhoGAP93B;Asap;Dhit
GO_Biological_Process_2018,regulation of cell cycle (GO:0051726),5/122,0.0022770421242786,0.0398665582380676,0.0295586154179483,0.3295497111149313,-1.2215887873118223,7.4332187273939745,Mnn1;Pitslre;dally;Smr;Dp
GO_Biological_Process_2018,regulation of myotube differentiation (GO:0010830),2/10,0.0024171448033303,0.0398665582380676,0.0111401927738232,0.2387184165819262,-3.32885107366441,20.056887860268724,mspo;Rok
GO_Biological_Process_2018,regulation of syncytium formation by plasma membrane fusion (GO:0060142),2/10,0.0024171448033303,0.0398665582380676,0.0111401927738232,0.2387184165819262,-3.3278893895553185,20.05109355169012,mspo;Rok
GO_Biological_Process_2018,positive regulation of canonical Wnt signaling pathway (GO:0090263),3/37,0.0026653433557939,0.0425320748264984,0.0169401807532917,0.294164484956907,-1.4947363573394068,8.859933752711319,flw;dally;apolpp
GO_Biological_Process_2018,compound eye photoreceptor development (GO:0042051),4/78,0.0028203539047258,0.0434367357048871,0.0254652780093085,0.326525487505136,-1.3177877484600935,7.7365907411181185,mbl;ninaE;Rip11;eys
GO_Biological_Process_2018,germ-line stem-cell niche homeostasis (GO:0060250),2/11,0.0029397803492538,0.0434367357048871,0.0130492962127094,0.2645127610684338,-3.2220052814792277,18.782423354011385,InR;CG46339
GO_Biological_Process_2018,regulation of myoblast fusion (GO:1901739),2/11,0.0029397803492538,0.0434367357048871,0.0130492962127094,0.2645127610684338,-3.341410924946454,19.478489049294776,mspo;Rok
GO_Biological_Process_2018,peripheral nervous system development (GO:0007422),4/79,0.0029536980279323,0.0434367357048871,0.0264816627607019,0.326525487505136,-1.3419151552597128,7.816249615085532,pros;mbl;RabX1;numb
GO_Biological_Process_2018,response to endoplasmic reticulum stress (GO:0034976),3/39,0.0031008801998722,0.0447242336520042,0.0193022771088956,0.318737526732459,-1.7758951445468183,10.25769337533315,Calx;Marf;eIF2beta
GO_Biological_Process_2018,negative regulation of nucleic acid-templated transcription (GO:1903507),5/132,0.0032014669216192,0.0453037771927254,0.0390845514977655,0.3531736581123392,-1.3164595232578105,7.561935916909144,Dsp1;fs(1)h;gro;Smr;tth
GO_Biological_Process_2018,epithelial cell morphogenesis involved in gastrulation (GO:0003381),2/12,0.0035104228557789,0.0478694025788038,0.0150897392961327,0.2760318163926716,-3.398143688460457,19.206371934219742,RhoGAP71E;Rok
GO_Biological_Process_2018,apical constriction involved in gastrulation (GO:0003384),2/12,0.0035104228557789,0.0478694025788038,0.0150897392961327,0.2760318163926716,-3.4747592325944234,19.639404428277185,RhoGAP71E;Rok
GO_Biological_Process_2018,positive regulation of Wnt signaling pathway (GO:0030177),3/43,0.0040968971556239,0.0513785611120389,0.0245461376672501,0.326525487505136,-1.4335422551236718,7.880934935280501,flw;dally;apolpp
GO_Biological_Process_2018,heart development (GO:0007507),4/87,0.0041787896371125,0.0513785611120389,0.0354874940816993,0.3522354571899546,-1.2093137607329378,6.624298662284729,grn;robo2;qm;numb
GO_Biological_Process_2018,regulation of protein modification process (GO:0031399),2/13,0.004128332546736,0.0513785611120389,0.0172576497841385,0.294164484956907,-2.7873388217431176,15.302160375933948,CG17124;Rok
GO_Biological_Process_2018,axonal defasciculation (GO:0007414),2/13,0.004128332546736,0.0513785611120389,0.0172576497841385,0.294164484956907,-1.9602736417302031,10.761670383406347,beat-Ic;Ptp99A
GO_Biological_Process_2018,muscle organ development (GO:0007517),3/43,0.0040968971556239,0.0513785611120389,0.0245461376672501,0.326525487505136,-1.4734288797482231,8.100212666599923,pcs;mbl;fru
GO_Biological_Process_2018,epithelium development (GO:0060429),4/85,0.0038452321593288,0.0513785611120389,0.0330892274295912,0.3446794523915751,-1.020393647680134,5.674328768042579,B4;robo2;qm;numb
GO_Biological_Process_2018,imaginal disc-derived wing hair organization (GO:0035317),3/45,0.0046596292095914,0.0554717763046598,0.0274281409504314,0.326525487505136,-1.4033670460545218,7.5344242260620975,Cip4;tow;Rok
GO_Biological_Process_2018,regulation of neurogenesis (GO:0050767),3/45,0.0046596292095914,0.0554717763046598,0.0274281409504314,0.326525487505136,-1.683520026425942,9.038514982823337,ari-1;pros;numb
GO_Biological_Process_2018,anesthesia-resistant memory (GO:0007615),2/14,0.004792777913529,0.0561653661741683,0.0195492349729241,0.318737526732459,-2.611523316888177,13.947219194033124,Dop2R;Rgk1
GO_Biological_Process_2018,male germ-line stem cell population maintenance (GO:0036098),2/16,0.006258390495252,0.0711180738096818,0.0244886478550769,0.326525487505136,-2.6386931856032336,13.388286546853337,bel;CG46339
GO_Biological_Process_2018,muscle cell fate commitment (GO:0042693),2/16,0.006258390495252,0.0711180738096818,0.0244886478550769,0.326525487505136,-2.5836873299742384,13.109196063376958,pcs;numb
GO_Biological_Process_2018,neuromuscular junction development (GO:0007528),3/51,0.0066186143286495,0.0740889663654802,0.0371072553224518,0.3531736581123392,-1.61162834858653,8.086940327734984,Fas2;Vap33;Frq2
GO_Biological_Process_2018,neuron projection fasciculation (GO:0106030),2/17,0.0070581353048086,0.0745577673043162,0.0271292751939253,0.326525487505136,-2.9202313596330107,14.465583256956975,Con;Fas2
GO_Biological_Process_2018,regulation of neuron remodeling (GO:1904799),2/17,0.0070581353048086,0.0745577673043162,0.0271292751939253,0.326525487505136,-2.411742437047511,11.946745555746451,Fas2;InR
GO_Biological_Process_2018,"negative regulation of female receptivity, post-mating (GO:0045434)",2/17,0.0070581353048086,0.0745577673043162,0.0271292751939253,0.326525487505136,-2.9622009627712043,14.673482807947783,SPR;egh
GO_Biological_Process_2018,regulation of neural precursor cell proliferation (GO:2000177),2/17,0.0070581353048086,0.0745577673043162,0.0271292751939253,0.326525487505136,-2.9037362266081077,14.383873388552471,pros;numb
GO_Biological_Process_2018,regulation of signal transduction (GO:0009966),4/102,0.0073195475860948,0.0762452873551546,0.0566204048745304,0.3616188473644508,-1.0621628628389654,5.222874407351667,lqf;sty;InR;numb
GO_Biological_Process_2018,regulation of oviposition (GO:0046662),2/18,0.007901570821827,0.0769633521606532,0.0298791738077537,0.3295497111149313,-2.5720322054302907,12.450420095772756,SPR;egh
GO_Biological_Process_2018,generation of neurons (GO:0048699),3/54,0.0077557150236075,0.0769633521606532,0.0425200310053817,0.3616188473644508,-1.413452286331742,6.868424434082103,pros;robo2;numb
GO_Biological_Process_2018,regulation of feeding behavior (GO:0060259),2/18,0.007901570821827,0.0769633521606532,0.0298791738077537,0.3295497111149313,-2.440592049122856,11.814158559067844,InR;5-HT2A
GO_Biological_Process_2018,positive regulation of endocytosis (GO:0045807),2/18,0.007901570821827,0.0769633521606532,0.0298791738077537,0.3295497111149313,-2.2534014725818654,10.908026314306415,cindr;numb
GO_Biological_Process_2018,axo-dendritic transport (GO:0008088),2/18,0.007901570821827,0.0769633521606532,0.0298791738077537,0.3295497111149313,-2.283523660105745,11.053838597715677,Vap33;stai
GO_Biological_Process_2018,female germ-line stem cell asymmetric division (GO:0048132),2/19,0.0087880056747337,0.0823875532006287,0.032734927886116,0.3446794523915751,-2.657523236000842,12.58169158247396,dally;InR
GO_Biological_Process_2018,negative regulation of small GTPase mediated signal transduction (GO:0051058),2/19,0.0087880056747337,0.0823875532006287,0.032734927886116,0.3446794523915751,-1.2344638289237306,5.8444054053167855,Lk6;sty
GO_Biological_Process_2018,negative regulation of female receptivity (GO:0007621),2/19,0.0087880056747337,0.0823875532006287,0.032734927886116,0.3446794523915751,-2.7980256612624816,13.24688169531442,SPR;egh
GO_Biological_Process_2018,embryo development ending in birth or egg hatching (GO:0009792),3/57,0.00900119588423,0.0833444063354633,0.0483067302663844,0.3616188473644508,-1.5198417414913208,7.159059247823778,cdi;InR;Yp3
GO_Biological_Process_2018,positive regulation of neurogenesis (GO:0050769),2/20,0.009716756283019,0.0837651403708535,0.0356931929952487,0.3522354571899546,-2.498074377471777,11.575835431017993,ari-1;pros
GO_Biological_Process_2018,central nervous system development (GO:0007417),5/170,0.0092126339051198,0.0837651403708535,0.090782369858051,0.3616188473644508,-1.1307682750908588,5.300113862896827,pros;robo2;Dmtn;fru;numb
GO_Biological_Process_2018,positive regulation of GTPase activity (GO:0043547),3/58,0.0094408079083616,0.0837651403708535,0.0503173950252699,0.3616188473644508,-1.3157736293074658,6.135075752435995,RhoGAP93B;Rgl;Dhit
GO_Biological_Process_2018,imaginal disc-derived wing morphogenesis (GO:0007476),6/240,0.0095802738621931,0.0837651403708535,0.1194797554593563,0.3616188473644508,-0.995331656777456,4.626350412023648,flw;dally;fru;Cip4;tow;Rok
GO_Biological_Process_2018,regulation of organelle organization (GO:0033043),2/20,0.009716756283019,0.0837651403708535,0.0356931929952487,0.3522354571899546,-2.0743583311001457,9.612376189566724,Asap;stai
GO_Biological_Process_2018,negative regulation of Ras protein signal transduction (GO:0046580),2/20,0.009716756283019,0.0837651403708535,0.0356931929952487,0.3522354571899546,-2.269367055817244,10.51602778829232,Lk6;sty
GO_Biological_Process_2018,axonal fasciculation (GO:0007413),2/21,0.0106871467810509,0.0838422294599356,0.0387506947990779,0.3531736581123392,-2.679840854182577,12.163029849308394,Con;Fas2
GO_Biological_Process_2018,formation of animal organ boundary (GO:0010160),2/21,0.0106871467810509,0.0838422294599356,0.0387506947990779,0.3531736581123392,-2.2990843007719324,10.434884942036994,dally;robo2
GO_Biological_Process_2018,endoplasmic reticulum organization (GO:0007029),2/21,0.0106871467810509,0.0838422294599356,0.0387506947990779,0.3531736581123392,-2.1517377874974435,9.766121333798106,ari-1;Marf
GO_Biological_Process_2018,neuroblast development (GO:0014019),2/21,0.0106871467810509,0.0838422294599356,0.0387506947990779,0.3531736581123392,-2.276808558837096,10.333781731506402,sqz;numb
GO_Biological_Process_2018,male courtship behavior (GO:0008049),4/113,0.0104134563439198,0.0838422294599356,0.0756025541871152,0.3616188473644508,-1.0845836634615118,4.950751793240627,pros;egh;fru;tipE
GO_Biological_Process_2018,positive regulation of macromolecule metabolic process (GO:0010604),3/60,0.0103571297598104,0.0838422294599356,0.0544594573798546,0.3616188473644508,-1.7093989110000536,7.812089998683014,pros;swm;Dp
GO_Biological_Process_2018,regulation of macromolecule metabolic process (GO:0060255),4/113,0.0104134563439198,0.0838422294599356,0.0756025541871152,0.3616188473644508,-1.3286485201675424,6.064824010729155,Pitslre;pros;mbl;bel
GO_Biological_Process_2018,regulation of nucleic acid-templated transcription (GO:1903506),6/246,0.0107318053708717,0.0838422294599356,0.1297874712632435,0.3616188473644508,-1.1805835640709577,5.353407505396163,HDAC4;Dsp1;pros;gro;Rga;Met
GO_Biological_Process_2018,enzyme linked receptor protein signaling pathway (GO:0007167),2/21,0.0106871467810509,0.0838422294599356,0.0387506947990779,0.3531736581123392,-2.217681786909189,10.065422253841918,ckn;sty
GO_Biological_Process_2018,stem cell development (GO:0048864),2/22,0.0116985089462224,0.0904523887594521,0.0419042277903936,0.3616188473644508,-1.1409205260517723,5.075149800212358,sqz;numb
GO_Biological_Process_2018,proton transport (GO:0015992),2/23,0.0127501821155555,0.0928411319093852,0.0451506540565941,0.3616188473644508,-2.083243743083037,9.087546113344668,Ucp4A;sun
GO_Biological_Process_2018,"regulation of female receptivity, post-mating (GO:0046008)",2/23,0.0127501821155555,0.0928411319093852,0.0451506540565941,0.3616188473644508,-2.2879395598676684,9.980472195765618,SPR;egh
GO_Biological_Process_2018,hydrogen ion transmembrane transport (GO:1902600),2/23,0.0127501821155555,0.0928411319093852,0.0451506540565941,0.3616188473644508,-2.0331632246046376,8.869084388659905,Ucp4A;sun
GO_Biological_Process_2018,negative regulation of stress-activated MAPK cascade (GO:0032873),2/23,0.0127501821155555,0.0928411319093852,0.0451506540565941,0.3616188473644508,-2.350906960537239,10.255149203255549,flw;Mnn1
GO_Biological_Process_2018,germline stem cell asymmetric division (GO:0098728),2/23,0.0127501821155555,0.0928411319093852,0.0451506540565941,0.3616188473644508,-2.343047312448606,10.220863769936829,dally;InR
GO_Biological_Process_2018,"male courtship behavior, veined wing generated song production (GO:0045433)",2/23,0.0127501821155555,0.0928411319093852,0.0451506540565941,0.3616188473644508,-2.6550300991486617,11.58179811577133,fru;tipE
GO_Biological_Process_2018,morphogenesis of an epithelium (GO:0002009),3/66,0.0134071311800845,0.0966860421640712,0.0678256547537009,0.3616188473644508,-1.494309257334919,6.443414500626872,Toll-6;egh;Rok
GO_Biological_Process_2018,"male courtship behavior, veined wing vibration (GO:0016545)",2/24,0.0138415131167989,0.0979352343169736,0.0484869020585522,0.3616188473644508,-2.5052286815591653,10.722586704883012,fru;tipE
GO_Biological_Process_2018,transport along microtubule (GO:0010970),2/24,0.0138415131167989,0.0979352343169736,0.0484869020585522,0.3616188473644508,-2.0012037189781378,8.565318028182032,Vap33;stai
GO_Biological_Process_2018,negative regulation of signaling (GO:0023057),2/26,0.0161405729341392,0.1025883872932578,0.0554169017872452,0.3616188473644508,-1.871929791586588,7.724366881414021,sty;InR
GO_Biological_Process_2018,negative regulation of cell communication (GO:0010648),2/26,0.0161405729341392,0.1025883872932578,0.0554169017872452,0.3616188473644508,-1.8767344782309885,7.744193032244241,sty;InR
GO_Biological_Process_2018,Rho protein signal transduction (GO:0007266),2/26,0.0161405729341392,0.1025883872932578,0.0554169017872452,0.3616188473644508,-1.9737013200494,8.144318862232032,RhoGAP71E;Rok
GO_Biological_Process_2018,regulation of photoreceptor cell differentiation (GO:0046532),2/25,0.0149718561937239,0.1025883872932578,0.0519099654271731,0.3616188473644508,-2.2067846394293857,9.27198903312652,pros;sty
GO_Biological_Process_2018,glial cell differentiation (GO:0010001),2/26,0.0161405729341392,0.1025883872932578,0.0554169017872452,0.3616188473644508,-2.039559510292976,8.416077357595347,pros;sty
GO_Biological_Process_2018,regulation of cell division (GO:0051302),2/26,0.0161405729341392,0.1025883872932578,0.0554169017872452,0.3616188473644508,-1.9359187390496544,7.988412097629807,cindr;numb
GO_Biological_Process_2018,regulation of Ras protein signal transduction (GO:0046578),3/70,0.0156951580113465,0.1025883872932578,0.0774880988118621,0.3616188473644508,-1.2246619649133546,5.087739366881496,Lk6;Rgl;sty
GO_Biological_Process_2018,regulation of stem cell proliferation (GO:0072091),2/25,0.0149718561937239,0.1025883872932578,0.0519099654271731,0.3616188473644508,-2.3094884207697737,9.70350750449622,pros;numb
GO_Biological_Process_2018,regulation of cellular macromolecule biosynthetic process (GO:2000112),6/266,0.0152779610756552,0.1025883872932578,0.1670822727158073,0.3689614966149232,-1.1507410867310244,4.811644271358091,HDAC4;Dsp1;pros;gro;Rga;Met
GO_Biological_Process_2018,apical constriction (GO:0003383),2/25,0.0149718561937239,0.1025883872932578,0.0519099654271731,0.3616188473644508,-2.2225700556786823,9.338312771171326,RhoGAP71E;Rok
GO_Biological_Process_2018,"tracheal outgrowth, open tracheal system (GO:0007426)",2/26,0.0161405729341392,0.1025883872932578,0.0554169017872452,0.3616188473644508,-2.2040769753980864,9.094945371013212,robo2;sty
GO_Biological_Process_2018,negative regulation of JNK cascade (GO:0046329),2/26,0.0161405729341392,0.1025883872932578,0.0554169017872452,0.3616188473644508,-2.1497283407788284,8.870680126029184,flw;Mnn1
GO_Biological_Process_2018,sensory organ boundary specification (GO:0008052),2/27,0.0173470321905662,0.1066415913354482,0.0590048315971621,0.3616188473644508,-1.8617915342145428,7.548324424882638,dally;numb
GO_Biological_Process_2018,neuroblast fate determination (GO:0007400),2/27,0.0173470321905662,0.1066415913354482,0.0590048315971621,0.3616188473644508,-1.7622388245621396,7.144704505024366,pros;numb
GO_Biological_Process_2018,compound eye morphogenesis (GO:0001745),4/131,0.0171007055477145,0.1066415913354482,0.1126373107146314,0.3616188473644508,-1.0635991640593754,4.327397376462558,cindr;mbl;sty;Asap
GO_Biological_Process_2018,dsRNA transport (GO:0033227),2/27,0.0173470321905662,0.1066415913354482,0.0590048315971621,0.3616188473644508,-2.245994251688855,9.106010504726768,egh;CG8671
GO_Biological_Process_2018,chromatin remodeling (GO:0006338),3/73,0.0175465144542809,0.106990941794396,0.0851098643635518,0.3616188473644508,-1.293160974651016,5.228120446727184,Dsp1;tou;Top1
GO_Biological_Process_2018,homophilic cell adhesion via plasma membrane adhesion molecules (GO:0007156),2/28,0.0185906100175774,0.1124432057514765,0.0626709370022538,0.3616188473644508,-2.2480164278392523,8.95856726211077,Con;Fas2
GO_Biological_Process_2018,"negative regulation of transcription, DNA-templated (GO:0045892)",6/279,0.0188642003791905,0.1131852022751433,0.1935243804001628,0.3818324927128194,-0.8624531328271808,3.4243609467993554,Dsp1;fs(1)h;pros;gro;Smr;tth
GO_Biological_Process_2018,mitotic sister chromatid segregation (GO:0000070),3/76,0.0195145781484448,0.1161582032645526,0.09303907433366,0.3616188473644508,-1.1852060036465164,4.665674244625971,bel;luna;Rok
GO_Biological_Process_2018,adenylate cyclase-activating G-protein coupled receptor signaling pathway (GO:0007189),2/29,0.0198706895953981,0.1164298218480361,0.0664124607229848,0.3616188473644508,-1.8010979561009506,7.0576194832302,Ac3;Dop2R
GO_Biological_Process_2018,heterophilic cell-cell adhesion via plasma membrane cell adhesion molecules (GO:0007157),2/29,0.0198706895953981,0.1164298218480361,0.0664124607229848,0.3616188473644508,-1.826907567489228,7.158754691102424,glec;beat-Ic
GO_Biological_Process_2018,negative regulation of cell death (GO:0060548),2/30,0.0211866611585681,0.121297678388749,0.0702267049419834,0.3616188473644508,-1.6338906763631813,6.2976412408402895,Drep2;Met
GO_Biological_Process_2018,actin filament organization (GO:0007015),3/78,0.0208916574613268,0.121297678388749,0.0984895756890381,0.3616188473644508,-1.1618999754011237,4.494700097538733,cindr;cdi;capu
GO_Biological_Process_2018,anatomical structure homeostasis (GO:0060249),2/30,0.0211866611585681,0.121297678388749,0.0702267049419834,0.3616188473644508,-2.0191542072831723,7.7825946321614206,InR;CG46339
GO_Biological_Process_2018,"G-protein coupled receptor signaling pathway, coupled to cyclic nucleotide second messenger (GO:0007187)",2/31,0.0225379219312325,0.1280563746092759,0.0741110302228854,0.3616188473644508,-1.869767739936208,7.091198803357372,Dop2R;5-HT2A
GO_Biological_Process_2018,sensory organ development (GO:0007423),4/143,0.022770048673555,0.1284025301140321,0.1410358181259442,0.3616188473644508,-0.9593666042629112,3.628621192276977,dally;pros;mbl;numb
GO_Biological_Process_2018,stem cell fate determination (GO:0048867),2/32,0.0239238760457022,0.1339022913005724,0.078062854446426,0.3616188473644508,-1.219827593686626,4.553467979809288,pros;numb
GO_Biological_Process_2018,ventral cord development (GO:0007419),3/83,0.0245623527092167,0.1354541509699453,0.1126619812906086,0.3616188473644508,-1.1534807474383026,4.275422974786592,pros;robo2;numb
GO_Biological_Process_2018,mesoderm development (GO:0007498),3/83,0.0245623527092167,0.1354541509699453,0.1126619812906086,0.3616188473644508,-1.0583654163917209,3.9228741589401968,flw;pcs;Cip4
GO_Biological_Process_2018,negative regulation of neuroblast proliferation (GO:0007406),2/33,0.0253439344920093,0.1357710776357644,0.0820796517560203,0.3616188473644508,-1.9038782444603903,6.997163496906733,pros;numb
GO_Biological_Process_2018,regulation of cytoskeleton organization (GO:0051493),2/33,0.0253439344920093,0.1357710776357644,0.0820796517560203,0.3616188473644508,-1.8377697308373069,6.754200439944385,Rok;stai
GO_Biological_Process_2018,pole plasm oskar mRNA localization (GO:0045451),2/33,0.0253439344920093,0.1357710776357644,0.0820796517560203,0.3616188473644508,-1.9877517084191507,7.305416580883589,Pat1;capu
GO_Biological_Process_2018,negative regulation of neural precursor cell proliferation (GO:2000178),2/33,0.0253439344920093,0.1357710776357644,0.0820796517560203,0.3616188473644508,-1.9208276951466068,7.0594563866854205,pros;numb
GO_Biological_Process_2018,negative regulation of ERBB signaling pathway (GO:1901185),2/34,0.0267975150304639,0.1386078363644684,0.0861589515323649,0.3616188473644508,-1.8761511842143084,6.790628121439097,sty;Fas2
GO_Biological_Process_2018,asymmetric neuroblast division (GO:0055059),2/34,0.0267975150304639,0.1386078363644684,0.0861589515323649,0.3616188473644508,-1.7902608128884965,6.479752550326656,pros;numb
GO_Biological_Process_2018,sister chromatid segregation (GO:0000819),2/34,0.0267975150304639,0.1386078363644684,0.0861589515323649,0.3616188473644508,-1.7818540016763622,6.449324550115866,bel;luna
GO_Biological_Process_2018,asymmetric stem cell division (GO:0098722),2/34,0.0267975150304639,0.1386078363644684,0.0861589515323649,0.3616188473644508,-1.4035981690699848,5.080247944985614,pros;numb
GO_Biological_Process_2018,Ras protein signal transduction (GO:0007265),3/85,0.0261218039206684,0.1386078363644684,0.1185386831304405,0.3616188473644508,-1.1819573041546536,4.308216542808275,RhoGAP71E;RabX1;Rok
GO_Biological_Process_2018,neuroblast division (GO:0055057),2/35,0.0282840421438095,0.1423693396500482,0.0902983373683055,0.3616188473644508,-2.0173374496725214,7.192730970666182,pros;numb
GO_Biological_Process_2018,negative regulation of canonical Wnt signaling pathway (GO:0090090),2/35,0.0282840421438095,0.1423693396500482,0.0902983373683055,0.3616188473644508,-1.653320260354125,5.894843147342269,gro;nkd
GO_Biological_Process_2018,cellular protein modification process (GO:0006464),7/391,0.0282779125438616,0.1423693396500482,0.3002332454719121,0.4406411797317689,-0.7840000361465881,2.7954887444497856,flw;Pitslre;Lk6;cdi;InR;Rok;Ptp99A
GO_Biological_Process_2018,negative regulation of epidermal growth factor receptor signaling pathway (GO:0042059),2/35,0.0282840421438095,0.1423693396500482,0.0902983373683055,0.3616188473644508,-1.7862029843765266,6.368630854350617,sty;Fas2
GO_Biological_Process_2018,anterograde trans-synaptic signaling (GO:0098916),3/89,0.0293966125720033,0.1469830628600169,0.1306253539945421,0.3616188473644508,-1.172380899118614,4.134841856555478,nAChRalpha6;Frq2;5-HT2A
GO_Biological_Process_2018,glucose homeostasis (GO:0042593),2/36,0.0298029469521291,0.1470540145664269,0.0944954460874899,0.3616188473644508,-1.6015515866628056,5.626487752538853,Hex-A;InR
GO_Biological_Process_2018,eye photoreceptor cell differentiation (GO:0001754),2/36,0.0298029469521291,0.1470540145664269,0.0944954460874899,0.3616188473644508,-1.786626335789957,6.276682737164946,pros;mbl
GO_Biological_Process_2018,cation transport (GO:0006812),2/37,0.031353667159509,0.1526964309716347,0.098747966751824,0.3616188473644508,-1.8114778956516528,6.272104621004983,GluRIA;nAChRalpha6
GO_Biological_Process_2018,regulation of neuron projection development (GO:0010975),2/37,0.031353667159509,0.1526964309716347,0.098747966751824,0.3616188473644508,-1.807903126341834,6.25972725379506,sif;Rok
GO_Biological_Process_2018,protein phosphorylation (GO:0006468),5/235,0.0322744542474206,0.1561667141004226,0.229933795044959,0.405901207084326,-0.8982809188113843,3.0842288970670557,Pitslre;Lk6;cdi;InR;Rok
GO_Biological_Process_2018,segment polarity determination (GO:0007367),2/38,0.0329356469751218,0.157335893193257,0.1030536396983643,0.3616188473644508,-1.5718778092471404,5.365132887523833,dally;nkd
GO_Biological_Process_2018,negative regulation of stem cell proliferation (GO:2000647),2/38,0.0329356469751218,0.157335893193257,0.1030536396983643,0.3616188473644508,-1.6889661774731026,5.7647788723580415,pros;numb
GO_Biological_Process_2018,protein autophosphorylation (GO:0046777),2/39,0.0345483370735997,0.1629638541207533,0.1074102555996762,0.3616188473644508,-1.5355134803671435,5.167610711240447,Lk6;InR
GO_Biological_Process_2018,regulation of cell morphogenesis involved in differentiation (GO:0010769),2/39,0.0345483370735997,0.1629638541207533,0.1074102555996762,0.3616188473644508,-1.848494226733912,6.220914819616122,sif;Rok
GO_Biological_Process_2018,adenylate cyclase-modulating G-protein coupled receptor signaling pathway (GO:0007188),2/40,0.0361911944939247,0.1675518263607626,0.1118156545259823,0.3616188473644508,-1.5443780846465218,5.125697328862555,Ac3;Dop2R
GO_Biological_Process_2018,negative regulation of Wnt signaling pathway (GO:0030178),2/40,0.0361911944939247,0.1675518263607626,0.1118156545259823,0.3616188473644508,-1.602117190886577,5.3173299255484245,gro;nkd
GO_Biological_Process_2018,regulation of organ growth (GO:0046620),2/40,0.0361911944939247,0.1675518263607626,0.1118156545259823,0.3616188473644508,-1.564244751798745,5.19163359393126,dally;InR
GO_Biological_Process_2018,regulation of cardioblast cell fate specification (GO:0042686),1/6,0.0441700583670561,0.1677203659071106,0.0917398986803364,0.3616188473644508,-4.552344635319624,14.20198657827314,lqf
GO_Biological_Process_2018,regulation of sodium ion transport (GO:0002028),1/7,0.0513409341930918,0.1677203659071106,0.1041459577075418,0.3616188473644508,-4.820444243767325,14.313185572472534,tipE
GO_Biological_Process_2018,negative regulation of cell motility (GO:2000146),1/6,0.0441700583670561,0.1677203659071106,0.0917398986803364,0.3616188473644508,-3.905284434197721,12.18334760696802,CG44774
GO_Biological_Process_2018,protein N-linked glycosylation via asparagine (GO:0018279),1/7,0.0513409341930918,0.1677203659071106,0.1041459577075418,0.3616188473644508,-3.818482380412672,11.338093369035413,CG33303
GO_Biological_Process_2018,optomotor response (GO:0071632),1/6,0.0441700583670561,0.1677203659071106,0.0917398986803364,0.3616188473644508,-3.7023032670822817,11.550105609284053,ninaE
GO_Biological_Process_2018,microtubule depolymerization (GO:0007019),1/7,0.0513409341930918,0.1677203659071106,0.1041459577075418,0.3616188473644508,-3.971950835942915,11.79378217538667,stai
GO_Biological_Process_2018,positive regulation of nurse cell apoptotic process (GO:0045850),1/6,0.0441700583670561,0.1677203659071106,0.0917398986803364,0.3616188473644508,-3.8235244641483335,11.928280363536462,Dp
GO_Biological_Process_2018,"negative regulation of terminal cell fate specification, open tracheal system (GO:0035155)",1/7,0.0513409341930918,0.1677203659071106,0.1041459577075418,0.3616188473644508,-4.030197089033856,11.966730847175535,sty
GO_Biological_Process_2018,"negative regulation of circadian sleep/wake cycle, sleep (GO:0042321)",1/6,0.0441700583670561,0.1677203659071106,0.0917398986803364,0.3616188473644508,-3.901815559189597,12.172525729396437,InR
GO_Biological_Process_2018,temperature compensation of the circadian clock (GO:0010378),1/6,0.0441700583670561,0.1677203659071106,0.0917398986803364,0.3616188473644508,-4.396622002969891,13.716177415802074,eys
GO_Biological_Process_2018,border follicle cell migration (GO:0007298),3/121,0.062859854439644,0.1677203659071106,0.2394930290373377,0.4118902763589072,-0.7835444020977802,2.167947919636996,cindr;egh;stai
GO_Biological_Process_2018,chromatin silencing by small RNA (GO:0031048),1/6,0.0441700583670561,0.1677203659071106,0.0917398986803364,0.3616188473644508,-2.2041806990218853,6.87640045103915,FBXO11
GO_Biological_Process_2018,adrenergic receptor signaling pathway (GO:0071875),1/9,0.0655227562810445,0.1677203659071106,0.1284565601393651,0.3616188473644508,-2.5578206741691414,6.970976455112001,Dop2R
GO_Biological_Process_2018,positive regulation of toll-like receptor signaling pathway (GO:0034123),1/9,0.0655227562810445,0.1677203659071106,0.1284565601393651,0.3616188473644508,-2.5831174046862704,7.039919096246724,Pitslre
GO_Biological_Process_2018,compound eye development (GO:0048749),4/198,0.0621358695057539,0.1677203659071106,0.2973242816520689,0.4406411797317689,-0.7944730421929835,2.2073892028113136,dally;cindr;sty;Asap
GO_Biological_Process_2018,negative regulation of transcription from RNA polymerase II promoter (GO:0000122),4/192,0.056759550138767,0.1677203659071106,0.2789249236881995,0.4340556264749395,-0.7761853613496681,2.2268225184463324,Dsp1;pros;gro;Smr
GO_Biological_Process_2018,phosphorylation (GO:0016310),5/258,0.0451990996484137,0.1677203659071106,0.289559089013986,0.4357878302677636,-0.8592371675635296,2.6607809294888383,Pitslre;Lk6;cdi;InR;Rok
GO_Biological_Process_2018,regulation of fibroblast growth factor receptor signaling pathway (GO:0040036),1/8,0.0584583682884511,0.1677203659071106,0.116384094139796,0.3616188473644508,-2.647124635173693,7.516352715745609,sty
GO_Biological_Process_2018,negative regulation of feeding behavior (GO:2000252),1/9,0.0655227562810445,0.1677203659071106,0.1284565601393651,0.3616188473644508,-2.762334614047456,7.528350110752274,InR
GO_Biological_Process_2018,peripheral nervous system neuron differentiation (GO:0048934),1/9,0.0655227562810445,0.1677203659071106,0.1284565601393651,0.3616188473644508,-2.8042369314786053,7.642548917250721,egh
GO_Biological_Process_2018,negative regulation of response to biotic stimulus (GO:0002832),1/9,0.0655227562810445,0.1677203659071106,0.1284565601393651,0.3616188473644508,-2.805445457894732,7.645842584112233,Dsp1
GO_Biological_Process_2018,digestive system development (GO:0055123),1/9,0.0655227562810445,0.1677203659071106,0.1284565601393651,0.3616188473644508,-2.831005372863343,7.715502497037415,grn
GO_Biological_Process_2018,DNA topological change (GO:0006265),1/7,0.0513409341930918,0.1677203659071106,0.1041459577075418,0.3616188473644508,-2.608958353467697,7.746693702000218,Top1
GO_Biological_Process_2018,negative regulation of retinal cell programmed cell death (GO:0046671),1/9,0.0655227562810445,0.1677203659071106,0.1284565601393651,0.3616188473644508,-2.843239710766041,7.748845444932422,ninaE
GO_Biological_Process_2018,morphogenesis of a polarized epithelium (GO:0001738),2/47,0.0484915851392157,0.1677203659071106,0.1438478948094349,0.3616188473644508,-1.026617742562701,3.10692000280372,tow;Rok
GO_Biological_Process_2018,oocyte development (GO:0048599),1/9,0.0655227562810445,0.1677203659071106,0.1284565601393651,0.3616188473644508,-2.4350888501189187,6.636488324498637,Rok
GO_Biological_Process_2018,regulation of peptide hormone secretion (GO:0090276),1/9,0.0655227562810445,0.1677203659071106,0.1284565601393651,0.3616188473644508,-2.4656771536470816,6.719852395267948,InR
GO_Biological_Process_2018,regulation of Notch signaling pathway (GO:0008593),3/117,0.05799696054198,0.1677203659071106,0.2250077873129418,0.405901207084326,-0.9505225106059696,2.7064842187859868,lqf;Smr;numb
GO_Biological_Process_2018,courtship behavior (GO:0007619),3/109,0.0488371155473104,0.1677203659071106,0.1966284862145027,0.3818324927128194,-0.9096921243477336,2.746601310461517,pros;egh;fru
GO_Biological_Process_2018,cleavage furrow ingression (GO:0036090),1/8,0.0584583682884511,0.1677203659071106,0.116384094139796,0.3616188473644508,-0.9801478538656652,2.783071444897049,Asap
GO_Biological_Process_2018,regulation of actin filament bundle assembly (GO:0032231),1/8,0.0584583682884511,0.1677203659071106,0.116384094139796,0.3616188473644508,-0.9927307579469732,2.8187998514884143,Rok
GO_Biological_Process_2018,positive regulation of nucleocytoplasmic transport (GO:0046824),1/9,0.0655227562810445,0.1677203659071106,0.1284565601393651,0.3616188473644508,-2.848808201718686,7.764021575031535,swm
GO_Biological_Process_2018,positive regulation of MyD88-dependent toll-like receptor signaling pathway (GO:0034126),1/9,0.0655227562810445,0.1677203659071106,0.1284565601393651,0.3616188473644508,-2.8736632959808954,7.831760599366277,Pitslre
GO_Biological_Process_2018,regulation of mitochondrial fission (GO:0090140),1/9,0.0655227562810445,0.1677203659071106,0.1284565601393651,0.3616188473644508,-2.8837538630450155,7.85926100474382,Marf
GO_Biological_Process_2018,neuromuscular process (GO:0050905),1/9,0.0655227562810445,0.1677203659071106,0.1284565601393651,0.3616188473644508,-2.908467738642433,7.926615157692844,Calx
GO_Biological_Process_2018,positive regulation of apoptotic process involved in development (GO:1904747),1/8,0.0584583682884511,0.1677203659071106,0.116384094139796,0.3616188473644508,-2.797787663101046,7.944151408741383,Dp
GO_Biological_Process_2018,negative regulation of multi-organism process (GO:0043901),1/9,0.0655227562810445,0.1677203659071106,0.1284565601393651,0.3616188473644508,-2.9340037004132404,7.996209789584214,Dsp1
GO_Biological_Process_2018,syncytial nuclear migration (GO:0035190),1/8,0.0584583682884511,0.1677203659071106,0.116384094139796,0.3616188473644508,-2.8244689067456927,8.019911210702785,Rok
GO_Biological_Process_2018,female mating behavior (GO:0060180),1/9,0.0655227562810445,0.1677203659071106,0.1284565601393651,0.3616188473644508,-2.947897011491079,8.034074032916527,InR
GO_Biological_Process_2018,regulation of synaptic growth at neuromuscular junction (GO:0008582),3/110,0.0499400645005867,0.1677203659071106,0.2001265510615816,0.3858481061598617,-1.0938354417258294,3.278150112702509,Cip4;Fas2;Liprin-gamma
GO_Biological_Process_2018,circulatory system development (GO:0072359),2/55,0.0641037374991112,0.1677203659071106,0.1824227600193354,0.3758277946649394,-1.195426316653846,3.284138067816808,grn;numb
GO_Biological_Process_2018,establishment of planar polarity (GO:0001736),2/53,0.0600577564080202,0.1677203659071106,0.1726267487735769,0.3689614966149232,-1.1765660172038774,3.3090314160882985,tow;Rok
GO_Biological_Process_2018,detection of UV (GO:0009589),1/7,0.0513409341930918,0.1677203659071106,0.1041459577075418,0.3616188473644508,-1.1175584465685071,3.3183293125942166,ninaE
GO_Biological_Process_2018,regulation of protein phosphorylation (GO:0001932),2/49,0.0522479330572098,0.1677203659071106,0.1533263912825271,0.3616188473644508,-1.1557053353644728,3.4113589416683667,InR;Rok
GO_Biological_Process_2018,male mating behavior (GO:0060179),3/101,0.0404561305204673,0.1677203659071106,0.1692479123056221,0.3689614966149232,-1.064175762034109,3.413383225914795,pros;egh;fru
GO_Biological_Process_2018,regulation of synapse assembly (GO:0051963),2/46,0.0466522360524953,0.1677203659071106,0.1391575319085134,0.3616188473644508,-0.9640957364772084,2.9549866167749657,Cip4;Fas2
GO_Biological_Process_2018,cellular glucose homeostasis (GO:0001678),1/6,0.0441700583670561,0.1677203659071106,0.0917398986803364,0.3616188473644508,-2.6289522789882303,8.201563803283978,Hex-A
GO_Biological_Process_2018,glycosphingolipid metabolic process (GO:0006687),1/9,0.0655227562810445,0.1677203659071106,0.1284565601393651,0.3616188473644508,-3.0256279857144337,8.245918747683302,egh
GO_Biological_Process_2018,neuromuscular process controlling posture (GO:0050884),1/7,0.0513409341930918,0.1677203659071106,0.1041459577075418,0.3616188473644508,-2.842534693313993,8.440244198281059,Calx
GO_Biological_Process_2018,DNA conformation change (GO:0071103),1/7,0.0513409341930918,0.1677203659071106,0.1041459577075418,0.3616188473644508,-2.84722997220286,8.454185734507258,Top1
GO_Biological_Process_2018,male germ-line stem cell asymmetric division (GO:0048133),1/8,0.0584583682884511,0.1677203659071106,0.116384094139796,0.3616188473644508,-3.0043475352816538,8.530665861290725,InR
GO_Biological_Process_2018,negative regulation of peptide secretion (GO:0002792),1/8,0.0584583682884511,0.1677203659071106,0.116384094139796,0.3616188473644508,-3.019946414396887,8.574957949333145,InR
GO_Biological_Process_2018,protein tetramerization (GO:0051262),1/7,0.0513409341930918,0.1677203659071106,0.1041459577075418,0.3616188473644508,-2.895658778429828,8.597983786206777,InR
GO_Biological_Process_2018,negative regulation of cell migration (GO:0030336),1/9,0.0655227562810445,0.1677203659071106,0.1284565601393651,0.3616188473644508,-3.199418993227342,8.719561420806274,CG44774
GO_Biological_Process_2018,regulation of RNA export from nucleus (GO:0046831),1/8,0.0584583682884511,0.1677203659071106,0.116384094139796,0.3616188473644508,-3.089021861862732,8.771093567676319,swm
GO_Biological_Process_2018,positive regulation of oogenesis (GO:1905881),1/9,0.0655227562810445,0.1677203659071106,0.1284565601393651,0.3616188473644508,-3.2400504513788437,8.830296681089129,Dp
GO_Biological_Process_2018,negative regulation of cell fate commitment (GO:0010454),1/9,0.0655227562810445,0.1677203659071106,0.1284565601393651,0.3616188473644508,-2.1333675593812864,5.814189859645837,cdi
GO_Biological_Process_2018,positive regulation of actin filament bundle assembly (GO:0032233),1/8,0.0584583682884511,0.1677203659071106,0.116384094139796,0.3616188473644508,-2.1238547715069678,6.0305591083807055,Rok
GO_Biological_Process_2018,negative regulation of protein serine/threonine kinase activity (GO:0071901),1/9,0.0655227562810445,0.1677203659071106,0.1284565601393651,0.3616188473644508,-2.2216713993462296,6.054849416239479,sty
GO_Biological_Process_2018,gonad development (GO:0008406),2/50,0.0541639610672687,0.1677203659071106,0.1581110562160097,0.3689614966149232,-1.2521237832800785,3.650866794653688,robo2;InR
GO_Biological_Process_2018,regulation of neuroblast proliferation (GO:1902692),2/49,0.0522479330572098,0.1677203659071106,0.1533263912825271,0.3616188473644508,-1.330971389083671,3.9287013828861856,pros;numb
GO_Biological_Process_2018,regulation of JNK cascade (GO:0046328),2/49,0.0522479330572098,0.1677203659071106,0.1533263912825271,0.3616188473644508,-1.3513191150820203,3.988762883774902,flw;Mnn1
GO_Biological_Process_2018,negative regulation of synapse assembly (GO:0051964),2/45,0.0448394271030196,0.1677203659071106,0.1345021406169278,0.3616188473644508,-1.31947164070097,4.096520663755786,Cip4;Liprin-gamma
GO_Biological_Process_2018,positive regulation of signal transduction (GO:0009967),3/107,0.046667799778239,0.1677203659071106,0.1896796316182945,0.3813933611627906,-1.1278440291073488,3.456504570883732,lqf;apolpp;sun
GO_Biological_Process_2018,regulation of hydrolase activity (GO:0051336),2/53,0.0600577564080202,0.1677203659071106,0.1726267487735769,0.3689614966149232,-1.2722852961047233,3.5782369654385584,sif;Asap
GO_Biological_Process_2018,regulation of ubiquitin-protein transferase activity (GO:0051438),1/8,0.0584583682884511,0.1677203659071106,0.116384094139796,0.3616188473644508,-3.1140095774663847,8.842044697646621,CG12084
GO_Biological_Process_2018,negative regulation of compound eye retinal cell programmed cell death (GO:0046673),1/9,0.0655227562810445,0.1677203659071106,0.1284565601393651,0.3616188473644508,-3.258879642456868,8.881612963344274,ninaE
GO_Biological_Process_2018,negative regulation of MAPK cascade (GO:0043409),1/9,0.0655227562810445,0.1677203659071106,0.1284565601393651,0.3616188473644508,-3.259289264305796,8.882729329434055,sty
GO_Biological_Process_2018,convergent extension (GO:0060026),1/9,0.0655227562810445,0.1677203659071106,0.1284565601393651,0.3616188473644508,-3.2688475844016347,8.90877917139968,Toll-6
GO_Biological_Process_2018,negative regulation of protein tyrosine kinase activity (GO:0061099),1/7,0.0513409341930918,0.1677203659071106,0.1041459577075418,0.3616188473644508,-3.0120829957337785,8.943678361879117,pcs
GO_Biological_Process_2018,protein O-linked mannosylation (GO:0035269),1/9,0.0655227562810445,0.1677203659071106,0.1284565601393651,0.3616188473644508,-3.289717931891841,8.965658335147738,CG9171
GO_Biological_Process_2018,cardioblast cell fate commitment (GO:0042684),1/8,0.0584583682884511,0.1677203659071106,0.116384094139796,0.3616188473644508,-3.1604842945748657,8.974006888436675,robo2
GO_Biological_Process_2018,peptidyl-asparagine modification (GO:0018196),1/7,0.0513409341930918,0.1677203659071106,0.1041459577075418,0.3616188473644508,-3.0419755347773223,9.032437288842296,CG33303
GO_Biological_Process_2018,negative regulation of MAP kinase activity (GO:0043407),1/9,0.0655227562810445,0.1677203659071106,0.1284565601393651,0.3616188473644508,-3.323994682861699,9.05907474482088,sty
GO_Biological_Process_2018,negative regulation of synaptic growth at neuromuscular junction (GO:0045886),2/45,0.0448394271030196,0.1677203659071106,0.1345021406169278,0.3616188473644508,-1.4791436005688872,4.592249001406013,Cip4;Liprin-gamma
GO_Biological_Process_2018,gliogenesis (GO:0042063),2/43,0.0412954356295312,0.1677203659071106,0.1253036719644826,0.3616188473644508,-1.6747410121409458,5.337405136638294,pros;numb
GO_Biological_Process_2018,regulation of stress fiber assembly (GO:0051492),1/9,0.0655227562810445,0.1677203659071106,0.1284565601393651,0.3616188473644508,-2.0121540335521497,5.483839634890344,Rok
GO_Biological_Process_2018,regulation of epidermal growth factor receptor signaling pathway (GO:0042058),2/50,0.0541639610672687,0.1677203659071106,0.1581110562160097,0.3689614966149232,-1.4058809753898398,4.099182715658082,sty;Fas2
GO_Biological_Process_2018,synaptic target recognition (GO:0008039),2/47,0.0484915851392157,0.1677203659071106,0.1438478948094349,0.3616188473644508,-1.3580536758682369,4.109966110563733,robo2;Con
GO_Biological_Process_2018,regulation of neuromuscular junction development (GO:1904396),2/42,0.0395652710519298,0.1677203659071106,0.1207644032275171,0.3616188473644508,-1.285546223133763,4.152061741210301,Cip4;Fas2
GO_Biological_Process_2018,negative regulation of Notch signaling pathway (GO:0045746),2/53,0.0600577564080202,0.1677203659071106,0.1726267487735769,0.3689614966149232,-1.506518197590118,4.2370049549634325,Smr;numb
GO_Biological_Process_2018,regulation of receptor-mediated endocytosis (GO:0048259),1/7,0.0513409341930918,0.1677203659071106,0.1041459577075418,0.3616188473644508,-3.068817534752576,9.112138351099963,cindr
GO_Biological_Process_2018,regulation of transferase activity (GO:0051338),1/7,0.0513409341930918,0.1677203659071106,0.1041459577075418,0.3616188473644508,-3.116340728293018,9.253247397018368,CG12084
GO_Biological_Process_2018,entry into reproductive diapause (GO:0055116),1/8,0.0584583682884511,0.1677203659071106,0.116384094139796,0.3616188473644508,-3.277284458125855,9.305653995203295,InR
GO_Biological_Process_2018,detection of light stimulus (GO:0009583),1/8,0.0584583682884511,0.1677203659071106,0.116384094139796,0.3616188473644508,-3.315194308171621,9.413296756166952,ninaE
GO_Biological_Process_2018,axis elongation (GO:0003401),1/8,0.0584583682884511,0.1677203659071106,0.116384094139796,0.3616188473644508,-3.316939064563619,9.418250888009124,Toll-6
GO_Biological_Process_2018,positive regulation of feeding behavior (GO:2000253),1/9,0.0655227562810445,0.1677203659071106,0.1284565601393651,0.3616188473644508,-3.495728280660943,9.527110240389415,5-HT2A
GO_Biological_Process_2018,clypeo-labral disc development (GO:0035213),1/6,0.0441700583670561,0.1677203659071106,0.0917398986803364,0.3616188473644508,-3.056714857305075,9.536058197405524,Mnn1
GO_Biological_Process_2018,muscle organ morphogenesis (GO:0048644),1/8,0.0584583682884511,0.1677203659071106,0.116384094139796,0.3616188473644508,-3.3595651979503147,9.53928525457638,pcs
GO_Biological_Process_2018,negative regulation of peptidyl-tyrosine phosphorylation (GO:0050732),1/6,0.0441700583670561,0.1677203659071106,0.0917398986803364,0.3616188473644508,-3.081432017054833,9.613168521675703,pcs
GO_Biological_Process_2018,proboscis development (GO:0048728),1/7,0.0513409341930918,0.1677203659071106,0.1041459577075418,0.3616188473644508,-3.25645369639097,9.669280196503374,Mnn1
GO_Biological_Process_2018,negative regulation of peptide hormone secretion (GO:0090278),1/8,0.0584583682884511,0.1677203659071106,0.116384094139796,0.3616188473644508,-3.4129514219740646,9.690872257542708,InR
GO_Biological_Process_2018,regulation of embryonic development (GO:0045995),2/41,0.0378636826108133,0.1677203659071106,0.116267725024034,0.3616188473644508,-1.5600790206418371,5.10732877010921,Top1;Yp3
GO_Biological_Process_2018,positive regulation of hydrolase activity (GO:0051345),2/43,0.0412954356295312,0.1677203659071106,0.1253036719644826,0.3616188473644508,-1.6180206621998392,5.156637194053207,RhoGAP93B;Dhit
GO_Biological_Process_2018,negative regulation of multicellular organismal process (GO:0051241),2/51,0.0561045874663617,0.1677203659071106,0.1629237539164836,0.3689614966149232,-1.5172328407518758,4.370446392575035,sty;InR
GO_Biological_Process_2018,neuron projection development (GO:0031175),2/45,0.0448394271030196,0.1677203659071106,0.1345021406169278,0.3616188473644508,-1.4106460541044097,4.379586897990713,pros;stai
GO_Biological_Process_2018,periodic partitioning (GO:0007365),2/48,0.0503569802361902,0.1677203659071106,0.1485714328584155,0.3616188473644508,-1.489437267166413,4.451359078867035,dally;nkd
GO_Biological_Process_2018,adenylate cyclase-activating adrenergic receptor signaling pathway (GO:0071880),1/9,0.0655227562810445,0.1677203659071106,0.1284565601393651,0.3616188473644508,-1.63515844238771,4.456391770296786,Dop2R
GO_Biological_Process_2018,positive regulation of cell development (GO:0010720),1/7,0.0513409341930918,0.1677203659071106,0.1041459577075418,0.3616188473644508,-3.2846158519504507,9.75290115305004,ari-1
GO_Biological_Process_2018,negative regulation of circadian rhythm (GO:0042754),1/6,0.0441700583670561,0.1677203659071106,0.0917398986803364,0.3616188473644508,-3.1770523432343385,9.911476030838196,InR
GO_Biological_Process_2018,plasma membrane tubulation (GO:0097320),1/9,0.0655227562810445,0.1677203659071106,0.1284565601393651,0.3616188473644508,-3.641871876364111,9.925403824846082,Cip4
GO_Biological_Process_2018,cAMP biosynthetic process (GO:0006171),1/6,0.0441700583670561,0.1677203659071106,0.0917398986803364,0.3616188473644508,-3.218558394351657,10.040962796034275,Ac3
GO_Biological_Process_2018,negative regulation of cell morphogenesis involved in differentiation (GO:0010771),1/6,0.0441700583670561,0.1677203659071106,0.0917398986803364,0.3616188473644508,-3.2185701625240566,10.04099950929741,pros
GO_Biological_Process_2018,copulation (GO:0007620),1/7,0.0513409341930918,0.1677203659071106,0.1041459577075418,0.3616188473644508,-3.425056008988379,10.16990546382702,fru
GO_Biological_Process_2018,positive chemotaxis (GO:0050918),1/9,0.0655227562810445,0.1677203659071106,0.1284565601393651,0.3616188473644508,-1.837935631810664,5.009032159584578,Con
GO_Biological_Process_2018,regulation of G-protein coupled receptor protein signaling pathway (GO:0008277),1/8,0.0584583682884511,0.1677203659071106,0.116384094139796,0.3616188473644508,-1.7781261870603375,5.048883387454251,sun
GO_Biological_Process_2018,RNA transport (GO:0050658),2/52,0.0580693410998234,0.1677203659071106,0.1677628500166895,0.3689614966149232,-1.6245698659125911,4.623716638133374,egh;CG8671
GO_Biological_Process_2018,regulation of MAP kinase activity (GO:0043405),1/7,0.0513409341930918,0.1677203659071106,0.1041459577075418,0.3616188473644508,-1.5600438236389869,4.632186499782742,sty
GO_Biological_Process_2018,brain development (GO:0007420),2/44,0.0430536583104255,0.1677203659071106,0.1298835598868355,0.3616188473644508,-1.4796398580464587,4.6539231914510655,pros;Dmtn
GO_Biological_Process_2018,regulation of multicellular organism growth (GO:0040014),2/47,0.0484915851392157,0.1677203659071106,0.1438478948094349,0.3616188473644508,-1.553980515737898,4.70291224098773,dally;InR
GO_Biological_Process_2018,negative regulation of neuromuscular junction development (GO:1904397),2/45,0.0448394271030196,0.1677203659071106,0.1345021406169278,0.3616188473644508,-1.531980316031521,4.756289432455123,Cip4;Liprin-gamma
GO_Biological_Process_2018,negative regulation of antimicrobial humoral response (GO:0008348),1/7,0.0513409341930918,0.1677203659071106,0.1041459577075418,0.3616188473644508,-4.903987932138181,14.561249081682702,Dsp1
GO_Biological_Process_2018,positive regulation of RNA export from nucleus (GO:0046833),1/6,0.0441700583670561,0.1677203659071106,0.0917398986803364,0.3616188473644508,-5.239834276013335,16.346753600980854,swm
GO_Biological_Process_2018,regulation of actin nucleation (GO:0051125),1/9,0.0655227562810445,0.1677203659071106,0.1284565601393651,0.3616188473644508,-0.9453965236861328,2.5765437639609,Cip4
GO_Biological_Process_2018,neuron migration (GO:0001764),1/7,0.0513409341930918,0.1677203659071106,0.1041459577075418,0.3616188473644508,-3.55840617816396,10.565857708269746,robo2
GO_Biological_Process_2018,glycosphingolipid biosynthetic process (GO:0006688),1/9,0.0655227562810445,0.1677203659071106,0.1284565601393651,0.3616188473644508,-3.8922697234970105,10.607827543757171,egh
GO_Biological_Process_2018,positive regulation of nucleobase-containing compound transport (GO:0032241),1/6,0.0441700583670561,0.1677203659071106,0.0917398986803364,0.3616188473644508,-4.252961858659671,13.267999695359505,swm
GO_Biological_Process_2018,muscle tissue development (GO:0060537),1/6,0.0441700583670561,0.1677203659071106,0.0917398986803364,0.3616188473644508,-4.259174620960683,13.287381700431878,flw
GO_Biological_Process_2018,protein heterooligomerization (GO:0051291),1/7,0.0513409341930918,0.1677203659071106,0.1041459577075418,0.3616188473644508,-4.505843731071807,13.37905268104285,InR
GO_Biological_Process_2018,negative regulation of humoral immune response (GO:0002921),1/7,0.0513409341930918,0.1677203659071106,0.1041459577075418,0.3616188473644508,-4.536894255426951,13.471249975471135,Dsp1
GO_Biological_Process_2018,positive regulation of phosphatidylinositol 3-kinase signaling (GO:0014068),1/6,0.0441700583670561,0.1677203659071106,0.0917398986803364,0.3616188473644508,-4.378174709514036,13.658627244395262,InR
GO_Biological_Process_2018,negative regulation of neurogenesis (GO:0050768),2/41,0.0378636826108133,0.1677203659071106,0.116267725024034,0.3616188473644508,-1.481682761358407,4.850678007417409,pros;numb
GO_Biological_Process_2018,regulation of mitochondrial fusion (GO:0010635),1/7,0.0513409341930918,0.1677203659071106,0.1041459577075418,0.3616188473644508,-3.6030469464731194,10.698408064335556,Marf
GO_Biological_Process_2018,small RNA loading onto RISC (GO:0070922),1/7,0.0513409341930918,0.1677203659071106,0.1041459577075418,0.3616188473644508,-3.6040616149119113,10.701420885752947,FBXO11
GO_Biological_Process_2018,synaptic target attraction (GO:0016200),1/7,0.0513409341930918,0.1677203659071106,0.1041459577075418,0.3616188473644508,-3.626014606151948,10.766605176162653,Con
GO_Biological_Process_2018,positive regulation of stress fiber assembly (GO:0051496),1/6,0.0441700583670561,0.1677203659071106,0.0917398986803364,0.3616188473644508,-3.45150510843471,10.76768855427162,Rok
GO_Biological_Process_2018,protein K48-linked ubiquitination (GO:0070936),1/7,0.0513409341930918,0.1677203659071106,0.1041459577075418,0.3616188473644508,-3.674280673307917,10.909920012124095,CG2924
GO_Biological_Process_2018,compound eye cone cell fate commitment (GO:0042676),1/8,0.0584583682884511,0.1677203659071106,0.116384094139796,0.3616188473644508,-3.8475124826987126,10.924782503223556,pros
GO_Biological_Process_2018,regulation of presynaptic cytosolic calcium ion concentration (GO:0099509),1/6,0.0441700583670561,0.1677203659071106,0.0917398986803364,0.3616188473644508,-3.527988465915772,11.006294306564593,Cbp53E
GO_Biological_Process_2018,regulation of microtubule-based movement (GO:0060632),1/7,0.0513409341930918,0.1677203659071106,0.1041459577075418,0.3616188473644508,-3.779673345218017,11.22285898511988,Pat1
GO_Biological_Process_2018,negative regulation of hormone secretion (GO:0046888),1/6,0.0441700583670561,0.1677203659071106,0.0917398986803364,0.3616188473644508,-3.612949980689239,11.27134943510668,InR
GO_Biological_Process_2018,phospholipase C-activating G-protein coupled receptor signaling pathway (GO:0007200),1/10,0.0725344908913629,0.168423740459821,0.140365577933645,0.3616188473644508,-1.7667477014871835,4.635403742906536,ninaE
GO_Biological_Process_2018,negative regulation of cytoskeleton organization (GO:0051494),1/10,0.0725344908913629,0.168423740459821,0.140365577933645,0.3616188473644508,-1.938687765220007,5.08652170067256,Cip4
GO_Biological_Process_2018,negative regulation of cell proliferation (GO:0008285),2/57,0.0682389161717659,0.168423740459821,0.1922997666470265,0.3818324927128194,-1.3342824304086944,3.58220175715297,Mnn1;pros
GO_Biological_Process_2018,regulation of eye photoreceptor cell development (GO:0042478),1/10,0.0725344908913629,0.168423740459821,0.140365577933645,0.3616188473644508,-1.603887307349757,4.20810805155208,sty
GO_Biological_Process_2018,negative regulation of protein kinase activity (GO:0006469),1/10,0.0725344908913629,0.168423740459821,0.140365577933645,0.3616188473644508,-2.129792008940397,5.587920585120603,pcs
GO_Biological_Process_2018,negative regulation of protein polymerization (GO:0032272),1/10,0.0725344908913629,0.168423740459821,0.140365577933645,0.3616188473644508,-2.1595204781249877,5.665918964409923,Cip4
GO_Biological_Process_2018,regulation of mRNA metabolic process (GO:1903311),1/10,0.0725344908913629,0.168423740459821,0.140365577933645,0.3616188473644508,-2.1044471966576013,5.52142357617018,swm
GO_Biological_Process_2018,cAMP metabolic process (GO:0046058),1/10,0.0725344908913629,0.168423740459821,0.140365577933645,0.3616188473644508,-2.1038399282773503,5.519830290314822,Ac3
GO_Biological_Process_2018,regulation of mRNA stability (GO:0043488),1/10,0.0725344908913629,0.168423740459821,0.140365577933645,0.3616188473644508,-2.226856018628289,5.842586756996777,CG9705
GO_Biological_Process_2018,positive regulation of nervous system development (GO:0051962),1/10,0.0725344908913629,0.168423740459821,0.140365577933645,0.3616188473644508,-2.3011224841090603,6.0374391695807725,ari-1
GO_Biological_Process_2018,Bolwig's organ development (GO:0055034),1/10,0.0725344908913629,0.168423740459821,0.140365577933645,0.3616188473644508,-2.6206256227029416,6.875717347761952,Fas2
GO_Biological_Process_2018,ganglion mother cell fate determination (GO:0007402),1/10,0.0725344908913629,0.168423740459821,0.140365577933645,0.3616188473644508,-2.5397161245494893,6.663435656232652,pros
GO_Biological_Process_2018,instar larval development (GO:0002168),2/57,0.0682389161717659,0.168423740459821,0.1922997666470265,0.3818324927128194,-1.2079831313061764,3.2431209442296907,bel;Top1
GO_Biological_Process_2018,positive regulation of gene expression (GO:0010628),4/204,0.067772069525595,0.168423740459821,0.3158772283278583,0.4458560349651326,-0.7020516139552913,1.8896457206004131,pros;swm;Eip93F;Dp
GO_Biological_Process_2018,regulation of MyD88-dependent toll-like receptor signaling pathway (GO:0034124),1/10,0.0725344908913629,0.168423740459821,0.140365577933645,0.3616188473644508,-2.3550208366733485,6.178851904971735,Pitslre
GO_Biological_Process_2018,regulation of phosphate metabolic process (GO:0019220),1/10,0.0725344908913629,0.168423740459821,0.140365577933645,0.3616188473644508,-2.3616221281115246,6.196171667728342,Rok
GO_Biological_Process_2018,Bolwig's organ morphogenesis (GO:0001746),1/10,0.0725344908913629,0.168423740459821,0.140365577933645,0.3616188473644508,-3.60793531266788,9.466114962780196,Fas2
GO_Biological_Process_2018,regulation of microtubule-based process (GO:0032886),1/10,0.0725344908913629,0.168423740459821,0.140365577933645,0.3616188473644508,-2.880481189431495,7.5574986035772,Pat1
GO_Biological_Process_2018,interstrand cross-link repair (GO:0036297),1/10,0.0725344908913629,0.168423740459821,0.140365577933645,0.3616188473644508,-4.105031124948592,10.770341812425764,Mnn1
GO_Biological_Process_2018,regulation of DNA binding (GO:0051101),1/10,0.0725344908913629,0.168423740459821,0.140365577933645,0.3616188473644508,-0.9596318385294194,2.5177794273552188,Dsp1
GO_Biological_Process_2018,"synaptic transmission, cholinergic (GO:0007271)",1/10,0.0725344908913629,0.168423740459821,0.140365577933645,0.3616188473644508,-3.682793524776174,9.662519936904111,nAChRalpha6
GO_Biological_Process_2018,negative regulation of actin filament polymerization (GO:0030837),1/10,0.0725344908913629,0.168423740459821,0.140365577933645,0.3616188473644508,-2.7637797941670907,7.251309958783337,Cip4
GO_Biological_Process_2018,response to salt stress (GO:0009651),1/10,0.0725344908913629,0.168423740459821,0.140365577933645,0.3616188473644508,-3.1223413278490675,8.192065378412675,Mnn1
GO_Biological_Process_2018,decapentaplegic signaling pathway (GO:0008101),1/10,0.0725344908913629,0.168423740459821,0.140365577933645,0.3616188473644508,-3.00790483985826,7.891819155190679,dally
GO_Biological_Process_2018,Malpighian tubule tip cell differentiation (GO:0061382),1/10,0.0725344908913629,0.168423740459821,0.140365577933645,0.3616188473644508,-3.284258317386714,8.616885865634012,numb
GO_Biological_Process_2018,mitochondrial fusion (GO:0008053),1/10,0.0725344908913629,0.168423740459821,0.140365577933645,0.3616188473644508,-3.38322186683822,8.876535846869409,Marf
GO_Biological_Process_2018,mitotic spindle elongation (GO:0000022),1/10,0.0725344908913629,0.168423740459821,0.140365577933645,0.3616188473644508,-2.8866272328952225,7.573623935367273,Rok
GO_Biological_Process_2018,"mating behavior, sex discrimination (GO:0048047)",1/10,0.0725344908913629,0.168423740459821,0.140365577933645,0.3616188473644508,-3.3901525716777923,8.894719889292269,fru
GO_Biological_Process_2018,regulation of small GTPase mediated signal transduction (GO:0051056),1/10,0.0725344908913629,0.168423740459821,0.140365577933645,0.3616188473644508,-0.9123447906927056,2.3937127265191043,Rgl
GO_Biological_Process_2018,protein mannosylation (GO:0035268),1/10,0.0725344908913629,0.168423740459821,0.140365577933645,0.3616188473644508,-2.736230151098162,7.179028150526303,CG9171
KEGG_2019,Mitophagy,2/36,0.0298029469521291,0.169871647407636,0.0616966475757402,0.4231623561055078,-60.73481235558328,213.37038451786196,Tom7;Marf
KEGG_2019,Notch signaling pathway,2/22,0.0116985089462224,0.169871647407636,0.0265787116795034,0.4231623561055078,-6.805755006596593,30.27399838405186,gro;numb
KEGG_2019,Wnt signaling pathway,3/91,0.0311117128111581,0.169871647407636,0.0779458085892101,0.4231623561055078,-9.331053182065515,32.38034933984967,dally;gro;nkd
KEGG_2019,Dorso-ventral axis formation,2/28,0.0185906100175774,0.169871647407636,0.040252018423246,0.4231623561055078,-47.89716787611251,190.87493968858485,egh;capu
KEGG_2019,MAPK signaling pathway,3/93,0.0328783833692198,0.169871647407636,0.0819023915042918,0.4231623561055078,-2.023517773797173,6.910191538783929,pros;gro;sty
KEGG_2019,Endocytosis,4/121,0.0131261827825146,0.169871647407636,0.0427909762817523,0.4231623561055078,-1.380305651941129,5.981066408361805,lqf;InR;Rip11;Asap
GO_Biological_Process_2018,branching morphogenesis of an epithelial tube (GO:0048754),1/11,0.0794939619466175,0.1733153240115208,0.152113340220038,0.3616188473644508,-1.3784108095378695,3.490238462392434,sty
GO_Biological_Process_2018,regulation of cytokinesis (GO:0032465),1/11,0.0794939619466175,0.1733153240115208,0.152113340220038,0.3616188473644508,-1.547323759869708,3.917938587757831,cindr
GO_Biological_Process_2018,morphogenesis of follicular epithelium (GO:0016333),1/11,0.0794939619466175,0.1733153240115208,0.152113340220038,0.3616188473644508,-2.616265674039281,6.624578841216708,egh
GO_Biological_Process_2018,regulation of nurse cell apoptotic process (GO:0045477),1/11,0.0794939619466175,0.1733153240115208,0.152113340220038,0.3616188473644508,-2.761315590108214,6.991855992939216,Dp
GO_Biological_Process_2018,pericardial nephrocyte differentiation (GO:0061320),1/11,0.0794939619466175,0.1733153240115208,0.152113340220038,0.3616188473644508,-2.19218533206452,5.550775944095577,numb
GO_Biological_Process_2018,sensory organ precursor cell division (GO:0045035),1/11,0.0794939619466175,0.1733153240115208,0.152113340220038,0.3616188473644508,-2.799838217118362,7.0893981433147575,numb
GO_Biological_Process_2018,leg disc morphogenesis (GO:0007478),2/61,0.0767628362841117,0.1733153240115208,0.2122515220088292,0.3983039621031669,-1.0305616376135187,2.645487441472114,dally;RhoGAP71E
GO_Biological_Process_2018,mitochondrion morphogenesis (GO:0070584),1/11,0.0794939619466175,0.1733153240115208,0.152113340220038,0.3616188473644508,-2.970717180942214,7.522076360740902,Marf
GO_Biological_Process_2018,positive regulation of BMP signaling pathway (GO:0030513),1/11,0.0794939619466175,0.1733153240115208,0.152113340220038,0.3616188473644508,-2.9924023889415743,7.576984916666782,dally
GO_Biological_Process_2018,peripheral nervous system neuron development (GO:0048935),1/11,0.0794939619466175,0.1733153240115208,0.152113340220038,0.3616188473644508,-3.0325816968470445,7.678721906012503,egh
GO_Biological_Process_2018,positive regulation of cellular protein localization (GO:1903829),1/11,0.0794939619466175,0.1733153240115208,0.152113340220038,0.3616188473644508,-3.1199963984648926,7.900062417603136,Asap
GO_Biological_Process_2018,germ-band extension (GO:0007377),1/11,0.0794939619466175,0.1733153240115208,0.152113340220038,0.3616188473644508,-3.2181940000958296,8.148706032231994,5-HT2A
GO_Biological_Process_2018,regulation of reactive oxygen species metabolic process (GO:2000377),1/11,0.0794939619466175,0.1733153240115208,0.152113340220038,0.3616188473644508,-2.841730153362999,7.195471634710362,InR
GO_Biological_Process_2018,positive regulation of protein phosphorylation (GO:0001934),2/62,0.0789441530682495,0.1733153240115208,0.2172728560124936,0.3983039621031669,-0.9412897584723896,2.3899484392999284,Lk6;InR
GO_Biological_Process_2018,organelle fusion (GO:0048284),1/11,0.0794939619466175,0.1733153240115208,0.152113340220038,0.3616188473644508,-2.457779238520279,6.22327942511495,Marf
GO_Biological_Process_2018,positive regulation of lipid storage (GO:0010884),1/11,0.0794939619466175,0.1733153240115208,0.152113340220038,0.3616188473644508,-2.46237377744998,6.234913138648274,InR
GO_Biological_Process_2018,formation of translation preinitiation complex (GO:0001731),1/11,0.0794939619466175,0.1733153240115208,0.152113340220038,0.3616188473644508,-1.86759480775553,4.728888648499584,eIF2beta
GO_Biological_Process_2018,positive regulation of lipid localization (GO:1905954),1/11,0.0794939619466175,0.1733153240115208,0.152113340220038,0.3616188473644508,-2.045027035815205,5.178160217292263,InR
GO_Biological_Process_2018,positive regulation of mitochondrion organization (GO:0010822),1/11,0.0794939619466175,0.1733153240115208,0.152113340220038,0.3616188473644508,-1.7693980750414284,4.480247234032636,Marf
GO_Biological_Process_2018,cell part morphogenesis (GO:0032990),1/11,0.0794939619466175,0.1733153240115208,0.152113340220038,0.3616188473644508,-2.328219690601688,5.895225035098052,Marf
GO_Biological_Process_2018,regulation of protein localization to nucleus (GO:1900180),1/11,0.0794939619466175,0.1733153240115208,0.152113340220038,0.3616188473644508,-1.6655068913740383,4.2171870471635495,pros
GO_Biological_Process_2018,positive regulation of transcription from RNA polymerase II promoter (GO:0045944),5/305,0.0800205195987742,0.173957651301683,0.4172526337953974,0.5080186288093314,-0.5376079179531524,1.357713841728024,fs(1)h;pros;tth;tou;Met
GO_Biological_Process_2018,regulation of programmed cell death (GO:0043067),2/63,0.0811447717609298,0.1758918463025935,0.222305004283699,0.4027264570356867,-1.0617480453529708,2.6666018903748703,Drep2;Met
GO_Biological_Process_2018,cellular response to nutrient levels (GO:0031669),2/64,0.0833642847793123,0.1801821717132111,0.2273467502107319,0.405901207084326,-0.8375598864469633,2.080947104909535,HDAC4;InR
GO_Biological_Process_2018,"regulation of epithelial cell migration, open tracheal system (GO:2000274)",1/12,0.086401556406608,0.1820257508566181,0.1637020105539452,0.3689614966149232,-2.236593353118486,5.47685705503434,robo2
GO_Biological_Process_2018,axonal transport of mitochondrion (GO:0019896),1/12,0.086401556406608,0.1820257508566181,0.1637020105539452,0.3689614966149232,-2.6425590773763425,6.470965455608657,Marf
GO_Biological_Process_2018,regulation of post-mating oviposition (GO:0048042),1/12,0.086401556406608,0.1820257508566181,0.1637020105539452,0.3689614966149232,-2.397002046724826,5.869657777634083,SPR
GO_Biological_Process_2018,endomitotic cell cycle (GO:0007113),1/12,0.086401556406608,0.1820257508566181,0.1637020105539452,0.3689614966149232,-2.2673273680732997,5.552116961534599,Dp
GO_Biological_Process_2018,negative regulation of cell cycle (GO:0045786),1/12,0.086401556406608,0.1820257508566181,0.1637020105539452,0.3689614966149232,-1.6439179679213825,4.025543448903815,Mnn1
GO_Biological_Process_2018,"regulation of tube diameter, open tracheal system (GO:0035158)",1/12,0.086401556406608,0.1820257508566181,0.1637020105539452,0.3689614966149232,-2.5502442715290785,6.244909612697489,Fas2
GO_Biological_Process_2018,regulation of RNA polymerase II transcriptional preinitiation complex assembly (GO:0045898),1/12,0.086401556406608,0.1820257508566181,0.1637020105539452,0.3689614966149232,-0.7379387484496147,1.807027207245472,Dsp1
GO_Biological_Process_2018,cholesterol homeostasis (GO:0042632),1/12,0.086401556406608,0.1820257508566181,0.1637020105539452,0.3689614966149232,-2.9844594390550534,7.308193825874515,InR
GO_Biological_Process_2018,positive regulation of cell-cell adhesion (GO:0022409),1/12,0.086401556406608,0.1820257508566181,0.1637020105539452,0.3689614966149232,-1.0576177043185793,2.5898409191595118,robo2
GO_Biological_Process_2018,ion transport (GO:0006811),2/68,0.092423300845815,0.183578067723123,0.2475864368825898,0.4172966259535482,-1.016135531326212,2.419800928073394,GluRIA;nAChRalpha6
GO_Biological_Process_2018,mitotic nuclear division (GO:0140014),2/67,0.0901321880029566,0.183578067723123,0.2425178632682245,0.4143243677703153,-0.9781283113536736,2.353844194596968,bel;luna
GO_Biological_Process_2018,regulation of calcium ion transport (GO:0051924),1/13,0.0932576584033465,0.183578067723123,0.1751337237265502,0.3689614966149232,-1.088391168379396,2.582087340242623,Rgk1
GO_Biological_Process_2018,mitochondrion transport along microtubule (GO:0047497),1/13,0.0932576584033465,0.183578067723123,0.1751337237265502,0.3689614966149232,-2.5283146896781954,5.998146201505976,Marf
GO_Biological_Process_2018,negative regulation of behavior (GO:0048521),1/13,0.0932576584033465,0.183578067723123,0.1751337237265502,0.3689614966149232,-1.5188328866232663,3.603262579145656,InR
GO_Biological_Process_2018,lipid particle organization (GO:0034389),1/13,0.0932576584033465,0.183578067723123,0.1751337237265502,0.3689614966149232,-2.9722843961781007,7.051415092240886,Marf
GO_Biological_Process_2018,germarium-derived female germ-line cyst encapsulation (GO:0030708),1/13,0.0932576584033465,0.183578067723123,0.1751337237265502,0.3689614966149232,-2.81406255171511,6.676051313659292,Cip4
GO_Biological_Process_2018,eye development (GO:0001654),3/140,0.0883835228945044,0.183578067723123,0.3099556123917263,0.4442521428725935,-0.639890234841663,1.5524183224301802,dally;cindr;mbl
GO_Biological_Process_2018,imaginal disc-derived leg morphogenesis (GO:0007480),2/68,0.092423300845815,0.183578067723123,0.2475864368825898,0.4172966259535482,-0.8729710531248195,2.0788724529449536,dally;RhoGAP71E
GO_Biological_Process_2018,muscle fiber development (GO:0048747),1/13,0.0932576584033465,0.183578067723123,0.1751337237265502,0.3689614966149232,-2.652828751884624,6.293542005005668,sty
GO_Biological_Process_2018,regulation of epithelial cell migration (GO:0010632),1/13,0.0932576584033465,0.183578067723123,0.1751337237265502,0.3689614966149232,-1.3279042545891222,3.1503055743591597,robo2
GO_Biological_Process_2018,regulation of anatomical structure morphogenesis (GO:0022603),1/13,0.0932576584033465,0.183578067723123,0.1751337237265502,0.3689614966149232,-2.011100608873013,4.771113155812651,Marf
GO_Biological_Process_2018,positive regulation of wound healing (GO:0090303),1/13,0.0932576584033465,0.183578067723123,0.1751337237265502,0.3689614966149232,-2.1331661266099524,5.060700059111414,Rok
GO_Biological_Process_2018,positive regulation of neuroblast proliferation (GO:0002052),1/13,0.0932576584033465,0.183578067723123,0.1751337237265502,0.3689614966149232,-2.6522917803158497,6.29226809951095,pros
GO_Biological_Process_2018,imaginal disc development (GO:0007444),3/140,0.0883835228945044,0.183578067723123,0.3099556123917263,0.4442521428725935,-0.6104725140678112,1.4810488808496836,Dsp1;B4;dally
GO_Biological_Process_2018,sterol homeostasis (GO:0055092),1/13,0.0932576584033465,0.183578067723123,0.1751337237265502,0.3689614966149232,-2.7515423376897967,6.527729039614756,InR
GO_Biological_Process_2018,cell junction assembly (GO:0034329),1/13,0.0932576584033465,0.183578067723123,0.1751337237265502,0.3689614966149232,-1.7391081965381032,4.125841322545433,cindr
GO_Biological_Process_2018,regulation of metal ion transport (GO:0010959),1/13,0.0932576584033465,0.183578067723123,0.1751337237265502,0.3689614966149232,-1.7976614751720612,4.264752482322264,tipE
GO_Biological_Process_2018,regulation of supramolecular fiber organization (GO:1902903),1/13,0.0932576584033465,0.183578067723123,0.1751337237265502,0.3689614966149232,-1.7316162907036337,4.108067606834125,Rok
GO_Biological_Process_2018,regulation of compound eye photoreceptor development (GO:0045314),1/13,0.0932576584033465,0.183578067723123,0.1751337237265502,0.3689614966149232,-2.155798768367735,5.114393491635342,sty
GO_Biological_Process_2018,microtubule polymerization or depolymerization (GO:0031109),1/13,0.0932576584033465,0.183578067723123,0.1751337237265502,0.3689614966149232,-2.095399697121154,4.971103393590513,stai
GO_Biological_Process_2018,protein depolymerization (GO:0051261),1/13,0.0932576584033465,0.183578067723123,0.1751337237265502,0.3689614966149232,-1.990322886459769,4.721820313716002,stai
GO_Biological_Process_2018,development of primary female sexual characteristics (GO:0046545),1/13,0.0932576584033465,0.183578067723123,0.1751337237265502,0.3689614966149232,-2.224922821908064,5.278382642538228,InR
GO_Biological_Process_2018,mitochondrion localization (GO:0051646),1/13,0.0932576584033465,0.183578067723123,0.1751337237265502,0.3689614966149232,-2.1227203486487345,5.035918609375097,Marf
GO_Biological_Process_2018,negative regulation of response to external stimulus (GO:0032102),1/13,0.0932576584033465,0.183578067723123,0.1751337237265502,0.3689614966149232,-2.0722984457007243,4.916298236612557,Dsp1
GO_Biological_Process_2018,negative regulation of developmental growth (GO:0048640),2/69,0.094731343416305,0.1859908574927454,0.2526589724069847,0.4192350205868108,-1.0397794327314012,2.4504589588057417,Cip4;Liprin-gamma
GO_Molecular_Function_2018,calcium ion binding (GO:0005509),4/84,0.0036854324754402,0.1867285787556396,0.0226418717818845,0.4557092933973926,-1.241237681549488,6.955110759434341,CG31650;Calx;Scp2;Cbp53E
GO_Molecular_Function_2018,GTPase activator activity (GO:0005096),4/81,0.0032331947215292,0.1867285787556396,0.0202059552790821,0.4557092933973926,-1.3120060549868262,7.523416054146654,RhoGAP93B;RhoGAP71E;Asap;Dhit
GO_Molecular_Function_2018,GTPase regulator activity (GO:0030695),4/83,0.0035302019609418,0.1867285787556396,0.0218108674280686,0.4557092933973926,-1.4722836392565373,8.313102630652777,RhoGAP93B;RhoGAP71E;Asap;Dhit
GO_Biological_Process_2018,"energy coupled proton transport, down electrochemical gradient (GO:0015985)",1/14,0.100062649199297,0.1885602685916402,0.1864105861538099,0.3758277946649394,-1.929039767044236,4.440570061829098,sun
GO_Biological_Process_2018,positive regulation of neural precursor cell proliferation (GO:2000179),1/14,0.100062649199297,0.1885602685916402,0.1864105861538099,0.3758277946649394,-1.2450387460957015,2.866027894386602,pros
GO_Biological_Process_2018,regulation of wound healing (GO:0061041),1/14,0.100062649199297,0.1885602685916402,0.1864105861538099,0.3758277946649394,-1.3505152967851937,3.1088305681409256,Rok
GO_Biological_Process_2018,regulation of cellular component organization (GO:0051128),2/71,0.0993967079538591,0.1885602685916402,0.2628117895107576,0.4229803479250391,-0.893539976642637,2.062858812215032,Cip4;Rok
GO_Biological_Process_2018,female gonad development (GO:0008585),1/14,0.100062649199297,0.1885602685916402,0.1864105861538099,0.3758277946649394,-2.837141297049872,6.530982367544803,InR
GO_Biological_Process_2018,nephrocyte differentiation (GO:0061319),1/14,0.100062649199297,0.1885602685916402,0.1864105861538099,0.3758277946649394,-1.3879323494784577,3.1949630817521806,numb
GO_Biological_Process_2018,regulation of neurotransmitter transport (GO:0051588),1/14,0.100062649199297,0.1885602685916402,0.1864105861538099,0.3758277946649394,-2.103934012426675,4.843169408560783,Frq2
GO_Biological_Process_2018,ecdysone biosynthetic process (GO:0006697),1/14,0.100062649199297,0.1885602685916402,0.1864105861538099,0.3758277946649394,-2.5636462407176843,5.901408016639715,Marf
GO_Biological_Process_2018,female germ-line cyst encapsulation (GO:0048139),1/14,0.100062649199297,0.1885602685916402,0.1864105861538099,0.3758277946649394,-2.58748146865508,5.956275729272641,Cip4
GO_Biological_Process_2018,rhodopsin mediated signaling pathway (GO:0016056),1/14,0.100062649199297,0.1885602685916402,0.1864105861538099,0.3758277946649394,-2.417052506879236,5.563955281420997,ninaE
GO_Biological_Process_2018,positive regulation of neuron maturation (GO:0014042),1/14,0.100062649199297,0.1885602685916402,0.1864105861538099,0.3758277946649394,-1.856397077965544,4.273349584654663,InR
GO_Biological_Process_2018,regulation of protein dephosphorylation (GO:0035304),1/14,0.100062649199297,0.1885602685916402,0.1864105861538099,0.3758277946649394,-0.6324633060932253,1.4559044713455231,CG17124
GO_Biological_Process_2018,cytoplasmic translational initiation (GO:0002183),1/14,0.100062649199297,0.1885602685916402,0.1864105861538099,0.3758277946649394,-0.6587653384228547,1.5164506660500383,eIF2beta
GO_Biological_Process_2018,positive regulation of cell adhesion (GO:0045785),1/14,0.100062649199297,0.1885602685916402,0.1864105861538099,0.3758277946649394,-2.1039866847545583,4.843290658089321,robo2
GO_Biological_Process_2018,positive regulation of neuron remodeling (GO:1904801),1/14,0.100062649199297,0.1885602685916402,0.1864105861538099,0.3758277946649394,-2.095260506588831,4.823203355495094,InR
GO_Biological_Process_2018,positive regulation of receptor-mediated endocytosis (GO:0048260),1/14,0.100062649199297,0.1885602685916402,0.1864105861538099,0.3758277946649394,-2.2110166776686646,5.089669291838484,cindr
GO_Biological_Process_2018,glycerophospholipid metabolic process (GO:0006650),1/15,0.1068169073153075,0.195396781674343,0.1975346762300985,0.3818324927128194,-1.2095923430849949,2.705421477337665,Vap33
GO_Biological_Process_2018,regulation of gene silencing by RNA (GO:0060966),1/15,0.1068169073153075,0.195396781674343,0.1975346762300985,0.3818324927128194,-2.3347959129695592,5.22209572858068,FBXO11
GO_Biological_Process_2018,ATP biosynthetic process (GO:0006754),1/15,0.1068169073153075,0.195396781674343,0.1975346762300985,0.3818324927128194,-2.011162943426922,4.498245588836786,sun
GO_Biological_Process_2018,regulation of cell-cell adhesion (GO:0022407),1/15,0.1068169073153075,0.195396781674343,0.1975346762300985,0.3818324927128194,-2.1750223543082576,4.864739947036533,robo2
GO_Biological_Process_2018,stabilization of membrane potential (GO:0030322),1/15,0.1068169073153075,0.195396781674343,0.1975346762300985,0.3818324927128194,-2.4292067408181124,5.433258673530602,CG42594
GO_Biological_Process_2018,actin nucleation (GO:0045010),1/15,0.1068169073153075,0.195396781674343,0.1975346762300985,0.3818324927128194,-1.2793014154102584,2.861335511112928,capu
GO_Biological_Process_2018,negative regulation of macromolecule metabolic process (GO:0010605),2/73,0.1041253083980411,0.195396781674343,0.2729683039331712,0.4300971175417614,-0.8581127353866332,1.9411884914297637,pros;numb
GO_Biological_Process_2018,regulation of mitochondrion organization (GO:0010821),1/15,0.1068169073153075,0.195396781674343,0.1975346762300985,0.3818324927128194,-2.0583334565215416,4.603749000753023,Marf
GO_Biological_Process_2018,intrinsic apoptotic signaling pathway in response to DNA damage (GO:0008630),1/15,0.1068169073153075,0.195396781674343,0.1975346762300985,0.3818324927128194,-2.538601939471173,5.677936247463307,Dp
GO_Biological_Process_2018,salivary gland boundary specification (GO:0007432),1/15,0.1068169073153075,0.195396781674343,0.1975346762300985,0.3818324927128194,-1.9930775215446743,4.457795027896433,robo2
GO_Biological_Process_2018,regulation of phosphatidylinositol 3-kinase signaling (GO:0014066),1/15,0.1068169073153075,0.195396781674343,0.1975346762300985,0.3818324927128194,-1.8359516727518543,4.106361217655178,InR
GO_Biological_Process_2018,"mitochondrial electron transport, cytochrome c to oxygen (GO:0006123)",1/15,0.1068169073153075,0.195396781674343,0.1975346762300985,0.3818324927128194,-1.8412505865932,4.118212975311296,cype
GO_Biological_Process_2018,chemical synaptic transmission (GO:0007268),3/154,0.1095387271071878,0.1998881881518025,0.3624616819765373,0.4702911865531538,-0.5044549634755204,1.11559060981728,nAChRalpha6;Frq2;5-HT2A
GO_Biological_Process_2018,regulation of cell proliferation (GO:0042127),3/155,0.111119183168888,0.2017902842050025,0.3662000705960558,0.4702911865531538,-0.6962279428235719,1.5297185693077542,Mnn1;pros;InR
GO_Biological_Process_2018,open tracheal system development (GO:0007424),3/155,0.111119183168888,0.2017902842050025,0.3662000705960558,0.4702911865531538,-0.6180117236372813,1.357865652251488,robo2;sty;InR
GO_Biological_Process_2018,striated muscle tissue development (GO:0014706),1/16,0.1135208084297329,0.2027157293388088,0.2085080447256907,0.3949015998592627,-1.0619002548556458,2.310449788006509,flw
GO_Biological_Process_2018,regulation of R7 cell differentiation (GO:0045676),1/16,0.1135208084297329,0.2027157293388088,0.2085080447256907,0.3949015998592627,-1.12467469144273,2.447032468951974,pros
GO_Biological_Process_2018,regulation of tube diameter (GO:0035296),1/16,0.1135208084297329,0.2027157293388088,0.2085080447256907,0.3949015998592627,-1.0990666900535275,2.391315370184542,Fas2
GO_Biological_Process_2018,induction of programmed cell death by ecdysone (GO:0035078),1/16,0.1135208084297329,0.2027157293388088,0.2085080447256907,0.3949015998592627,-1.7839496480508674,3.881462564215806,bel
GO_Biological_Process_2018,ecdysone metabolic process (GO:0008205),1/16,0.1135208084297329,0.2027157293388088,0.2085080447256907,0.3949015998592627,-2.37488005074489,5.167190689233166,Marf
GO_Biological_Process_2018,ecdysone-mediated induction of salivary gland cell autophagic cell death (GO:0035072),1/16,0.1135208084297329,0.2027157293388088,0.2085080447256907,0.3949015998592627,-1.894083051411647,4.121087422844302,bel
GO_Biological_Process_2018,regulation of neuron differentiation (GO:0045664),1/16,0.1135208084297329,0.2027157293388088,0.2085080447256907,0.3949015998592627,-1.7315657054476767,3.767487199270687,pros
GO_Biological_Process_2018,adenylate cyclase-inhibiting G-protein coupled receptor signaling pathway (GO:0007193),1/17,0.1201747255056301,0.2067225782780334,0.2193327151314772,0.3983039621031669,-2.032664270240625,4.306826433696942,Ac3
GO_Biological_Process_2018,regulation of antimicrobial humoral response (GO:0002759),1/17,0.1201747255056301,0.2067225782780334,0.2193327151314772,0.3983039621031669,-2.1076008574933867,4.465602715425467,Dsp1
GO_Biological_Process_2018,leg disc development (GO:0035218),1/17,0.1201747255056301,0.2067225782780334,0.2193327151314772,0.3983039621031669,-2.20375448468197,4.669333842761418,Dsp1
GO_Biological_Process_2018,regulation of cellular metabolic process (GO:0031323),1/17,0.1201747255056301,0.2067225782780334,0.2193327151314772,0.3983039621031669,-1.0702434569076342,2.267640986356956,InR
GO_Biological_Process_2018,histone deacetylation (GO:0016575),1/17,0.1201747255056301,0.2067225782780334,0.2193327151314772,0.3983039621031669,-2.594806070839591,5.497897286739988,HDAC4
GO_Biological_Process_2018,regulation of protein ubiquitination (GO:0031396),1/17,0.1201747255056301,0.2067225782780334,0.2193327151314772,0.3983039621031669,-1.7400449140082852,3.6868220400133582,CG12084
GO_Biological_Process_2018,DNA duplex unwinding (GO:0032508),1/17,0.1201747255056301,0.2067225782780334,0.2193327151314772,0.3983039621031669,-1.8094251302511797,3.833825435342944,Dsp1
GO_Biological_Process_2018,positive regulation of stem cell proliferation (GO:2000648),1/17,0.1201747255056301,0.2067225782780334,0.2193327151314772,0.3983039621031669,-1.0186834838349403,2.158395274607473,pros
GO_Biological_Process_2018,positive regulation of transport (GO:0051050),1/17,0.1201747255056301,0.2067225782780334,0.2193327151314772,0.3983039621031669,-1.5488287389455784,3.2816715735209265,numb
GO_Biological_Process_2018,inorganic cation transmembrane transport (GO:0098662),2/79,0.1186618788718665,0.2067225782780334,0.3033860967296545,0.4435469250433545,-0.388855218342167,0.8288360258524881,Ucp4A;sun
GO_Biological_Process_2018,positive regulation of response to wounding (GO:1903036),1/17,0.1201747255056301,0.2067225782780334,0.2193327151314772,0.3983039621031669,-1.6171039470710546,3.426333668204252,Rok
GO_Biological_Process_2018,positive regulation of smoothened signaling pathway (GO:0045880),1/17,0.1201747255056301,0.2067225782780334,0.2193327151314772,0.3983039621031669,-1.9318335586755209,4.093185459998096,apolpp
GO_Biological_Process_2018,regulation of cytosolic calcium ion concentration (GO:0051480),1/17,0.1201747255056301,0.2067225782780334,0.2193327151314772,0.3983039621031669,-0.9005252188739241,1.9080405326344516,Cbp53E
GO_Biological_Process_2018,negative regulation of cell fate specification (GO:0009996),1/17,0.1201747255056301,0.2067225782780334,0.2193327151314772,0.3983039621031669,-0.973379924520706,2.06240570581754,sty
GO_Biological_Process_2018,compound eye cone cell differentiation (GO:0042675),1/17,0.1201747255056301,0.2067225782780334,0.2193327151314772,0.3983039621031669,-1.0027784402670918,2.1246955323185004,pros
GO_Biological_Process_2018,protein deacetylation (GO:0006476),1/17,0.1201747255056301,0.2067225782780334,0.2193327151314772,0.3983039621031669,-0.7955155309406913,1.6855451080793793,HDAC4
GO_Biological_Process_2018,post-embryonic appendage morphogenesis (GO:0035120),3/161,0.1207837078122028,0.207294693041538,0.3885498456543215,0.4864981372967298,-0.5662370694206931,1.1968857977774965,flw;dally;RhoGAP71E
GO_Biological_Process_2018,cellular response to starvation (GO:0009267),2/80,0.1211321618499986,0.2074180853595866,0.3084391828942908,0.4442521428725935,-0.755587042692604,1.5949483501010042,HDAC4;InR
GO_Biological_Process_2018,protein ubiquitination involved in ubiquitin-dependent protein catabolic process (GO:0042787),1/18,0.1267790287198005,0.2131934339458528,0.2300106840144514,0.405901207084326,-0.2448892485171164,0.5057721255239039,ari-1
GO_Biological_Process_2018,receptor-mediated endocytosis (GO:0006898),1/18,0.1267790287198005,0.2131934339458528,0.2300106840144514,0.405901207084326,-2.06465274259708,4.264147211097738,lqf
GO_Biological_Process_2018,medium-term memory (GO:0072375),1/18,0.1267790287198005,0.2131934339458528,0.2300106840144514,0.405901207084326,-1.5726368505350878,3.247982046532172,Rgk1
GO_Biological_Process_2018,membrane fusion (GO:0061025),1/18,0.1267790287198005,0.2131934339458528,0.2300106840144514,0.405901207084326,-0.7159699247198191,1.4786995869744046,Marf
GO_Biological_Process_2018,intrinsic apoptotic signaling pathway (GO:0097193),1/18,0.1267790287198005,0.2131934339458528,0.2300106840144514,0.405901207084326,-0.768597385465362,1.5873915889441792,Dp
GO_Biological_Process_2018,regulation of Wnt signaling pathway (GO:0030111),1/18,0.1267790287198005,0.2131934339458528,0.2300106840144514,0.405901207084326,-0.6451051468448291,1.3323418781421694,nkd
GO_Biological_Process_2018,cyclic purine nucleotide metabolic process (GO:0052652),1/18,0.1267790287198005,0.2131934339458528,0.2300106840144514,0.405901207084326,-1.5428707264463657,3.1865057835270645,Ac3
GO_Biological_Process_2018,regulation of cellular response to growth factor stimulus (GO:0090287),1/18,0.1267790287198005,0.2131934339458528,0.2300106840144514,0.405901207084326,-1.6168119254013649,3.3392172544703955,dally
GO_Biological_Process_2018,cellular macromolecule biosynthetic process (GO:0034645),3/166,0.1290660568302439,0.2160704076399173,0.4070374679922691,0.4993735807871293,-0.4711155461880389,0.9645765442759984,Top1;RpL41;Rga
GO_Biological_Process_2018,embryonic development via the syncytial blastoderm (GO:0001700),3/166,0.1290660568302439,0.2160704076399173,0.4070374679922691,0.4993735807871293,-0.3947011942090201,0.8081234359856759,cdi;InR;Rok
GO_Biological_Process_2018,imaginal disc fusion (GO:0046528),1/19,0.133334085559518,0.2173925308035619,0.2405439213936018,0.4118902763589072,-1.1211978368555573,2.2590985826657755,Mnn1
GO_Biological_Process_2018,secondary alcohol biosynthetic process (GO:1902653),1/19,0.133334085559518,0.2173925308035619,0.2405439213936018,0.4118902763589072,-1.894327403747633,3.816875320517173,Marf
GO_Biological_Process_2018,imaginal disc-derived male genitalia morphogenesis (GO:0048803),1/19,0.133334085559518,0.2173925308035619,0.2405439213936018,0.4118902763589072,-1.8712656287352256,3.7704082104927727,Fas2
GO_Biological_Process_2018,regulation of neurotransmitter secretion (GO:0046928),1/19,0.133334085559518,0.2173925308035619,0.2405439213936018,0.4118902763589072,-1.7955358457681083,3.617820469290556,Frq2
GO_Biological_Process_2018,regulation of cell fate specification (GO:0042659),1/19,0.133334085559518,0.2173925308035619,0.2405439213936018,0.4118902763589072,-1.8038240559691312,3.634520362300053,pros
GO_Biological_Process_2018,ATP synthesis coupled proton transport (GO:0015986),1/19,0.133334085559518,0.2173925308035619,0.2405439213936018,0.4118902763589072,-1.7821942250389804,3.590938472653668,sun
GO_Biological_Process_2018,R7 cell fate commitment (GO:0007465),1/19,0.133334085559518,0.2173925308035619,0.2405439213936018,0.4118902763589072,-1.6696059239782444,3.364084599955888,pros
GO_Biological_Process_2018,canonical Wnt signaling pathway (GO:0060070),1/19,0.133334085559518,0.2173925308035619,0.2405439213936018,0.4118902763589072,-0.6953568062091382,1.401072606204501,flw
GO_Biological_Process_2018,regulation of compound eye retinal cell programmed cell death (GO:0046669),1/19,0.133334085559518,0.2173925308035619,0.2405439213936018,0.4118902763589072,-1.996553574770339,4.0228505645619,ninaE
GO_Biological_Process_2018,positive regulation of transcription elongation from RNA polymerase II promoter (GO:0032968),1/19,0.133334085559518,0.2173925308035619,0.2405439213936018,0.4118902763589072,-2.165631294713072,4.363524819298441,fs(1)h
GO_Biological_Process_2018,"imaginal disc fusion, thorax closure (GO:0046529)",1/19,0.133334085559518,0.2173925308035619,0.2405439213936018,0.4118902763589072,-2.1666567378742645,4.3655909820361005,Mnn1
GO_Biological_Process_2018,photoreceptor cell morphogenesis (GO:0008594),1/19,0.133334085559518,0.2173925308035619,0.2405439213936018,0.4118902763589072,-1.9096001976102188,3.8476484328387937,ninaE
GO_Biological_Process_2018,somatic muscle development (GO:0007525),2/85,0.1336673763443539,0.2174631936187971,0.333587084971399,0.4590647958322005,-0.7218794476800763,1.4527108004281386,mbl;InR
GO_Molecular_Function_2018,GTPase activity (GO:0003924),4/107,0.0086377597096718,0.2188232459783529,0.0471830813460615,0.4557092933973926,-1.144080471934218,5.436226525322215,Scp2;Marf;RabX1;Rgk1
GO_Molecular_Function_2018,metal ion binding (GO:0046872),4/107,0.0086377597096718,0.2188232459783529,0.0471830813460615,0.4557092933973926,-1.256927083424746,5.972429841195972,CG31650;Calx;Scp2;Cbp53E
GO_Molecular_Function_2018,G-protein coupled receptor activity (GO:0004930),4/102,0.0073195475860948,0.2188232459783529,0.0409498953327567,0.4557092933973926,-1.1444407625923858,5.627451852061233,SPR;Dop2R;ninaE;5-HT2A
GO_Biological_Process_2018,imaginal disc-derived appendage morphogenesis (GO:0035114),3/170,0.1358337467306433,0.2205093291081872,0.4217134841344914,0.5124531771715387,-0.5021881044413931,1.0025299602962368,flw;dally;RhoGAP71E
GO_Biological_Process_2018,regulation of actin filament-based process (GO:0032970),1/20,0.1398402607846835,0.2222038042129504,0.2509343710734003,0.4172966259535482,-0.798787254851017,1.5714178234037417,Rok
GO_Biological_Process_2018,male genitalia morphogenesis (GO:0048808),1/20,0.1398402607846835,0.2222038042129504,0.2509343710734003,0.4172966259535482,-0.7378531343537212,1.451544900517984,Fas2
GO_Biological_Process_2018,adherens junction assembly (GO:0034333),1/20,0.1398402607846835,0.2222038042129504,0.2509343710734003,0.4172966259535482,-1.6621495101366737,3.2698711071419413,cindr
GO_Biological_Process_2018,positive regulation of JNK cascade (GO:0046330),1/20,0.1398402607846835,0.2222038042129504,0.2509343710734003,0.4172966259535482,-1.6436176244709666,3.233414171631868,Mnn1
GO_Biological_Process_2018,inter-male aggressive behavior (GO:0002121),1/20,0.1398402607846835,0.2222038042129504,0.2509343710734003,0.4172966259535482,-1.808391579801764,3.557566477101288,CG14478
GO_Biological_Process_2018,imaginal disc-derived genitalia morphogenesis (GO:0048805),1/20,0.1398402607846835,0.2222038042129504,0.2509343710734003,0.4172966259535482,-1.0060578707029482,1.9791718756117267,Fas2
GO_Biological_Process_2018,mitotic DNA damage checkpoint (GO:0044773),1/20,0.1398402607846835,0.2222038042129504,0.2509343710734003,0.4172966259535482,-2.521438229300266,4.960310708604146,Mnn1
GO_Biological_Process_2018,negative regulation of cellular response to growth factor stimulus (GO:0090288),1/20,0.1398402607846835,0.2222038042129504,0.2509343710734003,0.4172966259535482,-1.4702101854906446,2.89227760658327,sty
GO_Biological_Process_2018,positive regulation of cellular component organization (GO:0051130),1/20,0.1398402607846835,0.2222038042129504,0.2509343710734003,0.4172966259535482,-1.4575098612989583,2.867292836637806,numb
GO_Biological_Process_2018,ecdysteroid biosynthetic process (GO:0045456),1/20,0.1398402607846835,0.2222038042129504,0.2509343710734003,0.4172966259535482,-1.77687989437449,3.495574972072648,Marf
GO_Biological_Process_2018,"regulation of alternative mRNA splicing, via spliceosome (GO:0000381)",2/88,0.1413241824901529,0.2240869701218069,0.3485567151395934,0.4659849132882264,-0.6321865112394548,1.2369986265111217,Caper;mbl
GO_Biological_Process_2018,positive regulation of sequence-specific DNA binding transcription factor activity (GO:0051091),1/21,0.146297916482815,0.2251232180004388,0.2611839509788175,0.421264437062609,-1.66399799861393,3.198387546648773,HDAC4
GO_Biological_Process_2018,regulation of cell migration (GO:0030334),1/21,0.146297916482815,0.2251232180004388,0.2611839509788175,0.421264437062609,-1.5435442701217104,2.966862204984998,CG44774
GO_Biological_Process_2018,positive regulation of organ growth (GO:0046622),1/21,0.146297916482815,0.2251232180004388,0.2611839509788175,0.421264437062609,-1.7598101028050908,3.3825489705918814,InR
GO_Biological_Process_2018,glycolytic process (GO:0006096),1/21,0.146297916482815,0.2251232180004388,0.2611839509788175,0.421264437062609,-1.6720807177749863,3.2139234236926857,Hex-A
GO_Biological_Process_2018,protein polyubiquitination (GO:0000209),2/90,0.1464801738456188,0.2251232180004388,0.3584761362969512,0.4702911865531538,-0.6419530389525864,1.2331052472910735,ari-1;CG2924
GO_Biological_Process_2018,phototaxis (GO:0042331),1/21,0.146297916482815,0.2251232180004388,0.2611839509788175,0.421264437062609,-1.840585739412545,3.537808646633024,ninaE
GO_Biological_Process_2018,negative regulation of programmed cell death (GO:0043069),2/89,0.143897230078554,0.2251232180004388,0.3535228584199943,0.4696872162482056,-0.7142406368784991,1.3846668348514692,InR;Met
GO_Biological_Process_2018,regulation of neuron death (GO:1901214),1/21,0.146297916482815,0.2251232180004388,0.2611839509788175,0.421264437062609,-1.790438487849496,3.4414201022768887,Drep2
GO_Biological_Process_2018,cell cycle comprising mitosis without cytokinesis (GO:0033301),1/21,0.146297916482815,0.2251232180004388,0.2611839509788175,0.421264437062609,-1.4214367377838868,2.732158070060182,luna
GO_Biological_Process_2018,epidermis development (GO:0008544),1/21,0.146297916482815,0.2251232180004388,0.2611839509788175,0.421264437062609,-1.9146406103591491,3.6801502703618967,Rok
GO_Biological_Process_2018,positive regulation of TORC1 signaling (GO:1904263),1/21,0.146297916482815,0.2251232180004388,0.2611839509788175,0.421264437062609,-1.904812958805864,3.661260440946829,InR
GO_Biological_Process_2018,regulation of transmembrane receptor protein serine/threonine kinase signaling pathway (GO:0090092),1/21,0.146297916482815,0.2251232180004388,0.2611839509788175,0.421264437062609,-1.48915601920236,2.8623219924550805,dally
GO_Biological_Process_2018,ATP generation from ADP (GO:0006757),1/21,0.146297916482815,0.2251232180004388,0.2611839509788175,0.421264437062609,-1.3540606096245489,2.602653726049108,Hex-A
GO_Biological_Process_2018,detection of visible light (GO:0009584),1/21,0.146297916482815,0.2251232180004388,0.2611839509788175,0.421264437062609,-0.5448516505192266,1.0472649217386718,ninaE
GO_Biological_Process_2018,negative regulation of supramolecular fiber organization (GO:1902904),1/21,0.146297916482815,0.2251232180004388,0.2611839509788175,0.421264437062609,-1.1094077975522212,2.132404057457839,Cip4
GO_Biological_Process_2018,negative regulation of cellular process (GO:0048523),2/91,0.1490727235255822,0.2286391465116291,0.3634159768997699,0.4702911865531538,-0.6287964104127542,1.1968014219409702,Mnn1;pros
GO_Biological_Process_2018,mRNA catabolic process (GO:0006402),1/22,0.1527074120849478,0.2299810422966082,0.2712945535336083,0.4283598213688552,-1.787622352569869,3.3593562846762097,Rga
GO_Biological_Process_2018,response to ionizing radiation (GO:0010212),1/22,0.1527074120849478,0.2299810422966082,0.2712945535336083,0.4283598213688552,-2.003997625392768,3.7659755191924806,Mnn1
GO_Biological_Process_2018,positive regulation of stress-activated MAPK cascade (GO:0032874),1/22,0.1527074120849478,0.2299810422966082,0.2712945535336083,0.4283598213688552,-1.5986578262365274,3.004248189162528,Mnn1
GO_Biological_Process_2018,response to organic cyclic compound (GO:0014070),1/22,0.1527074120849478,0.2299810422966082,0.2712945535336083,0.4283598213688552,-1.1080032156956612,2.0821945757937645,InR
GO_Biological_Process_2018,"positive regulation of DNA-templated transcription, elongation (GO:0032786)",1/22,0.1527074120849478,0.2299810422966082,0.2712945535336083,0.4283598213688552,-0.5069562741109589,0.9526882135046036,fs(1)h
GO_Biological_Process_2018,cell morphogenesis involved in differentiation (GO:0000904),1/22,0.1527074120849478,0.2299810422966082,0.2712945535336083,0.4283598213688552,-0.6986328341186839,1.3128928482035316,Fas2
GO_Biological_Process_2018,germ-band shortening (GO:0007390),1/22,0.1527074120849478,0.2299810422966082,0.2712945535336083,0.4283598213688552,-1.6308917394034168,3.064823175048796,InR
GO_Biological_Process_2018,positive regulation of actin filament polymerization (GO:0030838),1/22,0.1527074120849478,0.2299810422966082,0.2712945535336083,0.4283598213688552,-1.6765268491959613,3.1505821121436943,capu
GO_Biological_Process_2018,response to insecticide (GO:0017085),1/22,0.1527074120849478,0.2299810422966082,0.2712945535336083,0.4283598213688552,-1.396756397585101,2.6248286589411607,nAChRalpha6
GO_Biological_Process_2018,transmembrane receptor protein tyrosine kinase signaling pathway (GO:0007169),2/93,0.1542854983084643,0.2309663148330303,0.3732531469732344,0.4728355968615175,0.2095522421033834,-0.3916427692840286,sty;InR
GO_Biological_Process_2018,"regulation of mRNA splicing, via spliceosome (GO:0048024)",2/93,0.1542854983084643,0.2309663148330303,0.3732531469732344,0.4728355968615175,-0.564700766803903,1.0553977848577938,Caper;mbl
GO_Biological_Process_2018,cellular response to DNA damage stimulus (GO:0006974),2/93,0.1542854983084643,0.2309663148330303,0.3732531469732344,0.4728355968615175,-0.6269367387453404,1.1717137362194714,Mnn1;Dp
GO_Biological_Process_2018,positive regulation of filopodium assembly (GO:0051491),1/23,0.159069104357626,0.2334673743017994,0.2812680459557608,0.4340556264749395,-1.8774588190236363,3.451551369679961,sif
GO_Biological_Process_2018,regulation of cellular localization (GO:0060341),1/23,0.159069104357626,0.2334673743017994,0.2812680459557608,0.4340556264749395,-0.1766938215680008,0.3248368463091928,Frq2
GO_Biological_Process_2018,regulation of phosphorylation (GO:0042325),1/23,0.159069104357626,0.2334673743017994,0.2812680459557608,0.4340556264749395,-1.7244426939040651,3.170243992448521,Rok
GO_Biological_Process_2018,plasma membrane bounded cell projection organization (GO:0120036),1/23,0.159069104357626,0.2334673743017994,0.2812680459557608,0.4340556264749395,-1.5346655747074924,2.821354595216633,stai
GO_Biological_Process_2018,negative regulation of cellular response to insulin stimulus (GO:1900077),1/23,0.159069104357626,0.2334673743017994,0.2812680459557608,0.4340556264749395,-1.5167776063995102,2.788469058187216,HDAC4
GO_Biological_Process_2018,negative regulation of insulin receptor signaling pathway (GO:0046627),1/23,0.159069104357626,0.2334673743017994,0.2812680459557608,0.4340556264749395,-2.2831148610479843,4.197316151991526,HDAC4
GO_Biological_Process_2018,"positive regulation of transcription, DNA-templated (GO:0045893)",5/379,0.156530171255284,0.2334673743017994,0.6071478186208507,0.6599432811096203,-0.3138785031109711,0.5820897242325057,pros;Eip93F;tth;tou;Met
GO_Biological_Process_2018,gastrulation involving germ band extension (GO:0010004),1/23,0.159069104357626,0.2334673743017994,0.2812680459557608,0.4340556264749395,-1.6440353051860104,3.022421718079531,5-HT2A
GO_Biological_Process_2018,sterol biosynthetic process (GO:0016126),1/23,0.159069104357626,0.2334673743017994,0.2812680459557608,0.4340556264749395,0.1748159993064103,-0.3213846267806822,Marf
GO_Biological_Process_2018,response to alkaloid (GO:0043279),1/23,0.159069104357626,0.2334673743017994,0.2812680459557608,0.4340556264749395,-1.2611800266098137,2.318574236702504,InR
GO_Biological_Process_2018,cellular response to radiation (GO:0071478),1/24,0.1653833474545039,0.2362619249350056,0.2911062706188661,0.4357878302677636,-0.5616565771766201,1.0106949345754084,ninaE
GO_Biological_Process_2018,regulation of gene silencing (GO:0060968),1/24,0.1653833474545039,0.2362619249350056,0.2911062706188661,0.4357878302677636,-1.4715355193277897,2.648012247820073,FBXO11
GO_Biological_Process_2018,negative regulation of cellular catabolic process (GO:0031330),1/24,0.1653833474545039,0.2362619249350056,0.2911062706188661,0.4357878302677636,-1.298548526329625,2.3367240253095103,InR
GO_Biological_Process_2018,cell fate determination involved in pattern specification (GO:0060582),1/24,0.1653833474545039,0.2362619249350056,0.2911062706188661,0.4357878302677636,-1.1520626585532925,2.073124290943958,numb
GO_Biological_Process_2018,nicotinamide nucleotide metabolic process (GO:0046496),1/24,0.1653833474545039,0.2362619249350056,0.2911062706188661,0.4357878302677636,-1.183478348097868,2.129656484421524,Hex-A
GO_Biological_Process_2018,regulation of transcription elongation from RNA polymerase II promoter (GO:0034243),1/24,0.1653833474545039,0.2362619249350056,0.2911062706188661,0.4357878302677636,-1.088179105913782,1.9581665290674672,fs(1)h
GO_Biological_Process_2018,RNA polyadenylation (GO:0043631),1/24,0.1653833474545039,0.2362619249350056,0.2911062706188661,0.4357878302677636,-1.4984771707561977,2.6964934581081623,hrg
GO_Biological_Process_2018,axonal transport (GO:0098930),1/24,0.1653833474545039,0.2362619249350056,0.2911062706188661,0.4357878302677636,-1.4759232652282797,2.6559079491009547,Marf
GO_Biological_Process_2018,actin cytoskeleton reorganization (GO:0031532),1/24,0.1653833474545039,0.2362619249350056,0.2911062706188661,0.4357878302677636,-1.3383055990209942,2.4082664475218603,Rok
GO_Biological_Process_2018,negative regulation of autophagy (GO:0010507),1/24,0.1653833474545039,0.2362619249350056,0.2911062706188661,0.4357878302677636,-1.3751747974354216,2.4746121712141504,InR
GO_Biological_Process_2018,sensory organ precursor cell fate determination (GO:0016360),1/24,0.1653833474545039,0.2362619249350056,0.2911062706188661,0.4357878302677636,-1.255659997621478,2.259546581871356,numb
GO_Biological_Process_2018,stem cell differentiation (GO:0048863),1/24,0.1653833474545039,0.2362619249350056,0.2911062706188661,0.4357878302677636,-1.5085136003350132,2.7145539045601974,pros
GO_Biological_Process_2018,nucleotide-excision repair (GO:0006289),1/24,0.1653833474545039,0.2362619249350056,0.2911062706188661,0.4357878302677636,-2.003872407655788,3.6059467194955497,Mnn1
GO_Biological_Process_2018,photoreceptor cell differentiation (GO:0046530),1/24,0.1653833474545039,0.2362619249350056,0.2911062706188661,0.4357878302677636,-0.3639489930861434,0.6549222758239205,pros
GO_Molecular_Function_2018,polynucleotide adenylyltransferase activity (GO:0004652),1/7,0.0513409341930918,0.2402847083032498,0.0943379639298622,0.4557092933973926,-4.694947893806249,13.940553413520934,hrg
GO_Molecular_Function_2018,tubulin binding (GO:0015631),3/120,0.0616267881989074,0.2402847083032498,0.1923901833004145,0.4569266853384845,-1.603302576587114,4.467856960928507,apolpp;capu;stai
GO_Molecular_Function_2018,excitatory extracellular ligand-gated ion channel activity (GO:0005231),1/12,0.086401556406608,0.2402847083032498,0.1487821481181871,0.4557092933973926,-2.8379027481536903,6.949313189210521,nAChRalpha6
GO_Molecular_Function_2018,potassium channel activity (GO:0005267),2/33,0.0253439344920093,0.2402847083032498,0.0684660219178348,0.4557092933973926,-1.999223830906652,7.347579107261078,CG42594;GluRIA
GO_Molecular_Function_2018,leak channel activity (GO:0022840),1/12,0.086401556406608,0.2402847083032498,0.1487821481181871,0.4557092933973926,-2.1935261270555944,5.371396202897572,CG42594
GO_Molecular_Function_2018,AMPA glutamate receptor activity (GO:0004971),1/12,0.086401556406608,0.2402847083032498,0.1487821481181871,0.4557092933973926,-2.2353499374136723,5.473812241337762,GluRIA
GO_Molecular_Function_2018,DNA secondary structure binding (GO:0000217),1/11,0.0794939619466175,0.2402847083032498,0.1381580764279824,0.4557092933973926,-2.2602514879618463,5.723124502055375,Mnn1
GO_Molecular_Function_2018,"transcriptional repressor activity, RNA polymerase II transcription factor binding (GO:0001191)",1/11,0.0794939619466175,0.2402847083032498,0.1381580764279824,0.4557092933973926,-3.139593477081596,7.949683674970871,gro
GO_Molecular_Function_2018,PDZ domain binding (GO:0030165),1/8,0.0584583682884511,0.2402847083032498,0.1054947794246007,0.4557092933973926,-3.398364434341742,9.64945337508893,nkd
GO_Molecular_Function_2018,phosphatase binding (GO:0019902),1/6,0.0441700583670561,0.2402847083032498,0.0830438974193467,0.4557092933973926,-1.4490214828929804,4.520524103560248,ckn
GO_Molecular_Function_2018,protein-lysine N-methyltransferase activity (GO:0016279),1/8,0.0584583682884511,0.2402847083032498,0.1054947794246007,0.4557092933973926,-3.1741995578856503,9.012950561606948,Mnn1
GO_Molecular_Function_2018,kinase inhibitor activity (GO:0019210),1/6,0.0441700583670561,0.2402847083032498,0.0830438974193467,0.4557092933973926,-2.8925287019336,9.023845313338535,pcs
GO_Molecular_Function_2018,adrenergic receptor activity (GO:0004935),1/9,0.0655227562810445,0.2402847083032498,0.1165159892669769,0.4557092933973926,-3.702038238695436,10.089378688071257,Dop2R
GO_Molecular_Function_2018,G-protein coupled amine receptor activity (GO:0008227),2/23,0.0127501821155555,0.2402847083032498,0.0373260635315202,0.4557092933973926,-2.0985441219068464,9.154289574629347,Dop2R;5-HT2A
GO_Molecular_Function_2018,G-protein coupled serotonin receptor activity (GO:0004993),1/10,0.0725344908913629,0.2402847083032498,0.1274032193745724,0.4557092933973926,-2.8887162358174763,7.579104837907351,5-HT2A
GO_Molecular_Function_2018,ligand-gated cation channel activity (GO:0099094),2/35,0.0282840421438095,0.2402847083032498,0.0754545376836312,0.4557092933973926,-2.0713675133785543,7.38537286735458,GluRIA;nAChRalpha6
GO_Molecular_Function_2018,transcription corepressor activity (GO:0003714),2/55,0.0641037374991112,0.2402847083032498,0.1550657392694701,0.4557092933973926,-1.442695568781209,3.963449165957215,gro;Smr
GO_Molecular_Function_2018,G-protein coupled photoreceptor activity (GO:0008020),1/9,0.0655227562810445,0.2402847083032498,0.1165159892669769,0.4557092933973926,-1.4374915239890365,3.9176786978648055,ninaE
GO_Molecular_Function_2018,DNA binding (GO:0003677),8/448,0.0199191437761666,0.2402847083032498,0.1959727048055646,0.4582746327760896,-1.0189802597296,3.9904021127203695,Dsp1;Mnn1;grn;pros;mbl;Dp;sqz;luna
GO_Molecular_Function_2018,protein homodimerization activity (GO:0042803),3/139,0.0869451247149917,0.2402847083032498,0.2539348099017031,0.4772258929754397,-0.8721270344087572,2.130151190452948,robo2;Met;Liprin-gamma
GO_Molecular_Function_2018,acetylcholine-gated cation-selective channel activity (GO:0022848),1/11,0.0794939619466175,0.2402847083032498,0.1381580764279824,0.4557092933973926,-2.277205011181349,5.766052080977664,nAChRalpha6
GO_Molecular_Function_2018,protein kinase activity (GO:0004672),5/228,0.0288651114102362,0.2402847083032498,0.1580194277925313,0.4557092933973926,-0.9233953638483444,3.273548878137812,Pitslre;Lk6;cdi;InR;Rok
GO_Molecular_Function_2018,poly(A)-specific ribonuclease activity (GO:0004535),1/8,0.0584583682884511,0.2402847083032498,0.1054947794246007,0.4557092933973926,-3.850764292801202,10.934015824303406,Rga
GO_Molecular_Function_2018,transmembrane receptor protein tyrosine phosphatase activity (GO:0005001),1/7,0.0513409341930918,0.2402847083032498,0.0943379639298622,0.4557092933973926,-3.80008930499599,11.283479418873489,Ptp99A
GO_Molecular_Function_2018,RNA polymerase II transcription corepressor activity (GO:0001106),1/6,0.0441700583670561,0.2402847083032498,0.0830438974193467,0.4557092933973926,-3.7595450828620254,11.728683367460052,gro
GO_Molecular_Function_2018,dolichyl-diphosphooligosaccharide-protein glycotransferase activity (GO:0004579),1/7,0.0513409341930918,0.2402847083032498,0.0943379639298622,0.4557092933973926,-4.317654977643957,12.820270043125648,CG33303
GO_Molecular_Function_2018,sodium channel activity (GO:0005272),2/45,0.0448394271030196,0.2402847083032498,0.1133712092920584,0.4557092933973926,-1.5877761781160131,4.929517029722589,GluRIA;tipE
GO_Molecular_Function_2018,sequence-specific DNA binding (GO:0043565),4/197,0.0612216831862912,0.2402847083032498,0.2339334724260788,0.4772258929754397,-0.96323614547753,2.690563073532528,grn;pros;Dp;luna
GO_Molecular_Function_2018,Rac guanyl-nucleotide exchange factor activity (GO:0030676),1/7,0.0513409341930918,0.2402847083032498,0.0943379639298622,0.4557092933973926,-2.747731177348578,8.158747255610198,sif
GO_Molecular_Function_2018,oligosaccharyl transferase activity (GO:0004576),1/7,0.0513409341930918,0.2402847083032498,0.0943379639298622,0.4557092933973926,-3.613822603701946,10.730403866751688,CG33303
GO_Molecular_Function_2018,protein kinase inhibitor activity (GO:0004860),1/7,0.0513409341930918,0.2402847083032498,0.0943379639298622,0.4557092933973926,-2.744562060172549,8.149337300853421,pcs
GO_Molecular_Function_2018,calcium:cation antiporter activity (GO:0015368),1/8,0.0584583682884511,0.2402847083032498,0.1054947794246007,0.4557092933973926,-3.1034099692622066,8.811947741555967,Calx
GO_Molecular_Function_2018,microtubule binding (GO:0008017),3/111,0.051055135968067,0.2402847083032498,0.1647733953907217,0.4557092933973926,-1.2359079712472307,3.6766397564974143,apolpp;capu;stai
GO_Molecular_Function_2018,nucleoside-triphosphatase activity (GO:0017111),5/230,0.0298147255905676,0.2402847083032498,0.1620007428044612,0.4557092933973926,-0.9405923165969914,3.3040683503958865,Scp2;Marf;RabX1;Rgk1;sun
GO_Molecular_Function_2018,ubiquitin-protein transferase activity (GO:0004842),5/231,0.0302968531248351,0.2402847083032498,0.164006932005667,0.4557092933973926,-0.9726779330495792,3.401174045353624,ari-1;CG12084;Ubr1;CG2924;FBXO11
GO_Molecular_Function_2018,fructokinase activity (GO:0008865),1/9,0.0655227562810445,0.2402847083032498,0.1165159892669769,0.4557092933973926,-2.931155098575355,7.988446330424459,Hex-A
GO_Molecular_Function_2018,serotonin receptor activity (GO:0099589),1/10,0.0725344908913629,0.2402847083032498,0.1274032193745724,0.4557092933973926,-3.1057220404451957,8.148461468826998,5-HT2A
GO_Molecular_Function_2018,SH3 domain binding (GO:0017124),1/9,0.0655227562810445,0.2402847083032498,0.1165159892669769,0.4557092933973926,-2.9793959471842304,8.119919902134614,cindr
GO_Molecular_Function_2018,kainate selective glutamate receptor activity (GO:0015277),1/10,0.0725344908913629,0.2402847083032498,0.1274032193745724,0.4557092933973926,-3.046447167193193,7.992942393238924,GluRIA
GO_Molecular_Function_2018,calmodulin-dependent protein kinase activity (GO:0004683),1/11,0.0794939619466175,0.2402847083032498,0.1381580764279824,0.4557092933973926,-3.159646710945263,8.000459951275456,Lk6
GO_Molecular_Function_2018,hexokinase activity (GO:0004396),1/9,0.0655227562810445,0.2402847083032498,0.1165159892669769,0.4557092933973926,-2.987484371142878,8.141963751237919,Hex-A
GO_Molecular_Function_2018,transmembrane receptor protein phosphatase activity (GO:0019198),1/7,0.0513409341930918,0.2402847083032498,0.0943379639298622,0.4557092933973926,-3.4842180842721104,10.345573456146091,Ptp99A
GO_Molecular_Function_2018,calcium channel regulator activity (GO:0005246),1/10,0.0725344908913629,0.2402847083032498,0.1274032193745724,0.4557092933973926,-2.5473739359154446,6.683527403027252,Rgk1
GO_Molecular_Function_2018,protein phosphatase inhibitor activity (GO:0004864),1/12,0.086401556406608,0.2402847083032498,0.1487821481181871,0.4557092933973926,-2.4863105391079303,6.088351911684375,CG17124
GO_Molecular_Function_2018,potassium ion leak channel activity (GO:0022841),1/12,0.086401556406608,0.2402847083032498,0.1487821481181871,0.4557092933973926,-2.574833508059863,6.305122495555145,CG42594
GO_Molecular_Function_2018,GTPase binding (GO:0051020),1/11,0.0794939619466175,0.2402847083032498,0.1381580764279824,0.4557092933973926,-2.473278566216105,6.26252487305462,Rok
GO_Molecular_Function_2018,histone acetyltransferase activity (H4-K16 specific) (GO:0046972),1/9,0.0655227562810445,0.2402847083032498,0.1165159892669769,0.4557092933973926,-2.339177169052526,6.375094679026905,tth
GO_Molecular_Function_2018,GDP-dissociation inhibitor activity (GO:0005092),1/6,0.0441700583670561,0.2402847083032498,0.0830438974193467,0.4557092933973926,-4.965633312278413,15.491326624626833,Dhit
GO_Molecular_Function_2018,protein serine/threonine kinase activity (GO:0004674),4/172,0.0407467157952847,0.2402847083032498,0.1703710259162379,0.4557092933973926,-0.9995796047409636,3.199034611929408,Pitslre;Lk6;cdi;Rok
GO_Biological_Process_2018,positive regulation of protein modification process (GO:0031401),1/25,0.17165049291644,0.2410821529725281,0.3008110453635542,0.4406411797317689,-1.258399284381117,2.217670625230366,InR
GO_Biological_Process_2018,protein complex disassembly (GO:0043241),1/25,0.17165049291644,0.2410821529725281,0.3008110453635542,0.4406411797317689,-1.2237141975281602,2.1565452739987854,flw
GO_Biological_Process_2018,"terminal branching, open tracheal system (GO:0007430)",1/25,0.17165049291644,0.2410821529725281,0.3008110453635542,0.4406411797317689,-1.3898336582403146,2.4492967503170777,sty
GO_Biological_Process_2018,regulation of kinase activity (GO:0043549),1/25,0.17165049291644,0.2410821529725281,0.3008110453635542,0.4406411797317689,-1.1035829877912673,1.944838657256773,InR
GO_Biological_Process_2018,establishment of imaginal disc-derived wing hair orientation (GO:0001737),1/25,0.17165049291644,0.2410821529725281,0.3008110453635542,0.4406411797317689,-1.5625073775669676,2.753598763082699,Rok
GO_Biological_Process_2018,synapse assembly (GO:0007416),1/25,0.17165049291644,0.2410821529725281,0.3008110453635542,0.4406411797317689,-1.7926513519035063,3.159180312432452,pros
GO_Biological_Process_2018,plasma membrane organization (GO:0007009),1/25,0.17165049291644,0.2410821529725281,0.3008110453635542,0.4406411797317689,-1.6570603795149594,2.9202290350083038,Cip4
GO_Biological_Process_2018,mRNA polyadenylation (GO:0006378),1/25,0.17165049291644,0.2410821529725281,0.3008110453635542,0.4406411797317689,-1.5044438431681462,2.6512736932646197,hrg
GO_Biological_Process_2018,regulation of secretion by cell (GO:1903530),1/25,0.17165049291644,0.2410821529725281,0.3008110453635542,0.4406411797317689,-1.364409872877673,2.4044925433529736,Frq2
GO_Biological_Process_2018,regulation of mitotic cell cycle (GO:0007346),2/100,0.1727918671708156,0.2422315894917976,0.4071839824871957,0.4993735807871293,-0.6172849543979548,1.0837471257022988,Pitslre;Smr
GO_Biological_Process_2018,histone H3-K4 methylation (GO:0051568),1/26,0.1778708897176365,0.2456780244718737,0.3103841638203186,0.4442521428725935,-1.2926531860614567,2.232020805686832,Mnn1
GO_Biological_Process_2018,adult chitin-containing cuticle pigmentation (GO:0048085),1/26,0.1778708897176365,0.2456780244718737,0.3103841638203186,0.4442521428725935,-1.3827195092916074,2.38753808557992,dally
GO_Biological_Process_2018,positive regulation of transmembrane receptor protein serine/threonine kinase signaling pathway (GO:0090100),1/26,0.1778708897176365,0.2456780244718737,0.3103841638203186,0.4442521428725935,-0.6470947878787174,1.1173368428367734,dally
GO_Biological_Process_2018,imaginal disc-derived male genitalia development (GO:0007485),1/26,0.1778708897176365,0.2456780244718737,0.3103841638203186,0.4442521428725935,-1.219249335914185,2.105274573586152,Fas2
GO_Biological_Process_2018,positive regulation of transferase activity (GO:0051347),1/26,0.1778708897176365,0.2456780244718737,0.3103841638203186,0.4442521428725935,-0.7623324493671615,1.3163174053065856,InR
GO_Biological_Process_2018,cAMP-mediated signaling (GO:0019933),1/26,0.1778708897176365,0.2456780244718737,0.3103841638203186,0.4442521428725935,-1.329025398092615,2.2948246071068814,Ac3
GO_Biological_Process_2018,positive regulation of proteasomal ubiquitin-dependent protein catabolic process (GO:0032436),1/26,0.1778708897176365,0.2456780244718737,0.3103841638203186,0.4442521428725935,-1.4237680440091316,2.458416480899263,ari-1
GO_Biological_Process_2018,regulation of mRNA processing (GO:0050684),1/26,0.1778708897176365,0.2456780244718737,0.3103841638203186,0.4442521428725935,-0.380709245268651,0.6573696375174217,swm
GO_Biological_Process_2018,short-term memory (GO:0007614),1/27,0.1840448842347379,0.2478162714112271,0.3198273957483218,0.4458560349651326,-1.5676022231670488,2.6532852970500835,Fas2
GO_Biological_Process_2018,protein N-linked glycosylation (GO:0006487),1/27,0.1840448842347379,0.2478162714112271,0.3198273957483218,0.4458560349651326,-1.4695343509411196,2.4872980078994247,CG33303
GO_Biological_Process_2018,terminal region determination (GO:0007362),1/27,0.1840448842347379,0.2478162714112271,0.3198273957483218,0.4458560349651326,-1.7566437791654357,2.9732524249663976,fs(1)h
GO_Biological_Process_2018,transmembrane receptor protein serine/threonine kinase signaling pathway (GO:0007178),1/27,0.1840448842347379,0.2478162714112271,0.3198273957483218,0.4458560349651326,-0.9949259991299334,1.6839874849188756,dally
GO_Biological_Process_2018,positive regulation of multicellular organism growth (GO:0040018),1/27,0.1840448842347379,0.2478162714112271,0.3198273957483218,0.4458560349651326,-1.5220513138223022,2.5761869386492493,InR
GO_Biological_Process_2018,positive regulation of plasma membrane bounded cell projection assembly (GO:0120034),1/27,0.1840448842347379,0.2478162714112271,0.3198273957483218,0.4458560349651326,-1.6149011869421237,2.7333423697534927,sif
GO_Biological_Process_2018,cyclic-nucleotide-mediated signaling (GO:0019935),1/27,0.1840448842347379,0.2478162714112271,0.3198273957483218,0.4458560349651326,-1.3007821818133674,2.201672201444913,Ac3
GO_Biological_Process_2018,activation of GTPase activity (GO:0090630),1/27,0.1840448842347379,0.2478162714112271,0.3198273957483218,0.4458560349651326,-1.3491081810305916,2.2834676092935093,Rgl
GO_Biological_Process_2018,positive regulation of proteasomal protein catabolic process (GO:1901800),1/27,0.1840448842347379,0.2478162714112271,0.3198273957483218,0.4458560349651326,-0.1437082853529287,0.2432371394707898,ari-1
GO_Biological_Process_2018,RNA catabolic process (GO:0006401),1/27,0.1840448842347379,0.2478162714112271,0.3198273957483218,0.4458560349651326,-1.0574372809496162,1.7897925561931614,Rga
GO_Biological_Process_2018,regulation of imaginal disc-derived wing size (GO:0044719),1/27,0.1840448842347379,0.2478162714112271,0.3198273957483218,0.4458560349651326,-1.3656399295467925,2.3114488437063736,fru
GO_Biological_Process_2018,cytoplasmic microtubule organization (GO:0031122),1/27,0.1840448842347379,0.2478162714112271,0.3198273957483218,0.4458560349651326,-1.2879430158905223,2.1799409422861658,Vap33
GO_Biological_Process_2018,striated muscle cell development (GO:0055002),1/27,0.1840448842347379,0.2478162714112271,0.3198273957483218,0.4458560349651326,-0.8603933616295721,1.4562808232557407,sty
GO_Biological_Process_2018,endocytosis (GO:0006897),2/104,0.1835245862723703,0.2478162714112271,0.4261815680019898,0.5147120386497462,-0.4299393976321231,0.7289221075340748,lqf;tth
KEGG_2019,Longevity regulating pathway,2/55,0.0641037374991112,0.2484019828090561,0.1236663722488767,0.4792071924643975,-70.0579622943498,192.4669197249837,Ac3;InR
KEGG_2019,Neuroactive ligand-receptor interaction,2/54,0.062069373383118,0.2484019828090561,0.1201067777161747,0.4792071924643975,-18.95727327054342,52.69179022938141,Dop2R;5-HT2A
GO_Biological_Process_2018,small GTPase mediated signal transduction (GO:0007264),1/28,0.1901728203038824,0.2528893887019714,0.329142487330289,0.4537810027531558,-1.1436411643950524,1.898240810162632,Rgk1
GO_Biological_Process_2018,adherens junction organization (GO:0034332),1/28,0.1901728203038824,0.2528893887019714,0.329142487330289,0.4537810027531558,-1.1567113887668097,1.9199350566386024,cindr
GO_Biological_Process_2018,photoreceptor cell axon guidance (GO:0072499),1/28,0.1901728203038824,0.2528893887019714,0.329142487330289,0.4537810027531558,-1.289995625066572,2.1411631695925464,Fas2
GO_Biological_Process_2018,mitochondrion organization (GO:0007005),2/106,0.1889274305903443,0.2528893887019714,0.4355633645582239,0.5205348296889151,-0.4300852256613985,0.7166907095843207,Tom7;Marf
GO_Biological_Process_2018,positive regulation of developmental process (GO:0051094),1/28,0.1901728203038824,0.2528893887019714,0.329142487330289,0.4537810027531558,-0.6524803163489508,1.0830012095415975,Marf
GO_Biological_Process_2018,response to UV (GO:0009411),1/28,0.1901728203038824,0.2528893887019714,0.329142487330289,0.4537810027531558,-1.4072605212774894,2.335802028805694,ninaE
GO_Biological_Process_2018,ATP-dependent chromatin remodeling (GO:0043044),1/28,0.1901728203038824,0.2528893887019714,0.329142487330289,0.4537810027531558,-1.406074190970486,2.3338329316157744,tou
GO_Molecular_Function_2018,acetylcholine receptor activity (GO:0015464),1/14,0.100062649199297,0.2534920446382192,0.1696441924322737,0.4557092933973926,-1.8306625723550352,4.214109813073853,nAChRalpha6
GO_Molecular_Function_2018,carbohydrate kinase activity (GO:0019200),1/14,0.100062649199297,0.2534920446382192,0.1696441924322737,0.4557092933973926,-1.9015691572342484,4.377333849913503,Hex-A
GO_Molecular_Function_2018,adenylyltransferase activity (GO:0070566),1/14,0.100062649199297,0.2534920446382192,0.1696441924322737,0.4557092933973926,-2.484607464556275,5.719464010537783,hrg
GO_Molecular_Function_2018,exopeptidase activity (GO:0008238),1/14,0.100062649199297,0.2534920446382192,0.1696441924322737,0.4557092933973926,-2.283317563967788,5.256102953097596,CG46339
GO_Molecular_Function_2018,mannosyltransferase activity (GO:0000030),1/14,0.100062649199297,0.2534920446382192,0.1696441924322737,0.4557092933973926,-2.92471037148266,6.732562768794978,egh
GO_Molecular_Function_2018,small GTPase binding (GO:0031267),1/15,0.1068169073153075,0.2536901548738553,0.1798852473937076,0.4557092933973926,-1.3067994888557664,2.9228387761676227,Rgl
GO_Molecular_Function_2018,"proton-transporting ATP synthase activity, rotational mechanism (GO:0046933)",1/15,0.1068169073153075,0.2536901548738553,0.1798852473937076,0.4557092933973926,-2.1753918835688806,4.865566450613469,sun
GO_Molecular_Function_2018,histone deacetylase activity (GO:0004407),1/15,0.1068169073153075,0.2536901548738553,0.1798852473937076,0.4557092933973926,-2.687541837576936,6.011061040680934,HDAC4
GO_Molecular_Function_2018,protein deacetylase activity (GO:0033558),1/15,0.1068169073153075,0.2536901548738553,0.1798852473937076,0.4557092933973926,-2.6950738089980364,6.027907342135991,HDAC4
GO_Molecular_Function_2018,3'-5'-exoribonuclease activity (GO:0000175),1/16,0.1135208084297329,0.2537523953135206,0.1900016820782865,0.4569266853384845,-2.1873053264495264,4.759071395540637,Rga
GO_Molecular_Function_2018,ubiquitin-like protein ligase activity (GO:0061659),2/76,0.111330451708593,0.2537523953135206,0.2491532681434128,0.4772258929754397,-1.0806666749530272,2.3723361743239297,ari-1;Ubr1
GO_Molecular_Function_2018,potassium ion transmembrane transporter activity (GO:0015079),1/16,0.1135208084297329,0.2537523953135206,0.1900016820782865,0.4569266853384845,-1.86000833421947,4.046948705245304,CG42594
GO_Molecular_Function_2018,Notch binding (GO:0005112),1/16,0.1135208084297329,0.2537523953135206,0.1900016820782865,0.4569266853384845,-2.1209606989238705,4.614720803381809,numb
GO_Biological_Process_2018,cytoplasmic translation (GO:0002181),2/107,0.191637137849627,0.2543855812163191,0.4402238040179955,0.5207694842484174,0.1411916932551442,-0.2332700822168345,RpL39;RpL41
GO_Molecular_Function_2018,"phosphotransferase activity, alcohol group as acceptor (GO:0016773)",3/158,0.1159130057546765,0.2553445923871134,0.3179340083729638,0.4982058687906237,-0.722855279362334,1.557691915366061,Lk6;cdi;Hex-A
GO_Molecular_Function_2018,ubiquitin protein ligase activity (GO:0061630),2/79,0.1186618788718665,0.2572754686881095,0.2628987529276983,0.4814531378916885,-0.9725455841806548,2.072958723273149,ari-1;Ubr1
GO_Molecular_Function_2018,TBP-class protein binding (GO:0017025),1/17,0.1201747255056301,0.2572754686881095,0.1999949924366251,0.4605945280358638,-2.221517070741013,4.706969361961472,Dsp1
GO_Biological_Process_2018,positive regulation of kinase activity (GO:0033674),1/29,0.1962550392645768,0.2573274116231339,0.3383311614804074,0.4605233595468341,0.4770985861088092,-0.7768788285305971,InR
GO_Biological_Process_2018,photoreceptor cell development (GO:0042461),1/29,0.1962550392645768,0.2573274116231339,0.3383311614804074,0.4605233595468341,-1.210055218828217,1.9703816113305452,ninaE
GO_Biological_Process_2018,positive regulation of ERK1 and ERK2 cascade (GO:0070374),1/29,0.1962550392645768,0.2573274116231339,0.3383311614804074,0.4605233595468341,-1.1135902176749284,1.8133037677314072,InR
GO_Biological_Process_2018,protein dephosphorylation (GO:0006470),2/108,0.1943520584995863,0.2573274116231339,0.4448635109141527,0.5230382859968704,-0.4188574318077222,0.6861236699019964,flw;Ptp99A
GO_Biological_Process_2018,triglyceride homeostasis (GO:0070328),1/29,0.1962550392645768,0.2573274116231339,0.3383311614804074,0.4605233595468341,-1.565253552969286,2.548765353722521,InR
GO_Biological_Process_2018,positive regulation of behavior (GO:0048520),1/29,0.1962550392645768,0.2573274116231339,0.3383311614804074,0.4605233595468341,-0.7399831301850283,1.2049443114036813,5-HT2A
GO_Biological_Process_2018,insulin receptor signaling pathway (GO:0008286),1/29,0.1962550392645768,0.2573274116231339,0.3383311614804074,0.4605233595468341,-1.36505641610192,2.2227762988540407,InR
GO_Biological_Process_2018,sensory perception of chemical stimulus (GO:0007606),3/204,0.1976438172274884,0.2586960958474979,0.5403588527288665,0.6021829710945764,-0.3554880035492215,0.5763487084321555,dpr10;pros;dpr13
GO_Molecular_Function_2018,cyclin-dependent protein kinase activity (GO:0097472),1/18,0.1267790287198005,0.2604109779109415,0.2098666566939141,0.4623149538764484,-1.8148299003523969,3.748185686891888,Pitslre
GO_Molecular_Function_2018,H4 histone acetyltransferase activity (GO:0010485),1/18,0.1267790287198005,0.2604109779109415,0.2098666566939141,0.4623149538764484,-2.216929524331622,4.578645916256024,tth
GO_Molecular_Function_2018,cyclin-dependent protein serine/threonine kinase activity (GO:0004693),1/18,0.1267790287198005,0.2604109779109415,0.2098666566939141,0.4623149538764484,-1.9444640759287453,4.015920399292732,Pitslre
GO_Biological_Process_2018,cellular response to hypoxia (GO:0071456),1/30,0.2022918798844176,0.2606854122221876,0.347395118169212,0.4652613189766233,-1.0060940379795773,1.6077822134396709,Eip93F
GO_Biological_Process_2018,glial cell migration (GO:0008347),1/30,0.2022918798844176,0.2606854122221876,0.347395118169212,0.4652613189766233,-1.0967790750996247,1.752700863389655,numb
GO_Biological_Process_2018,protein O-linked glycosylation (GO:0006493),1/30,0.2022918798844176,0.2606854122221876,0.347395118169212,0.4652613189766233,-1.5011479416118578,2.398899972722143,CG9171
GO_Biological_Process_2018,regulation of proteasomal ubiquitin-dependent protein catabolic process (GO:0032434),1/30,0.2022918798844176,0.2606854122221876,0.347395118169212,0.4652613189766233,-0.6410465586546975,1.024420398178182,ari-1
GO_Biological_Process_2018,negative regulation of neuron death (GO:1901215),1/30,0.2022918798844176,0.2606854122221876,0.347395118169212,0.4652613189766233,-1.3424662214185143,2.145319653493527,Drep2
GO_Biological_Process_2018,cellular calcium ion homeostasis (GO:0006874),1/30,0.2022918798844176,0.2606854122221876,0.347395118169212,0.4652613189766233,-1.1825307504544351,1.8897357857762205,Cbp53E
GO_Biological_Process_2018,acylglycerol homeostasis (GO:0055090),1/30,0.2022918798844176,0.2606854122221876,0.347395118169212,0.4652613189766233,-1.437201699501797,2.296711085004125,InR
GO_Biological_Process_2018,homeostasis of number of cells (GO:0048872),1/30,0.2022918798844176,0.2606854122221876,0.347395118169212,0.4652613189766233,-1.0004133348510291,1.5987042017378503,InR
GO_Biological_Process_2018,intestinal stem cell homeostasis (GO:0036335),1/30,0.2022918798844176,0.2606854122221876,0.347395118169212,0.4652613189766233,-1.3118341660413415,2.096368291158233,InR
GO_Biological_Process_2018,respiratory system development (GO:0060541),2/112,0.2052593496765877,0.2640557671654215,0.4632090987303338,0.5352955686406015,-0.160925755786914,0.254822873329529,sty;InR
GO_Biological_Process_2018,nucleic acid-templated transcription (GO:0097659),1/31,0.2082836784909968,0.2647673879122842,0.356336034726972,0.4696872162482056,-0.8975176385283935,1.408074397165811,Rga
GO_Biological_Process_2018,regulation of TORC1 signaling (GO:1903432),1/31,0.2082836784909968,0.2647673879122842,0.356336034726972,0.4696872162482056,-1.456174382670871,2.2845254266083352,InR
GO_Biological_Process_2018,regulation of actin cytoskeleton organization (GO:0032956),1/31,0.2082836784909968,0.2647673879122842,0.356336034726972,0.4696872162482056,-1.2281372270216124,1.92676835678772,Rok
GO_Biological_Process_2018,mRNA metabolic process (GO:0016071),1/31,0.2082836784909968,0.2647673879122842,0.356336034726972,0.4696872162482056,-1.1446449216552677,1.795781095368032,Rga
GO_Biological_Process_2018,organic substance transport (GO:0071702),1/31,0.2082836784909968,0.2647673879122842,0.356336034726972,0.4696872162482056,-1.3516534434727836,2.1205473027980197,apolpp
GO_Biological_Process_2018,"mitotic cell cycle, embryonic (GO:0045448)",1/31,0.2082836784909968,0.2647673879122842,0.356336034726972,0.4696872162482056,-1.3457067392067186,2.1112177903014264,luna
GO_Biological_Process_2018,ion transmembrane transport (GO:0034220),1/31,0.2082836784909968,0.2647673879122842,0.356336034726972,0.4696872162482056,0.3613685209375006,-0.5669345541866748,nAChRalpha6
GO_Biological_Process_2018,regulation of endocytosis (GO:0030100),1/32,0.2142307688887734,0.267342889628253,0.365155566115425,0.4702911865531538,-1.3006909977694745,2.003976552672313,numb
GO_Biological_Process_2018,carbohydrate catabolic process (GO:0016052),1/32,0.2142307688887734,0.267342889628253,0.365155566115425,0.4702911865531538,0.8232346970782162,-1.268358920850645,Hex-A
GO_Biological_Process_2018,cellular response to light stimulus (GO:0071482),1/32,0.2142307688887734,0.267342889628253,0.365155566115425,0.4702911865531538,-1.357964459591266,2.092217860391108,ninaE
GO_Biological_Process_2018,regulation of imaginal disc growth (GO:0045570),1/32,0.2142307688887734,0.267342889628253,0.365155566115425,0.4702911865531538,-1.1497279856440272,1.7713876156081076,dally
GO_Biological_Process_2018,salivary gland cell autophagic cell death (GO:0035071),1/32,0.2142307688887734,0.267342889628253,0.365155566115425,0.4702911865531538,-1.2263392716000991,1.8894227377003816,bel
GO_Biological_Process_2018,RNA interference (GO:0016246),1/32,0.2142307688887734,0.267342889628253,0.365155566115425,0.4702911865531538,-1.1758389303058894,1.8116167868411124,bel
GO_Biological_Process_2018,positive regulation of TOR signaling (GO:0032008),1/32,0.2142307688887734,0.267342889628253,0.365155566115425,0.4702911865531538,-1.2391818421069467,1.909209305160215,InR
GO_Biological_Process_2018,cortical actin cytoskeleton organization (GO:0030866),1/32,0.2142307688887734,0.267342889628253,0.365155566115425,0.4702911865531538,-1.272558140952769,1.960632218378429,Rok
GO_Biological_Process_2018,cellular response to decreased oxygen levels (GO:0036294),1/32,0.2142307688887734,0.267342889628253,0.365155566115425,0.4702911865531538,-0.8293306589719486,1.277750978396959,Eip93F
GO_Biological_Process_2018,mRNA 3'-end processing (GO:0031124),1/32,0.2142307688887734,0.267342889628253,0.365155566115425,0.4702911865531538,-1.0587476550533803,1.631214085099561,hrg
GO_Biological_Process_2018,protein modification by small protein conjugation (GO:0032446),2/115,0.213483662885067,0.267342889628253,0.4767368370662263,0.5450757751979116,-0.3787160085938461,0.5848113554101572,ari-1;Ubr1
GO_Biological_Process_2018,lipid transport (GO:0006869),1/33,0.2201334824766927,0.2719935944934424,0.3738553452518398,0.4728355968615175,-1.116237795831365,1.689449543776117,apolpp
GO_Biological_Process_2018,regulation of ERK1 and ERK2 cascade (GO:0070372),1/33,0.2201334824766927,0.2719935944934424,0.3738553452518398,0.4728355968615175,-0.6995508928894325,1.0587850915404546,InR
GO_Biological_Process_2018,purine ribonucleotide biosynthetic process (GO:0009152),1/33,0.2201334824766927,0.2719935944934424,0.3738553452518398,0.4728355968615175,-0.8319652149278254,1.2591969722280918,Ac3
GO_Biological_Process_2018,regulation of cell development (GO:0060284),1/33,0.2201334824766927,0.2719935944934424,0.3738553452518398,0.4728355968615175,-0.8061091493755916,1.2200632694326832,numb
GO_Biological_Process_2018,regulation of nervous system development (GO:0051960),1/33,0.2201334824766927,0.2719935944934424,0.3738553452518398,0.4728355968615175,-0.2996596059963479,0.4535411598938044,numb
GO_Biological_Process_2018,regulation of filopodium assembly (GO:0051489),1/33,0.2201334824766927,0.2719935944934424,0.3738553452518398,0.4728355968615175,-1.3843604521687776,2.0952588624687407,sif
GO_Molecular_Function_2018,transmembrane receptor protein tyrosine kinase activity (GO:0004714),1/22,0.1527074120849478,0.2763276980584771,0.2481658089956011,0.4772258929754397,-2.126172415126886,3.995570235958176,InR
GO_Molecular_Function_2018,P-P-bond-hydrolysis-driven protein transmembrane transporter activity (GO:0015450),1/20,0.1398402607846835,0.2763276980584771,0.229250872520803,0.4772258929754397,-2.2546264176490878,4.4354239708938605,Tom7
GO_Molecular_Function_2018,cation-transporting ATPase activity (GO:0019829),1/22,0.1527074120849478,0.2763276980584771,0.2481658089956011,0.4772258929754397,-1.7373530280218947,3.264888585106502,sun
GO_Molecular_Function_2018,protein transmembrane transporter activity (GO:0008320),1/22,0.1527074120849478,0.2763276980584771,0.2481658089956011,0.4772258929754397,-2.290589860950996,4.304548683864469,Tom7
GO_Molecular_Function_2018,Ras GTPase binding (GO:0017016),2/92,0.1516745926171264,0.2763276980584771,0.3223360504734091,0.4999497925710019,-0.8221818743338285,1.5506497246912243,Rgl;Rip11
GO_Molecular_Function_2018,transmitter-gated ion channel activity involved in regulation of postsynaptic membrane potential (GO:1904315),1/21,0.146297916482815,0.2763276980584771,0.2387662938524226,0.4772258929754397,-1.2291195468740774,2.362503233380826,nAChRalpha6
GO_Molecular_Function_2018,transmembrane receptor protein kinase activity (GO:0019199),1/22,0.1527074120849478,0.2763276980584771,0.2481658089956011,0.4772258929754397,-1.9728283132822453,3.707401165175823,InR
GO_Molecular_Function_2018,RNA polymerase II transcription cofactor activity (GO:0001104),1/22,0.1527074120849478,0.2763276980584771,0.2481658089956011,0.4772258929754397,-1.0934251108906143,2.054798941629144,gro
GO_Molecular_Function_2018,phosphoprotein phosphatase activity (GO:0004721),2/91,0.1490727235255822,0.2763276980584771,0.3177901007909037,0.4982058687906237,-0.891865382027659,1.697506123945549,flw;Ptp99A
GO_Molecular_Function_2018,protein kinase binding (GO:0019901),2/90,0.1464801738456188,0.2763276980584771,0.3132376837583915,0.4982058687906237,-0.8375473577184587,1.6088155659213028,Lk6;InR
GO_Biological_Process_2018,tripartite regional subdivision (GO:0007351),1/34,0.2259921481487597,0.2769511619470095,0.382436983299165,0.4796450459437688,-0.4031676448697803,0.5996131049509162,sty
GO_Biological_Process_2018,"regulation of circadian sleep/wake cycle, sleep (GO:0045187)",1/34,0.2259921481487597,0.2769511619470095,0.382436983299165,0.4796450459437688,-1.0869372336825869,1.616552860499712,InR
GO_Biological_Process_2018,"zygotic determination of anterior/posterior axis, embryo (GO:0007354)",1/34,0.2259921481487597,0.2769511619470095,0.382436983299165,0.4796450459437688,-1.2121992740993646,1.802849459303048,fs(1)h
GO_Biological_Process_2018,phosphatidylinositol metabolic process (GO:0046488),1/34,0.2259921481487597,0.2769511619470095,0.382436983299165,0.4796450459437688,0.122248986334612,-0.18181541898501,Vap33
GO_Biological_Process_2018,pyruvate metabolic process (GO:0006090),1/34,0.2259921481487597,0.2769511619470095,0.382436983299165,0.4796450459437688,-1.144439250831511,1.7020730243381172,Hex-A
GO_Molecular_Function_2018,ionotropic glutamate receptor activity (GO:0004970),1/23,0.159069104357626,0.2779138374983811,0.2574508106841187,0.4772258929754397,-2.0846389288541918,3.832434712957752,GluRIA
GO_Molecular_Function_2018,mitogen-activated protein kinase kinase binding (GO:0031434),1/23,0.159069104357626,0.2779138374983811,0.2574508106841187,0.4772258929754397,-2.063858958315157,3.794232471156672,InR
GO_Molecular_Function_2018,ubiquitin conjugating enzyme binding (GO:0031624),1/23,0.159069104357626,0.2779138374983811,0.2574508106841187,0.4772258929754397,-2.0265538150226403,3.725650078231348,ari-1
GO_Biological_Process_2018,regulation of insulin receptor signaling pathway (GO:0046626),1/35,0.2318070924430677,0.283151985883226,0.3909020699254541,0.4878145631349262,-1.609174342855434,2.3523711128892284,HDAC4
GO_Biological_Process_2018,torso signaling pathway (GO:0008293),1/35,0.2318070924430677,0.283151985883226,0.3909020699254541,0.4878145631349262,-1.1687306533404476,1.7085086149134656,sty
GO_Biological_Process_2018,DNA packaging (GO:0006323),1/36,0.2375786394602001,0.2883235915779127,0.3992521736067559,0.4949407110827553,-0.9285825358413172,1.3346113753082265,Top1
GO_Biological_Process_2018,glial cell development (GO:0021782),1/36,0.2375786394602001,0.2883235915779127,0.3992521736067559,0.4949407110827553,-1.1297366938842923,1.623721515928597,sty
GO_Biological_Process_2018,DNA-dependent DNA replication (GO:0006261),1/36,0.2375786394602001,0.2883235915779127,0.3992521736067559,0.4949407110827553,-1.2929554187508383,1.8583087049638007,Dsp1
GO_Biological_Process_2018,"regulation of tube length, open tracheal system (GO:0035159)",1/36,0.2375786394602001,0.2883235915779127,0.3992521736067559,0.4949407110827553,-1.2002272354131431,1.725034511752716,Fas2
GO_Biological_Process_2018,positive regulation of cell size (GO:0045793),1/37,0.2433071109219324,0.2933767414653525,0.4074888419222975,0.4993735807871293,-1.3518671700874454,1.910770699291827,InR
GO_Biological_Process_2018,protein maturation (GO:0051604),1/37,0.2433071109219324,0.2933767414653525,0.4074888419222975,0.4993735807871293,-0.0754247102769978,0.1066076087864019,CG46339
GO_Biological_Process_2018,sphingolipid biosynthetic process (GO:0030148),1/37,0.2433071109219324,0.2933767414653525,0.4074888419222975,0.4993735807871293,-0.0155975307887728,0.0220460304621211,egh
GO_Biological_Process_2018,Rab protein signal transduction (GO:0032482),1/37,0.2433071109219324,0.2933767414653525,0.4074888419222975,0.4993735807871293,-0.95950615638009,1.356195556759178,RabX1
KEGG_2019,Oxidative phosphorylation,3/144,0.0942367632577721,0.293444050939934,0.2071592265808748,0.5351613353339267,0.987564663586088,-2.33257332591556,UQCR-6.4;cype;sun
KEGG_2019,Apoptosis,2/69,0.094731343416305,0.293444050939934,0.1758637556632429,0.5351613353339267,-0.6968491854527429,1.6422716930873067,Eip93F;Marf
KEGG_2019,mRNA surveillance pathway,2/73,0.1041253083980411,0.293444050939934,0.1914003820092828,0.5351613353339267,-1.0285925841903405,2.3268412231414497,flw;hrg
GO_Molecular_Function_2018,repressing transcription factor binding (GO:0070491),1/25,0.17165049291644,0.2964872150374873,0.2756827623031487,0.4982058687906237,-1.6315745003122786,2.875315400387356,gro
GO_Molecular_Function_2018,RNA-dependent ATPase activity (GO:0008186),1/27,0.1840448842347379,0.297604493656172,0.2934729638949741,0.4982058687906237,-0.9598725270705758,1.6246568328879372,bel
GO_Molecular_Function_2018,mRNA binding (GO:0003729),3/196,0.1825001996489568,0.297604493656172,0.4454604733928129,0.568271834661557,-0.6032163778687541,1.0260734788548187,CG9705;Caper;swm
GO_Molecular_Function_2018,MAP kinase kinase kinase activity (GO:0004709),1/27,0.1840448842347379,0.297604493656172,0.2934729638949741,0.4982058687906237,-1.7599634314070067,2.978871187400968,InR
GO_Molecular_Function_2018,heme binding (GO:0020037),1/26,0.1778708897176365,0.297604493656172,0.2846324159315885,0.4982058687906237,-1.7344352263602116,2.9948446753513736,apolpp
GO_Molecular_Function_2018,histone methyltransferase activity (GO:0042054),1/26,0.1778708897176365,0.297604493656172,0.2846324159315885,0.4982058687906237,-1.7594157909379589,3.037978549523161,Mnn1
GO_Molecular_Function_2018,ubiquitin-like protein conjugating enzyme binding (GO:0044390),1/27,0.1840448842347379,0.297604493656172,0.2934729638949741,0.4982058687906237,-1.9432173449014367,3.2890422927463865,ari-1
GO_Molecular_Function_2018,phosphatidylinositol binding (GO:0035091),1/28,0.1901728203038824,0.298002769960723,0.3022057183080016,0.4982058687906237,-1.659541002031079,2.7545427309447503,Asap
GO_Molecular_Function_2018,Rho guanyl-nucleotide exchange factor activity (GO:0005089),1/28,0.1901728203038824,0.298002769960723,0.3022057183080016,0.4982058687906237,-1.533070481496377,2.5446241735898547,sif
GO_Molecular_Function_2018,protein tyrosine phosphatase activity (GO:0004725),1/28,0.1901728203038824,0.298002769960723,0.3022057183080016,0.4982058687906237,-1.478327902096971,2.453761233793098,Ptp99A
GO_Biological_Process_2018,positive regulation of MAPK cascade (GO:0043410),1/38,0.2489928261465382,0.2987913913758459,0.4156136017958195,0.5068458558485603,-0.8818117395193767,1.226010368326712,InR
GO_Biological_Process_2018,posttranscriptional gene silencing by RNA (GO:0035194),1/38,0.2489928261465382,0.2987913913758459,0.4156136017958195,0.5068458558485603,-1.1359271012212258,1.5793148824709282,bel
GO_Biological_Process_2018,synaptic vesicle endocytosis (GO:0048488),1/38,0.2489928261465382,0.2987913913758459,0.4156136017958195,0.5068458558485603,-1.0360978559420906,1.4405191687269054,lqf
GO_Molecular_Function_2018,extracellular ligand-gated ion channel activity (GO:0005230),1/29,0.1962550392645768,0.301320868365815,0.3108319757150493,0.4982058687906237,-1.5608768375149802,2.541638571807939,nAChRalpha6
GO_Molecular_Function_2018,histone-lysine N-methyltransferase activity (GO:0018024),1/29,0.1962550392645768,0.301320868365815,0.3108319757150493,0.4982058687906237,-1.819528806959568,2.962811983068931,Mnn1
GO_Biological_Process_2018,positive regulation of phosphorylation (GO:0042327),1/39,0.2546361021849479,0.3041036252208773,0.4236279597951386,0.5124531771715387,-1.077170911645287,1.4734834215619153,InR
GO_Biological_Process_2018,positive regulation of Notch signaling pathway (GO:0045747),1/39,0.2546361021849479,0.3041036252208773,0.4236279597951386,0.5124531771715387,-1.3274372398931458,1.815827688067532,lqf
GO_Biological_Process_2018,histone lysine methylation (GO:0034968),1/39,0.2546361021849479,0.3041036252208773,0.4236279597951386,0.5124531771715387,0.3300746105379507,-0.4515155963163761,Mnn1
GO_Biological_Process_2018,vesicle-mediated transport (GO:0016192),3/235,0.2587273981517492,0.3083379782625721,0.6356390454133221,0.6771722784943062,-0.1857570085589143,0.2511398139956235,lqf;Frq2;RabX1
GO_Biological_Process_2018,regulation of actin filament polymerization (GO:0030833),1/40,0.2602372536536108,0.3083379782625721,0.4315334024034783,0.5178400828841739,-0.9035637106835528,1.216342725299423,Cip4
GO_Biological_Process_2018,regulation of organ morphogenesis (GO:2000027),1/40,0.2602372536536108,0.3083379782625721,0.4315334024034783,0.5178400828841739,-0.7861051794542852,1.0582245668388617,pros
GO_Biological_Process_2018,lipid homeostasis (GO:0055088),1/40,0.2602372536536108,0.3083379782625721,0.4315334024034783,0.5178400828841739,-0.9549956985141556,1.2855784897571567,InR
GO_Biological_Process_2018,olfactory learning (GO:0008355),1/40,0.2602372536536108,0.3083379782625721,0.4315334024034783,0.5178400828841739,-0.9659802892133622,1.3003655233989393,Fas2
GO_Biological_Process_2018,DNA replication (GO:0006260),1/41,0.2657965929372943,0.3113275086511466,0.4393313962574443,0.5205348296889151,-0.9058247855424724,1.2002395361891365,Top1
GO_Biological_Process_2018,clathrin-dependent endocytosis (GO:0072583),1/41,0.2657965929372943,0.3113275086511466,0.4393313962574443,0.5205348296889151,-0.8919080828163988,1.181799571759126,lqf
GO_Biological_Process_2018,wing disc morphogenesis (GO:0007472),2/134,0.2660812440605133,0.3113275086511466,0.5574420164728697,0.6166393987531745,-0.3464917778449959,0.4587390325026457,flw;dally
GO_Biological_Process_2018,compound eye photoreceptor fate commitment (GO:0001752),1/41,0.2657965929372943,0.3113275086511466,0.4393313962574443,0.5205348296889151,-1.0364532860504387,1.3733254280361666,pros
GO_Biological_Process_2018,macroautophagy (GO:0016236),1/41,0.2657965929372943,0.3113275086511466,0.4393313962574443,0.5205348296889151,-0.974008469875712,1.290584550993279,lqf
GO_Biological_Process_2018,positive regulation of cell growth (GO:0030307),1/41,0.2657965929372943,0.3113275086511466,0.4393313962574443,0.5205348296889151,-1.2296831883796346,1.629359676658073,InR
GO_Biological_Process_2018,synaptic vesicle recycling (GO:0036465),1/41,0.2657965929372943,0.3113275086511466,0.4393313962574443,0.5205348296889151,-1.045789352150778,1.3856959392265749,lqf
GO_Biological_Process_2018,carbohydrate homeostasis (GO:0033500),1/41,0.2657965929372943,0.3113275086511466,0.4393313962574443,0.5205348296889151,-0.90734713886472,1.202256690802891,InR
GO_Biological_Process_2018,peptidyl-serine phosphorylation (GO:0018105),1/42,0.271314430069352,0.3145066809150139,0.4470233884319919,0.5230382859968704,-0.8688234279277964,1.1333600676910505,Lk6
GO_Biological_Process_2018,chemical homeostasis (GO:0048878),1/42,0.271314430069352,0.3145066809150139,0.4470233884319919,0.5230382859968704,-0.5387544499009911,0.7027927196495742,InR
GO_Biological_Process_2018,chorion-containing eggshell formation (GO:0007304),1/42,0.271314430069352,0.3145066809150139,0.4470233884319919,0.5230382859968704,-0.7861755779700956,1.0255478588904792,capu
GO_Biological_Process_2018,"anterior/posterior axis specification, embryo (GO:0008595)",1/42,0.271314430069352,0.3145066809150139,0.4470233884319919,0.5230382859968704,-0.9766918386654304,1.2740719147310349,sty
GO_Biological_Process_2018,chaeta morphogenesis (GO:0008407),1/42,0.271314430069352,0.3145066809150139,0.4470233884319919,0.5230382859968704,-1.1229824109644324,1.4649045829048242,dally
GO_Biological_Process_2018,regulation of BMP signaling pathway (GO:0030510),1/42,0.271314430069352,0.3145066809150139,0.4470233884319919,0.5230382859968704,-1.2544671815197723,1.6364234251307577,dally
GO_Molecular_Function_2018,protein phosphatase binding (GO:0019903),1/32,0.2142307688887734,0.3160318485001658,0.3360845017506989,0.5057905372881806,-1.155722204603796,1.7806229176649069,ckn
GO_Molecular_Function_2018,RNA helicase activity (GO:0003724),1/32,0.2142307688887734,0.3160318485001658,0.3360845017506989,0.5057905372881806,-1.5111501571839387,2.328231292256864,bel
GO_Molecular_Function_2018,actin binding (GO:0003779),2/116,0.2162323173948503,0.3160318485001658,0.4283204552332536,0.5661279060474307,-0.6435047036998803,0.9854643296281272,alpha-Catr;capu
GO_Molecular_Function_2018,ubiquitin conjugating enzyme activity (GO:0061631),1/32,0.2142307688887734,0.3160318485001658,0.3360845017506989,0.5057905372881806,-1.5290325133415512,2.3557826649563323,CG2924
GO_Molecular_Function_2018,zinc ion binding (GO:0008270),3/211,0.2111368094281707,0.3160318485001658,0.4935545433744664,0.6001623247433511,-0.4376193871724323,0.6806071010215021,ari-1;Ubr1;nkd
GO_Biological_Process_2018,cellular response to heat (GO:0034605),1/43,0.2767910727729243,0.3183946389259099,0.4546108066908647,0.5277989241767006,-0.85017179391788,1.0920391291723337,tipE
GO_Biological_Process_2018,glycolipid biosynthetic process (GO:0009247),1/43,0.2767910727729243,0.3183946389259099,0.4546108066908647,0.5277989241767006,-0.9352085968339644,1.2012682483555677,egh
GO_Biological_Process_2018,R7 cell differentiation (GO:0045466),1/43,0.2767910727729243,0.3183946389259099,0.4546108066908647,0.5277989241767006,-0.997989077910746,1.2819092933473886,pros
GO_Biological_Process_2018,regulation of cell cycle process (GO:0010564),1/43,0.2767910727729243,0.3183946389259099,0.4546108066908647,0.5277989241767006,-0.2577899232732927,0.3311291733444189,cindr
GO_Biological_Process_2018,peptidyl-serine modification (GO:0018209),1/43,0.2767910727729243,0.3183946389259099,0.4546108066908647,0.5277989241767006,-0.276949987241548,0.3557401281190497,Lk6
GO_Molecular_Function_2018,ubiquitin-like protein conjugating enzyme activity (GO:0061650),1/33,0.2201334824766927,0.3186694222519743,0.3442974316863595,0.5130706825130062,-1.3309334533684003,2.0143959683025403,CG2924
GO_Biological_Process_2018,establishment of protein localization to mitochondrion (GO:0072655),1/44,0.2822268266229877,0.3236546176869125,0.4620950597550942,0.5348322450869146,-0.6230686396027261,0.7882093572874153,Tom7
GO_Biological_Process_2018,embryonic axis specification (GO:0000578),1/44,0.2822268266229877,0.3236546176869125,0.4620950597550942,0.5348322450869146,-0.8881228304395052,1.1235146192229248,sty
GO_Molecular_Function_2018,ATP-dependent RNA helicase activity (GO:0004004),1/34,0.2259921481487597,0.3240642124397309,0.3524101202118601,0.5200615366233275,-1.4209867740828368,2.113369717396837,bel
GO_Biological_Process_2018,spermatogenesis (GO:0007283),2/141,0.2855247635114523,0.32693675211235,0.5848982881318902,0.6413358422498796,-0.4406636687113774,0.552339527134839,bel;InR
GO_Biological_Process_2018,neuron differentiation (GO:0030182),1/45,0.2876219947795162,0.3278366201894182,0.469477537531671,0.5400431796760019,-1.0198664427625637,1.2708639158948631,sqz
GO_Biological_Process_2018,positive regulation of growth (GO:0045927),1/45,0.2876219947795162,0.3278366201894182,0.469477537531671,0.5400431796760019,-1.1204379190084606,1.396186855026947,InR
GO_Biological_Process_2018,negative regulation of cellular amide metabolic process (GO:0034249),1/45,0.2876219947795162,0.3278366201894182,0.469477537531671,0.5400431796760019,-0.6697952205081588,0.8346373025833885,Rga
GO_Molecular_Function_2018,protein tyrosine kinase activity (GO:0004713),1/35,0.2318070924430677,0.3292960565546382,0.3604237742405105,0.5267732085053615,-1.406832324127917,2.056577483136418,InR
GO_Biological_Process_2018,dephosphorylation (GO:0016311),2/143,0.2910731699099354,0.331266885329972,0.5925117407729497,0.6477898040520587,-0.3598868035129527,0.4441653112456094,flw;Ptp99A
GO_Biological_Process_2018,cellular response to insulin stimulus (GO:0032869),1/46,0.2929768783227292,0.3319224452296781,0.4767596113731066,0.5450757751979116,-0.9108468199070826,1.118211652125162,InR
GO_Biological_Process_2018,anterior/posterior pattern specification (GO:0009952),1/46,0.2929768783227292,0.3319224452296781,0.4767596113731066,0.5450757751979116,-0.7805378900451032,0.958236384535722,pcs
GO_Biological_Process_2018,protein processing (GO:0016485),1/46,0.2929768783227292,0.3319224452296781,0.4767596113731066,0.5450757751979116,-1.0295859395033666,1.2639831080865416,CG46339
GO_Biological_Process_2018,myotube differentiation (GO:0014902),1/47,0.2982917760006748,0.335914162162922,0.4839426343453936,0.5499348117561292,-0.5442872302090305,0.6584150951717955,InR
GO_Biological_Process_2018,phagocytosis (GO:0006909),1/47,0.2982917760006748,0.335914162162922,0.4839426343453936,0.5499348117561292,-0.4941999623576326,0.5978253708517738,tth
GO_Biological_Process_2018,myoblast fusion (GO:0007520),1/47,0.2982917760006748,0.335914162162922,0.4839426343453936,0.5499348117561292,-0.9330490135824014,1.1286936767593747,InR
GO_Biological_Process_2018,"regulation of tube size, open tracheal system (GO:0035151)",1/47,0.2982917760006748,0.335914162162922,0.4839426343453936,0.5499348117561292,-0.957375442910128,1.1581209485968087,Fas2
GO_Biological_Process_2018,protein transport (GO:0015031),2/146,0.2993858024505906,0.3366407074032128,0.6037385711217689,0.6571900266202129,-0.2898165379206872,0.3495251868107779,unc-119;RabX1
GO_Molecular_Function_2018,phosphatidylinositol phosphate binding (GO:1901981),1/37,0.2433071109219324,0.3424322301864234,0.3761587350184255,0.5445345497409588,-1.4234450476179146,2.0119410761816456,Asap
GO_Molecular_Function_2018,aminopeptidase activity (GO:0004177),1/38,0.2489928261465382,0.3440628143115801,0.3838823846086217,0.5453282472944908,-1.20649938852865,1.6774337349173605,CG46339
GO_Molecular_Function_2018,mRNA 3'-UTR binding (GO:0003730),1/38,0.2489928261465382,0.3440628143115801,0.3838823846086217,0.5453282472944908,-1.5171234191713867,2.1093040141982837,CG9705
GO_Biological_Process_2018,imaginal disc-derived wing vein morphogenesis (GO:0008586),1/49,0.308802797990724,0.3461914775680762,0.4980168497552487,0.5642184853722606,-0.6464200203967377,0.7595773963893114,dally
GO_Biological_Process_2018,associative learning (GO:0008306),1/49,0.308802797990724,0.3461914775680762,0.4980168497552487,0.5642184853722606,-0.8496277634389974,0.9983571425541268,Fas2
GO_Molecular_Function_2018,ATP-dependent helicase activity (GO:0008026),1/40,0.2602372536536108,0.3531791299584718,0.3990477753157108,0.5564702921833766,-1.43618058251347,1.933331079039256,bel
GO_Molecular_Function_2018,single-stranded DNA binding (GO:0003697),1/40,0.2602372536536108,0.3531791299584718,0.3990477753157108,0.5564702921833766,-1.156152913913561,1.5563685986333269,Dsp1
GO_Biological_Process_2018,regulation of apoptotic process (GO:0042981),2/152,0.3159620966970857,0.3536889142131556,0.6254962004675458,0.6720947712760162,-0.108822678953932,0.1253782017205418,Drep2;InR
GO_Molecular_Function_2018,regulatory region DNA binding (GO:0000975),1/41,0.2657965929372943,0.3547749920806844,0.4064917767599879,0.5616977278865287,-0.9389344516732872,1.2441106368197372,Mnn1
GO_Molecular_Function_2018,"transcription factor activity, RNA polymerase II core promoter proximal region sequence-specific binding (GO:0000982)",2/134,0.2660812440605133,0.3547749920806844,0.5020676894395673,0.6030428810457527,-0.5809965060185873,0.7692124087793373,grn;pros
GO_Biological_Process_2018,vesicle-mediated transport in synapse (GO:0099003),1/51,0.3191574073697081,0.3562024635822635,0.5117106511379821,0.5779864282432027,-0.4567368187654217,0.5216258104274899,lqf
GO_Biological_Process_2018,digestive tract development (GO:0048565),1/51,0.3191574073697081,0.3562024635822635,0.5117106511379821,0.5779864282432027,-0.7504675080024955,0.8570870706667387,grn
GO_Molecular_Function_2018,"ATPase activity, coupled to transmembrane movement of ions, rotational mechanism (GO:0044769)",1/43,0.2767910727729243,0.359591821038329,0.4211079422438169,0.5661279060474307,-0.9295930408645772,1.194055109911668,sun
GO_Molecular_Function_2018,hormone activity (GO:0005179),1/43,0.2767910727729243,0.359591821038329,0.4211079422438169,0.5661279060474307,-1.3426963194523438,1.7246830933787316,Neb-cGP
GO_Molecular_Function_2018,transition metal ion binding (GO:0046914),3/242,0.2728905158363377,0.359591821038329,0.5860478010328423,0.6455019257753046,-0.2995297958620621,0.388994734663228,ari-1;Ubr1;nkd
GO_Biological_Process_2018,wing disc dorsal/ventral pattern formation (GO:0048190),1/52,0.3242767812182762,0.3597745353753065,0.518418091465168,0.582056240417479,-0.6999189533992395,0.7882192341249277,dally
GO_Biological_Process_2018,actomyosin structure organization (GO:0031032),1/52,0.3242767812182762,0.3597745353753065,0.518418091465168,0.582056240417479,0.5971254290720155,-0.6724574982486454,Rok
GO_Biological_Process_2018,SCF-dependent proteasomal ubiquitin-dependent protein catabolic process (GO:0031146),1/52,0.3242767812182762,0.3597745353753065,0.518418091465168,0.582056240417479,-0.5963692683324759,0.6716059418847257,FBXO11
GO_Biological_Process_2018,protein targeting to mitochondrion (GO:0006626),1/52,0.3242767812182762,0.3597745353753065,0.518418091465168,0.582056240417479,-0.571014317852289,0.6430522649886969,Tom7
GO_Molecular_Function_2018,double-stranded DNA binding (GO:0003690),1/44,0.2822268266229877,0.360491408795749,0.428282286961549,0.5661279060474307,-0.512986838842002,0.6489510157313785,Mnn1
GO_Molecular_Function_2018,glucuronosyltransferase activity (GO:0015020),1/44,0.2822268266229877,0.360491408795749,0.428282286961549,0.5661279060474307,-1.126651858329207,1.4252643781053664,CG9171
KEGG_2019,Base excision repair,1/20,0.1398402607846835,0.361254007027099,0.2031607324586891,0.5351613353339267,-47.18185772264608,92.81872202692308,Dsp1
GO_Biological_Process_2018,chromosome condensation (GO:0030261),1/53,0.329357916307445,0.3648721377113497,0.5250342280968574,0.5886033947274186,-0.7797146270399005,0.865959039735047,Top1
GO_Molecular_Function_2018,"hydrolase activity, acting on carbon-nitrogen (but not peptide) bonds, in linear amides (GO:0016811)",1/46,0.2929768783227292,0.3691374530207122,0.4423688550834178,0.568271834661557,-1.0678782224417545,1.3109930729152566,HDAC4
GO_Molecular_Function_2018,peptide-lysine-N-acetyltransferase activity (GO:0061733),1/48,0.3035669843920331,0.3691374530207122,0.4561129199257234,0.568271834661557,-0.9900615632979296,1.1803048494409902,tth
GO_Molecular_Function_2018,translation initiation factor activity (GO:0003743),1/48,0.3035669843920331,0.3691374530207122,0.4561129199257234,0.568271834661557,-1.1682140322818806,1.3926898473811304,eIF2beta
GO_Molecular_Function_2018,G-protein coupled peptide receptor activity (GO:0008528),1/48,0.3035669843920331,0.3691374530207122,0.4561129199257234,0.568271834661557,-1.0740261150185175,1.2804034405294378,SPR
GO_Molecular_Function_2018,histone acetyltransferase activity (GO:0004402),1/48,0.3035669843920331,0.3691374530207122,0.4561129199257234,0.568271834661557,-1.0833256687726227,1.291489931309915,tth
GO_Molecular_Function_2018,protein kinase regulator activity (GO:0019887),1/47,0.2982917760006748,0.3691374530207122,0.4492831822792424,0.568271834661557,-1.0959938463475014,1.3258052965406864,pcs
GO_Biological_Process_2018,regulation of cell growth (GO:0001558),1/54,0.3344010963667676,0.3699127172198756,0.5315602925324086,0.59503017820792,-0.8802197887673326,0.9642051845869958,InR
GO_Molecular_Function_2018,kinase activity (GO:0016301),2/149,0.3076832614793093,0.3711734582925001,0.5587820946749676,0.6338423760492171,-0.5302926922293691,0.6250477221558955,Lk6;cdi
GO_Biological_Process_2018,apoptotic process (GO:0006915),1/55,0.3394066030025392,0.3743455180175065,0.5379974998128302,0.6004436381839622,-0.7254312963398764,0.7838694818475748,mbl
GO_Biological_Process_2018,internal peptidyl-lysine acetylation (GO:0018393),1/55,0.3394066030025392,0.3743455180175065,0.5379974998128302,0.6004436381839622,-0.3594718193379608,0.3884296006871398,HDAC4
GO_Molecular_Function_2018,G-protein coupled receptor binding (GO:0001664),1/50,0.3139995089263412,0.3758104358803454,0.4695226978253128,0.5802231712963215,-1.059537292716534,1.227329705030654,sun
KEGG_2019,Autophagy,2/95,0.1595333065713356,0.3804255772085695,0.279188870930518,0.5627409008155531,0.77563813403982,-1.4236857806076726,Dsp1;InR
GO_Biological_Process_2018,gene expression (GO:0010467),2/164,0.3488276703713957,0.3830106493582352,0.6662464845517646,0.6969105486943143,-0.3274280490537273,0.3448397755169919,RpL41;Rga
GO_Biological_Process_2018,cellular protein localization (GO:0034613),2/164,0.3488276703713957,0.3830106493582352,0.6662464845517646,0.6969105486943143,-0.2892976014048426,0.3046816551433577,Cip4;RabX1
GO_Biological_Process_2018,"dorsal/ventral pattern formation, imaginal disc (GO:0007450)",1/57,0.3493057122147104,0.3830106493582352,0.5506101220842708,0.6117890245380788,-0.5162502523890685,0.5429960287834906,dally
GO_Biological_Process_2018,monovalent inorganic cation transport (GO:0015672),1/57,0.3493057122147104,0.3830106493582352,0.5506101220842708,0.6117890245380788,0.3180591869367644,-0.3345371254067903,tipE
GO_Biological_Process_2018,cell morphogenesis (GO:0000902),1/58,0.3541998677251465,0.387244753343819,0.5567878868350257,0.6166393987531745,-0.7026392938890491,0.7292650560554095,eys
GO_Biological_Process_2018,metal ion transport (GO:0030001),1/58,0.3541998677251465,0.387244753343819,0.5567878868350257,0.6166393987531745,-0.6369010846277573,0.6610357678859831,tipE
GO_Molecular_Function_2018,protein serine/threonine phosphatase activity (GO:0004722),1/53,0.329357916307445,0.3911125256150909,0.4890280725641482,0.5994537663689559,-1.0091546612759057,1.120777488477089,flw
GO_Biological_Process_2018,protein ubiquitination (GO:0016567),2/168,0.35967224673064,0.392655291190655,0.6790221070567501,0.708298442687848,0.0112831104844036,-0.0115376810157216,ari-1;Ubr1
GO_Biological_Process_2018,Notch signaling pathway (GO:0007219),1/60,0.363878747608881,0.3966701463759603,0.5688920805900626,0.6283785868078748,-0.6127483755863914,0.6194485203733869,numb
GO_Biological_Process_2018,negative regulation of translation (GO:0017148),1/61,0.3686640128288095,0.4001418373684619,0.5748207663390769,0.6321342738332957,-0.6922761368522155,0.6908013007416669,Rga
GO_Biological_Process_2018,Malpighian tubule development (GO:0072002),1/61,0.3686640128288095,0.4001418373684619,0.5748207663390769,0.6321342738332957,-0.1190412258116132,0.1187876184877074,numb
GO_Biological_Process_2018,branching involved in open tracheal system development (GO:0060446),1/61,0.3686640128288095,0.4001418373684619,0.5748207663390769,0.6321342738332957,-0.7164135627379555,0.7148873038707685,sty
GO_Molecular_Function_2018,GTP binding (GO:0005525),1/56,0.3443747157739086,0.4026535138279546,0.5078255840385286,0.6030428810457527,-0.4932834068598681,0.5258524065125804,Rgk1
GO_Molecular_Function_2018,purine ribonucleoside binding (GO:0032550),1/56,0.3443747157739086,0.4026535138279546,0.5078255840385286,0.6030428810457527,-0.7857053473879677,0.8375814835611075,Rgk1
GO_Biological_Process_2018,response to light stimulus (GO:0009416),1/62,0.3734135187203556,0.4047111835842004,0.5806686573755147,0.6376302972644743,-0.5767007726489566,0.5680899635261376,ninaE
GO_Molecular_Function_2018,sodium ion transmembrane transporter activity (GO:0015081),1/57,0.3493057122147104,0.4053012844018014,0.5139385257597526,0.6055709760890108,-0.501768573455835,0.5277640863011902,Calx
KEGG_2019,Terpenoid backbone biosynthesis,1/27,0.1840448842347379,0.4055937478134588,0.2615053413815598,0.5627409008155531,-19.306164853542143,32.67714385147932,qm
KEGG_2019,Fructose and mannose metabolism,1/29,0.1962550392645768,0.4055937478134588,0.2773990487553325,0.5627409008155531,-18.537240116936907,30.18493411119004,Hex-A
KEGG_2019,Phototransduction,1/38,0.2489928261465382,0.4062514531864572,0.3449057134030809,0.5627409008155531,-3.180849197984663,4.42243386206043,ninaE
KEGG_2019,Galactose metabolism,1/37,0.2433071109219324,0.4062514531864572,0.3377184898648855,0.5627409008155531,-78.89426136356401,111.51157916351958,Hex-A
KEGG_2019,N-Glycan biosynthesis,1/38,0.2489928261465382,0.4062514531864572,0.3449057134030809,0.5627409008155531,-39.6151136441066,55.07812823697212,CG33303
KEGG_2019,Starch and sucrose metabolism,1/33,0.2201334824766927,0.4062514531864572,0.3081965694759503,0.5627409008155531,-19.586390154258726,29.644416300818865,Hex-A
GO_Molecular_Function_2018,hydrogen ion transmembrane transporter activity (GO:0015078),1/58,0.3541998677251465,0.4078665143501687,0.5199765565042171,0.6078074245731224,-0.1724637425372408,0.1789990710209366,sun
GO_Biological_Process_2018,sodium ion transport (GO:0006814),1/63,0.3781275307896683,0.409228929426048,0.5864368446993053,0.6420841365320862,-0.5248463770819818,0.510425570604102,tipE
GO_Molecular_Function_2018,guanyl ribonucleotide binding (GO:0032561),1/60,0.363878747608881,0.4097005158262956,0.531831496501482,0.6078074245731224,-0.3236831252698011,0.3272224635868377,Rgk1
GO_Molecular_Function_2018,"transcriptional repressor activity, RNA polymerase II core promoter proximal region sequence-specific binding (GO:0001078)",1/60,0.363878747608881,0.4097005158262956,0.531831496501482,0.6078074245731224,-0.6859457981923127,0.6934463258918296,pros
GO_Molecular_Function_2018,P-P-bond-hydrolysis-driven transmembrane transporter activity (GO:0015405),1/60,0.363878747608881,0.4097005158262956,0.531831496501482,0.6078074245731224,-0.7879610259935163,0.7965770471385969,Tom7
KEGG_2019,TGF-beta signaling pathway,1/41,0.2657965929372943,0.4119847190528062,0.3660161074967932,0.5673249666200295,-12.696171484199464,16.82273130166938,Rok
GO_Biological_Process_2018,proteasome-mediated ubiquitin-dependent protein catabolic process (GO:0043161),2/178,0.3864838980210742,0.4175109109198916,0.7092384846305676,0.735724569118846,-0.0430650890404196,0.0409404760089884,Ubr1;FBXO11
GO_Biological_Process_2018,negative regulation of cellular protein metabolic process (GO:0032269),1/65,0.3874501253336594,0.4175109109198916,0.5977383993874495,0.6516043597973651,-0.3398340646472008,0.3222198354621548,Rga
GO_Biological_Process_2018,mitotic cytokinesis (GO:0000281),1/65,0.3874501253336594,0.4175109109198916,0.5977383993874495,0.6516043597973651,-0.7069736068536099,0.6703298549924597,Rok
GO_Biological_Process_2018,cytoskeleton-dependent cytokinesis (GO:0061640),1/69,0.4056808521446705,0.4346580558692899,0.6194314713218789,0.6694144142527509,-0.3318361589368733,0.2993787687877562,Rok
GO_Biological_Process_2018,histone acetylation (GO:0016573),1/69,0.4056808521446705,0.4346580558692899,0.6194314713218789,0.6694144142527509,-0.5655640702056849,0.5102454040910598,HDAC4
GO_Biological_Process_2018,positive regulation of multicellular organismal process (GO:0051240),1/69,0.4056808521446705,0.4346580558692899,0.6194314713218789,0.6694144142527509,-0.131861444603145,0.11896387983256,InR
GO_Biological_Process_2018,positive regulation of intracellular signal transduction (GO:1902533),1/69,0.4056808521446705,0.4346580558692899,0.6194314713218789,0.6694144142527509,-0.1728853606186636,0.1559751853723962,InR
GO_Biological_Process_2018,modulation of chemical synaptic transmission (GO:0050804),1/70,0.4101536769769212,0.4375750465614379,0.6246710784564354,0.6720947712760162,-0.6520045267803339,0.5810816700587186,Frq2
GO_Biological_Process_2018,regulation of cell size (GO:0008361),1/70,0.4101536769769212,0.4375750465614379,0.6246710784564354,0.6720947712760162,-0.6429813504822105,0.5730400044917028,InR
GO_Biological_Process_2018,anterior/posterior axis specification (GO:0009948),1/70,0.4101536769769212,0.4375750465614379,0.6246710784564354,0.6720947712760162,-0.5493842443426312,0.4896240763587782,sty
KEGG_2019,Amino sugar and nucleotide sugar metabolism,1/47,0.2982917760006748,0.440335478858139,0.406274274152817,0.599738214225587,-53.36124610035786,64.55020066548276,Hex-A
GO_Biological_Process_2018,mitochondrial transport (GO:0006839),1/71,0.4145930622392569,0.4410564491906988,0.6298392002935979,0.6748277146002835,-0.4244482895719316,0.373708812659871,Tom7
GO_Biological_Process_2018,modification-dependent protein catabolic process (GO:0019941),1/71,0.4145930622392569,0.4410564491906988,0.6298392002935979,0.6748277146002835,1.622365879080479,-1.4284247133673629,ari-1
GO_Biological_Process_2018,mitochondrial ATP synthesis coupled electron transport (GO:0042775),1/72,0.4189992562865458,0.4438551443713409,0.6349368032169997,0.6771722784943062,-0.4429420872806753,0.3853091799055456,cype
GO_Biological_Process_2018,protein targeting (GO:0006605),1/72,0.4189992562865458,0.4438551443713409,0.6349368032169997,0.6771722784943062,-0.7064659461528359,0.6145449307255758,Tom7
GO_Biological_Process_2018,regulation of autophagy (GO:0010506),1/72,0.4189992562865458,0.4438551443713409,0.6349368032169997,0.6771722784943062,-0.5658260302271514,0.4922042179701126,InR
GO_Molecular_Function_2018,Rab GTPase binding (GO:0017137),1/69,0.4056808521446705,0.4468368806231153,0.5817022043629678,0.6453922267384752,-0.6968782926655996,0.6287155863952415,Rip11
GO_Molecular_Function_2018,UDP-glycosyltransferase activity (GO:0008194),1/69,0.4056808521446705,0.4468368806231153,0.5817022043629678,0.6453922267384752,-0.7438454842316146,0.6710888468304526,CG9171
GO_Molecular_Function_2018,"translation factor activity, RNA binding (GO:0008135)",1/68,0.4011743375229894,0.4468368806231153,0.5764307403127894,0.6453922267384752,-0.0195802151228941,0.0178837694097872,eIF2beta
GO_Biological_Process_2018,positive regulation of cell proliferation (GO:0008284),1/73,0.4233725055508866,0.4472244776945986,0.6399648406801144,0.6798493350001215,-0.5874385004890638,0.5049050710571481,InR
GO_Biological_Process_2018,compound eye photoreceptor cell differentiation (GO:0001751),1/73,0.4233725055508866,0.4472244776945986,0.6399648406801144,0.6798493350001215,-0.4113072638005349,0.3535197694441827,mbl
GO_Biological_Process_2018,sensory perception of taste (GO:0050909),1/74,0.4277130547653708,0.4499085428808248,0.6449242533479719,0.682218885770069,-0.5962907656813915,0.5064313817453312,pros
GO_Biological_Process_2018,long-term memory (GO:0007616),1/74,0.4277130547653708,0.4499085428808248,0.6449242533479719,0.682218885770069,-0.5607989483251443,0.4762880839804601,HDAC4
GO_Biological_Process_2018,mitotic spindle organization (GO:0007052),1/74,0.4277130547653708,0.4499085428808248,0.6449242533479719,0.682218885770069,-0.631317347931984,0.5361795540597455,Rok
GO_Biological_Process_2018,transmembrane transport (GO:0055085),1/75,0.432021146781211,0.4538037256105157,0.6498159692626878,0.6864253196436843,-0.5907133335510213,0.4957743243329726,nAChRalpha6
GO_Biological_Process_2018,wing disc pattern formation (GO:0035222),1/76,0.4362970227133023,0.4576542196293381,0.6546409040803676,0.6905494768780249,-0.499729587538086,0.4144917226545675,dally
GO_Biological_Process_2018,cilium organization (GO:0044782),1/77,0.4405409218885268,0.4601750576830015,0.6593999611562568,0.6926470180212781,-0.2874583530724431,0.2356445423690366,unc-119
GO_Biological_Process_2018,imaginal disc morphogenesis (GO:0007560),1/77,0.4405409218885268,0.4601750576830015,0.6593999611562568,0.6926470180212781,-0.6190816832121034,0.5074934103334425,dally
GO_Biological_Process_2018,respiratory electron transport chain (GO:0022904),1/77,0.4405409218885268,0.4601750576830015,0.6593999611562568,0.6926470180212781,-0.468106959431707,0.3837315877449804,cype
GO_Molecular_Function_2018,"transcriptional repressor activity, RNA polymerase II transcription regulatory region sequence-specific binding (GO:0001227)",1/73,0.4233725055508866,0.4629684952786674,0.6021485595329679,0.6584646118633894,-0.5252577696203418,0.4514605550584185,pros
GO_Biological_Process_2018,positive regulation of developmental growth (GO:0048639),1/78,0.4447530817783365,0.4639288057493079,0.664094031734337,0.696602131189864,-0.6337413937962327,0.5134801066611296,InR
GO_Biological_Process_2018,cilium assembly (GO:0060271),1/79,0.4489337382271277,0.467639310653258,0.6687239951346186,0.6985278500709803,-0.3972880506406603,0.3181800454402643,unc-119
KEGG_2019,Glycolysis / Gluconeogenesis,1/54,0.3344010963667676,0.4712015448804452,0.4501108542602573,0.6342471128212717,-66.98688197553709,73.37837631505782,Hex-A
GO_Molecular_Function_2018,"transcriptional activator activity, RNA polymerase II core promoter proximal region sequence-specific binding (GO:0001077)",1/76,0.4362970227133023,0.4736939103744424,0.6168332851654171,0.6697047096081671,-0.6852929829776336,0.5684039450952828,grn
KEGG_2019,RNA degradation,1/58,0.3541998677251465,0.4773998217165019,0.4737323718968183,0.6357744105256365,-6.056099452536461,6.285588843581709,Rga
GO_Biological_Process_2018,salivary gland development (GO:0007431),1/82,0.4612890187397841,0.4798429459845188,0.6822378593986316,0.7106644368735746,-0.2560113495987987,0.1980837879259306,robo2
KEGG_2019,FoxO signaling pathway,1/65,0.3874501253336594,0.4804381554137376,0.5127212988109973,0.6357744105256365,-26.219195424545845,24.86020594909432,InR
KEGG_2019,Hippo signaling pathway,1/63,0.3781275307896683,0.4804381554137376,0.5018772673332668,0.6357744105256365,-6.202803990939965,6.032374242580297,dally
GO_Molecular_Function_2018,"transferase activity, transferring hexosyl groups (GO:0016758)",1/79,0.4489337382271277,0.4839569376632866,0.6309830534337265,0.6802086817157902,0.4340257945975022,-0.3476025690291587,CG9171
GO_Biological_Process_2018,chaeta development (GO:0022416),1/85,0.4733690909868196,0.4917268950694109,0.6952053000678184,0.7231677878652756,-0.3622354511359095,0.2709086041225375,dally
GO_Biological_Process_2018,plasma membrane bounded cell projection assembly (GO:0120031),1/86,0.4773356808157223,0.4951614946221186,0.6994101630353711,0.7265341028760781,-0.0613725727757068,0.0453871841564203,unc-119
GO_Molecular_Function_2018,ligand-gated ion channel activity (GO:0015276),1/84,0.4693726002308835,0.5024270086978471,0.6534291290592082,0.6994452649084483,-0.6421939765807421,0.4857287888156961,nAChRalpha6
GO_Molecular_Function_2018,cation channel activity (GO:0005261),1/86,0.4773356808157223,0.5073777866013272,0.6620255410401059,0.7036914841824902,-0.6134923690651398,0.4536992645734395,CG42594
GO_Biological_Process_2018,Golgi organization (GO:0007030),1/92,0.500519630392568,0.5184940922574945,0.7234590635765418,0.7494396376828816,-0.2873028623824237,0.198844741474028,CG31650
GO_Biological_Process_2018,translation (GO:0006412),2/225,0.5048762250809626,0.5222857500837544,0.8212031944682742,0.8356884611278232,-0.0372885439823184,0.0254845562783138,RpL39;RpL41
GO_Biological_Process_2018,peptide biosynthetic process (GO:0043043),1/94,0.5080182909482664,0.5248122840374654,0.7310437453227864,0.756252150333917,-0.0214777080590155,0.0145455163186805,RpL41
GO_Molecular_Function_2018,RNA polymerase II core promoter proximal region sequence-specific DNA binding (GO:0000978),1/92,0.500519630392568,0.5283262765254885,0.6865724844373767,0.721925317086641,-0.4274039330381563,0.2958098776504018,grn
GO_Molecular_Function_2018,"transcriptional activator activity, RNA polymerase II transcription regulatory region sequence-specific binding (GO:0001228)",1/93,0.5042830448626826,0.5286277435801914,0.6904890052383085,0.721925317086641,-0.6059042351296118,0.4148126860751072,grn
GO_Molecular_Function_2018,purine ribonucleoside triphosphate binding (GO:0035639),1/94,0.5080182909482664,0.5288957549598392,0.694357239254014,0.721925317086641,-0.3390705106200337,0.2296313755571701,Rgk1
GO_Molecular_Function_2018,core promoter proximal region sequence-specific DNA binding (GO:0000987),1/95,0.5117255780158855,0.5291312099211877,0.6981777737614226,0.721925317086641,-0.4286719733200881,0.2871959808138309,grn
GO_Biological_Process_2018,regulation of translation (GO:0006417),1/96,0.5154051139955195,0.531710915401155,0.7384222586997073,0.762832911879863,-0.1914863315682695,0.1269175347249296,Rga
GO_Biological_Process_2018,positive regulation of cellular process (GO:0048522),1/97,0.5190571051981534,0.5347428968387568,0.7420359435939013,0.765511633693846,0.0348889640621935,-0.0228781371822287,InR
GO_Biological_Process_2018,sensory perception (GO:0007600),2/232,0.5212355142404572,0.5362505290539684,0.834135101297896,0.8454071972613811,1.585293592352535,-1.0329032663049849,dpr10;dpr13
GO_Biological_Process_2018,wing disc development (GO:0035220),1/103,0.5404019773595296,0.5552075109858182,0.7627023329862311,0.7857510298621886,-0.2265113875227614,0.1394046244938629,dally
GO_Biological_Process_2018,histone modification (GO:0016570),1/105,0.5473056875370746,0.5615311431638932,0.7692197096617133,0.7913783021211043,0.0473044339798305,-0.0285126429862501,HDAC4
GO_Biological_Process_2018,negative regulation of apoptotic process (GO:0043066),1/106,0.5507188138182842,0.5634912828972894,0.7724115700289153,0.7924879309462194,-0.0541694546765773,0.0323137546252165,InR
GO_Biological_Process_2018,"transcription, DNA-templated (GO:0006351)",1/106,0.5507188138182842,0.5634912828972894,0.7724115700289153,0.7924879309462194,-0.1820479597908127,0.1085972369082248,Rga
GO_Biological_Process_2018,ribonucleoprotein complex assembly (GO:0022618),1/107,0.554106376818351,0.5654146702228071,0.7755596841006865,0.7935467436228034,-0.0104022195539427,0.0061414558069282,eIF2beta
GO_Biological_Process_2018,dorsal closure (GO:0007391),1/107,0.554106376818351,0.5654146702228071,0.7755596841006865,0.7935467436228034,-0.1278007439343419,0.0754533796268335,Rok
KEGG_2019,Purine metabolism,1/99,0.5262792711153867,0.5766946029598807,0.665557416057781,0.7409665773058258,10.996170748741978,-7.058697922561971,Ac3
KEGG_2019,Ribosome,2/240,0.5394884995431142,0.5766946029598807,0.745402731439797,0.7944618609899897,23.334747240659297,-14.400661502482762,RpL39;RpL41
KEGG_2019,Ubiquitin mediated proteolysis,1/100,0.5298498509473669,0.5766946029598807,0.6692601343407459,0.7409665773058258,6.417862187880514,-4.076379697162962,CG2924
KEGG_2019,mTOR signaling pathway,1/96,0.5154051139955195,0.5766946029598807,0.6542062401822412,0.7409665773058258,1.3578899676031475,-0.9000122656507344,InR
GO_Biological_Process_2018,DNA repair (GO:0006281),1/113,0.5739054784997698,0.5848221587973198,0.793562411578081,0.8108607747732435,-0.1160778932169745,0.064456959236455,Mnn1
GO_Biological_Process_2018,morphogenesis of embryonic epithelium (GO:0016331),1/114,0.5771193457482665,0.5872991985226593,0.796420495804235,0.8126739753104439,-0.2794666870365996,0.1536245692934328,Rok
GO_Molecular_Function_2018,protein heterodimerization activity (GO:0046982),1/113,0.5739054784997698,0.5894164373781419,0.759419751743808,0.7799446098990461,-0.3372960860095539,0.1872973351256031,Met
GO_Molecular_Function_2018,RNA binding (GO:0003723),3/401,0.5816088260927695,0.5933190709134293,0.8830308719471751,0.8888787585163616,-0.1558758402628421,0.0844780304043819,Caper;mbl;swm
GO_Biological_Process_2018,defense response to Gram-negative bacterium (GO:0050829),1/122,0.6019782726447234,0.6117665372405726,0.8179174383681505,0.8334756505110229,-0.2699019711029197,0.1369844071037481,Vap33
GO_Biological_Process_2018,male gamete generation (GO:0048232),1/124,0.6079627266567311,0.6170122395027717,0.8229303320183787,0.8363113130268076,0.7728005618322268,-0.3845777882383979,bel
GO_Biological_Process_2018,DNA metabolic process (GO:0006259),1/128,0.619664795957631,0.628038644551653,0.8325494841508541,0.8449419663236003,-0.3241051026523828,0.1551091176905207,Top1
GO_Biological_Process_2018,cellular protein metabolic process (GO:0044267),1/132,0.6310198252067287,0.6386840336100493,0.8416506191711122,0.8518730963270367,0.0041442886807532,-0.001908105098452,RpL41
GO_Biological_Process_2018,positive regulation of nucleic acid-templated transcription (GO:1903508),1/135,0.6393145143960728,0.6462073932574861,0.8481532119523533,0.8572977209760984,0.1602520822563782,-0.0716901708651834,Eip93F
KEGG_2019,Protein processing in endoplasmic reticulum,1/132,0.6310198252067287,0.6520538193802863,0.7688340590225706,0.7944618609899897,21.25926217760557,-9.78814693551837,CG33303
GO_Molecular_Function_2018,transcription regulatory region DNA binding (GO:0044212),1/137,0.6447411350814886,0.6533376835492419,0.8223901698278882,0.8389483611667047,-0.324603322269254,0.142470470315546,Mnn1
KEGG_2019,RNA transport,1/147,0.6706814247584966,0.6706814247584966,0.804819783685563,0.804819783685563,10.271862579899093,-4.103208822266816,eIF2beta
GO_Molecular_Function_2018,ATPase activity (GO:0016887),1/148,0.6731696021385735,0.6776276789739282,0.8455169673540386,0.8567905269187592,-0.3230067262478074,0.1278324869109395,sun
GO_Biological_Process_2018,organelle assembly (GO:0070925),1/161,0.7038661366795276,0.7104974461771812,0.8944921257988937,0.902919373282867,0.2987913155683626,-0.1049256761081292,unc-119
GO_Biological_Process_2018,ubiquitin-dependent protein catabolic process (GO:0006511),1/164,0.7105328956785508,0.7162629996759584,0.898840624737761,0.9060893394533882,0.0338334171938953,-0.011562233114445,ari-1
GO_Biological_Process_2018,intracellular protein transport (GO:0006886),1/173,0.729651702116946,0.7345486934063215,0.9108487270541872,0.9169618057592488,-0.1259958219460203,0.0397123684923946,RabX1
GO_Molecular_Function_2018,RNA polymerase II regulatory region sequence-specific DNA binding (GO:0000977),1/200,0.7798008127494223,0.7798008127494223,0.9203993156689284,0.9203993156689284,-0.3165439454502461,0.078729784567138,grn
GO_Biological_Process_2018,"RNA splicing, via transesterification reactions with bulged adenosine as nucleophile (GO:0000377)",1/198,0.7764264203196751,0.7805895646645526,0.9372877535930736,0.9423134251941088,0.4191457859563484,-0.1060662658142123,Caper
GO_Biological_Process_2018,"mRNA splicing, via spliceosome (GO:0000398)",1/211,0.7974755280778437,0.8006782410420117,0.9477947750097871,0.951601179728702,0.1326552816325204,-0.0300204381779877,Caper
GO_Biological_Process_2018,mRNA processing (GO:0006397),1/213,0.8005342271561118,0.8026746930041228,0.9492483680520252,0.951786465292806,0.1536464660837143,-0.0341826496884753,Caper
GO_Biological_Process_2018,defense response to bacterium (GO:0042742),1/216,0.8050364428246394,0.8061112578350863,0.9513538905529968,0.9526240559609448,-0.1131173400764249,0.0245315009920933,Vap33
GO_Biological_Process_2018,proteolysis (GO:0006508),1/305,0.901117021601459,0.901117021601459,0.9862644718951898,0.9862644718951898,0.1419493002148351,-0.0147797824473124,CG46339
