Gene_set,Term,Overlap,P-value,Adjusted P-value,Old P-value,Old Adjusted P-value,Z-score,Combined Score,Genes
GO_Biological_Process_2018,cell-cell adhesion via plasma-membrane adhesion molecules (GO:0098742),6/64,2.4368387915e-06,0.0003237421294163,5.41573889561e-05,0.0138642915727778,-1.8073044229926116,23.35906435611804,kirre;glec;beat-IIIc;beat-Ic;beat-IIa;Dscam3
GO_Biological_Process_2018,nervous system development (GO:0007399),10/246,2.529235386e-06,0.0003237421294163,0.0001639819216126,0.016791748773134,-1.0933176369746842,14.090233293411291,unc-119;ct;glec;SoxN;Gad1;mbl;fru;vvl;RabX1;numb
GO_Biological_Process_2018,axon guidance (GO:0007411),10/242,2.1839006966e-06,0.0003237421294163,0.0001440969010846,0.016791748773134,-1.061556972009022,13.836756040661484,RhoGAP93B;dally;side;SoxN;beat-IIIc;egh;beat-Ic;beat-IIa;vvl;pdm3
GO_Biological_Process_2018,heterophilic cell-cell adhesion via plasma membrane cell adhesion molecules (GO:0007157),5/29,7.885770949e-07,0.0003237421294163,1.66513096754e-05,0.0085254705538423,-1.982810096061033,27.864500989214605,kirre;glec;beat-IIIc;beat-Ic;beat-IIa
GO_Biological_Process_2018,motor neuron axon guidance (GO:0008045),6/75,6.1996916763e-06,0.0006348484276569,0.0001232286988037,0.016791748773134,-1.558583179949346,18.688988050157697,dally;side;beat-IIIc;beat-Ic;beat-IIa;vvl
GO_Biological_Process_2018,regulation of canonical Wnt signaling pathway (GO:0060828),5/68,5.73457324512e-05,0.004893502502508,0.0006700608486448,0.0571785257510245,-1.5576788772826056,15.212933880983186,flw;dally;SoxN;nkd;apolpp
GO_Biological_Process_2018,peripheral nervous system development (GO:0007422),5/79,0.0001175914853738,0.0086009772159134,0.001268066078701,0.0927499760421334,-1.3973898996625405,12.64399454473084,ct;mbl;vvl;RabX1;numb
GO_Biological_Process_2018,regulation of multicellular organismal development (GO:2000026),4/48,0.0002019067780856,0.0129220337974837,0.0015452076660353,0.0978836322647176,-1.914242991036729,16.285813635639933,dally;Top1;Yp3;numb
GO_Biological_Process_2018,stem cell development (GO:0048864),3/22,0.0003058404486959,0.0173989233035913,0.0017206107234032,0.0978836322647176,-1.2577970285139026,10.178655791872162,Rbp6;sqz;numb
GO_Biological_Process_2018,oogenesis (GO:0048477),7/216,0.0003467645602735,0.0177543454860072,0.0056377321079447,0.2220399107129001,-1.097530830871282,8.743879423953038,ct;dally;Sxl;bel;Top1;sqz;capu
GO_Biological_Process_2018,cell morphogenesis involved in neuron differentiation (GO:0048667),6/160,0.0004300320794337,0.020016038606371,0.005268872417726,0.2220399107129001,-0.9643580471406588,7.47536677815691,ct;dally;ninaE;fru;vvl;pdm3
GO_Biological_Process_2018,sensory organ boundary specification (GO:0008052),3/27,0.0005682261584371,0.0233357861665717,0.0029336684948762,0.1502038269376636,-2.046077567476128,15.290319353912752,dally;nuf;numb
GO_Biological_Process_2018,central nervous system development (GO:0007417),6/170,0.0005925101956356,0.0233357861665717,0.0069739210801253,0.2284255744535977,-1.2267487537215342,9.116144772729449,ct;Dmtn;SoxN;fru;vvl;numb
GO_Biological_Process_2018,compound eye morphogenesis (GO:0001745),5/131,0.0012100461983399,0.0418144891053623,0.010025685487422,0.2363834602536907,-1.1978806846459475,8.046280441332353,kirre;cindr;mbl;bi;Asap
GO_Biological_Process_2018,compound eye development (GO:0048749),6/198,0.0013067027845425,0.0418144891053623,0.0138456477292006,0.2363834602536907,-1.126094845911712,7.47754935579756,dally;kirre;cindr;bi;RASSF8;Asap
GO_Biological_Process_2018,muscle cell fate specification (GO:0042694),2/9,0.001271052513093,0.0418144891053623,0.0048068377626468,0.2220399107129001,-3.64361071780214,24.295268236654437,pcs;numb
GO_Biological_Process_2018,dendrite morphogenesis (GO:0048813),5/141,0.0016756870526383,0.0429788989486237,0.0133397692422402,0.2363834602536907,-1.1686272434107825,7.469318442346416,ct;dally;fru;vvl;sqz
GO_Biological_Process_2018,female gamete generation (GO:0007292),6/208,0.0016788632401806,0.0429788989486237,0.0171686107689533,0.2385920617359321,-0.974052016882152,6.223840129117146,ct;Sxl;bel;Top1;sqz;capu
GO_Biological_Process_2018,segment polarity determination (GO:0007367),3/38,0.0015613616227006,0.0429788989486237,0.0071382992016749,0.2284255744535977,-1.760378383386863,11.375911913893855,dally;SoxN;nkd
GO_Biological_Process_2018,positive regulation of canonical Wnt signaling pathway (GO:0090263),3/37,0.0014444318185208,0.0429788989486237,0.0066618170512077,0.2284255744535977,-1.5216993935581329,9.951973745231234,flw;dally;apolpp
GO_Biological_Process_2018,negative regulation of signal transduction (GO:0009968),5/146,0.0019524151613552,0.0434624592440827,0.015246170987949,0.2363834602536907,-1.0473261856805836,6.533941441256912,ct;dally;nkd;cdi;numb
GO_Biological_Process_2018,axonogenesis (GO:0007409),6/212,0.0018483853596243,0.0434624592440827,0.018640262310106,0.2474479096640756,-1.0576780547495337,6.656436337922778,RhoGAP93B;dally;SoxN;egh;beat-Ic;pdm3
GO_Biological_Process_2018,regulation of embryonic development (GO:0045995),3/41,0.0019471524217555,0.0434624592440827,0.0086869930539731,0.2363834602536907,-1.7187525258516407,10.727400135499028,gcl;Top1;Yp3
GO_Biological_Process_2018,muscle organ development (GO:0007517),3/43,0.0022344959526908,0.0457624771111087,0.0098205718757222,0.2363834602536907,-1.5011928346456804,9.16289015337542,pcs;mbl;fru
GO_Biological_Process_2018,positive regulation of Wnt signaling pathway (GO:0030177),3/43,0.0022344959526908,0.0457624771111087,0.0098205718757222,0.2363834602536907,-1.4627885430983252,8.92848035821431,flw;dally;apolpp
GO_Biological_Process_2018,neuron development (GO:0048666),3/49,0.0032492648062947,0.0554541193607636,0.0137192828031134,0.2363834602536907,-1.522833074437824,8.724807921465656,egh;fru;sqz
GO_Biological_Process_2018,nephrocyte differentiation (GO:0061319),2/14,0.0031499733278318,0.0554541193607636,0.0101645777270737,0.2363834602536907,-2.3164442248013204,13.343555651179187,kirre;numb
GO_Biological_Process_2018,regulation of neurotransmitter transport (GO:0051588),2/14,0.0031499733278318,0.0554541193607636,0.0101645777270737,0.2363834602536907,-2.9939785684655607,17.246398259463604,Frq2;Frq1
GO_Biological_Process_2018,synaptic target recognition (GO:0008039),3/47,0.0028848642792018,0.0554541193607636,0.0123357474926823,0.2363834602536907,-1.6410957098357029,9.597582990016992,beat-IIIc;Pvf3;hig
GO_Biological_Process_2018,periodic partitioning (GO:0007365),3/48,0.0030637281128466,0.0554541193607636,0.0130169323142849,0.2363834602536907,-2.1686594736918128,12.552467273669803,dally;SoxN;nkd
GO_Biological_Process_2018,regulation of nucleobase-containing compound metabolic process (GO:0019219),2/15,0.003620246102677,0.0582506833649081,0.0114481454458356,0.2363834602536907,-1.6973824100354606,9.541348529746143,Rbp6;msi
GO_Biological_Process_2018,neuromuscular junction development (GO:0007528),3/51,0.0036406677103067,0.0582506833649081,0.0151878273068207,0.2363834602536907,-1.6601260871013663,9.322584427484877,Gad1;Frq2;Frq1
GO_Biological_Process_2018,muscle cell fate commitment (GO:0042693),2/16,0.0041211095512928,0.0639396390988473,0.0127990507471788,0.2363834602536907,-2.736595654739572,15.02837857643139,pcs;numb
GO_Biological_Process_2018,neuron projection morphogenesis (GO:0048812),5/180,0.0047926094193377,0.0651000176688283,0.0331401211058423,0.2789264201314379,-1.1100167573278503,5.9282445751785735,ct;dally;fru;vvl;pdm3
GO_Biological_Process_2018,positive regulation of endocytosis (GO:0045807),2/18,0.0052130873523866,0.0651000176688283,0.0156973391574716,0.2363834602536907,-2.3070730570187323,12.127321049793,cindr;numb
GO_Biological_Process_2018,eye morphogenesis (GO:0048592),4/114,0.0051000008666373,0.0651000176688283,0.0271713831374607,0.2623191379551139,-2.0353824804974274,10.7437960774504,kirre;cindr;bi;Asap
GO_Biological_Process_2018,embryo development ending in birth or egg hatching (GO:0009792),3/57,0.0049827324676228,0.0651000176688283,0.0201089268610815,0.2500965078856185,-1.5895447190039516,8.427411393481032,Eip63E;cdi;Yp3
GO_Biological_Process_2018,instar larval development (GO:0002168),3/57,0.0049827324676228,0.0651000176688283,0.0201089268610815,0.2500965078856185,-1.5109248703411855,8.010586499879093,Eip63E;bel;Top1
GO_Biological_Process_2018,regulation of macromolecule metabolic process (GO:0060255),4/113,0.0049437726217655,0.0651000176688283,0.0264392256720929,0.2623191379551139,-1.4442017817057085,7.668172124608255,Rbp6;msi;mbl;bel
GO_Biological_Process_2018,regulation of oviposition (GO:0046662),2/18,0.0052130873523866,0.0651000176688283,0.0156973391574716,0.2363834602536907,-2.6147134687209963,13.74445841319534,SPR;egh
GO_Biological_Process_2018,"negative regulation of female receptivity, post-mating (GO:0045434)",2/17,0.00465218253736,0.0651000176688283,0.0142159049050147,0.2363834602536907,-3.025997422325785,16.250873465660312,SPR;egh
GO_Biological_Process_2018,negative regulation of female receptivity (GO:0007621),2/19,0.0058034496845359,0.0691015404298239,0.0172420044613857,0.2385920617359321,-2.867977957071309,14.768086824425012,SPR;egh
GO_Biological_Process_2018,regulation of neurotransmitter secretion (GO:0046928),2/19,0.0058034496845359,0.0691015404298239,0.0172420044613857,0.2385920617359321,-2.6691430688877595,13.744225784914766,Frq2;Frq1
GO_Biological_Process_2018,adherens junction assembly (GO:0034333),2/20,0.0064228985944712,0.0747391836447562,0.0188485712439432,0.2474479096640756,-2.174300355457809,10.975619821210698,kirre;cindr
GO_Biological_Process_2018,neuroblast development (GO:0014019),2/21,0.0070710664896295,0.0804530231708967,0.0205157291624921,0.2500965078856185,-2.350140922445374,11.63729612553028,sqz;numb
GO_Biological_Process_2018,negative regulation of stress-activated MAPK cascade (GO:0032873),2/23,0.0084521054246302,0.0883158770900143,0.0240266717450382,0.2623191379551139,-2.6088155312268864,12.45276276075855,flw;Mnn1
GO_Biological_Process_2018,regulation of RNA metabolic process (GO:0051252),2/23,0.0084521054246302,0.0883158770900143,0.0240266717450382,0.2623191379551139,-2.410296083846835,11.505162000171971,Rbp6;msi
GO_Biological_Process_2018,"regulation of female receptivity, post-mating (GO:0046008)",2/23,0.0084521054246302,0.0883158770900143,0.0240266717450382,0.2623191379551139,-2.384170351469981,11.380455004469969,SPR;egh
GO_Biological_Process_2018,regulation of cellular localization (GO:0060341),2/23,0.0084521054246302,0.0883158770900143,0.0240266717450382,0.2623191379551139,-1.652610685906618,7.888472205549664,Frq2;Frq1
GO_Biological_Process_2018,axon midline choice point recognition (GO:0016199),2/26,0.0107300558116152,0.0886094931539837,0.0297158398464777,0.2623191379551139,-1.9391599982347247,8.793521489059117,RhoGAP93B;fru
GO_Biological_Process_2018,neuroblast differentiation (GO:0014016),2/25,0.0099436916503445,0.0886094931539837,0.0277647250054968,0.2623191379551139,-2.6616817903124246,12.27252747134138,sqz;numb
GO_Biological_Process_2018,dendrite guidance (GO:0070983),2/25,0.0099436916503445,0.0886094931539837,0.0277647250054968,0.2623191379551139,-2.638641686674692,12.16629377133044,ct;sqz
GO_Biological_Process_2018,cell fate determination involved in pattern specification (GO:0060582),2/24,0.0091842577686654,0.0886094931539837,0.0258679297247342,0.2623191379551139,-2.0558168933499954,9.642324731578016,nuf;numb
GO_Biological_Process_2018,negative regulation of JNK cascade (GO:0046329),2/26,0.0107300558116152,0.0886094931539837,0.0297158398464777,0.2623191379551139,-2.2150087911598626,10.044414809118518,flw;Mnn1
GO_Biological_Process_2018,chromatin remodeling (GO:0006338),3/73,0.0098773880953637,0.0886094931539837,0.0370384309792973,0.2963074478343786,-1.3835241709191717,6.388432772155849,Dsp1;CG43902;Top1
GO_Biological_Process_2018,regulation of GTPase activity (GO:0043087),3/75,0.0106307707660438,0.0886094931539837,0.0395405100403465,0.3022241405164977,-1.2331928928949385,5.603631687805752,sif;RhoGAP93B;Asap
GO_Biological_Process_2018,eye development (GO:0001654),4/140,0.0103970305280921,0.0886094931539837,0.0505184657141529,0.3022241405164977,-0.9009088763840574,4.113761678966819,dally;cindr;mbl;RASSF8
GO_Biological_Process_2018,regulation of cell division (GO:0051302),2/26,0.0107300558116152,0.0886094931539837,0.0297158398464777,0.2623191379551139,-2.02420226407736,9.179163206527631,cindr;numb
GO_Biological_Process_2018,cAMP-mediated signaling (GO:0019933),2/26,0.0107300558116152,0.0886094931539837,0.0297158398464777,0.2623191379551139,-2.108574738849332,9.56176761806038,Ac78C;Octbeta2R
GO_Biological_Process_2018,sensory organ precursor cell fate determination (GO:0016360),2/24,0.0091842577686654,0.0886094931539837,0.0258679297247342,0.2623191379551139,-2.069258872792654,9.705371168855857,nuf;numb
GO_Biological_Process_2018,regulation of secretion by cell (GO:1903530),2/25,0.0099436916503445,0.0886094931539837,0.0277647250054968,0.2623191379551139,-2.3848452973318826,10.99608508159399,Frq2;Frq1
GO_Biological_Process_2018,adult chitin-containing cuticle pigmentation (GO:0048085),2/26,0.0107300558116152,0.0886094931539837,0.0297158398464777,0.2623191379551139,-2.112024482965154,9.577411195197827,Fili;dally
GO_Biological_Process_2018,wing disc pattern formation (GO:0035222),3/76,0.0110196182293251,0.0893837984400782,0.0408231439285539,0.3022241405164977,-1.2796599089542868,5.768806835695063,dally;bi;nuf
GO_Biological_Process_2018,sensory organ development (GO:0007423),4/143,0.0111729748050097,0.0893837984400782,0.0537503071456202,0.3022241405164977,-1.0722274906525944,4.818866313342106,dally;msi;mbl;numb
GO_Biological_Process_2018,dsRNA transport (GO:0033227),2/27,0.0115430021837118,0.0909233402778531,0.0317200743416281,0.2752657298798915,-2.331468021589865,10.402254676947251,egh;RASSF8
GO_Biological_Process_2018,actin filament organization (GO:0007015),3/78,0.0118217739884301,0.0913311007408577,0.0434511752917266,0.3022241405164977,-1.2407301166931797,5.506127242120677,cindr;cdi;capu
GO_Biological_Process_2018,translation (GO:0006412),5/225,0.0119515307610106,0.0913311007408577,0.0715316925341677,0.3022241405164977,-1.0738691075803573,4.753906761997565,RpL29;RpL39;mRpL34;mRpL33;CG13364
GO_Biological_Process_2018,axon choice point recognition (GO:0016198),2/28,0.0123821858638842,0.0918794081494021,0.0337762461877913,0.2789264201314379,-2.2765366412818056,9.997402608499977,RhoGAP93B;fru
GO_Biological_Process_2018,homophilic cell adhesion via plasma membrane adhesion molecules (GO:0007156),2/28,0.0123821858638842,0.0918794081494021,0.0337762461877913,0.2789264201314379,-2.345338901445454,10.29954749066777,kirre;Dscam3
GO_Biological_Process_2018,adenylate cyclase-activating G-protein coupled receptor signaling pathway (GO:0007189),2/29,0.0132472650866015,0.0968942817762854,0.0358831904706509,0.2916221193805283,-1.874604262976513,8.105721640570312,Ac78C;Octbeta2R
GO_Biological_Process_2018,regulation of transcription from RNA polymerase II promoter (GO:0006357),9/630,0.014376612652033,0.1036736010963508,0.1629504839961236,0.3490822083933694,-0.8958305370412755,3.800249764918704,Dsp1;Mnn1;ct;dally;SoxN;bi;fru;vvl;luna
GO_Biological_Process_2018,neuroblast fate commitment (GO:0014017),2/31,0.0150537586567318,0.1070489504478707,0.0402448223059235,0.3022241405164977,-2.1877861820052598,9.18022992506116,nkd;numb
GO_Biological_Process_2018,imaginal disc-derived wing morphogenesis (GO:0007476),5/240,0.0154187881022142,0.1081427329908723,0.0881905055629089,0.3022241405164977,-1.0159758506580103,4.23882244750898,flw;ct;dally;bi;fru
GO_Biological_Process_2018,negative regulation of gene expression (GO:0010629),5/245,0.0167096195018353,0.1156125024991849,0.094162047361364,0.3022241405164977,-0.9376028398190518,3.8364558350718174,Dsp1;gcl;msi;Sxl;numb
GO_Biological_Process_2018,pole plasm oskar mRNA localization (GO:0045451),2/33,0.0169598106432543,0.115778973991283,0.0447959900038642,0.3022241405164977,-2.0967447295842736,8.548237067876173,Pat1;capu
GO_Biological_Process_2018,sister chromatid segregation (GO:0000819),2/34,0.0179493492899694,0.1209219320587416,0.0471399160912915,0.3022241405164977,-1.8712485703762247,7.522796152239858,bel;luna
GO_Biological_Process_2018,negative regulation of canonical Wnt signaling pathway (GO:0090090),2/35,0.0189627974564204,0.126090289580354,0.0495279781645154,0.3022241405164977,-1.7427631710520315,6.910537407833697,SoxN;nkd
GO_Biological_Process_2018,imaginal disc-derived appendage morphogenesis (GO:0035114),4/170,0.0198605172718503,0.1303664723485561,0.0877256339403926,0.3022241405164977,-0.8395779587982815,3.2903241342489373,flw;ct;dally;bi
GO_Biological_Process_2018,regulation of gene expression (GO:0010468),7/458,0.0214211730972636,0.1388308939974556,0.1622029248492958,0.3489407458942835,-0.8984868864444956,3.453222440624151,Dsp1;ct;SoxN;mbl;bi;bel;numb
GO_Biological_Process_2018,regulation of cell morphogenesis involved in differentiation (GO:0010769),2/39,0.0232493199276115,0.1465724828174662,0.0595008367967519,0.3022241405164977,-2.0244714637097707,7.615007702182129,sif;vvl
GO_Biological_Process_2018,negative regulation of cellular macromolecule biosynthetic process (GO:2000113),4/179,0.0234744992012348,0.1465724828174662,0.100922496676504,0.3022241405164977,-1.2467056290205798,4.677440779494596,Dsp1;gcl;msi;Sxl
GO_Biological_Process_2018,regulation of cellular macromolecule biosynthetic process (GO:2000112),5/266,0.0229122514027557,0.1465724828174662,0.1214365056929181,0.3229287392833253,-1.216225181691865,4.592567859999484,Dsp1;ct;msi;SoxN;bi
GO_Biological_Process_2018,adenylate cyclase-modulating G-protein coupled receptor signaling pathway (GO:0007188),2/40,0.0243775671907706,0.1485870762104115,0.062094152010775,0.3022241405164977,-1.627947152741493,6.0463454101339655,Ac78C;Octbeta2R
GO_Biological_Process_2018,negative regulation of Wnt signaling pathway (GO:0030178),2/40,0.0243775671907706,0.1485870762104115,0.062094152010775,0.3022241405164977,-1.717916765377001,6.380500823897951,SoxN;nkd
GO_Biological_Process_2018,negative regulation of response to wounding (GO:1903035),1/7,0.0415951780319182,0.1565936114142806,0.0748942302944382,0.3022241405164977,-4.34290645676432,13.809448142116135,Cbp53E
GO_Biological_Process_2018,regulation of cytokinetic process (GO:0032954),1/6,0.0357597740439552,0.1565936114142806,0.0658441547924123,0.3022241405164977,-3.499403174542053,11.656272781017613,flw
GO_Biological_Process_2018,negative regulation of antimicrobial humoral response (GO:0008348),1/7,0.0415951780319182,0.1565936114142806,0.0748942302944382,0.3022241405164977,-5.083800359181351,16.165321110160882,Dsp1
GO_Biological_Process_2018,regulation of transcription from RNA polymerase III promoter (GO:0006359),1/6,0.0357597740439552,0.1565936114142806,0.0658441547924123,0.3022241405164977,-4.720952072757024,15.725168664901744,gcl
GO_Biological_Process_2018,negative regulation of humoral immune response (GO:0002921),1/7,0.0415951780319182,0.1565936114142806,0.0748942302944382,0.3022241405164977,-4.719831783607298,15.007984377309736,Dsp1
GO_Biological_Process_2018,brain segmentation (GO:0035284),1/6,0.0357597740439552,0.1565936114142806,0.0658441547924123,0.3022241405164977,-4.201022948207757,13.993320289546984,vvl
GO_Biological_Process_2018,regulation of response to wounding (GO:1903034),1/6,0.0357597740439552,0.1565936114142806,0.0658441547924123,0.3022241405164977,-4.322958102167189,14.399477952798382,Cbp53E
GO_Biological_Process_2018,muscle tissue development (GO:0060537),1/6,0.0357597740439552,0.1565936114142806,0.0658441547924123,0.3022241405164977,-4.410250509738387,14.690242995753117,flw
GO_Biological_Process_2018,positive regulation of nurse cell apoptotic process (GO:0045850),1/6,0.0357597740439552,0.1565936114142806,0.0658441547924123,0.3022241405164977,-4.001130409120262,13.327491905025678,Atg13
GO_Biological_Process_2018,regulation of multicellular organism growth (GO:0040014),2/47,0.0328753690528413,0.1565936114142806,0.0812607524942892,0.3022241405164977,-1.68807957657149,5.764845034180991,dally;RASSF8
GO_Biological_Process_2018,regulation of cell cycle (GO:0051726),3/122,0.0379397404668566,0.1565936114142806,0.1204382749842231,0.322850244983886,-1.1049824744639585,3.615233212126308,Mnn1;dally;Wdr62
GO_Biological_Process_2018,cytoplasmic translation (GO:0002181),3/107,0.0272053946800055,0.1565936114142806,0.0904044923986402,0.3022241405164977,-1.116057407245167,4.022650345768118,RpL29;RpL39;CG13364
GO_Biological_Process_2018,regulation of presynaptic cytosolic calcium ion concentration (GO:0099509),1/6,0.0357597740439552,0.1565936114142806,0.0658441547924123,0.3022241405164977,-3.663975370611082,12.20445151718246,Cbp53E
GO_Biological_Process_2018,negative regulation of cellular amide metabolic process (GO:0034249),2/45,0.0303432389052145,0.1565936114142806,0.0756128739086531,0.3022241405164977,-1.9421608506769996,6.7882047862600725,msi;Sxl
GO_Biological_Process_2018,copulation (GO:0007620),1/7,0.0415951780319182,0.1565936114142806,0.0748942302944382,0.3022241405164977,-3.955133215774111,12.576418023769014,fru
GO_Biological_Process_2018,optomotor response (GO:0071632),1/6,0.0357597740439552,0.1565936114142806,0.0658441547924123,0.3022241405164977,-3.8269281882799424,12.747236214585104,ninaE
GO_Biological_Process_2018,"epithelial cell fate determination, open tracheal system (GO:0007425)",1/6,0.0357597740439552,0.1565936114142806,0.0658441547924123,0.3022241405164977,-2.419769927312515,8.060088230259128,vvl
GO_Biological_Process_2018,protein localization to pre-autophagosomal structure (GO:0034497),1/7,0.0415951780319182,0.1565936114142806,0.0748942302944382,0.3022241405164977,-2.7406733517232937,8.714713729593077,Atg13
GO_Biological_Process_2018,female somatic sex determination (GO:0019101),1/7,0.0415951780319182,0.1565936114142806,0.0748942302944382,0.3022241405164977,-2.6421029312060926,8.401282361906416,Sxl
GO_Biological_Process_2018,negative regulation of mRNA processing (GO:0050686),1/6,0.0357597740439552,0.1565936114142806,0.0658441547924123,0.3022241405164977,-3.79718395014256,12.648160190446143,Sxl
GO_Biological_Process_2018,protein N-linked glycosylation via asparagine (GO:0018279),1/7,0.0415951780319182,0.1565936114142806,0.0748942302944382,0.3022241405164977,-3.970899472984649,12.626551111716386,CG33303
GO_Biological_Process_2018,regulation of microtubule-based movement (GO:0060632),1/7,0.0415951780319182,0.1565936114142806,0.0748942302944382,0.3022241405164977,-3.956637524953051,12.581201382518064,Pat1
GO_Biological_Process_2018,central nervous system segmentation (GO:0035283),1/6,0.0357597740439552,0.1565936114142806,0.0658441547924123,0.3022241405164977,-3.775804561919058,12.576946909610898,vvl
GO_Biological_Process_2018,regulation of JNK cascade (GO:0046328),2/49,0.0354873683139421,0.1565936114142806,0.0870353091470343,0.3022241405164977,-1.5262235371957729,5.095417038580074,flw;Mnn1
GO_Biological_Process_2018,RNA transport (GO:0050658),2/52,0.0395501873141205,0.1565936114142806,0.095919790050032,0.3022241405164977,-1.832463551027696,5.919195998224172,egh;RASSF8
GO_Biological_Process_2018,peptidyl-asparagine modification (GO:0018196),1/7,0.0415951780319182,0.1565936114142806,0.0748942302944382,0.3022241405164977,-3.4170595553994536,10.865466985896894,CG33303
GO_Biological_Process_2018,mitochondrial respiratory chain complex III assembly (GO:0034551),1/6,0.0357597740439552,0.1565936114142806,0.0658441547924123,0.3022241405164977,-2.9062432719060207,9.680497689371522,ox
GO_Biological_Process_2018,cellular response to glucose starvation (GO:0042149),1/6,0.0357597740439552,0.1565936114142806,0.0658441547924123,0.3022241405164977,-2.93927597166262,9.79052735438912,CG4629
GO_Biological_Process_2018,filtration diaphragm assembly (GO:0036058),1/6,0.0357597740439552,0.1565936114142806,0.0658441547924123,0.3022241405164977,-2.830333840762008,9.427648562839458,kirre
GO_Biological_Process_2018,mitochondrial respiratory chain complex III biogenesis (GO:0097033),1/6,0.0357597740439552,0.1565936114142806,0.0658441547924123,0.3022241405164977,-2.890754178733528,9.628904578734078,ox
GO_Biological_Process_2018,"primary sex determination, germ-line (GO:0007542)",1/7,0.0415951780319182,0.1565936114142806,0.0748942302944382,0.3022241405164977,-2.9504129999691093,9.381637787164012,Sxl
GO_Biological_Process_2018,proboscis development (GO:0048728),1/7,0.0415951780319182,0.1565936114142806,0.0748942302944382,0.3022241405164977,-3.384742535108275,10.762706260962643,Mnn1
GO_Biological_Process_2018,respiratory chain complex III assembly (GO:0017062),1/6,0.0357597740439552,0.1565936114142806,0.0658441547924123,0.3022241405164977,-2.8896556693508337,9.62524551906632,ox
GO_Biological_Process_2018,neuromuscular process controlling posture (GO:0050884),1/7,0.0415951780319182,0.1565936114142806,0.0748942302944382,0.3022241405164977,-3.0050288078406795,9.55530355087566,Calx
GO_Biological_Process_2018,DNA conformation change (GO:0071103),1/7,0.0415951780319182,0.1565936114142806,0.0748942302944382,0.3022241405164977,-3.168892459732082,10.076352444214717,Top1
GO_Biological_Process_2018,negative regulation of protein tyrosine kinase activity (GO:0061099),1/7,0.0415951780319182,0.1565936114142806,0.0748942302944382,0.3022241405164977,-3.2077196832838544,10.199814124883758,pcs
GO_Biological_Process_2018,DNA topological change (GO:0006265),1/7,0.0415951780319182,0.1565936114142806,0.0748942302944382,0.3022241405164977,-3.1102278137572394,9.889812302392558,Top1
GO_Biological_Process_2018,female germ-line sex determination (GO:0019099),1/6,0.0357597740439552,0.1565936114142806,0.0658441547924123,0.3022241405164977,-2.979114861234934,9.923227972461945,Sxl
GO_Biological_Process_2018,cellular glucose homeostasis (GO:0001678),1/6,0.0357597740439552,0.1565936114142806,0.0658441547924123,0.3022241405164977,-3.213560384000558,10.704149983828067,Hex-A
GO_Biological_Process_2018,regulation of receptor-mediated endocytosis (GO:0048259),1/7,0.0415951780319182,0.1565936114142806,0.0748942302944382,0.3022241405164977,-3.453668853390808,10.98187617111972,cindr
GO_Biological_Process_2018,negative regulation of peptidyl-tyrosine phosphorylation (GO:0050732),1/6,0.0357597740439552,0.1565936114142806,0.0658441547924123,0.3022241405164977,-3.3007056781348814,10.99442500198016,pcs
GO_Biological_Process_2018,regulation of muscle tissue development (GO:1901861),1/7,0.0415951780319182,0.1565936114142806,0.0748942302944382,0.3022241405164977,-3.4858046807539096,11.084060744030229,kirre
GO_Biological_Process_2018,cAMP biosynthetic process (GO:0006171),1/6,0.0357597740439552,0.1565936114142806,0.0658441547924123,0.3022241405164977,-3.3836077244517058,11.27056605168928,Ac78C
GO_Biological_Process_2018,clypeo-labral disc development (GO:0035213),1/6,0.0357597740439552,0.1565936114142806,0.0658441547924123,0.3022241405164977,-3.364833044694656,11.208028876717131,Mnn1
GO_Biological_Process_2018,regulation of hydrolase activity (GO:0051336),2/53,0.0409419721624789,0.1565936114142806,0.0989373605048049,0.3022241405164977,-1.559652000880448,4.984023197685806,sif;Asap
GO_Biological_Process_2018,rhabdomere development (GO:0042052),2/43,0.0278932817229912,0.1565936114142806,0.0700987153148361,0.3022241405164977,-1.6407142565382942,5.872722432890744,mbl;ninaE
GO_Biological_Process_2018,brain development (GO:0007420),2/44,0.0291078430114346,0.1565936114142806,0.0728386309260001,0.3022241405164977,-1.5829596246857134,5.5985286880525145,Dmtn;vvl
GO_Biological_Process_2018,"regulation of transcription, DNA-templated (GO:0006355)",8/623,0.0355866425975796,0.1565936114142806,0.2649440241760264,0.3944441347932096,-0.8827702920200163,2.9447318274724523,Dsp1;Mnn1;ct;gcl;SoxN;bi;fru;luna
GO_Biological_Process_2018,negative regulation of Notch signaling pathway (GO:0045746),2/53,0.0409419721624789,0.1565936114142806,0.0989373605048049,0.3022241405164977,-1.6994045510867106,5.430616381146323,ct;numb
GO_Biological_Process_2018,glutamate catabolic process (GO:0006538),1/6,0.0357597740439552,0.1565936114142806,0.0658441547924123,0.3022241405164977,-4.863269376013901,16.199217874289584,Gad1
GO_Biological_Process_2018,wing disc dorsal/ventral pattern formation (GO:0048190),2/52,0.0395501873141205,0.1565936114142806,0.095919790050032,0.3022241405164977,-1.438765905592143,4.647479828990973,dally;nuf
GO_Biological_Process_2018,detection of UV (GO:0009589),1/7,0.0415951780319182,0.1565936114142806,0.0748942302944382,0.3022241405164977,-1.2348580960896305,3.926566001499173,ninaE
GO_Biological_Process_2018,detection of light stimulus (GO:0009583),1/8,0.0473955573408009,0.1639668293109842,0.0838577566888582,0.3022241405164977,-3.728577696981496,11.369278971140156,ninaE
GO_Biological_Process_2018,wing disc morphogenesis (GO:0007472),3/134,0.0478613378408745,0.1639668293109842,0.1467658830967816,0.3446978538786798,-0.7838593004790848,2.3824989902721243,flw;dally;bi
GO_Biological_Process_2018,cleavage furrow ingression (GO:0036090),1/8,0.0473955573408009,0.1639668293109842,0.0838577566888582,0.3022241405164977,-1.1585282576309617,3.532615390479471,Asap
GO_Biological_Process_2018,glycosphingolipid biosynthetic process (GO:0006688),1/9,0.0531611204406706,0.1639668293109842,0.0927355508920277,0.3022241405164977,-4.122809496540874,12.098087495847489,egh
GO_Biological_Process_2018,peripheral nervous system neuron differentiation (GO:0048934),1/9,0.0531611204406706,0.1639668293109842,0.0927355508920277,0.3022241405164977,-3.295317070445269,9.669870576910233,egh
GO_Biological_Process_2018,glycosphingolipid metabolic process (GO:0006687),1/9,0.0531611204406706,0.1639668293109842,0.0927355508920277,0.3022241405164977,-3.554486603272614,10.430384902647049,egh
GO_Biological_Process_2018,muscle organ morphogenesis (GO:0048644),1/8,0.0473955573408009,0.1639668293109842,0.0838577566888582,0.3022241405164977,-3.5512118150610004,10.828450173835243,pcs
GO_Biological_Process_2018,positive regulation of oogenesis (GO:1905881),1/9,0.0531611204406706,0.1639668293109842,0.0927355508920277,0.3022241405164977,-3.6486531368093273,10.70670981236302,Atg13
GO_Biological_Process_2018,regulation of cellular protein localization (GO:1903827),1/8,0.0473955573408009,0.1639668293109842,0.0838577566888582,0.3022241405164977,-4.149892821569116,12.6539643325516,Asap
GO_Biological_Process_2018,negative regulation of cell fate commitment (GO:0010454),1/9,0.0531611204406706,0.1639668293109842,0.0927355508920277,0.3022241405164977,-2.4931774675238687,7.316049691378259,cdi
GO_Biological_Process_2018,epithelial tube formation (GO:0072175),1/8,0.0473955573408009,0.1639668293109842,0.0838577566888582,0.3022241405164977,-2.4305856382849638,7.411406823379291,ct
GO_Biological_Process_2018,defasciculation of motor neuron axon (GO:0007415),1/9,0.0531611204406706,0.1639668293109842,0.0927355508920277,0.3022241405164977,-2.2550031554387178,6.617144328594206,beat-Ic
GO_Biological_Process_2018,nephrocyte filtration (GO:0097206),1/8,0.0473955573408009,0.1639668293109842,0.0838577566888582,0.3022241405164977,-2.8682535690158617,8.745955599238131,kirre
GO_Biological_Process_2018,positive regulation of apoptotic process involved in development (GO:1904747),1/8,0.0473955573408009,0.1639668293109842,0.0838577566888582,0.3022241405164977,-3.1104345499915382,9.484420332438116,Atg13
GO_Biological_Process_2018,intestinal epithelial structure maintenance (GO:0060729),1/9,0.0531611204406706,0.1639668293109842,0.0927355508920277,0.3022241405164977,-3.2829989427428785,9.633723918459586,Atg13
GO_Biological_Process_2018,maintenance of gastrointestinal epithelium (GO:0030277),1/9,0.0531611204406706,0.1639668293109842,0.0927355508920277,0.3022241405164977,-3.2525869047611056,9.54448198362383,Atg13
GO_Biological_Process_2018,oocyte development (GO:0048599),1/9,0.0531611204406706,0.1639668293109842,0.0927355508920277,0.3022241405164977,-2.589482174495839,7.598648917024362,gcl
GO_Biological_Process_2018,regulation of striated muscle tissue development (GO:0016202),1/8,0.0473955573408009,0.1639668293109842,0.0838577566888582,0.3022241405164977,-3.598904985126424,10.97387746530105,kirre
GO_Biological_Process_2018,glutamine family amino acid catabolic process (GO:0009065),1/8,0.0473955573408009,0.1639668293109842,0.0838577566888582,0.3022241405164977,-3.627255984344569,11.06032609140387,Gad1
GO_Biological_Process_2018,negative regulation of response to biotic stimulus (GO:0002832),1/9,0.0531611204406706,0.1639668293109842,0.0927355508920277,0.3022241405164977,-3.337835538869346,9.794637959835756,Dsp1
GO_Biological_Process_2018,negative regulation of compound eye retinal cell programmed cell death (GO:0046673),1/9,0.0531611204406706,0.1639668293109842,0.0927355508920277,0.3022241405164977,-3.496583633263554,10.260472807987622,ninaE
GO_Biological_Process_2018,Malpighian tubule development (GO:0072002),2/61,0.0527129090618064,0.1639668293109842,0.1239749988837151,0.3229287392833253,-0.9014175018740892,2.6527769687625256,ct;numb
GO_Biological_Process_2018,glutamate receptor signaling pathway (GO:0007215),1/9,0.0531611204406706,0.1639668293109842,0.0927355508920277,0.3022241405164977,-2.805315110873139,8.23199512207436,Nmdar2
GO_Biological_Process_2018,renal filtration (GO:0097205),1/8,0.0473955573408009,0.1639668293109842,0.0838577566888582,0.3022241405164977,-2.7272070748654778,8.315872851815378,kirre
GO_Biological_Process_2018,neuromuscular process (GO:0050905),1/9,0.0531611204406706,0.1639668293109842,0.0927355508920277,0.3022241405164977,-3.172238242860342,9.308704622902876,Calx
GO_Biological_Process_2018,negative regulation of RNA splicing (GO:0033119),1/9,0.0531611204406706,0.1639668293109842,0.0927355508920277,0.3022241405164977,-3.145615307865138,9.230581537846804,Sxl
GO_Biological_Process_2018,negative regulation of multi-organism process (GO:0043901),1/9,0.0531611204406706,0.1639668293109842,0.0927355508920277,0.3022241405164977,-3.483398249555173,10.221781249257065,Dsp1
GO_Biological_Process_2018,negative regulation of retinal cell programmed cell death (GO:0046671),1/9,0.0531611204406706,0.1639668293109842,0.0927355508920277,0.3022241405164977,-3.2180773638375384,9.443216221554268,ninaE
GO_Biological_Process_2018,negative regulation of translation (GO:0017148),2/61,0.0527129090618064,0.1639668293109842,0.1239749988837151,0.3229287392833253,-1.4004903665823691,4.121495956889504,msi;Sxl
GO_Biological_Process_2018,"dorsal/ventral pattern formation, imaginal disc (GO:0007450)",2/57,0.0466894637196973,0.1639668293109842,0.1112669025145981,0.3096122504754035,-1.3651491600805907,4.183140233800228,dally;nuf
GO_Molecular_Function_2018,microtubule binding (GO:0008017),4/111,0.004641028034592,0.1648963929054107,0.0140609665748152,0.3128124677866055,-1.3420602997410522,7.21064758503448,apolpp;CLIP-190;capu;nuf
GO_Molecular_Function_2018,poly(U) RNA binding (GO:0008266),2/12,0.0023027416298885,0.1648963929054107,0.0056032045183149,0.3128124677866055,-1.7089084135278745,10.37931987904576,Rbp6;Sxl
GO_Molecular_Function_2018,tubulin binding (GO:0015631),4/120,0.0061072738113115,0.1648963929054107,0.0180881745465586,0.3128124677866055,-2.089660052748477,10.653661166799752,apolpp;CLIP-190;capu;nuf
GO_Molecular_Function_2018,poly-pyrimidine tract binding (GO:0008187),2/17,0.00465218253736,0.1648963929054107,0.0102585266182587,0.3128124677866055,-2.600964305414278,13.968267621159873,Rbp6;Sxl
GO_Biological_Process_2018,cAMP metabolic process (GO:0046058),1/10,0.0588920745905712,0.1650598646309549,0.1015284222047609,0.3022241405164977,-2.2758617432275625,6.4453514151268845,Ac78C
GO_Biological_Process_2018,vesicle-mediated transport (GO:0016192),4/235,0.0545773275639376,0.1650598646309549,0.2004871692529344,0.363110026227976,-0.8468750884773987,2.462828549296453,ct;Frq2;RabX1;nuf
GO_Biological_Process_2018,negative regulation of cellular protein metabolic process (GO:0032269),2/65,0.058996006303642,0.1650598646309549,0.1370157401287663,0.3388988354875765,-1.4198754186974074,4.0186528478757975,msi;Sxl
GO_Biological_Process_2018,glutamate metabolic process (GO:0006536),1/10,0.0588920745905712,0.1650598646309549,0.1015284222047609,0.3022241405164977,-2.8609597920741607,8.102377615573157,Gad1
GO_Biological_Process_2018,negative regulation of protein kinase activity (GO:0006469),1/10,0.0588920745905712,0.1650598646309549,0.1015284222047609,0.3022241405164977,-2.312204734572743,6.548276538497695,pcs
GO_Biological_Process_2018,regulation of DNA binding (GO:0051101),1/10,0.0588920745905712,0.1650598646309549,0.1015284222047609,0.3022241405164977,-1.1314006330016504,3.2041817534359285,Dsp1
GO_Biological_Process_2018,Malpighian tubule tip cell differentiation (GO:0061382),1/10,0.0588920745905712,0.1650598646309549,0.1015284222047609,0.3022241405164977,-3.5151539942199315,9.955087490905177,numb
GO_Biological_Process_2018,"mating behavior, sex discrimination (GO:0048047)",1/10,0.0588920745905712,0.1650598646309549,0.1015284222047609,0.3022241405164977,-3.613678543625952,10.234113818329734,fru
GO_Biological_Process_2018,interstrand cross-link repair (GO:0036297),1/10,0.0588920745905712,0.1650598646309549,0.1015284222047609,0.3022241405164977,-4.359238650960219,12.34557639164677,Mnn1
GO_Biological_Process_2018,regulation of syncytium formation by plasma membrane fusion (GO:0060142),1/10,0.0588920745905712,0.1650598646309549,0.1015284222047609,0.3022241405164977,-2.8702625371998853,8.128723443319101,kirre
GO_Biological_Process_2018,compartment pattern specification (GO:0007386),1/10,0.0588920745905712,0.1650598646309549,0.1015284222047609,0.3022241405164977,-2.779348527204097,7.871250534551715,ct
GO_Biological_Process_2018,larval visceral muscle development (GO:0007523),1/10,0.0588920745905712,0.1650598646309549,0.1015284222047609,0.3022241405164977,-2.8800308423311,8.156387759698697,kirre
GO_Biological_Process_2018,regulation of myotube differentiation (GO:0010830),1/10,0.0588920745905712,0.1650598646309549,0.1015284222047609,0.3022241405164977,-2.869685230871668,8.127088483651358,kirre
GO_Biological_Process_2018,phospholipase C-activating G-protein coupled receptor signaling pathway (GO:0007200),1/10,0.0588920745905712,0.1650598646309549,0.1015284222047609,0.3022241405164977,-2.368094426065615,6.7065588696746845,ninaE
GO_Biological_Process_2018,regulation of microtubule-based process (GO:0032886),1/10,0.0588920745905712,0.1650598646309549,0.1015284222047609,0.3022241405164977,-3.2096076545586536,9.089765360251592,Pat1
GO_Biological_Process_2018,decapentaplegic signaling pathway (GO:0008101),1/10,0.0588920745905712,0.1650598646309549,0.1015284222047609,0.3022241405164977,-3.2329871555565406,9.155977246931489,dally
GO_Biological_Process_2018,response to salt stress (GO:0009651),1/10,0.0588920745905712,0.1650598646309549,0.1015284222047609,0.3022241405164977,-3.4175453513766825,9.678655055520878,Mnn1
GO_Biological_Process_2018,positive regulation of cellular protein localization (GO:1903829),1/11,0.0645886258185376,0.1670170526216731,0.1102371723932223,0.30842312713295,-3.4230063887737234,9.378068639083471,Asap
GO_Biological_Process_2018,peripheral nervous system neuron development (GO:0048935),1/11,0.0645886258185376,0.1670170526216731,0.1102371723932223,0.30842312713295,-3.25034986899356,8.905038644516704,egh
GO_Biological_Process_2018,receptor metabolic process (GO:0043112),1/11,0.0645886258185376,0.1670170526216731,0.1102371723932223,0.30842312713295,-2.3911639573172465,6.551112435129598,Gad1
GO_Biological_Process_2018,negative regulation of multicellular organism growth (GO:0040015),1/11,0.0645886258185376,0.1670170526216731,0.1102371723932223,0.30842312713295,-4.424585271931669,12.122111286657008,RASSF8
GO_Biological_Process_2018,positive regulation of BMP signaling pathway (GO:0030513),1/11,0.0645886258185376,0.1670170526216731,0.1102371723932223,0.30842312713295,-3.2412500968810973,8.880107844577045,dally
GO_Biological_Process_2018,mitotic nuclear division (GO:0140014),2/67,0.062229997885075,0.1670170526216731,0.1436472952401268,0.340342531970731,-1.316138194727827,3.6548079939758185,bel;luna
GO_Biological_Process_2018,regulation of nucleic acid-templated transcription (GO:1903506),4/246,0.0624512917581316,0.1670170526216731,0.2228222872352389,0.3718340024310298,-0.98110141847816,2.7209556299438806,Dsp1;ct;SoxN;bi
GO_Biological_Process_2018,sensory organ precursor cell division (GO:0045035),1/11,0.0645886258185376,0.1670170526216731,0.1102371723932223,0.30842312713295,-3.0238627141983017,8.284527946521315,numb
GO_Biological_Process_2018,regulation of nurse cell apoptotic process (GO:0045477),1/11,0.0645886258185376,0.1670170526216731,0.1102371723932223,0.30842312713295,-2.993750241686989,8.202028295036653,Atg13
GO_Biological_Process_2018,pericardial nephrocyte differentiation (GO:0061320),1/11,0.0645886258185376,0.1670170526216731,0.1102371723932223,0.30842312713295,-2.404913426962986,6.588782090235013,numb
GO_Biological_Process_2018,axon development (GO:0061564),2/66,0.0606054993815903,0.1670170526216731,0.1403227967731373,0.340342531970731,-1.391519477990292,3.90094345967129,dally;pdm3
GO_Biological_Process_2018,morphogenesis of an epithelium (GO:0002009),2/66,0.0606054993815903,0.1670170526216731,0.1403227967731373,0.340342531970731,-1.3850307594348013,3.88275318306284,Eip63E;egh
GO_Biological_Process_2018,regulation of cytokinesis (GO:0032465),1/11,0.0645886258185376,0.1670170526216731,0.1102371723932223,0.30842312713295,-2.219015834358467,6.079475303954049,cindr
GO_Biological_Process_2018,regulation of myoblast fusion (GO:1901739),1/11,0.0645886258185376,0.1670170526216731,0.1102371723932223,0.30842312713295,-3.1027252870352298,8.500589074407316,kirre
GO_Biological_Process_2018,morphogenesis of follicular epithelium (GO:0016333),1/11,0.0645886258185376,0.1670170526216731,0.1102371723932223,0.30842312713295,-2.805559018564964,7.686437610339253,egh
KEGG_2019,Dorso-ventral axis formation,2/28,0.0123821858638842,0.1671595091624377,0.0245457504399873,0.3313676309398289,-48.61247802957895,213.48152533355164,egh;capu
KEGG_2019,mRNA surveillance pathway,3/73,0.0098773880953637,0.1671595091624377,0.0233068118806671,0.3313676309398289,-3.361002072150296,15.51945114969956,flw;Rbp6;msi
GO_Biological_Process_2018,negative regulation of developmental growth (GO:0048640),2/69,0.0655230653998365,0.1685819572096298,0.1503460886781257,0.3455924087267337,-1.2446565645643448,3.39212857043714,RASSF8;Liprin-gamma
GO_Biological_Process_2018,modulation of chemical synaptic transmission (GO:0050804),2/70,0.0671911672129222,0.172009388065081,0.1537191449123483,0.3467145471150764,-1.2904515919770094,3.484494784428938,Frq2;Frq1
GO_Biological_Process_2018,positive regulation of antimicrobial peptide production (GO:0002225),1/12,0.0702509789239205,0.174548358167916,0.1188625957496745,0.3203034159149124,-3.0466950498187986,8.091050266294983,vvl
GO_Biological_Process_2018,regulation of post-mating oviposition (GO:0048042),1/12,0.0702509789239205,0.174548358167916,0.1188625957496745,0.3203034159149124,-2.678959450201079,7.11446180812617,SPR
GO_Biological_Process_2018,sensory perception of mechanical stimulus (GO:0050954),2/72,0.0705693557436691,0.174548358167916,0.1605095554557621,0.347311195016123,-1.2100153764709345,3.207943498308004,ct;Nmdar2
GO_Biological_Process_2018,wing disc anterior/posterior pattern formation (GO:0048100),1/12,0.0702509789239205,0.174548358167916,0.1188625957496745,0.3203034159149124,-3.2180685259065216,8.546163556815456,bi
GO_Biological_Process_2018,regulation of RNA polymerase II transcriptional preinitiation complex assembly (GO:0045898),1/12,0.0702509789239205,0.174548358167916,0.1188625957496745,0.3203034159149124,-1.223276746689485,3.248632857969515,Dsp1
GO_Biological_Process_2018,negative regulation of cell cycle (GO:0045786),1/12,0.0702509789239205,0.174548358167916,0.1188625957496745,0.3203034159149124,-2.3471983820053963,6.233410230834037,Mnn1
GO_Biological_Process_2018,synaptic target inhibition (GO:0016201),1/12,0.0702509789239205,0.174548358167916,0.1188625957496745,0.3203034159149124,-3.155064344151802,8.378844546140416,beat-IIIc
GO_Biological_Process_2018,negative regulation of response to external stimulus (GO:0032102),1/13,0.075879337515002,0.1798621333688937,0.1274054791703744,0.3229287392833253,-2.727537898213661,7.033258858069124,Dsp1
GO_Biological_Process_2018,development of primary female sexual characteristics (GO:0046545),1/13,0.075879337515002,0.1798621333688937,0.1274054791703744,0.3229287392833253,-2.8204441302624343,7.272827877423469,ct
GO_Biological_Process_2018,sensory perception of touch (GO:0050975),1/13,0.075879337515002,0.1798621333688937,0.1274054791703744,0.3229287392833253,-2.9281936379483837,7.550671928602781,Nmdar2
GO_Biological_Process_2018,response to caffeine (GO:0031000),1/13,0.075879337515002,0.1798621333688937,0.1274054791703744,0.3229287392833253,-2.6508129644211555,6.835415110202478,Ac78C
GO_Biological_Process_2018,autophagy of nucleus (GO:0044804),1/13,0.075879337515002,0.1798621333688937,0.1274054791703744,0.3229287392833253,-1.6434691698441837,4.237867457071955,Atg13
GO_Biological_Process_2018,post-embryonic appendage morphogenesis (GO:0035120),3/161,0.0742850199246703,0.1798621333688937,0.2117236991897225,0.3694145209637966,-0.809469244878321,2.104495349014788,flw;dally;bi
GO_Biological_Process_2018,cell junction assembly (GO:0034329),1/13,0.075879337515002,0.1798621333688937,0.1274054791703744,0.3229287392833253,-2.150950924238517,5.546465422563106,cindr
GO_Biological_Process_2018,regulation of protein modification process (GO:0031399),1/13,0.075879337515002,0.1798621333688937,0.1274054791703744,0.3229287392833253,-2.418223126659264,6.235656427543271,CG17124
GO_Biological_Process_2018,axonal defasciculation (GO:0007414),1/13,0.075879337515002,0.1798621333688937,0.1274054791703744,0.3229287392833253,-1.7782024559653626,4.585292172493568,beat-Ic
GO_Biological_Process_2018,mitotic sister chromatid segregation (GO:0000070),2/76,0.0774873647431878,0.1828273306383049,0.1742512718928152,0.3567321531426925,-1.071340139698213,2.740102814312777,bel;luna
GO_Biological_Process_2018,imaginal disc morphogenesis (GO:0007560),2/77,0.079249251535436,0.1861266825052443,0.1777169375543768,0.3568277334425134,-1.188559455829396,3.013185193549041,dally;bi
GO_Biological_Process_2018,compound eye photoreceptor development (GO:0042051),2/78,0.0810236588408121,0.1862260662660253,0.1811936095706509,0.357354980864462,-1.0925327208222793,2.745550113022347,mbl;ninaE
GO_Biological_Process_2018,regulation of protein dephosphorylation (GO:0035304),1/14,0.0814739039913861,0.1862260662660253,0.1358666022147779,0.3376878656988654,-1.241701603117797,3.113532631012713,CG17124
GO_Biological_Process_2018,embryonic development via the syncytial blastoderm (GO:0001700),3/166,0.0797630703560098,0.1862260662660253,0.2244076303734145,0.3718340024310298,-0.7598625858820457,1.9214604625960876,kirre;Eip63E;cdi
GO_Biological_Process_2018,female gonad development (GO:0008585),1/14,0.0814739039913861,0.1862260662660253,0.1358666022147779,0.3376878656988654,-3.1347429079132945,7.860281656331086,ct
GO_Biological_Process_2018,rhodopsin mediated signaling pathway (GO:0016056),1/14,0.0814739039913861,0.1862260662660253,0.1358666022147779,0.3376878656988654,-2.747131725957977,6.888357274391798,ninaE
GO_Biological_Process_2018,positive regulation of receptor-mediated endocytosis (GO:0048260),1/14,0.0814739039913861,0.1862260662660253,0.1358666022147779,0.3376878656988654,-2.4320624414196987,6.098329705790283,cindr
GO_Biological_Process_2018,response to purine-containing compound (GO:0014074),1/15,0.0870348795524412,0.192908477622727,0.1442467371829075,0.340342531970731,-2.4788930389517434,6.052084303180823,Ac78C
GO_Biological_Process_2018,sensory perception of sweet taste (GO:0050916),1/15,0.0870348795524412,0.192908477622727,0.1442467371829075,0.340342531970731,-2.145778563077429,5.238803189827999,Ac78C
GO_Biological_Process_2018,regulation of antimicrobial peptide biosynthetic process (GO:0002805),1/15,0.0870348795524412,0.192908477622727,0.1442467371829075,0.340342531970731,-2.8009161327754546,6.838286402572877,vvl
GO_Biological_Process_2018,stabilization of membrane potential (GO:0030322),1/15,0.0870348795524412,0.192908477622727,0.1442467371829075,0.340342531970731,-2.67553751352998,6.532181233222407,CG42594
GO_Biological_Process_2018,actin nucleation (GO:0045010),1/15,0.0870348795524412,0.192908477622727,0.1442467371829075,0.340342531970731,-2.098526194745721,5.12343906875669,capu
GO_Biological_Process_2018,selective autophagy (GO:0061912),1/15,0.0870348795524412,0.192908477622727,0.1442467371829075,0.340342531970731,-1.8864868239570032,4.60575632591862,Atg13
GO_Biological_Process_2018,regulation of muscle organ development (GO:0048634),1/15,0.0870348795524412,0.192908477622727,0.1442467371829075,0.340342531970731,-2.038370320979724,4.976571731746752,kirre
GO_Biological_Process_2018,"negative regulation of transcription, DNA-templated (GO:0045892)",4/279,0.0894301332976007,0.197363052794705,0.2931785152475441,0.397733559654338,-0.6982406566940984,1.6857607361633853,Dsp1;ct;gcl;bi
GO_Biological_Process_2018,mesoderm development (GO:0007498),2/83,0.0900761215727436,0.1974665903508351,0.1987238905262049,0.363110026227976,-0.9425161917671384,2.2687308862621194,flw;pcs
GO_Biological_Process_2018,striated muscle tissue development (GO:0014706),1/16,0.0925624642269539,0.1974665903508351,0.1525466491645348,0.3455924087267337,-1.80713675646036,4.300753395998147,flw
GO_Biological_Process_2018,visceral muscle development (GO:0007522),1/16,0.0925624642269539,0.1974665903508351,0.1525466491645348,0.3455924087267337,-2.1311946600144096,5.071969588811327,kirre
GO_Biological_Process_2018,induction of programmed cell death by ecdysone (GO:0035078),1/16,0.0925624642269539,0.1974665903508351,0.1525466491645348,0.3455924087267337,-2.198390619197357,5.231887341920099,bel
GO_Biological_Process_2018,"mitochondrial electron transport, ubiquinol to cytochrome c (GO:0006122)",1/16,0.0925624642269539,0.1974665903508351,0.1525466491645348,0.3455924087267337,-2.63716257543453,6.276108247786646,ox
GO_Biological_Process_2018,aerobic respiration (GO:0009060),1/16,0.0925624642269539,0.1974665903508351,0.1525466491645348,0.3455924087267337,-2.4248097582566244,5.770735814647448,ox
GO_Biological_Process_2018,male germ-line stem cell population maintenance (GO:0036098),1/16,0.0925624642269539,0.1974665903508351,0.1525466491645348,0.3455924087267337,-2.3181943275336505,5.517004781780986,bel
GO_Biological_Process_2018,ecdysone-mediated induction of salivary gland cell autophagic cell death (GO:0035072),1/16,0.0925624642269539,0.1974665903508351,0.1525466491645348,0.3455924087267337,-2.255143510664497,5.3669519350326285,bel
GO_Molecular_Function_2018,single-stranded RNA binding (GO:0003727),2/24,0.0091842577686654,0.1983799678031734,0.0188016655999157,0.3128124677866055,-2.222039523713405,10.421952812700214,Rbp6;Sxl
GO_Biological_Process_2018,chaeta development (GO:0022416),2/85,0.0937774548968788,0.198405193831413,0.2057952395030682,0.3667795156828533,-1.0326030860725126,2.443996793218114,dally;msi
GO_Biological_Process_2018,epithelium development (GO:0060429),2/85,0.0937774548968788,0.198405193831413,0.2057952395030682,0.3667795156828533,-0.8535226621403073,2.020143729323905,Eip63E;numb
GO_Biological_Process_2018,adenylate cyclase-inhibiting G-protein coupled receptor signaling pathway (GO:0007193),1/17,0.0980568568262757,0.2000203613348732,0.1607670961305101,0.347311195016123,-2.244334231218249,5.2118104504710345,Ac78C
GO_Biological_Process_2018,positive regulation of smoothened signaling pathway (GO:0045880),1/17,0.0980568568262757,0.2000203613348732,0.1607670961305101,0.347311195016123,-2.147950064405172,4.987986386804873,apolpp
GO_Biological_Process_2018,positive regulation of transport (GO:0051050),1/17,0.0980568568262757,0.2000203613348732,0.1607670961305101,0.347311195016123,-1.9933356416026051,4.628939568667382,numb
GO_Biological_Process_2018,response to disaccharide (GO:0034285),1/17,0.0980568568262757,0.2000203613348732,0.1607670961305101,0.347311195016123,-1.9328670510203587,4.488518936152795,Ac78C
GO_Biological_Process_2018,regulation of cytosolic calcium ion concentration (GO:0051480),1/17,0.0980568568262757,0.2000203613348732,0.1607670961305101,0.347311195016123,-1.7012790886506657,3.9507235642814273,Cbp53E
GO_Biological_Process_2018,leg disc development (GO:0035218),1/17,0.0980568568262757,0.2000203613348732,0.1607670961305101,0.347311195016123,-2.620438974666443,6.085203818138477,Dsp1
GO_Biological_Process_2018,DNA duplex unwinding (GO:0032508),1/17,0.0980568568262757,0.2000203613348732,0.1607670961305101,0.347311195016123,-2.1577264065266712,5.010689084704087,Dsp1
GO_Biological_Process_2018,regulation of neural precursor cell proliferation (GO:2000177),1/17,0.0980568568262757,0.2000203613348732,0.1607670961305101,0.347311195016123,-2.2250332954630565,5.166989666973837,numb
GO_Biological_Process_2018,regulation of antimicrobial humoral response (GO:0002759),1/17,0.0980568568262757,0.2000203613348732,0.1607670961305101,0.347311195016123,-2.367492382414835,5.4978092694253045,Dsp1
GO_Biological_Process_2018,"regulation of alternative mRNA splicing, via spliceosome (GO:0000381)",2/88,0.0994105232833612,0.2019769361947658,0.2164538208772246,0.3694145209637966,-0.9791707878665988,2.2604131228502693,mbl;Sxl
GO_Biological_Process_2018,regulation of Wnt signaling pathway (GO:0030111),1/18,0.1035182550318781,0.2038513329858524,0.1689088289787166,0.3515500830776542,-1.506196994947781,3.416065786873415,nkd
GO_Biological_Process_2018,medium-term memory (GO:0072375),1/18,0.1035182550318781,0.2038513329858524,0.1689088289787166,0.3515500830776542,-1.9279206170151428,4.372538042290839,Nmdar2
GO_Biological_Process_2018,anterograde trans-synaptic signaling (GO:0098916),2/89,0.1013090496126662,0.2038513329858524,0.2200186144960694,0.3718340024310298,-0.9642270829424152,2.2076745980712142,Frq2;Frq1
GO_Biological_Process_2018,regulation of cellular response to growth factor stimulus (GO:0090287),1/18,0.1035182550318781,0.2038513329858524,0.1689088289787166,0.3515500830776542,-2.332501789015258,5.290131095735124,dally
GO_Biological_Process_2018,cyclic purine nucleotide metabolic process (GO:0052652),1/18,0.1035182550318781,0.2038513329858524,0.1689088289787166,0.3515500830776542,-1.9842533133603144,4.500301009095682,Ac78C
GO_Biological_Process_2018,response to sucrose (GO:0009744),1/18,0.1035182550318781,0.2038513329858524,0.1689088289787166,0.3515500830776542,-2.2227678460035287,5.0412537114099205,Ac78C
GO_Biological_Process_2018,"regulation of gene expression, epigenetic (GO:0040029)",1/18,0.1035182550318781,0.2038513329858524,0.1689088289787166,0.3515500830776542,-2.222609960661692,5.040895626301328,Sxl
GO_Biological_Process_2018,negative chemotaxis (GO:0050919),1/18,0.1035182550318781,0.2038513329858524,0.1689088289787166,0.3515500830776542,-1.7698345618728228,4.013997714455311,beat-IIIc
GO_Molecular_Function_2018,voltage-gated ion channel activity (GO:0005244),1/14,0.0814739039913861,0.2040152272757352,0.1160492697813297,0.3131743096583651,-2.189831770384241,5.49094295795385,Nmdar2
GO_Molecular_Function_2018,DNA binding (GO:0003677),7/448,0.0192508524668776,0.2040152272757352,0.0748662609578113,0.3128124677866055,-1.0251011803466872,4.049354616215018,Dsp1;Mnn1;ct;mbl;bi;sqz;luna
GO_Molecular_Function_2018,potassium ion leak channel activity (GO:0022841),1/12,0.0702509789239205,0.2040152272757352,0.1013744108567703,0.3128124677866055,-2.678425501057581,7.113043809511592,CG42594
GO_Molecular_Function_2018,mRNA 5'-UTR binding (GO:0048027),1/7,0.0415951780319182,0.2040152272757352,0.0636351937998906,0.3128124677866055,-4.42871007312345,14.082283995780884,Sxl
GO_Molecular_Function_2018,ADP-ribosylation factor binding (GO:0030306),1/6,0.0357597740439552,0.2040152272757352,0.0559031622018187,0.3128124677866055,-5.002883719359103,16.664263708966033,nuf
GO_Molecular_Function_2018,potassium ion transmembrane transporter activity (GO:0015079),1/16,0.0925624642269539,0.2040152272757352,0.1304892956909854,0.3131743096583651,-2.028831418786701,4.82835822084948,CG42594
GO_Molecular_Function_2018,ubiquinol-cytochrome-c reductase activity (GO:0008121),1/11,0.0645886258185376,0.2040152272757352,0.0939477530949751,0.3128124677866055,-1.844971492189149,5.054699677934448,ox
GO_Molecular_Function_2018,calcium ion binding (GO:0005509),3/84,0.0144257813866981,0.2040152272757352,0.0337540083790212,0.3128124677866055,-1.2250753818266271,5.192773940273725,Calx;Cbp53E;Frq1
GO_Molecular_Function_2018,carbohydrate kinase activity (GO:0019200),1/14,0.0814739039913861,0.2040152272757352,0.1160492697813297,0.3131743096583651,-2.071287715570081,5.193696999706155,Hex-A
GO_Molecular_Function_2018,Notch binding (GO:0005112),1/16,0.0925624642269539,0.2040152272757352,0.1304892956909854,0.3131743096583651,-2.26619219022241,5.393246373436429,numb
GO_Molecular_Function_2018,calcium-dependent phospholipid binding (GO:0005544),1/13,0.075879337515002,0.2040152272757352,0.1087414267275183,0.3131743096583651,-3.109137417970428,8.01725552565785,AnxB10
GO_Molecular_Function_2018,poly-purine tract binding (GO:0070717),1/10,0.0588920745905712,0.2040152272757352,0.0864609807354405,0.3128124677866055,-3.5268055643435114,9.988085305560633,Sxl
GO_Molecular_Function_2018,poly(A) binding (GO:0008143),1/9,0.0531611204406706,0.2040152272757352,0.0789136173992841,0.3128124677866055,-3.550858387430192,10.41973816460294,Sxl
GO_Molecular_Function_2018,kinase inhibitor activity (GO:0019210),1/6,0.0357597740439552,0.2040152272757352,0.0559031622018187,0.3128124677866055,-2.93218225874947,9.766898681549293,pcs
GO_Molecular_Function_2018,protein-lysine N-methyltransferase activity (GO:0016279),1/8,0.0473955573408009,0.2040152272757352,0.0713051830175317,0.3128124677866055,-3.2326742196827456,9.85715680704195,Mnn1
GO_Molecular_Function_2018,calcium:cation antiporter activity (GO:0015368),1/8,0.0473955573408009,0.2040152272757352,0.0713051830175317,0.3128124677866055,-3.190656397157758,9.729034937291676,Calx
GO_Molecular_Function_2018,Rac guanyl-nucleotide exchange factor activity (GO:0030676),1/7,0.0415951780319182,0.2040152272757352,0.0636351937998906,0.3128124677866055,-2.857395507438653,9.08586345902754,sif
GO_Molecular_Function_2018,SH3 domain binding (GO:0017124),1/9,0.0531611204406706,0.2040152272757352,0.0789136173992841,0.3128124677866055,-3.0507804257698807,8.952295407427867,cindr
GO_Molecular_Function_2018,fructokinase activity (GO:0008865),1/9,0.0531611204406706,0.2040152272757352,0.0789136173992841,0.3128124677866055,-3.0360452434519107,8.909056076311638,Hex-A
GO_Molecular_Function_2018,myosin heavy chain binding (GO:0032036),1/6,0.0357597740439552,0.2040152272757352,0.0559031622018187,0.3128124677866055,-3.6394366301375993,12.122714649952536,CLIP-190
GO_Molecular_Function_2018,oligosaccharyl transferase activity (GO:0004576),1/7,0.0415951780319182,0.2040152272757352,0.0636351937998906,0.3128124677866055,-3.685431659377093,11.71882882768775,CG33303
GO_Molecular_Function_2018,dolichyl-diphosphooligosaccharide-protein glycotransferase activity (GO:0004579),1/7,0.0415951780319182,0.2040152272757352,0.0636351937998906,0.3128124677866055,-4.3829330511616496,13.93672354745546,CG33303
GO_Molecular_Function_2018,mannosyltransferase activity (GO:0000030),1/14,0.0814739039913861,0.2040152272757352,0.1160492697813297,0.3131743096583651,-3.0529041428527752,7.655073202981335,egh
GO_Molecular_Function_2018,hexokinase activity (GO:0004396),1/9,0.0531611204406706,0.2040152272757352,0.0789136173992841,0.3128124677866055,-3.06805382527973,9.00298295406232,Hex-A
GO_Molecular_Function_2018,protein kinase inhibitor activity (GO:0004860),1/7,0.0415951780319182,0.2040152272757352,0.0636351937998906,0.3128124677866055,-2.849590265804511,9.061044577788344,pcs
GO_Molecular_Function_2018,PDZ domain binding (GO:0030165),1/8,0.0473955573408009,0.2040152272757352,0.0713051830175317,0.3128124677866055,-3.4636454108454493,10.561440348927423,nkd
GO_Molecular_Function_2018,protein serine/threonine kinase activity (GO:0004674),3/172,0.0865622850395099,0.2040152272757352,0.1714685071963928,0.3494075240983099,-0.8449784009254198,2.067570100104266,Eip63E;CG4629;cdi
GO_Molecular_Function_2018,GTPase activator activity (GO:0005096),2/81,0.0864198845119956,0.2040152272757352,0.1472662686024276,0.3176776374262019,-1.1328467404883265,2.7738177086606477,RhoGAP93B;Asap
GO_Molecular_Function_2018,GTPase regulator activity (GO:0030695),2/83,0.0900761215727436,0.2040152272757352,0.1529558995015046,0.3176776374262019,-1.1641020815686651,2.802110319468506,RhoGAP93B;Asap
GO_Molecular_Function_2018,"oxidoreductase activity, acting on diphenols and related substances as donors, cytochrome as acceptor (GO:0016681)",1/11,0.0645886258185376,0.2040152272757352,0.0939477530949751,0.3128124677866055,-2.209370960801324,6.053051080344413,ox
GO_Molecular_Function_2018,microtubule plus-end binding (GO:0051010),1/12,0.0702509789239205,0.2040152272757352,0.1013744108567703,0.3128124677866055,-2.403379906822435,6.382610440864508,CLIP-190
GO_Molecular_Function_2018,pre-mRNA binding (GO:0036002),1/16,0.0925624642269539,0.2040152272757352,0.1304892956909854,0.3131743096583651,-2.486590024356061,5.917764913736359,Sxl
GO_Molecular_Function_2018,carboxy-lyase activity (GO:0016831),1/16,0.0925624642269539,0.2040152272757352,0.1304892956909854,0.3131743096583651,-2.481122776558907,5.9047535661190205,Gad1
GO_Molecular_Function_2018,protein kinase regulator activity (GO:0019887),2/47,0.0328753690528413,0.2040152272757352,0.0604405004917104,0.3128124677866055,-1.6095999804094043,5.496834736266952,pcs;Atg13
GO_Molecular_Function_2018,leak channel activity (GO:0022840),1/12,0.0702509789239205,0.2040152272757352,0.1013744108567703,0.3128124677866055,-2.400746015304198,6.375615665108631,CG42594
GO_Molecular_Function_2018,protein phosphatase inhibitor activity (GO:0004864),1/12,0.0702509789239205,0.2040152272757352,0.1013744108567703,0.3128124677866055,-2.5823929949576043,6.858012104221821,CG17124
GO_Molecular_Function_2018,actin binding (GO:0003779),3/116,0.033420770338035,0.2040152272757352,0.072863531106723,0.3128124677866055,-1.1805767439411876,4.012281802027161,AnxB10;CLIP-190;capu
GO_Molecular_Function_2018,"phosphotransferase activity, alcohol group as acceptor (GO:0016773)",3/158,0.071082418391058,0.2040152272757352,0.1439494636563793,0.3176776374262019,-1.323566037835188,3.499396435474102,Eip63E;cdi;Hex-A
GO_Molecular_Function_2018,small GTPase binding (GO:0031267),1/15,0.0870348795524412,0.2040152272757352,0.1232984054787208,0.3131743096583651,-1.399496739350944,3.4167961729241334,nuf
GO_Molecular_Function_2018,DNA secondary structure binding (GO:0000217),1/11,0.0645886258185376,0.2040152272757352,0.0939477530949751,0.3128124677866055,-2.413891059659183,6.613378262745102,Mnn1
GO_Molecular_Function_2018,G-protein coupled photoreceptor activity (GO:0008020),1/9,0.0531611204406706,0.2040152272757352,0.0789136173992841,0.3128124677866055,-1.5030659145141874,4.410638658195488,ninaE
GO_Molecular_Function_2018,metal ion binding (GO:0046872),3/107,0.0272053946800055,0.2040152272757352,0.0603932321595782,0.3128124677866055,-1.240695754193856,4.471889324152473,Calx;Cbp53E;Frq1
GO_Molecular_Function_2018,G-protein coupled receptor activity (GO:0004930),3/102,0.0240470642360493,0.2040152272757352,0.0539477628726827,0.3128124677866055,-1.126034365252688,4.197566001119317,SPR;Octbeta2R;ninaE
GO_Molecular_Function_2018,cytokine receptor binding (GO:0005126),1/15,0.0870348795524412,0.2040152272757352,0.1232984054787208,0.3131743096583651,-1.783845074277544,4.355162003241125,Pvf3
GO_Biological_Process_2018,regulation of cellular protein metabolic process (GO:0032268),1/19,0.1089468553309441,0.208243120307778,0.1769725915981326,0.3567321531426925,-2.173571507752849,4.818579984658438,msi
GO_Biological_Process_2018,regulation of compound eye retinal cell programmed cell death (GO:0046669),1/19,0.1089468553309441,0.208243120307778,0.1769725915981326,0.3567321531426925,-2.2403860072529214,4.966700719967886,ninaE
GO_Biological_Process_2018,imaginal disc fusion (GO:0046528),1/19,0.1089468553309441,0.208243120307778,0.1769725915981326,0.3567321531426925,-1.961766470153046,4.349030438582823,Mnn1
GO_Biological_Process_2018,canonical Wnt signaling pathway (GO:0060070),1/19,0.1089468553309441,0.208243120307778,0.1769725915981326,0.3567321531426925,-1.5550293254145486,3.4473368629800185,flw
GO_Biological_Process_2018,female germ-line stem cell asymmetric division (GO:0048132),1/19,0.1089468553309441,0.208243120307778,0.1769725915981326,0.3567321531426925,-2.3438254441937145,5.196015098947093,dally
GO_Biological_Process_2018,"imaginal disc fusion, thorax closure (GO:0046529)",1/19,0.1089468553309441,0.208243120307778,0.1769725915981326,0.3567321531426925,-2.4129563117178328,5.349270979135816,Mnn1
GO_Biological_Process_2018,"regulation of mRNA splicing, via spliceosome (GO:0048024)",2/93,0.1090022582861025,0.208243120307778,0.234325874049213,0.3749893841273042,-0.9303865198840836,2.062096288756388,mbl;Sxl
GO_Biological_Process_2018,photoreceptor cell morphogenesis (GO:0008594),1/19,0.1089468553309441,0.208243120307778,0.1769725915981326,0.3567321531426925,-2.2981586242196803,5.094776550362428,ninaE
GO_Biological_Process_2018,hemocyte migration (GO:0035099),1/20,0.11434285304729,0.2090840741436161,0.1849591209552391,0.357354980864462,-1.854843007269352,4.022326965233937,Pvf3
GO_Biological_Process_2018,mitotic DNA damage checkpoint (GO:0044773),1/20,0.11434285304729,0.2090840741436161,0.1849591209552391,0.357354980864462,-2.8502254314257667,6.18086736445537,Mnn1
GO_Biological_Process_2018,positive regulation of antimicrobial peptide biosynthetic process (GO:0002807),1/20,0.11434285304729,0.2090840741436161,0.1849591209552391,0.357354980864462,-2.44492359875627,5.301948510290312,vvl
GO_Biological_Process_2018,positive regulation of cellular component organization (GO:0051130),1/20,0.11434285304729,0.2090840741436161,0.1849591209552391,0.357354980864462,-1.9233074800103005,4.170795861947658,numb
GO_Biological_Process_2018,regulation of organelle organization (GO:0033043),1/20,0.11434285304729,0.2090840741436161,0.1849591209552391,0.357354980864462,-1.6452896032422917,3.56789912181473,Asap
GO_Biological_Process_2018,chitin-based larval cuticle pattern formation (GO:0035293),1/20,0.11434285304729,0.2090840741436161,0.1849591209552391,0.357354980864462,-1.9214356310350176,4.166736656624826,SoxN
GO_Biological_Process_2018,"anterior/posterior pattern specification, imaginal disc (GO:0007448)",1/20,0.11434285304729,0.2090840741436161,0.1849591209552391,0.357354980864462,-2.085508523855102,4.522537561859242,bi
GO_Biological_Process_2018,negative regulation of transcription from RNA polymerase II promoter (GO:0000122),3/192,0.1108919977835873,0.2090840741436161,0.2923258611732357,0.397733559654338,-0.7161378010277297,1.574929209520742,Dsp1;ct;bi
GO_Biological_Process_2018,mitochondrial gene expression (GO:0140053),2/94,0.1109494048388156,0.2090840741436161,0.2379126245124408,0.3749893841273042,-0.8745091550920276,1.922766658245788,mRpL34;mRpL33
GO_Biological_Process_2018,detection of chemical stimulus involved in sensory perception of taste (GO:0050912),1/20,0.11434285304729,0.2090840741436161,0.1849591209552391,0.357354980864462,-2.239313872412133,4.856072744337525,Ac78C
GO_Biological_Process_2018,positive regulation of JNK cascade (GO:0046330),1/20,0.11434285304729,0.2090840741436161,0.1849591209552391,0.357354980864462,-1.931984768344888,4.189613029069906,Mnn1
GO_Biological_Process_2018,mitochondrial translation (GO:0032543),2/94,0.1109494048388156,0.2090840741436161,0.2379126245124408,0.3749893841273042,-0.8507997742569757,1.870637293227886,mRpL34;mRpL33
GO_Biological_Process_2018,regulation of translation (GO:0006417),2/96,0.1148710330837154,0.2093023805653462,0.2450952316236834,0.3830773946517813,-0.9578096648667414,2.0726476568408594,msi;Sxl
GO_Biological_Process_2018,detection of visible light (GO:0009584),1/21,0.1197064423884583,0.2106175206284903,0.1928691471343688,0.359087284846534,-1.2395293641767833,2.6311649052535127,ninaE
GO_Biological_Process_2018,ATP generation from ADP (GO:0006757),1/21,0.1197064423884583,0.2106175206284903,0.1928691471343688,0.359087284846534,-1.8193277333289255,3.861910351973533,Hex-A
GO_Biological_Process_2018,formation of animal organ boundary (GO:0010160),1/21,0.1197064423884583,0.2106175206284903,0.1928691471343688,0.359087284846534,-1.886053359936435,4.003549696780284,dally
GO_Biological_Process_2018,dosage compensation (GO:0007549),1/21,0.1197064423884583,0.2106175206284903,0.1928691471343688,0.359087284846534,-1.940414828781541,4.118943485065622,Sxl
GO_Biological_Process_2018,actomyosin contractile ring organization (GO:0044837),1/21,0.1197064423884583,0.2106175206284903,0.1928691471343688,0.359087284846534,-1.7556702837643208,3.726783865991837,nuf
GO_Biological_Process_2018,phototaxis (GO:0042331),1/21,0.1197064423884583,0.2106175206284903,0.1928691471343688,0.359087284846534,-2.1707834623331927,4.607949942992394,ninaE
GO_Biological_Process_2018,regulation of transmembrane receptor protein serine/threonine kinase signaling pathway (GO:0090092),1/21,0.1197064423884583,0.2106175206284903,0.1928691471343688,0.359087284846534,-2.251151058267895,4.778547271344855,dally
GO_Biological_Process_2018,cell cycle comprising mitosis without cytokinesis (GO:0033301),1/21,0.1197064423884583,0.2106175206284903,0.1928691471343688,0.359087284846534,-1.8741311058143184,3.9782421747931296,luna
GO_Biological_Process_2018,glycolytic process (GO:0006096),1/21,0.1197064423884583,0.2106175206284903,0.1928691471343688,0.359087284846534,-1.9391471751834268,4.116252620487685,Hex-A
GO_Biological_Process_2018,posttranscriptional regulation of gene expression (GO:0010608),1/21,0.1197064423884583,0.2106175206284903,0.1928691471343688,0.359087284846534,-1.744206662446747,3.702449889750824,msi
GO_Molecular_Function_2018,TBP-class protein binding (GO:0017025),1/17,0.0980568568262757,0.2118028107447556,0.1376223987412076,0.3176776374262019,-2.313845796369499,5.373230749036472,Dsp1
GO_Biological_Process_2018,assembly of actomyosin apparatus involved in cytokinesis (GO:0000912),1/22,0.1250378163517127,0.2148300737318017,0.2007033934033539,0.363110026227976,-1.5330136414210078,3.187348536208673,nuf
GO_Biological_Process_2018,male mating behavior (GO:0060179),2/101,0.1248262920088525,0.2148300737318017,0.2630870903159196,0.3944441347932096,-0.895781890626603,1.8639717771891335,egh;fru
GO_Biological_Process_2018,response to ionizing radiation (GO:0010212),1/22,0.1250378163517127,0.2148300737318017,0.2007033934033539,0.363110026227976,-2.257213996670776,4.693061779626076,Mnn1
GO_Biological_Process_2018,negative regulation of TOR signaling (GO:0032007),1/22,0.1250378163517127,0.2148300737318017,0.2007033934033539,0.363110026227976,-2.12435752552051,4.416834701532936,CG4629
GO_Biological_Process_2018,positive regulation of stress-activated MAPK cascade (GO:0032874),1/22,0.1250378163517127,0.2148300737318017,0.2007033934033539,0.363110026227976,-1.885469468287428,3.920153211579716,Mnn1
GO_Biological_Process_2018,positive regulation of actin filament polymerization (GO:0030838),1/22,0.1250378163517127,0.2148300737318017,0.2007033934033539,0.363110026227976,-1.9072014721352617,3.9653370695583487,capu
GO_Biological_Process_2018,regulation of RNA splicing (GO:0043484),1/22,0.1250378163517127,0.2148300737318017,0.2007033934033539,0.363110026227976,-1.890611749487499,3.930844729262903,Sxl
GO_Molecular_Function_2018,cyclin-dependent protein serine/threonine kinase activity (GO:0004693),1/18,0.1035182550318781,0.2149994527585162,0.1446981694115123,0.3176776374262019,-2.0382905383878245,4.622857830184319,Eip63E
GO_Molecular_Function_2018,cyclin-dependent protein kinase activity (GO:0097472),1/18,0.1035182550318781,0.2149994527585162,0.1446981694115123,0.3176776374262019,-2.0549396997374987,4.660618249742671,Eip63E
GO_Biological_Process_2018,sensory perception of chemical stimulus (GO:0007606),3/204,0.1266143440503271,0.216476802677419,0.3242757945940926,0.4140379222747516,-0.6443312304411221,1.3315810249369584,SKIP;dpr13;pdm3
GO_Biological_Process_2018,regulation of signal transduction (GO:0009966),2/102,0.1268418765688002,0.216476802677419,0.266688596559738,0.3944441347932096,-0.8176040589800375,1.6882003357688409,SKIP;numb
GO_Biological_Process_2018,"male courtship behavior, veined wing generated song production (GO:0045433)",1/23,0.1303371668398744,0.2173701284104746,0.2084625762963092,0.3667795156828533,-2.3296020700524216,4.746868452122934,fru
GO_Biological_Process_2018,wing disc development (GO:0035220),2/103,0.1288652438565963,0.2173701284104746,0.2702903299461765,0.3944441347932096,-0.7685467256751232,1.5747430505376057,dally;bi
GO_Biological_Process_2018,positive regulation of filopodium assembly (GO:0051491),1/23,0.1303371668398744,0.2173701284104746,0.2084625762963092,0.3667795156828533,-2.2354822457824737,4.55508701859411,sif
GO_Biological_Process_2018,germline stem cell asymmetric division (GO:0098728),1/23,0.1303371668398744,0.2173701284104746,0.2084625762963092,0.3667795156828533,-1.8449143603594549,3.7592539458302383,dally
GO_Biological_Process_2018,response to alkaloid (GO:0043279),1/23,0.1303371668398744,0.2173701284104746,0.2084625762963092,0.3667795156828533,-1.7337326225007512,3.532706635163655,Ac78C
GO_Biological_Process_2018,actomyosin contractile ring assembly (GO:0000915),1/23,0.1303371668398744,0.2173701284104746,0.2084625762963092,0.3667795156828533,-1.8850178129480568,3.840969967790057,nuf
GO_Biological_Process_2018,mitochondrion disassembly (GO:0061726),1/23,0.1303371668398744,0.2173701284104746,0.2084625762963092,0.3667795156828533,-1.6126344697113058,3.2859533340414395,Atg13
GO_Biological_Process_2018,nicotinamide nucleotide metabolic process (GO:0046496),1/24,0.1356046846289725,0.2211133711147578,0.2161474056535772,0.3694145209637966,-1.6726514566548285,3.341976606132393,Hex-A
GO_Biological_Process_2018,"male courtship behavior, veined wing vibration (GO:0016545)",1/24,0.1356046846289725,0.2211133711147578,0.2161474056535772,0.3694145209637966,-2.1553625000212127,4.306438752764248,fru
GO_Biological_Process_2018,stem cell differentiation (GO:0048863),1/24,0.1356046846289725,0.2211133711147578,0.2161474056535772,0.3694145209637966,-1.7226627930921314,3.441899824295933,Rbp6
GO_Biological_Process_2018,nucleotide-excision repair (GO:0006289),1/24,0.1356046846289725,0.2211133711147578,0.2161474056535772,0.3694145209637966,-2.254127159659165,4.503771664357664,Mnn1
GO_Biological_Process_2018,embryonic heart tube development (GO:0035050),1/24,0.1356046846289725,0.2211133711147578,0.2161474056535772,0.3694145209637966,-1.897260412820327,3.790747851358896,numb
GO_Biological_Process_2018,cellular response to radiation (GO:0071478),1/24,0.1356046846289725,0.2211133711147578,0.2161474056535772,0.3694145209637966,-1.4139678471462978,2.825123816552215,ninaE
GO_Biological_Process_2018,actin cytoskeleton reorganization (GO:0031532),1/24,0.1356046846289725,0.2211133711147578,0.2161474056535772,0.3694145209637966,-1.6078136415874869,3.2124299152867404,nuf
GO_Molecular_Function_2018,growth factor receptor binding (GO:0070851),1/19,0.1089468553309441,0.2220049127498485,0.1517170589953422,0.3176776374262019,-1.89756599396572,4.206704718698126,Pvf3
GO_Biological_Process_2018,courtship behavior (GO:0007619),2/109,0.141159718007777,0.225151948971906,0.2918870429954984,0.397733559654338,-0.741621601160053,1.4519936989753233,egh;fru
GO_Biological_Process_2018,regulation of stem cell proliferation (GO:0072091),1/25,0.1408405593307423,0.225151948971906,0.2237585846951239,0.3718340024310298,-1.4038658781504256,2.7517551500563484,numb
GO_Biological_Process_2018,synapse assembly (GO:0007416),1/25,0.1408405593307423,0.225151948971906,0.2237585846951239,0.3718340024310298,-2.154477124627326,4.223048380649211,Gad1
GO_Biological_Process_2018,antennal development (GO:0007469),1/25,0.1408405593307423,0.225151948971906,0.2237585846951239,0.3718340024310298,-1.83976195067795,3.606166729634911,ct
GO_Biological_Process_2018,protein complex disassembly (GO:0043241),1/25,0.1408405593307423,0.225151948971906,0.2237585846951239,0.3718340024310298,-1.8166098229874568,3.560785623363554,flw
GO_Biological_Process_2018,embryonic hemopoiesis (GO:0035162),1/25,0.1408405593307423,0.225151948971906,0.2237585846951239,0.3718340024310298,-1.6856927837636173,3.304171624461496,Pvf3
GO_Biological_Process_2018,positive regulation of cellular amide metabolic process (GO:0034250),1/25,0.1408405593307423,0.225151948971906,0.2237585846951239,0.3718340024310298,-1.6489074869606493,3.2320677778623605,vvl
GO_Biological_Process_2018,positive regulation of transmembrane receptor protein serine/threonine kinase signaling pathway (GO:0090100),1/26,0.1460449794756093,0.2272797248982127,0.231296810066529,0.3747593884622242,-1.2949127213575973,2.4912057006276167,dally
GO_Biological_Process_2018,regulation of embryonic pattern specification (GO:1902875),1/26,0.1460449794756093,0.2272797248982127,0.231296810066529,0.3747593884622242,-1.126583077378931,2.167366292961108,gcl
GO_Biological_Process_2018,larval midgut cell programmed cell death (GO:0035096),1/26,0.1460449794756093,0.2272797248982127,0.231296810066529,0.3747593884622242,-1.722954072314776,3.3146890412584136,Atg13
GO_Biological_Process_2018,histone H3-K4 methylation (GO:0051568),1/26,0.1460449794756093,0.2272797248982127,0.231296810066529,0.3747593884622242,-1.6995784314529714,3.2697180337068783,Mnn1
GO_Biological_Process_2018,positive regulation of proteasomal ubiquitin-dependent protein catabolic process (GO:0032436),1/26,0.1460449794756093,0.2272797248982127,0.231296810066529,0.3747593884622242,-1.7243603383777848,3.317394473041564,gcl
GO_Biological_Process_2018,autophagy of mitochondrion (GO:0000422),1/26,0.1460449794756093,0.2272797248982127,0.231296810066529,0.3747593884622242,-1.538864748472078,2.9605305212148325,Atg13
GO_Biological_Process_2018,regulation of mRNA processing (GO:0050684),1/26,0.1460449794756093,0.2272797248982127,0.231296810066529,0.3747593884622242,-1.2057816893163629,2.3197318001386686,Sxl
GO_Biological_Process_2018,regulation of synaptic growth at neuromuscular junction (GO:0008582),2/110,0.14323301586667,0.2272797248982127,0.2954812672788934,0.397733559654338,-0.884925122097665,1.719659497655348,Octbeta2R;Liprin-gamma
GO_Biological_Process_2018,male courtship behavior (GO:0008049),2/113,0.1494913180100538,0.2297438688759396,0.3062489916672133,0.4023166046742099,-0.7485359109040765,1.422605194852076,egh;fru
GO_Biological_Process_2018,positive regulation of proteasomal protein catabolic process (GO:1901800),1/27,0.1512181324437337,0.2297438688759396,0.238762771924807,0.3749893841273042,-1.2533057701154873,2.367534578770061,gcl
GO_Biological_Process_2018,cyclic-nucleotide-mediated signaling (GO:0019935),1/27,0.1512181324437337,0.2297438688759396,0.238762771924807,0.3749893841273042,-1.6426894383461947,3.1030927489519327,Ac78C
GO_Biological_Process_2018,positive regulation of plasma membrane bounded cell projection assembly (GO:0120034),1/27,0.1512181324437337,0.2297438688759396,0.238762771924807,0.3749893841273042,-1.910139918346378,3.608315237036973,sif
GO_Biological_Process_2018,protein N-linked glycosylation (GO:0006487),1/27,0.1512181324437337,0.2297438688759396,0.238762771924807,0.3749893841273042,-1.761711155697476,3.32792856968528,CG33303
GO_Biological_Process_2018,regulation of imaginal disc-derived wing size (GO:0044719),1/27,0.1512181324437337,0.2297438688759396,0.238762771924807,0.3749893841273042,-1.769059297543164,3.341809444029112,fru
GO_Biological_Process_2018,transmembrane receptor protein serine/threonine kinase signaling pathway (GO:0007178),1/27,0.1512181324437337,0.2297438688759396,0.238762771924807,0.3749893841273042,-1.5513086577351505,2.9304715394351897,dally
GO_Biological_Process_2018,neuroblast fate determination (GO:0007400),1/27,0.1512181324437337,0.2297438688759396,0.238762771924807,0.3749893841273042,-1.540074921568081,2.9092506534722484,numb
GO_Biological_Process_2018,response to UV (GO:0009411),1/28,0.1563602045454196,0.2361546452131411,0.2461571539852266,0.3830773946517813,-1.746799571752942,3.2413489352770264,ninaE
GO_Biological_Process_2018,adherens junction organization (GO:0034332),1/28,0.1563602045454196,0.2361546452131411,0.2461571539852266,0.3830773946517813,-1.560153802979307,2.8950103663470648,cindr
GO_Biological_Process_2018,regulation of Notch signaling pathway (GO:0008593),2/117,0.157919744097497,0.2378085558174072,0.3205606499186197,0.412379529543551,-0.7688083121481825,1.4189651487713373,ct;numb
GO_Biological_Process_2018,endocytic recycling (GO:0032456),1/29,0.1614713809508272,0.2396328899907929,0.2534806335652111,0.3885691149263117,-1.4333078673723578,2.61353278032227,nuf
GO_Biological_Process_2018,photoreceptor cell development (GO:0042461),1/29,0.1614713809508272,0.2396328899907929,0.2534806335652111,0.3885691149263117,-1.5761174220071306,2.873935629478082,ninaE
GO_Biological_Process_2018,regulation of axonogenesis (GO:0050770),1/29,0.1614713809508272,0.2396328899907929,0.2534806335652111,0.3885691149263117,-1.6435390222360384,2.996874019974097,sif
GO_Biological_Process_2018,smoothened signaling pathway (GO:0007224),1/29,0.1614713809508272,0.2396328899907929,0.2534806335652111,0.3885691149263117,-1.6154229536921874,2.945606411342425,Sxl
GO_Biological_Process_2018,larval chitin-based cuticle development (GO:0008363),1/29,0.1614713809508272,0.2396328899907929,0.2534806335652111,0.3885691149263117,-1.6038927722018472,2.924581962949971,SoxN
GO_Biological_Process_2018,activation of protein kinase activity (GO:0032147),1/30,0.16655184577395,0.2422572302166546,0.2607338816687009,0.3926345512187497,-1.5355487493465354,2.752392255139311,Atg13
GO_Biological_Process_2018,cellular calcium ion homeostasis (GO:0006874),1/30,0.16655184577395,0.2422572302166546,0.2607338816687009,0.3926345512187497,-1.5501938154078765,2.7786427837665477,Cbp53E
GO_Biological_Process_2018,glial cell migration (GO:0008347),1/30,0.16655184577395,0.2422572302166546,0.2607338816687009,0.3926345512187497,-1.4610215681285774,2.618806111118181,numb
GO_Biological_Process_2018,regulation of cellular amide metabolic process (GO:0034248),1/30,0.16655184577395,0.2422572302166546,0.2607338816687009,0.3926345512187497,-1.669021205900416,2.9916347772993244,msi
GO_Biological_Process_2018,regulation of proteasomal ubiquitin-dependent protein catabolic process (GO:0032434),1/30,0.16655184577395,0.2422572302166546,0.2607338816687009,0.3926345512187497,-0.908600060914992,1.628618936224444,gcl
GO_Biological_Process_2018,cellular response to hypoxia (GO:0071456),1/30,0.16655184577395,0.2422572302166546,0.2607338816687009,0.3926345512187497,-1.3982290401625137,2.506253730265433,msi
GO_Biological_Process_2018,border follicle cell migration (GO:0007298),2/121,0.1664356731746141,0.2422572302166546,0.3348050969012078,0.4196777599809459,-0.6296556230249541,1.1290647083228142,cindr;egh
GO_Molecular_Function_2018,RNA polymerase II regulatory region sequence-specific DNA binding (GO:0000977),3/200,0.1212864963286687,0.2425729926573375,0.2304275843307017,0.3950187159954887,-0.929734430805536,1.9613675635229404,ct;bi;vvl
GO_Biological_Process_2018,autophagosome assembly (GO:0000045),1/31,0.1716017820020198,0.246106757381048,0.2679175630296416,0.3944441347932096,-1.417907032991402,2.499172745359605,Atg13
GO_Biological_Process_2018,embryonic organ development (GO:0048568),1/31,0.1716017820020198,0.246106757381048,0.2679175630296416,0.3944441347932096,-0.7332796782349668,1.2924631473931072,numb
GO_Biological_Process_2018,protein phosphorylation (GO:0006468),3/235,0.1705039353812389,0.246106757381048,0.4065156935271151,0.4741139751386855,-0.6201318791444037,1.0970113724859998,Eip63E;CG4629;cdi
GO_Biological_Process_2018,"mitotic cell cycle, embryonic (GO:0045448)",1/31,0.1716017820020198,0.246106757381048,0.2679175630296416,0.3944441347932096,-1.686137950539082,2.971950849283451,luna
GO_Biological_Process_2018,organic substance transport (GO:0071702),1/31,0.1716017820020198,0.246106757381048,0.2679175630296416,0.3944441347932096,-1.621056964206374,2.857240488519756,apolpp
GO_Biological_Process_2018,autophagosome organization (GO:1905037),1/32,0.1766213715839735,0.2470768913961597,0.2750323361741715,0.3944441347932096,-1.315738683206077,2.281157970105858,Atg13
GO_Biological_Process_2018,regulation of imaginal disc growth (GO:0045570),1/32,0.1766213715839735,0.2470768913961597,0.2750323361741715,0.3944441347932096,-1.4234423682407835,2.467888908902929,dally
GO_Biological_Process_2018,stem cell fate determination (GO:0048867),1/32,0.1766213715839735,0.2470768913961597,0.2750323361741715,0.3944441347932096,-0.5913088286587042,1.0251798966660743,numb
GO_Biological_Process_2018,salivary gland cell autophagic cell death (GO:0035071),1/32,0.1766213715839735,0.2470768913961597,0.2750323361741715,0.3944441347932096,-1.577325310671655,2.734682995806387,bel
GO_Biological_Process_2018,RNA interference (GO:0016246),1/32,0.1766213715839735,0.2470768913961597,0.2750323361741715,0.3944441347932096,-1.514011914722022,2.6249135867068203,bel
GO_Biological_Process_2018,regulation of endocytosis (GO:0030100),1/32,0.1766213715839735,0.2470768913961597,0.2750323361741715,0.3944441347932096,-1.648636878845625,2.858319211855316,numb
GO_Biological_Process_2018,cellular response to light stimulus (GO:0071482),1/32,0.1766213715839735,0.2470768913961597,0.2750323361741715,0.3944441347932096,-1.632497089325775,2.830336900497468,ninaE
GO_Biological_Process_2018,cellular response to decreased oxygen levels (GO:0036294),1/32,0.1766213715839735,0.2470768913961597,0.2750323361741715,0.3944441347932096,-1.2710943011434883,2.2037559074756348,msi
GO_Biological_Process_2018,carbohydrate catabolic process (GO:0016052),1/32,0.1766213715839735,0.2470768913961597,0.2750323361741715,0.3944441347932096,-0.7466923320527737,1.2945755766096398,Hex-A
GO_Biological_Process_2018,lipid transport (GO:0006869),1/33,0.181610795371966,0.2479592726145243,0.2820788534831201,0.3946021119763866,-1.39162203701721,2.3739532381975628,apolpp
GO_Biological_Process_2018,negative regulation of neural precursor cell proliferation (GO:2000178),1/33,0.181610795371966,0.2479592726145243,0.2820788534831201,0.3946021119763866,-1.4524320469054306,2.477688387576476,numb
GO_Biological_Process_2018,regulation of filopodium assembly (GO:0051489),1/33,0.181610795371966,0.2479592726145243,0.2820788534831201,0.3946021119763866,-1.7228509430372176,2.938993107583527,sif
GO_Biological_Process_2018,regulation of cell development (GO:0060284),1/33,0.181610795371966,0.2479592726145243,0.2820788534831201,0.3946021119763866,-1.5437482234881887,2.633463682399418,numb
GO_Biological_Process_2018,regulation of dendrite morphogenesis (GO:0048814),1/33,0.181610795371966,0.2479592726145243,0.2820788534831201,0.3946021119763866,-1.4544725217205028,2.481169211870609,vvl
GO_Biological_Process_2018,negative regulation of neuroblast proliferation (GO:0007406),1/33,0.181610795371966,0.2479592726145243,0.2820788534831201,0.3946021119763866,-1.5018508349742188,2.561991372757105,numb
GO_Biological_Process_2018,purine ribonucleotide biosynthetic process (GO:0009152),1/33,0.181610795371966,0.2479592726145243,0.2820788534831201,0.3946021119763866,-1.3268334443514809,2.263431066756002,Ac78C
GO_Biological_Process_2018,positive regulation of cellular biosynthetic process (GO:0031328),1/33,0.181610795371966,0.2479592726145243,0.2820788534831201,0.3946021119763866,-1.4302218188206148,2.4398001956101663,vvl
GO_Biological_Process_2018,regulation of nervous system development (GO:0051960),1/33,0.181610795371966,0.2479592726145243,0.2820788534831201,0.3946021119763866,-1.3185813206548953,2.249353856672792,numb
GO_Biological_Process_2018,regulation of dendrite development (GO:0050773),1/34,0.1865702331279021,0.2507190534422201,0.2890577612326979,0.397733559654338,-1.6455635142027518,2.762814790474657,vvl
GO_Biological_Process_2018,asymmetric stem cell division (GO:0098722),1/34,0.1865702331279021,0.2507190534422201,0.2890577612326979,0.397733559654338,-0.6627217967255936,1.11267512080838,numb
GO_Biological_Process_2018,sensory perception of smell (GO:0007608),2/130,0.1858707493301343,0.2507190534422201,0.366530641687944,0.4420005581218175,-0.7108879346427727,1.1962137884027648,SKIP;pdm3
GO_Biological_Process_2018,pyruvate metabolic process (GO:0006090),1/34,0.1865702331279021,0.2507190534422201,0.2890577612326979,0.397733559654338,-1.4336383795597007,2.407003610042145,Hex-A
GO_Biological_Process_2018,asymmetric neuroblast division (GO:0055059),1/34,0.1865702331279021,0.2507190534422201,0.2890577612326979,0.397733559654338,-1.5324483356211027,2.5729003412812625,numb
GO_Biological_Process_2018,monocarboxylic acid biosynthetic process (GO:0072330),1/34,0.1865702331279021,0.2507190534422201,0.2890577612326979,0.397733559654338,-1.4241087058317436,2.391003787916316,Gad1
GO_Molecular_Function_2018,G-protein coupled amine receptor activity (GO:0008227),1/23,0.1303371668398744,0.2513645360483293,0.1792327109620518,0.3519478687982108,-1.8246050997112884,3.717871174971629,Octbeta2R
GO_Molecular_Function_2018,ionotropic glutamate receptor activity (GO:0004970),1/23,0.1303371668398744,0.2513645360483293,0.1792327109620518,0.3519478687982108,-2.2302423222471863,4.544409990083127,Nmdar2
GO_Biological_Process_2018,cuticle pattern formation (GO:0035017),1/35,0.1914998635942272,0.2527008509284648,0.2959696996646539,0.397733559654338,-0.7637326620028181,1.2623494170852596,SoxN
GO_Biological_Process_2018,neuroblast division (GO:0055057),1/35,0.1914998635942272,0.2527008509284648,0.2959696996646539,0.397733559654338,-1.0269551272513049,1.6974214548566997,numb
GO_Biological_Process_2018,regulation of TOR signaling (GO:0032006),1/35,0.1914998635942272,0.2527008509284648,0.2959696996646539,0.397733559654338,-1.514061313936482,2.502543772407115,CG4629
GO_Biological_Process_2018,cellular respiration (GO:0045333),1/35,0.1914998635942272,0.2527008509284648,0.2959696996646539,0.397733559654338,-1.352868273645105,2.2361129248427223,ox
GO_Biological_Process_2018,positive regulation of protein kinase activity (GO:0045860),1/35,0.1914998635942272,0.2527008509284648,0.2959696996646539,0.397733559654338,-1.2805031612793918,2.116502933078575,Atg13
GO_Biological_Process_2018,negative regulation of nucleic acid-templated transcription (GO:1903507),2/132,0.1902340135288933,0.2527008509284648,0.3735079458609854,0.4452190051627755,-0.5880880295653442,0.9759322700340848,Dsp1;gcl
GO_Biological_Process_2018,renal tubule morphogenesis (GO:0061333),1/35,0.1914998635942272,0.2527008509284648,0.2959696996646539,0.397733559654338,-1.1252075752388433,1.8598198000040895,ct
GO_Biological_Process_2018,eye photoreceptor cell differentiation (GO:0001754),1/36,0.1963998644295559,0.2552201283957681,0.3028153030424908,0.4006238634567321,-1.4967464543746043,2.436108380776459,mbl
GO_Biological_Process_2018,glucose homeostasis (GO:0042593),1/36,0.1963998644295559,0.2552201283957681,0.3028153030424908,0.4006238634567321,-1.2670034585792207,2.062178089613232,Hex-A
GO_Biological_Process_2018,positive regulation of synaptic growth at neuromuscular junction (GO:0045887),1/36,0.1963998644295559,0.2552201283957681,0.3028153030424908,0.4006238634567321,-1.5260467148941903,2.483797560197647,Octbeta2R
GO_Biological_Process_2018,DNA packaging (GO:0006323),1/36,0.1963998644295559,0.2552201283957681,0.3028153030424908,0.4006238634567321,-1.4649993116100886,2.3844366495167657,Top1
GO_Biological_Process_2018,positive regulation of neuromuscular junction development (GO:1904398),1/36,0.1963998644295559,0.2552201283957681,0.3028153030424908,0.4006238634567321,-1.4156652985676084,2.3041404829356744,Octbeta2R
GO_Biological_Process_2018,DNA-dependent DNA replication (GO:0006261),1/36,0.1963998644295559,0.2552201283957681,0.3028153030424908,0.4006238634567321,-1.5377092473337337,2.5027795280078995,Dsp1
GO_Biological_Process_2018,mitochondrial respiratory chain complex assembly (GO:0033108),1/37,0.2012704122252167,0.2576261276482774,0.3095951996907005,0.4023166046742099,-1.3095486049531062,2.0993451481320187,ox
GO_Biological_Process_2018,Rab protein signal transduction (GO:0032482),1/37,0.2012704122252167,0.2576261276482774,0.3095951996907005,0.4023166046742099,-1.30851663667748,2.09769079365883,RabX1
GO_Biological_Process_2018,negative regulation of response to stimulus (GO:0048585),1/37,0.2012704122252167,0.2576261276482774,0.3095951996907005,0.4023166046742099,-1.0277991517118583,1.6476709258743092,Cbp53E
GO_Biological_Process_2018,regulation of neuron projection development (GO:0010975),1/37,0.2012704122252167,0.2576261276482774,0.3095951996907005,0.4023166046742099,-1.2680529582039766,2.032823230318586,sif
GO_Biological_Process_2018,regulation of cellular catabolic process (GO:0031329),1/37,0.2012704122252167,0.2576261276482774,0.3095951996907005,0.4023166046742099,-1.4013193495379117,2.246463373951115,Atg13
GO_Biological_Process_2018,sphingolipid biosynthetic process (GO:0030148),1/37,0.2012704122252167,0.2576261276482774,0.3095951996907005,0.4023166046742099,-0.9080335707649522,1.4556740115764213,egh
GO_Biological_Process_2018,negative regulation of stem cell proliferation (GO:2000647),1/38,0.2061116825847927,0.2612108452559749,0.3163100120708383,0.4079363379855648,-1.4192123211530594,2.241414683824888,numb
GO_Biological_Process_2018,phosphorylation (GO:0016310),3/258,0.2054986608546086,0.2612108452559749,0.4657844659624693,0.5207022850934155,-0.5800933069209214,0.9178907827336458,Eip63E;CG4629;cdi
GO_Biological_Process_2018,posttranscriptional gene silencing by RNA (GO:0035194),1/38,0.2061116825847927,0.2612108452559749,0.3163100120708383,0.4079363379855648,-1.4431203873243343,2.279173579924814,bel
GO_Biological_Process_2018,regulation of cell communication (GO:0010646),1/38,0.2061116825847927,0.2612108452559749,0.3163100120708383,0.4079363379855648,-1.277135402080177,2.017027333252969,SKIP
GO_Biological_Process_2018,imaginal disc development (GO:0007444),2/140,0.2078171700636402,0.262721953265639,0.4011044489109262,0.46994388522287,-0.544459542191482,0.8553985224519081,Dsp1;dally
GO_Biological_Process_2018,response to endoplasmic reticulum stress (GO:0034976),1/39,0.2109238500207583,0.2653390938836076,0.3229603568253215,0.4133892567364116,-1.1753333217270936,1.829122015092028,Calx
GO_Biological_Process_2018,histone lysine methylation (GO:0034968),1/39,0.2109238500207583,0.2653390938836076,0.3229603568253215,0.4133892567364116,-0.5635558880880543,0.8770384218511492,Mnn1
GO_Biological_Process_2018,cellular protein modification process (GO:0006464),4/391,0.2123816339130513,0.2665181288320644,0.5363486412236333,0.5793470554989457,-0.3602162328241081,0.5581083913187618,flw;Eip63E;CG4629;cdi
GO_Biological_Process_2018,positive regulation of synapse assembly (GO:0051965),1/40,0.2157070880443076,0.2674141139919746,0.329546844828266,0.4155861688474684,-1.3963310674168536,2.141739878607903,Octbeta2R
GO_Biological_Process_2018,olfactory learning (GO:0008355),1/40,0.2157070880443076,0.2674141139919746,0.329546844828266,0.4155861688474684,-1.265359943552501,1.9408519334264625,Gad1
GO_Biological_Process_2018,regulation of smoothened signaling pathway (GO:0008589),1/40,0.2157070880443076,0.2674141139919746,0.329546844828266,0.4155861688474684,-1.2341705399622152,1.8930125699559583,apolpp
GO_Biological_Process_2018,regulation of organ growth (GO:0046620),1/40,0.2157070880443076,0.2674141139919746,0.329546844828266,0.4155861688474684,-1.3014904370537574,1.996270107934732,dally
GO_Biological_Process_2018,embryonic hindgut morphogenesis (GO:0048619),1/40,0.2157070880443076,0.2674141139919746,0.329546844828266,0.4155861688474684,-0.5295987839597031,0.8123165499476283,ct
GO_Biological_Process_2018,negative regulation of neurogenesis (GO:0050768),1/41,0.2204615691223242,0.2713373158428605,0.3360700812347418,0.4196777599809459,-1.2604368847199063,1.905820763743264,numb
GO_Biological_Process_2018,macroautophagy (GO:0016236),1/41,0.2204615691223242,0.2713373158428605,0.3360700812347418,0.4196777599809459,-1.2618749414305657,1.9079951513479427,Atg13
GO_Biological_Process_2018,DNA replication (GO:0006260),1/41,0.2204615691223242,0.2713373158428605,0.3360700812347418,0.4196777599809459,-1.30897602229723,1.9792134876237708,Top1
GO_Biological_Process_2018,protein transport (GO:0015031),2/146,0.221115375160352,0.2714893814918471,0.4214367993748611,0.4816420564284126,-0.6262257519899702,0.9450189051954166,unc-119;RabX1
GO_Molecular_Function_2018,histone methyltransferase activity (GO:0042054),1/26,0.1460449794756093,0.2719458238511346,0.199293799805595,0.3760527732944492,-1.9288908377758467,3.710878557064209,Mnn1
GO_Molecular_Function_2018,heme binding (GO:0020037),1/26,0.1460449794756093,0.2719458238511346,0.199293799805595,0.3760527732944492,-1.934503453541607,3.7216763352931816,apolpp
GO_Molecular_Function_2018,Rho guanyl-nucleotide exchange factor activity (GO:0005089),1/28,0.1563602045454196,0.272369388562989,0.2124001775089018,0.3760527732944492,-1.7614655955433034,3.2685631053319977,sif
GO_Molecular_Function_2018,phosphatidylinositol binding (GO:0035091),1/28,0.1563602045454196,0.272369388562989,0.2124001775089018,0.3760527732944492,-1.8367234041758165,3.4082109629493917,Asap
GO_Molecular_Function_2018,RNA-dependent ATPase activity (GO:0008186),1/27,0.1512181324437337,0.272369388562989,0.2058734751065763,0.3760527732944492,-1.5153259509561954,2.8624990585225154,bel
GO_Molecular_Function_2018,RNA polymerase II distal enhancer sequence-specific DNA binding (GO:0000980),1/28,0.1563602045454196,0.272369388562989,0.2124001775089018,0.3760527732944492,-1.7391700803046812,3.227191704886989,vvl
GO_Molecular_Function_2018,protein kinase activity (GO:0004672),3/228,0.1602266870611654,0.2724829553545209,0.29268796868175,0.4214706749017201,-0.6814861547188472,1.2479140526837762,Eip63E;CG4629;cdi
GO_Molecular_Function_2018,histone-lysine N-methyltransferase activity (GO:0018024),1/29,0.1614713809508272,0.2724829553545209,0.2188743246803737,0.3812649526690382,-1.9662819081085132,3.5853722282410243,Mnn1
GO_Biological_Process_2018,chaeta morphogenesis (GO:0008407),1/42,0.2251874647079996,0.2745142426916566,0.3425306655624151,0.4246385006488052,-1.4307312660208826,2.132965714997393,dally
GO_Biological_Process_2018,regulation of BMP signaling pathway (GO:0030510),1/42,0.2251874647079996,0.2745142426916566,0.3425306655624151,0.4246385006488052,-1.5089889546423378,2.249634002556902,dally
GO_Biological_Process_2018,chorion-containing eggshell formation (GO:0007304),1/42,0.2251874647079996,0.2745142426916566,0.3425306655624151,0.4246385006488052,-1.178724914325629,1.7572690898565364,capu
GO_Biological_Process_2018,positive regulation of hydrolase activity (GO:0051345),1/43,0.2298849452632366,0.2775969150348518,0.3489291916916573,0.4284214535878382,-1.0621533809272858,1.5615527628736423,RhoGAP93B
GO_Biological_Process_2018,glycolipid biosynthetic process (GO:0009247),1/43,0.2298849452632366,0.2775969150348518,0.3489291916916573,0.4284214535878382,-1.3375822728789035,1.9664818013019625,egh
GO_Biological_Process_2018,regulation of cell cycle process (GO:0010564),1/43,0.2298849452632366,0.2775969150348518,0.3489291916916573,0.4284214535878382,-0.7731211451075901,1.1366244102380163,cindr
GO_Biological_Process_2018,gliogenesis (GO:0042063),1/43,0.2298849452632366,0.2775969150348518,0.3489291916916573,0.4284214535878382,-0.6160182537751321,0.9056554575228604,numb
GO_Biological_Process_2018,negative regulation of neuromuscular junction development (GO:1904397),1/45,0.2391953379407583,0.2848093326178331,0.3615424172420966,0.4386486199714537,-1.042913743264918,1.49186177336282,Liprin-gamma
GO_Biological_Process_2018,chemical synaptic transmission (GO:0007268),2/154,0.2389498910476166,0.2848093326178331,0.4480017395756464,0.508328302501425,-0.484020753476946,0.6928763910333585,Frq2;Frq1
GO_Biological_Process_2018,negative regulation of synaptic growth at neuromuscular junction (GO:0045886),1/45,0.2391953379407583,0.2848093326178331,0.3615424172420966,0.4386486199714537,-1.1552530588141845,1.6525603273861147,Liprin-gamma
GO_Biological_Process_2018,negative regulation of synapse assembly (GO:0051964),1/45,0.2391953379407583,0.2848093326178331,0.3615424172420966,0.4386486199714537,-1.1172248704594725,1.598161964258758,Liprin-gamma
GO_Biological_Process_2018,neuron differentiation (GO:0030182),1/45,0.2391953379407583,0.2848093326178331,0.3615424172420966,0.4386486199714537,-1.280492818106367,1.8317126404127424,sqz
GO_Biological_Process_2018,regulation of neurogenesis (GO:0050767),1/45,0.2391953379407583,0.2848093326178331,0.3615424172420966,0.4386486199714537,-1.2941184182160932,1.8512037172866476,numb
GO_Biological_Process_2018,open tracheal system development (GO:0007424),2/155,0.2411852589160433,0.2865124189443484,0.4512758292802515,0.5100512684138824,-0.590522029737929,0.8398344850823818,ct;vvl
GO_Biological_Process_2018,anterior/posterior pattern specification (GO:0009952),1/46,0.2438085859664979,0.2876267189282187,0.3677582768747935,0.4420005581218175,-0.983316585756554,1.3878253441544943,pcs
GO_Biological_Process_2018,Malpighian tubule morphogenesis (GO:0007443),1/46,0.2438085859664979,0.2876267189282187,0.3677582768747935,0.4420005581218175,-1.2172429412851928,1.7179824162215316,ct
GO_Biological_Process_2018,post-embryonic animal organ development (GO:0048569),1/46,0.2438085859664979,0.2876267189282187,0.3677582768747935,0.4420005581218175,-0.9618013035925136,1.3574592806644563,kirre
GO_Biological_Process_2018,myoblast fusion (GO:0007520),1/47,0.2483940906778367,0.2910246554394791,0.3739143988671747,0.4452190051627755,-1.2124123426655105,1.688573612717629,kirre
GO_Biological_Process_2018,myotube differentiation (GO:0014902),1/47,0.2483940906778367,0.2910246554394791,0.3739143988671747,0.4452190051627755,-1.0492514770713892,1.461333157820338,kirre
GO_Biological_Process_2018,segmentation (GO:0035282),1/47,0.2483940906778367,0.2910246554394791,0.3739143988671747,0.4452190051627755,-1.0451113922155588,1.455567101342723,vvl
GO_Molecular_Function_2018,RNA helicase activity (GO:0003724),1/32,0.1766213715839735,0.2927457597040646,0.2379855633142032,0.401600638092718,-1.7495578144307389,3.0332905792696643,bel
GO_Molecular_Function_2018,potassium channel activity (GO:0005267),1/33,0.181610795371966,0.2927457597040646,0.2442536021558938,0.4058367543513312,-1.6339480124417658,2.787334543434391,CG42594
GO_Molecular_Function_2018,RNA polymerase II regulatory region DNA binding (GO:0001012),2/127,0.1793541842331428,0.2927457597040646,0.2848176867014689,0.4214706749017201,-0.8834346956553749,1.518087771950905,ct;vvl
GO_Molecular_Function_2018,ATP-dependent RNA helicase activity (GO:0004004),1/34,0.1865702331279021,0.2963174290854915,0.2504711262503189,0.4098618429550674,-1.6619717226040482,2.7903633113704034,bel
GO_Biological_Process_2018,organelle assembly (GO:0070925),2/161,0.254615740875786,0.2976330121653024,0.4706921522204436,0.5250422264419764,-0.4079819995266471,0.5581192810529252,unc-119;Atg13
GO_Biological_Process_2018,imaginal disc-derived wing vein morphogenesis (GO:0008586),1/49,0.2574825310826113,0.298936634726297,0.3860496910979142,0.4564836994044621,-1.0130673297315893,1.3745331990656051,dally
GO_Biological_Process_2018,associative learning (GO:0008306),1/49,0.2574825310826113,0.298936634726297,0.3860496910979142,0.4564836994044621,-1.127895437677456,1.530332366529925,Gad1
GO_Biological_Process_2018,regulation of neuroblast proliferation (GO:1902692),1/49,0.2574825310826113,0.298936634726297,0.3860496910979142,0.4564836994044621,-1.1532440519743206,1.5647254526346568,numb
GO_Molecular_Function_2018,ligand-gated cation channel activity (GO:0099094),1/35,0.1914998635942272,0.2997389169300948,0.2566385342833766,0.4136859955612638,-1.5844238604675684,2.618843786819519,Nmdar2
GO_Biological_Process_2018,cellular protein localization (GO:0034613),2/164,0.2613386726309855,0.3027271501969787,0.4802494395877797,0.5345385066716157,-0.6215599178264644,0.834094945434009,Atg13;RabX1
GO_Biological_Process_2018,gonad development (GO:0008406),1/50,0.2619857947774806,0.3027917086367271,0.3920299787399007,0.4624869795272562,-1.072847193039189,1.4370412601645752,ct
GO_Biological_Process_2018,cellular macromolecule biosynthetic process (GO:0034645),2/166,0.2658218796345387,0.3058935633081943,0.4865635381722328,0.5392219297493143,-0.477478246582241,0.6326246897882447,mRpL33;Top1
GO_Biological_Process_2018,negative regulation of multicellular organismal process (GO:0051241),1/51,0.2664619711629974,0.3058935633081943,0.3979527636176141,0.4673206765417854,-1.0682815985393186,1.412827778153315,RASSF8
GO_Biological_Process_2018,cell-cell junction assembly (GO:0007043),1/51,0.2664619711629974,0.3058935633081943,0.3979527636176141,0.4673206765417854,-1.148090985769221,1.518377587669809,kirre
GO_Molecular_Function_2018,transcription regulatory region DNA binding (GO:0044212),2/137,0.2012011555977798,0.3061578101454001,0.3152625932082624,0.4365174367499018,-0.7987796352709946,1.280803283852853,Mnn1;ct
GO_Molecular_Function_2018,phosphatidylinositol phosphate binding (GO:1901981),1/37,0.2012704122252167,0.3061578101454001,0.2688245815263629,0.4214706749017201,-1.6110941257590154,2.5827545639035674,Asap
GO_Molecular_Function_2018,mRNA 3'-UTR binding (GO:0003730),1/38,0.2061116825847927,0.309167523877189,0.2748440028130332,0.4214706749017201,-1.677741617506752,2.649719595224814,Sxl
GO_Biological_Process_2018,microtubule cytoskeleton organization involved in mitosis (GO:1902850),1/52,0.2709112218120715,0.3103054710688604,0.403818591425746,0.4720436502511003,-1.1302688501929996,1.4760905491179903,Wdr62
GO_Molecular_Function_2018,single-stranded DNA binding (GO:0003697),1/40,0.2157070880443076,0.310618206783803,0.2867375732772173,0.4214706749017201,-1.3685913109279464,2.0991917006854046,Dsp1
GO_Molecular_Function_2018,ATP-dependent helicase activity (GO:0008026),1/40,0.2157070880443076,0.310618206783803,0.2867375732772173,0.4214706749017201,-1.5770161860039642,2.4188808324827664,bel
GO_Molecular_Function_2018,enhancer sequence-specific DNA binding (GO:0001158),1/39,0.2109238500207583,0.310618206783803,0.2808148722233609,0.4214706749017201,-1.5870677047607902,2.46988698827479,vvl
GO_Molecular_Function_2018,regulatory region DNA binding (GO:0000975),1/41,0.2204615691223242,0.3132874929633028,0.2926124865249314,0.4214706749017201,-1.2498677257439184,1.8898398583318696,Mnn1
GO_Molecular_Function_2018,hormone activity (GO:0005179),1/43,0.2298849452632366,0.3142730897269564,0.3042204571292992,0.432313281183741,-1.5482207203272065,2.2761574616036357,Neb-cGP
GO_Molecular_Function_2018,kinase activity (GO:0016301),2/149,0.2277917551390875,0.3142730897269564,0.3514475308831431,0.4744541666922432,-0.73788596570333,1.091571991862001,Eip63E;cdi
GO_Molecular_Function_2018,RNA binding (GO:0003723),4/401,0.2251192197814365,0.3142730897269564,0.4251433905796637,0.5339010021232986,-0.5889478255580239,0.8781949155588016,Rbp6;msi;mbl;Sxl
GO_Biological_Process_2018,chromosome condensation (GO:0030261),1/53,0.2753337073855275,0.3146670941548886,0.4096280027732264,0.4766580395906635,-1.1986848847794145,1.5460295246585185,Top1
GO_Molecular_Function_2018,double-stranded DNA binding (GO:0003690),1/44,0.2345541801937411,0.3166481432615505,0.3099542609616615,0.4347410413488239,-1.1236854565110523,1.6294210778714309,Mnn1
GO_Biological_Process_2018,generation of neurons (GO:0048699),1/54,0.2797295875315999,0.3168618336641131,0.4153815331848856,0.4789985247537419,-1.0890449370397253,1.3873690872159672,numb
GO_Biological_Process_2018,negative regulation of intracellular signal transduction (GO:1902532),1/54,0.2797295875315999,0.3168618336641131,0.4153815331848856,0.4789985247537419,-0.8523432711842892,1.085827283998001,CG4629
GO_Biological_Process_2018,imaginal disc-derived wing margin morphogenesis (GO:0008587),1/54,0.2797295875315999,0.3168618336641131,0.4153815331848856,0.4789985247537419,-0.990825725899112,1.262244500825962,ct
GO_Biological_Process_2018,eye-antennal disc development (GO:0035214),1/54,0.2797295875315999,0.3168618336641131,0.4153815331848856,0.4789985247537419,-1.0706200057383175,1.3638969794523197,ct
GO_Biological_Process_2018,apoptotic process (GO:0006915),1/55,0.2840990210045282,0.3196894478116889,0.4210797131819682,0.4816420564284126,-1.0359378739398992,1.3036578223315072,mbl
GO_Biological_Process_2018,circulatory system development (GO:0072359),1/55,0.2840990210045282,0.3196894478116889,0.4210797131819682,0.4816420564284126,-0.7979086276417209,1.0041140980537946,numb
GO_Biological_Process_2018,gland morphogenesis (GO:0022612),1/55,0.2840990210045282,0.3196894478116889,0.4210797131819682,0.4816420564284126,-0.8217381618043806,1.034101956780803,Pvf3
KEGG_2019,Oxidative phosphorylation,2/144,0.2166738545687027,0.3250107818530541,0.3393249691803934,0.4573874849858711,3.705632545015688,-5.667253712881343,UQCR-6.4;ox
KEGG_2019,Ribosome,4/240,0.0580853791065722,0.3250107818530541,0.1356392878754123,0.4393877735947857,2.492707904593473,-7.093851096955528,RpL29;RpL39;mRpL34;mRpL33
KEGG_2019,Autophagy,2/95,0.1129057230493859,0.3250107818530541,0.1887213919205778,0.4393877735947857,0.048022623683516,-0.1047470484806521,Dsp1;Atg13
KEGG_2019,Endocytosis,2/121,0.1664356731746141,0.3250107818530541,0.2683005156952896,0.4393877735947857,-0.1733611232167713,0.3108618725247247,nuf;Asap
KEGG_2019,Fructose and mannose metabolism,1/29,0.1614713809508272,0.3250107818530541,0.2202387326025879,0.4393877735947857,-19.26220062209674,35.12322362346696,Hex-A
KEGG_2019,Wnt signaling pathway,2/91,0.1051362086620272,0.3250107818530541,0.1768036176629926,0.4393877735947857,-8.670681406972415,19.53069724592303,dally;nkd
KEGG_2019,Notch signaling pathway,1/22,0.1250378163517127,0.3250107818530541,0.1734612436282682,0.4393877735947857,-5.776140028291511,12.009398329323297,numb
KEGG_2019,Phototransduction,1/38,0.2061116825847927,0.3250107818530541,0.2766515611522725,0.4393877735947857,-4.227181171005935,6.67614408828046,ninaE
KEGG_2019,Starch and sucrose metabolism,1/33,0.181610795371966,0.3250107818530541,0.2458145887876997,0.4393877735947857,-20.589534336295024,35.12346773078804,Hex-A
KEGG_2019,Galactose metabolism,1/37,0.2012704122252167,0.3250107818530541,0.2705828101345888,0.4393877735947857,-80.50500577686667,129.05805301060755,Hex-A
KEGG_2019,Butanoate metabolism,1/16,0.0925624642269539,0.3250107818530541,0.1312291428958637,0.4393877735947857,-50.75840848997825,120.798493477781,Gad1
KEGG_2019,"Alanine, aspartate and glutamate metabolism",1/29,0.1614713809508272,0.3250107818530541,0.2202387326025879,0.4393877735947857,-62.53557725234187,114.02908252014186,Gad1
KEGG_2019,Base excision repair,1/20,0.11434285304729,0.3250107818530541,0.1596081354579352,0.4393877735947857,-49.327788183045385,106.96996552614377,Dsp1
KEGG_2019,Taurine and hypotaurine metabolism,1/9,0.0531611204406706,0.3250107818530541,0.0793343193013174,0.4393877735947857,-24.01621651111478,70.47385743009994,Gad1
KEGG_2019,N-Glycan biosynthesis,1/38,0.2061116825847927,0.3250107818530541,0.2766515611522725,0.4393877735947857,-40.67025051037659,64.23203584840033,CG33303
KEGG_2019,beta-Alanine metabolism,1/19,0.1089468553309441,0.3250107818530541,0.1525981295283685,0.4393877735947857,-17.527767721545544,38.85722205021892,Gad1
GO_Biological_Process_2018,negative regulation of cell proliferation (GO:0008285),1/57,0.2927591780998347,0.328712059620867,0.4323121191656358,0.4929706125006805,-1.0769504444569928,1.322931230676333,Mnn1
GO_Biological_Process_2018,positive regulation of GTPase activity (GO:0043547),1/58,0.2970502145401291,0.3328002403600571,0.4378473815311915,0.4981730207643779,-0.8716887491852837,1.0581029463839997,RhoGAP93B
GO_Molecular_Function_2018,G-protein coupled peptide receptor activity (GO:0008528),1/48,0.2529520175521814,0.3372693567362419,0.3324301747479138,0.454461504718667,-1.2989587947741452,1.785490906510237,SPR
GO_Biological_Process_2018,Notch signaling pathway (GO:0007219),1/60,0.3055549781868026,0.3415811109861199,0.4487585795520392,0.508328302501425,-0.9856932176961852,1.168663068517474,numb
GO_Biological_Process_2018,leg disc morphogenesis (GO:0007478),1/61,0.3097690126598487,0.3455375478907246,0.4541355227352514,0.5121528362124422,-0.8947423373994063,1.0485739377132404,dally
KEGG_2019,Longevity regulating pathway,1/55,0.2840990210045282,0.3486669803237392,0.3726860988773765,0.4573874849858711,-59.27625984166324,74.59516807435742,Ac78C
KEGG_2019,Glycolysis / Gluconeogenesis,1/54,0.2797295875315999,0.3486669803237392,0.3673940283298876,0.4573874849858711,-68.49305132855648,87.25548310305356,Hex-A
KEGG_2019,Amino sugar and nucleotide sugar metabolism,1/47,0.2483940906778367,0.3486669803237392,0.3291290847422554,0.4573874849858711,-55.0293063098095,76.6414455634883,Hex-A
KEGG_2019,Neuroactive ligand-receptor interaction,1/54,0.2797295875315999,0.3486669803237392,0.3673940283298876,0.4573874849858711,-16.531740225509534,21.060311256853144,Nmdar2
GO_Biological_Process_2018,response to light stimulus (GO:0009416),1/62,0.3139576855823201,0.349448554387278,0.4594606924702261,0.5170195044939688,-0.8597321215543506,0.9959971364520582,ninaE
GO_Biological_Process_2018,sensory perception of sound (GO:0007605),1/63,0.318121148338038,0.3525498440456179,0.4647345807982439,0.5206654384435468,-0.9342419698595524,1.0700088148382547,ct
GO_Biological_Process_2018,regulation of programmed cell death (GO:0043067),1/63,0.318121148338038,0.3525498440456179,0.4647345807982439,0.5206654384435468,-0.9583238741026232,1.097590373630834,Fili
GO_Molecular_Function_2018,protein serine/threonine phosphatase activity (GO:0004722),1/53,0.2753337073855275,0.3626346389955729,0.3595185669539815,0.4793580892719754,-1.2882451104954789,1.6615417455518329,flw
GO_Biological_Process_2018,salivary gland morphogenesis (GO:0007435),1/67,0.3345258935456396,0.3699292818474459,0.4853269997562164,0.5390182730481188,-0.7585228669088108,0.8306136331706866,Pvf3
KEGG_2019,Hippo signaling pathway,1/63,0.318121148338038,0.3734465654403055,0.4135170506848619,0.4854330594996205,-6.271885224829484,7.183334395938387,dally
GO_Biological_Process_2018,imaginal disc-derived leg morphogenesis (GO:0007480),1/68,0.338565544729047,0.3735895665975692,0.4903517012853795,0.5422463737756249,-0.7100828648029126,0.7690464221676445,dally
GO_Molecular_Function_2018,sodium ion transmembrane transporter activity (GO:0015081),1/57,0.2927591780998347,0.3809396534311102,0.3804113358484289,0.5010295642881746,-0.8980320075769289,1.1031469415192092,Calx
GO_Molecular_Function_2018,hydrogen ion transmembrane transporter activity (GO:0015078),1/58,0.2970502145401291,0.3819217044087374,0.3855293136891868,0.5016526009449659,-0.8836544334124617,1.0726275410264234,ox
GO_Biological_Process_2018,regulation of autophagy (GO:0010506),1/72,0.3544823912598843,0.38947421528983,0.5099708447269469,0.56151628494666,-0.8923627291229654,0.9254663579523176,Atg13
GO_Biological_Process_2018,mitochondrial ATP synthesis coupled electron transport (GO:0042775),1/72,0.3544823912598843,0.38947421528983,0.5099708447269469,0.56151628494666,-0.7495028127940586,0.7773068235528617,ox
GO_Biological_Process_2018,negative regulation of macromolecule metabolic process (GO:0010605),1/73,0.3584018829510995,0.3920977864764166,0.5147579856784992,0.5643599329066202,-0.711111782665758,0.729672044904928,numb
GO_Biological_Process_2018,compound eye photoreceptor cell differentiation (GO:0001751),1/73,0.3584018829510995,0.3920977864764166,0.5147579856784992,0.5643599329066202,-0.7907101905767097,0.8113479986541857,mbl
GO_Biological_Process_2018,mitotic spindle organization (GO:0007052),1/74,0.3622977715472636,0.3938353694951146,0.519498962091496,0.5659222735975445,-0.8383066423359132,0.8511233717126683,Wdr62
GO_Biological_Process_2018,long-term memory (GO:0007616),1/74,0.3622977715472636,0.3938353694951146,0.519498962091496,0.5659222735975445,-0.8517857737173802,0.8648085832686505,Nmdar2
GO_Biological_Process_2018,sensory perception of taste (GO:0050909),1/74,0.3622977715472636,0.3938353694951146,0.519498962091496,0.5659222735975445,-0.8044231797108393,0.8167218705216551,dpr1
GO_Biological_Process_2018,regulation of developmental growth (GO:0048638),1/76,0.3700193024622838,0.401376870467562,0.5288441747064038,0.5748794425683201,-0.685501277393487,0.6815254425707098,dally
GO_Biological_Process_2018,respiratory electron transport chain (GO:0022904),1/77,0.3738452241661068,0.4038159383397609,0.5334492773503984,0.5774334672376406,-0.7328960498591659,0.7211062489179089,ox
GO_Biological_Process_2018,cilium organization (GO:0044782),1/77,0.3738452241661068,0.4038159383397609,0.5334492773503984,0.5774334672376406,-0.6844370970858762,0.6734268356265534,unc-119
GO_Molecular_Function_2018,"transcription factor activity, RNA polymerase II distal enhancer sequence-specific binding (GO:0003705)",1/63,0.318121148338038,0.4042009884765659,0.4105044282425829,0.527775364152884,-1.1119731733198208,1.2735684498254176,SoxN
GO_Molecular_Function_2018,kinase binding (GO:0019900),1/64,0.3222595513696728,0.4046980412549379,0.415378758824029,0.527775364152884,-0.9427039610827422,1.0675160782136544,Atg13
GO_Biological_Process_2018,positive regulation of developmental growth (GO:0048639),1/78,0.3776481016461795,0.4070649011428293,0.5380099483683974,0.5799180917149884,-0.8824293055457335,0.8593030086265913,Octbeta2R
GO_Biological_Process_2018,cilium assembly (GO:0060271),1/79,0.3814280725348784,0.4102755738190289,0.5425266108820694,0.5835580352344948,-0.6978019911392146,0.6725645757830234,unc-119
GO_Molecular_Function_2018,mRNA binding (GO:0003729),2/196,0.3327580265239127,0.4130789294779605,0.4855353300605159,0.589188939848716,-0.6237313250393958,0.6863163392072935,msi;Sxl
GO_Biological_Process_2018,cellular response to starvation (GO:0009267),1/80,0.3851852736292319,0.4134483440213139,0.5469996840159278,0.5871359291743292,-0.7043492233418398,0.6719708743255997,CG4629
GO_Molecular_Function_2018,Rab GTPase binding (GO:0017137),1/69,0.3425808752928042,0.4204401651320779,0.4391643174778415,0.5451694975586998,-0.9433916939117328,1.01060600957922,nuf
GO_Biological_Process_2018,salivary gland development (GO:0007431),1/82,0.3926319098112626,0.4205597025593441,0.5558167190268815,0.595351799459756,-0.6032180355343818,0.5639381191817102,Pvf3
GO_Biological_Process_2018,ventral cord development (GO:0007419),1/83,0.3963216145556343,0.4236256088778387,0.56016149958906,0.5987530016484315,-0.7030074997210607,0.6506539964957667,numb
GO_Molecular_Function_2018,transcription regulatory region sequence-specific DNA binding (GO:0000976),2/204,0.3503717067080487,0.4251701609490928,0.5067240920424563,0.6080689104509476,-0.677148876694399,0.7101671088507975,ct;vvl
GO_Biological_Process_2018,somatic muscle development (GO:0007525),1/85,0.4036344654037683,0.4296483290784394,0.5687256048619682,0.6053794380235503,-0.6978328305021924,0.6331057644460651,mbl
GO_Biological_Process_2018,Ras protein signal transduction (GO:0007265),1/85,0.4036344654037683,0.4296483290784394,0.5687256048619682,0.6053794380235503,-0.6337253788217568,0.574944561033461,RabX1
GO_Biological_Process_2018,plasma membrane bounded cell projection assembly (GO:0120031),1/86,0.4072578763866218,0.4326058769915983,0.572945725380514,0.608606247707102,-0.5557171596388538,0.4992055543890095,unc-119
GO_Biological_Process_2018,heart development (GO:0007507),1/87,0.4108594530232924,0.4355280330184798,0.5771250821663043,0.6117764846152128,-0.6230505415558175,0.554206002757422,numb
GO_Molecular_Function_2018,"transcriptional activator activity, RNA polymerase II core promoter proximal region sequence-specific binding (GO:0001077)",1/76,0.3700193024622838,0.4440231629547405,0.4708785281199597,0.5778963754199506,-0.9139297503941864,0.9086290546157544,vvl
GO_Biological_Process_2018,protein polyubiquitination (GO:0000209),1/90,0.4215344777243311,0.4459207698240858,0.5894224379864799,0.6235212567129705,-0.6482402240948673,0.5599847207406584,gcl
GO_Biological_Process_2018,negative regulation of cellular process (GO:0048523),1/91,0.4250500140738778,0.4487125921769597,0.5934425896055827,0.6264795997485739,-0.6373996005126363,0.545326231840412,Mnn1
GO_Biological_Process_2018,transmembrane receptor protein tyrosine kinase signaling pathway (GO:0007169),1/93,0.4320176444817614,0.4541951416317491,0.6013666929222449,0.6322376730517236,0.1394678801958973,-0.1170538364836947,Pvf3
GO_Biological_Process_2018,cellular response to DNA damage stimulus (GO:0006974),1/93,0.4320176444817614,0.4541951416317491,0.6013666929222449,0.6322376730517236,-0.6478507177129808,0.5437338824574051,Mnn1
GO_Biological_Process_2018,peptide biosynthetic process (GO:0043043),1/94,0.4354699911410236,0.4568865480823854,0.6052713824720272,0.6350388275116352,-0.5080740448553691,0.4223768866702118,mRpL33
GO_Biological_Process_2018,endosomal transport (GO:0016197),1/96,0.4423123731878942,0.4631164316404945,0.6129678560967382,0.6417986550542534,-0.6574183366652651,0.5362817238400449,nuf
KEGG_2019,Purine metabolism,1/99,0.4524220234152362,0.4698228704696684,0.5677071547975227,0.5895420453666582,10.351989685546783,-8.21057559438652,Ac78C
KEGG_2019,MAPK signaling pathway,1/93,0.4320176444817614,0.4698228704696684,0.5450477447083124,0.5895420453666582,0.4525746754447788,-0.3798408779266202,bi
KEGG_2019,mTOR signaling pathway,1/96,0.4423123731878942,0.4698228704696684,0.5565165832852836,0.5895420453666582,1.2728091425653565,-1.0382799551297994,CLIP-190
GO_Biological_Process_2018,regulation of mitotic cell cycle (GO:0007346),1/100,0.4557513503520271,0.4762136558780365,0.6279191518399847,0.6561114402899431,-0.6724401734037884,0.528408802222556,Wdr62
GO_Molecular_Function_2018,cation channel activity (GO:0005261),1/86,0.4072578763866218,0.4833390181291776,0.5131574098467732,0.608360402735535,-0.8205716796450448,0.7371266716315469,CG42594
GO_Molecular_Function_2018,Ras GTPase binding (GO:0017016),1/92,0.4285443607666738,0.4860198500419816,0.5369169014895766,0.608360402735535,-0.7620075483274492,0.6456954938502119,nuf
GO_Molecular_Function_2018,phosphoprotein phosphatase activity (GO:0004721),1/91,0.4250500140738778,0.4860198500419816,0.5330374226282836,0.608360402735535,-0.8023955226033829,0.6864882350647883,flw
GO_Molecular_Function_2018,protein kinase binding (GO:0019901),1/90,0.4215344777243311,0.4860198500419816,0.5291261121625034,0.608360402735535,-0.7697443982183405,0.664946551997523,Atg13
GO_Molecular_Function_2018,"transcriptional activator activity, RNA polymerase II transcription regulatory region sequence-specific binding (GO:0001228)",1/93,0.4320176444817614,0.4860198500419816,0.5407648024315866,0.608360402735535,-0.8086100523647941,0.6786573992207613,vvl
GO_Molecular_Function_2018,RNA polymerase II core promoter proximal region sequence-specific DNA binding (GO:0000978),1/92,0.4285443607666738,0.4860198500419816,0.5369169014895766,0.608360402735535,-0.7191675540867724,0.6093945526082395,bi
GO_Molecular_Function_2018,core promoter proximal region sequence-specific DNA binding (GO:0000987),1/95,0.4389015258966544,0.4886738638849348,0.5483668754739353,0.6105528098060311,-0.7206828543283225,0.5934680650946466,bi
GO_Biological_Process_2018,positive regulation of signal transduction (GO:0009967),1/107,0.4785011749939588,0.4989666020303603,0.6527244345999031,0.6806413656113043,-0.4647237106422715,0.342546272869532,apolpp
GO_Biological_Process_2018,protein dephosphorylation (GO:0006470),1/108,0.4816732133209717,0.5002366840169119,0.6561321341654635,0.681419173818899,-0.5488958885324281,0.4009626148429754,flw
GO_Biological_Process_2018,Golgi vesicle transport (GO:0048193),1/108,0.4816732133209717,0.5002366840169119,0.6561321341654635,0.681419173818899,-0.4763807237621993,0.3479910574137884,ct
GO_Biological_Process_2018,respiratory system development (GO:0060541),1/112,0.4941711522894643,0.5121773886077038,0.6694359876745996,0.6938283920837957,-0.3568947270537314,0.2515655853082759,ct
GO_Biological_Process_2018,DNA repair (GO:0006281),1/113,0.4972486508406342,0.5143258772331409,0.6726817705153887,0.6957839727351091,-0.506923471495575,0.3541697249748562,Mnn1
GO_Molecular_Function_2018,GTPase activity (GO:0003924),1/107,0.4785011749939588,0.5273278255035465,0.5914571889873017,0.651809963373761,-0.7038310351174261,0.5187914717675455,RabX1
GO_Molecular_Function_2018,sequence-specific double-stranded DNA binding (GO:1990837),1/111,0.4910749720985955,0.5357181513802861,0.6049048715239813,0.6598962234807068,-0.742244672613886,0.5278535858744486,ct
GO_Biological_Process_2018,male gamete generation (GO:0048232),1/124,0.529899644437095,0.5469931813544207,0.7063738331865524,0.7291600858699895,-0.1621784599513484,0.1029942918985758,bel
KEGG_2019,Protein processing in endoplasmic reticulum,1/132,0.5523163858203975,0.5523163858203975,0.6741934713815815,0.6741934713815815,18.80343674314979,-11.162363771008344,CG33303
GO_Biological_Process_2018,DNA metabolic process (GO:0006259),1/128,0.5412437856116386,0.5575791111331165,0.7177567677264695,0.7394194468329022,-0.5981969100740056,0.3672243980411612,Top1
GO_Biological_Process_2018,cellular protein metabolic process (GO:0044267),1/132,0.5523163858203975,0.5675347729844935,0.7287039336112079,0.7491895863633303,-0.4697673110477306,0.2788699579375304,mRpL33
GO_Biological_Process_2018,positive regulation of transcription from RNA polymerase II promoter (GO:0045944),2/305,0.553124710389184,0.5675347729844935,0.8038740129698536,0.816633917937629,-0.2916544715387458,0.1727095495423,SoxN;vvl
GO_Biological_Process_2018,spermatogenesis (GO:0007283),1/141,0.5762700622201145,0.5901005437133972,0.7518261004470921,0.7714127523625474,-0.6452520937769404,0.3556493200065352,bel
GO_Biological_Process_2018,dephosphorylation (GO:0016311),1/143,0.5814179960086419,0.594183660591666,0.7566939965837404,0.7748546525017502,-0.5721063860875834,0.3102449052084259,flw
GO_Molecular_Function_2018,"transcription factor activity, RNA polymerase II core promoter proximal region sequence-specific binding (GO:0000982)",1/134,0.5577528787086515,0.6023731090053436,0.6742180437286224,0.7281554872269123,-0.6642508671676172,0.3878157509454556,vvl
GO_Molecular_Function_2018,protein homodimerization activity (GO:0042803),1/139,0.5710593461388508,0.6106377166633256,0.6876284849159201,0.735285904662568,-0.6196150370347032,0.3471468472656761,Liprin-gamma
GO_Biological_Process_2018,regulation of apoptotic process (GO:0042981),1/152,0.6038266751306829,0.6158550949540033,0.77745868411584,0.794528635264092,-0.3923117480229439,0.1979087558294924,Fili
GO_Biological_Process_2018,regulation of cell proliferation (GO:0042127),1/155,0.6110285663616104,0.6219614830559533,0.7839836551851003,0.799600859471656,-0.594216522629642,0.2927179326157668,Mnn1
GO_Biological_Process_2018,gene expression (GO:0010467),1/164,0.6318643395077113,0.6418939321983099,0.8024466033037295,0.816633917937629,-0.5216405242084732,0.2394750242613786,mRpL33
GO_Biological_Process_2018,protein ubiquitination (GO:0016567),1/168,0.6407656895875826,0.6496475902353313,0.810143856177403,0.8213735729957036,-0.3162330152191797,0.1407526042462275,gcl
GO_Biological_Process_2018,intracellular protein transport (GO:0006886),1/173,0.6515927482542824,0.6593191444786415,0.81935027136019,0.829065887226121,-0.4452600442223017,0.1907206976768574,RabX1
GO_Biological_Process_2018,"positive regulation of transcription, DNA-templated (GO:0045893)",2/379,0.6712802498313225,0.6779003706383375,0.8898510328725595,0.8933406447661772,-0.306922592661743,0.1223296986273341,SoxN;vvl
GO_Biological_Process_2018,"RNA splicing, via transesterification reactions with bulged adenosine as nucleophile (GO:0000377)",1/198,0.7010602962765105,0.7065804560897113,0.8591713317505353,0.8676444218072467,-0.1265841139731406,0.0449577887296922,Sxl
GO_Molecular_Function_2018,sequence-specific DNA binding (GO:0043565),1/197,0.6992224899096544,0.7261156625984873,0.8086828263617359,0.8397860119910335,-0.6260882760801787,0.2240058014833653,luna
GO_Molecular_Function_2018,serine-type endopeptidase activity (GO:0004252),1/191,0.6879579739125696,0.7261156625984873,0.7986836939023629,0.8397860119910335,-0.4718080080771456,0.1764691826421586,Corin
GO_Molecular_Function_2018,serine-type peptidase activity (GO:0008236),1/194,0.6936415730383793,0.7261156625984873,0.8037456326484933,0.8397860119910335,-0.1658419819019916,0.060664983256668,Corin
GO_Biological_Process_2018,"mRNA splicing, via spliceosome (GO:0000398)",1/211,0.7239622713860854,0.7282292395867893,0.8763151510268513,0.8832152703262753,-0.2369964807903794,0.0765536550729572,Sxl
GO_Biological_Process_2018,mRNA processing (GO:0006397),1/213,0.7273277056983041,0.7301799712108465,0.8787630363591321,0.8839423862787341,-0.2593863336895282,0.0825829381088685,Sxl
GO_Molecular_Function_2018,zinc ion binding (GO:0008270),1/211,0.7239622713860854,0.7446469077114021,0.830160254257672,0.8538791186650341,-0.4062082913374888,0.131211777150101,nkd
GO_Biological_Process_2018,sensory perception (GO:0007600),1/232,0.7573370652928955,0.758819133913821,0.8997582469778157,0.9015190263261088,0.5766281326433701,-0.1602719788892402,dpr13
GO_Molecular_Function_2018,nucleoside-triphosphatase activity (GO:0017111),1/230,0.7543391137905057,0.768571927258251,0.8555712761534927,0.8717141304205396,-0.3858446835180781,0.1087747322157516,RabX1
GO_Molecular_Function_2018,transition metal ion binding (GO:0046914),1/242,0.7717911499225414,0.7790041513236867,0.8696595661637603,0.877787225660618,-0.3676337710474108,0.0952323287797219,nkd
GO_Molecular_Function_2018,endopeptidase activity (GO:0004175),1/290,0.8301274946283606,0.8301274946283606,0.913733548045527,0.913733548045527,-0.3847192514008791,0.0716254844246389,Corin
GO_Biological_Process_2018,proteolysis (GO:0006508),1/305,0.845120683425079,0.845120683425079,0.9519346488528948,0.9519346488528948,-0.2398116292289838,0.0403545036384003,Corin
