Gene_set,Term,Overlap,P-value,Adjusted P-value,Old P-value,Old Adjusted P-value,Z-score,Combined Score,Genes
GO_Biological_Process_2018,nervous system development (GO:0007399),10/246,9.354356694e-06,0.0057435750101517,0.0004466908432255,0.2052332516248547,-1.0980478152399589,12.715029551152746,unc-119;mbl;fru;Rac1;Imp;vvl;zfh2;sr;numb;stai
GO_Biological_Process_2018,central nervous system development (GO:0007417),7/170,0.0001972039445931,0.0281985270637878,0.0031146717217293,0.2052332516248547,-1.2420499894452652,10.596266437891128,Pka-R1;Dmtn;fru;Rac1;vvl;sr;numb
GO_Biological_Process_2018,positive regulation of response to wounding (GO:1903036),3/17,0.0002124450633799,0.0281985270637878,0.0012545927812709,0.2052332516248547,-2.7149429578138395,22.95980325741045,Rac1;Imp;Rok
GO_Biological_Process_2018,muscle organ development (GO:0007517),4/43,0.0002296296992165,0.0281985270637878,0.0016559425050875,0.2052332516248547,-1.5171781420108832,12.712500207681058,pcs;mbl;fru;sr
GO_Biological_Process_2018,actin filament organization (GO:0007015),5/78,0.0002191693590316,0.0281985270637878,0.0020606612528844,0.2052332516248547,-1.318308985901235,11.107630933836967,Pka-R1;Msp300;Rac1;Fim;capu
GO_Biological_Process_2018,neuron development (GO:0048666),4/49,0.0003816423630905,0.0292910513672022,0.0025869153603493,0.2052332516248547,-1.5415593971440829,12.133655036068625,egh;fru;Rac1;stai
GO_Biological_Process_2018,regulation of multicellular organismal development (GO:2000026),4/48,0.0003523889704952,0.0292910513672022,0.0024115342295536,0.2052332516248547,-1.9161751645984184,15.235077522733622,ple;Top1;Yp3;numb
GO_Biological_Process_2018,imaginal disc-derived wing morphogenesis (GO:0007476),8/240,0.0002932751933962,0.0292910513672022,0.0055294446551726,0.2121924386422512,-1.1417177588395688,9.28718798204247,MYPT-75D;Phm;bi;fru;Cip4;svr;Rok;zfh2
GO_Biological_Process_2018,axon midline choice point recognition (GO:0016199),3/26,0.0007756890427302,0.0432975520214864,0.0037463326168458,0.2052332516248547,-2.008606898119278,14.385158201100571,RhoGAP93B;fru;Rac1
GO_Biological_Process_2018,instar larval development (GO:0002168),4/57,0.0006814056449543,0.0432975520214864,0.004315526040634,0.2052332516248547,-1.545108957625292,11.265934475698408,CrebA;trn;bel;Top1
GO_Biological_Process_2018,regulation of response to wounding (GO:1903034),2/6,0.0007164602060001,0.0432975520214864,0.0031643658019307,0.2052332516248547,-4.704649561089815,34.067251248109066,Cbp53E;Rok
GO_Biological_Process_2018,negative regulation of response to wounding (GO:1903035),2/7,0.00099843981338,0.0471570804165659,0.0040396581268371,0.2052332516248547,-4.6766338996509225,32.31234462763398,Cbp53E;Rok
GO_Biological_Process_2018,axon choice point recognition (GO:0016198),3/28,0.0009674227280049,0.0471570804165659,0.0045367972488606,0.2052332516248547,-2.53182274701542,17.573065219178883,RhoGAP93B;fru;Rac1
GO_Biological_Process_2018,lamellipodium assembly (GO:0030032),2/8,0.0013251452915278,0.050852450562382,0.0050138416520729,0.2052332516248547,-3.49292481411682,23.144934269108568,Rac1;Unc-115a
GO_Biological_Process_2018,lamellipodium organization (GO:0097581),2/8,0.0013251452915278,0.050852450562382,0.0050138416520729,0.2052332516248547,-3.5212089428955484,23.3323515014512,Rac1;Unc-115a
GO_Biological_Process_2018,regulation of G-protein coupled receptor protein signaling pathway (GO:0008277),2/8,0.0013251452915278,0.050852450562382,0.0050138416520729,0.2052332516248547,-2.074248421852442,13.744453698959958,RSG7;sun
GO_Biological_Process_2018,axon guidance (GO:0007411),7/242,0.0016012472307004,0.057833282332359,0.0187719091104397,0.3531020706065932,-1.0386268644673904,6.68561249601266,trn;RhoGAP93B;egh;beat-Ic;Rac1;vvl;Unc-115a
GO_Biological_Process_2018,muscle cell fate specification (GO:0042694),2/9,0.0016959456437032,0.0578505902907666,0.0060847019555053,0.2197651176870744,-3.637571216974241,23.205939385019672,pcs;numb
GO_Biological_Process_2018,motor neuron axon guidance (GO:0008045),4/75,0.0019028279809628,0.061491388437432,0.0107151521887217,0.3278277880193283,-1.5394605493198106,9.643818353637212,trn;beat-Ic;Rac1;vvl
GO_Biological_Process_2018,peripheral nervous system development (GO:0007422),4/79,0.0023021599554934,0.0706763106336474,0.012682335109455,0.3278277880193283,-1.380999634270796,8.388064016279893,mbl;Rac1;vvl;numb
GO_Molecular_Function_2018,actin filament binding (GO:0051015),3/35,0.0018649091607047,0.073974730041287,0.005423820703423,0.2211842445594941,-1.7618008109242462,11.072112838236675,Msp300;Fim;Unc-115a
GO_Molecular_Function_2018,actin binding (GO:0003779),5/116,0.001347200244458,0.073974730041287,0.0055760733922561,0.2211842445594941,-1.232551457512927,8.146828318545776,Msp300;Hsp23;Fim;capu;Unc-115a
GO_Molecular_Function_2018,amidine-lyase activity (GO:0016842),2/6,0.0007164602060001,0.073974730041287,0.0023950943655424,0.2211842445594941,-4.853445064290449,35.144707438268014,Pal2;Phm
GO_Biological_Process_2018,regulation of cell morphogenesis involved in differentiation (GO:0010769),3/39,0.002551475183326,0.0746002744077223,0.010631087278854,0.3278277880193283,-2.1598385690758155,12.896576623499527,Rac1;vvl;Rok
GO_Biological_Process_2018,regulation of protein modification process (GO:0031399),2/13,0.0036077032664783,0.0922970752340706,0.011291858520529,0.3278277880193283,-2.873625607606876,16.163235756917924,CG17124;Rok
GO_Biological_Process_2018,positive regulation of wound healing (GO:0090303),2/13,0.0036077032664783,0.0922970752340706,0.011291858520529,0.3278277880193283,-2.810183640654769,15.806394745334838,Rac1;Rok
GO_Biological_Process_2018,rhabdomere development (GO:0042052),3/43,0.0033759745768645,0.0922970752340706,0.0136258219912116,0.3346501881041592,-1.7193793542975475,9.785110381558368,mbl;ninaE;Rac1
GO_Biological_Process_2018,axonogenesis (GO:0007409),6/212,0.0038253866734378,0.0939514966996332,0.0316043346051394,0.3531020706065932,-1.0515539544368688,5.853049971153063,RhoGAP93B;egh;beat-Ic;Rac1;fax;Unc-115a
GO_Biological_Process_2018,anesthesia-resistant memory (GO:0007615),2/14,0.0041897396187925,0.095277782442171,0.0128141154926121,0.3278277880193283,-2.675791564201696,14.650271053367078,Dop2R;Rgk1
GO_Biological_Process_2018,regulation of wound healing (GO:0061041),2/14,0.0041897396187925,0.095277782442171,0.0128141154926121,0.3278277880193283,-2.9721241491453543,16.272726535120842,Rac1;Rok
GO_Biological_Process_2018,"regulation of transcription, DNA-templated (GO:0006355)",11/623,0.0044392431918974,0.0973462614223234,0.0833717521483275,0.3531020706065932,-0.997876112860444,5.405765696349153,Dsp1;CrebA;bi;Ets65A;fru;Smr;Eip93F;luna;Eip78C;zfh2;sr
GO_Biological_Process_2018,cell morphogenesis involved in neuron differentiation (GO:0048667),5/160,0.0053997423718491,0.1097697149776947,0.034053777168901,0.3531020706065932,-0.948802073014164,4.954078972895455,ninaE;fru;Rac1;fax;vvl
GO_Biological_Process_2018,post-embryonic appendage morphogenesis (GO:0035120),5/161,0.0055421191601116,0.1097697149776947,0.0348189914596485,0.3531020706065932,-0.9974696599700246,5.182232257726242,MYPT-75D;bi;CG42674;svr;zfh2
GO_Biological_Process_2018,muscle cell fate commitment (GO:0042693),2/16,0.0054745578833915,0.1097697149776947,0.0161090166342831,0.3531020706065932,-2.75049641153642,14.32360547012762,pcs;numb
GO_Biological_Process_2018,"negative regulation of female receptivity, post-mating (GO:0045434)",2/17,0.0061761729260866,0.11845205273787,0.0178777422657992,0.3531020706065932,-3.02975015524076,15.412510120494968,SPR;egh
GO_Biological_Process_2018,axo-dendritic transport (GO:0008088),2/18,0.0069164908174296,0.11845205273787,0.0197247588751238,0.3531020706065932,-2.3434824668526684,11.656122640382485,Vap33;stai
GO_Biological_Process_2018,imaginal disc-derived appendage morphogenesis (GO:0035114),5/170,0.0069450714960314,0.11845205273787,0.0421885833651766,0.3531020706065932,-0.8764799741185662,4.355862693624488,MYPT-75D;bi;CG42674;svr;zfh2
GO_Biological_Process_2018,regulation of oviposition (GO:0046662),2/18,0.0069164908174296,0.11845205273787,0.0197247588751238,0.3531020706065932,-2.6218270126027807,13.040565753328902,SPR;egh
GO_Biological_Process_2018,cytoplasmic translation (GO:0002181),4/107,0.0068054430296466,0.11845205273787,0.0328957673243285,0.3531020706065932,-1.2522593931327006,6.248815122067955,RpL29;RpL39;RpL41;CG13364
KEGG_2019,Oxidative phosphorylation,4/144,0.0186066889069821,0.1276246753089106,0.0392063510892351,0.2091186806561008,-0.8244805907003122,3.284923720743976,UQCR-6.4;ND-B12;COX8;sun
KEGG_2019,Folate biosynthesis,2/40,0.0319061688272276,0.1276246753089106,0.0522796701640252,0.2091186806561008,-71.94736842105263,247.85551188722812,Dhpr;ple
KEGG_2019,Phagosome,3/89,0.0246282537431131,0.1276246753089106,0.0460861726374046,0.2091186806561008,-10.76251651005884,39.86286482931472,betaTub56D;CG8860;Rac1
KEGG_2019,Dorso-ventral axis formation,2/28,0.0163262111375562,0.1276246753089106,0.028183785377223,0.2091186806561008,-48.61247802957895,200.03954097243064,egh;capu
KEGG_2019,Protein export,2/23,0.0111789404888929,0.1276246753089106,0.0199720838668945,0.2091186806561008,-13.96705208328868,62.76407134816338,CG8860;Sec63
KEGG_2019,Phototransduction,2/38,0.029017482299421,0.1276246753089106,0.0478750267594433,0.2091186806561008,-9.982007022622923,35.33487536399426,ninaE;Pkc53E
KEGG_2019,AGE-RAGE signaling pathway in diabetic complications,2/31,0.019811986835594,0.1276246753089106,0.0336575743790113,0.2091186806561008,-69.20781809014841,271.3962528989516,Pkc53E;Rac1
GO_Biological_Process_2018,negative regulation of female receptivity (GO:0007621),2/19,0.0076949432733689,0.1276944640499604,0.0216481864598398,0.3531020706065932,-2.877430970018448,14.005008662894056,SPR;egh
GO_Molecular_Function_2018,purine ribonucleoside binding (GO:0032550),3/56,0.0070987154152554,0.1277407026404602,0.0181679087027731,0.3012501738738823,-1.7711151084490375,8.763196726350262,betaTub56D;Rac1;Rgk1
GO_Molecular_Function_2018,microtubule binding (GO:0008017),4/111,0.0077309645546452,0.1277407026404602,0.0232346845682971,0.3012501738738823,-1.3125735418261018,6.382417255800056,CG14535;apolpp;capu;stai
GO_Molecular_Function_2018,GTP binding (GO:0005525),3/56,0.0070987154152554,0.1277407026404602,0.0181679087027731,0.3012501738738823,-1.535313090856864,7.596485732370855,betaTub56D;Rac1;Rgk1
GO_Molecular_Function_2018,guanyl ribonucleotide binding (GO:0032561),3/60,0.0085876102615435,0.1277407026404602,0.0216108938689309,0.3012501738738823,-2.1860716481110045,10.400093294107556,betaTub56D;Rac1;Rgk1
GO_Molecular_Function_2018,G-protein coupled receptor activity (GO:0004930),4/102,0.0057558310883889,0.1277407026404602,0.0177738362141066,0.3012501738738823,-1.1444407625923858,5.90250111154922,SPR;Octbeta1R;Dop2R;ninaE
GO_Molecular_Function_2018,tubulin binding (GO:0015631),4/120,0.0101070130903276,0.1330293918178256,0.02962035350876,0.3012501738738823,-2.0058053154792765,9.215724132776566,CG14535;apolpp;capu;stai
GO_Molecular_Function_2018,G-protein coupled amine receptor activity (GO:0008227),2/23,0.0111789404888929,0.1330293918178256,0.0231427485947198,0.3012501738738823,-2.081422933019624,9.353339322766171,Octbeta1R;Dop2R
GO_Biological_Process_2018,actin filament bundle organization (GO:0061572),2/22,0.0102535142439088,0.149896612994287,0.027858595934537,0.3531020706065932,-2.2056110498785846,10.1019958787032,Rac1;Fim
GO_Biological_Process_2018,positive regulation of actin filament polymerization (GO:0030838),2/22,0.0102535142439088,0.149896612994287,0.027858595934537,0.3531020706065932,-2.201952379224368,10.085238673994573,capu;svr
GO_Biological_Process_2018,actin filament bundle assembly (GO:0051017),2/22,0.0102535142439088,0.149896612994287,0.027858595934537,0.3531020706065932,-2.182700997601242,9.99706475147688,Rac1;Fim
GO_Biological_Process_2018,germ-band shortening (GO:0007390),2/22,0.0102535142439088,0.149896612994287,0.027858595934537,0.3531020706065932,-2.0927873286081686,9.585248029005747,Rac1;sr
GO_Biological_Process_2018,cell-cell adhesion via plasma-membrane adhesion molecules (GO:0098742),3/64,0.0102463908852366,0.149896612994287,0.0365431315811,0.3531020706065932,-1.7346343617544686,7.9460646795668115,Cad87A;klg;beat-Ic
GO_Biological_Process_2018,plasma membrane bounded cell projection organization (GO:0120036),2/23,0.0111789404888929,0.1525304324484499,0.030069478884714,0.3531020706065932,-2.553951795976701,11.476753418442778,Rac1;stai
GO_Biological_Process_2018,morphogenesis of an epithelium (GO:0002009),3/66,0.0111406173397613,0.1525304324484499,0.0393564750030094,0.3531020706065932,-1.576605410074514,7.090243048663531,Toll-6;egh;Rok
GO_Biological_Process_2018,"regulation of female receptivity, post-mating (GO:0046008)",2/23,0.0111789404888929,0.1525304324484499,0.030069478884714,0.3531020706065932,-2.389419303739198,10.737389877710978,SPR;egh
GO_Biological_Process_2018,salivary gland morphogenesis (GO:0007435),3/67,0.0116041103073651,0.1548896462765701,0.0408034550463102,0.3531020706065932,-1.4369156680604855,6.403465101547834,CrebA;trn;Rac1
GO_Biological_Process_2018,transport along microtubule (GO:0010970),2/24,0.0121397481886876,0.1552876122469625,0.0323478276433581,0.3531020706065932,-2.075774753800323,9.156803387765406,Vap33;stai
GO_Biological_Process_2018,actin cytoskeleton reorganization (GO:0031532),2/24,0.0121397481886876,0.1552876122469625,0.0323478276433581,0.3531020706065932,-1.9526254019299116,8.613558317295407,Rac1;Rok
GO_Biological_Process_2018,cAMP-mediated signaling (GO:0019933),2/26,0.0141653802559484,0.1581371541300426,0.0371001467353185,0.3531020706065932,-2.1200146662818207,9.024805552458938,Pka-R1;Octbeta1R
GO_Biological_Process_2018,regulation of transcription from RNA polymerase II promoter (GO:0006357),10/630,0.0132723503418286,0.1581371541300426,0.1587065456942091,0.3640929535374138,-0.9378020995380848,4.05324850484685,Dsp1;CrebA;bi;Ets65A;fru;Smr;vvl;luna;zfh2;sr
GO_Biological_Process_2018,regulation of mRNA processing (GO:0050684),2/26,0.0141653802559484,0.1581371541300426,0.0371001467353185,0.3531020706065932,-2.2660383347047777,9.64642163584444,Sxl;swm
GO_Biological_Process_2018,non-sensory hair organization (GO:0035316),2/25,0.0131354040084336,0.1581371541300426,0.0346919411580174,0.3531020706065932,-2.4807447059893626,10.74768776049908,Cip4;Rok
GO_Biological_Process_2018,establishment of imaginal disc-derived wing hair orientation (GO:0001737),2/25,0.0131354040084336,0.1581371541300426,0.0346919411580174,0.3531020706065932,-2.082217313484577,9.021090110887624,Rac1;Rok
GO_Biological_Process_2018,regulation of cellular component organization (GO:0051128),3/71,0.0135682480931681,0.1581371541300426,0.0468571372581582,0.3531020706065932,-1.5952285466751703,6.859519305255493,Cip4;Rac1;Rok
GO_Biological_Process_2018,Rho protein signal transduction (GO:0007266),2/26,0.0141653802559484,0.1581371541300426,0.0371001467353185,0.3531020706065932,-2.046189291593775,8.710534306135179,Rac1;Rok
GO_Biological_Process_2018,wing disc morphogenesis (GO:0007472),4/134,0.0146654359606593,0.1607960299972288,0.0638768928776325,0.3531020706065932,-0.8654775805649594,3.654272969606758,MYPT-75D;bi;svr;zfh2
GO_Biological_Process_2018,regulation of imaginal disc-derived wing size (GO:0044719),2/27,0.0152291548234524,0.164047387045611,0.0395707996327955,0.3531020706065932,-2.290142647871811,9.583201778118518,Phm;fru
GO_Biological_Process_2018,mitotic sister chromatid segregation (GO:0000070),3/76,0.0162738379879082,0.167468865662706,0.0550111941464299,0.3531020706065932,-1.2702925833001937,5.231314460397227,bel;luna;Rok
GO_Biological_Process_2018,regulation of developmental growth (GO:0048638),3/76,0.0162738379879082,0.167468865662706,0.0550111941464299,0.3531020706065932,-1.053870525610609,4.340045901622296,sNPF;Cip4;Rok
GO_Biological_Process_2018,positive regulation of ERK1 and ERK2 cascade (GO:0070374),2/29,0.0174560381146794,0.167468865662706,0.0446930057943423,0.3531020706065932,-1.7331679848751356,7.015984746387216,sNPF;Lnk
GO_Biological_Process_2018,compound eye photoreceptor development (GO:0042051),3/78,0.0174346677561246,0.167468865662706,0.0584511921151379,0.3531020706065932,-1.3007626591618868,5.267171283402427,mbl;ninaE;Rac1
GO_Biological_Process_2018,dendrite morphogenesis (GO:0048813),4/141,0.0173623076650948,0.167468865662706,0.0737613095943202,0.3531020706065932,-1.113654157618987,4.514145508442893,Toll-6;fru;Rac1;vvl
GO_Biological_Process_2018,regulation of axonogenesis (GO:0050770),2/29,0.0174560381146794,0.167468865662706,0.0446930057943423,0.3531020706065932,-1.9701170712635168,7.975171155482488,Rac1;Rok
GO_Biological_Process_2018,adenylate cyclase-activating G-protein coupled receptor signaling pathway (GO:0007189),2/29,0.0174560381146794,0.167468865662706,0.0446930057943423,0.3531020706065932,-1.8849209376257148,7.630291271206845,Octbeta1R;Dop2R
GO_Biological_Process_2018,inorganic cation transmembrane transport (GO:0098662),3/79,0.0180320035902191,0.1703330800676085,0.0602086887576524,0.3531020706065932,-1.8458089385948795,7.412043520747262,CG10804;Ca-alpha1T;sun
GO_Biological_Process_2018,glial cell migration (GO:0008347),2/30,0.0186181301025806,0.1732050285300688,0.0473414057679991,0.3531020706065932,-1.916725832534844,7.635506280567934,Rac1;numb
GO_Biological_Process_2018,plasma membrane bounded cell projection assembly (GO:0120031),3/86,0.022530315001378,0.1796573170239753,0.0731925239149879,0.3531020706065932,-1.3864622122511965,5.258703572761048,unc-119;Rac1;Unc-115a
GO_Biological_Process_2018,regulation of nervous system development (GO:0051960),2/33,0.0222930200890272,0.1796573170239753,0.0556174276498817,0.3531020706065932,-2.6317605994605238,10.009853147248974,Rac1;numb
GO_Biological_Process_2018,translation (GO:0006412),5/225,0.0211629638389054,0.1796573170239753,0.1063928158095938,0.3531020706065932,-1.0675677059779374,4.116010080805813,RpL29;RpL39;mRpL33;RpL41;CG13364
GO_Biological_Process_2018,mesoderm development (GO:0007498),3/83,0.0205344648998636,0.1796573170239753,0.0674840859946105,0.3531020706065932,-1.1375684577166905,4.420193548743919,pcs;Msp300;Cip4
GO_Biological_Process_2018,ventral cord development (GO:0007419),3/83,0.0205344648998636,0.1796573170239753,0.0674840859946105,0.3531020706065932,-1.241474064047793,4.823934429275128,Pka-R1;Rac1;numb
GO_Biological_Process_2018,regulation of cytoskeleton organization (GO:0051493),2/33,0.0222930200890272,0.1796573170239753,0.0556174276498817,0.3531020706065932,-1.9087305892828368,7.259821771136666,Rok;stai
GO_Biological_Process_2018,regulation of dendrite morphogenesis (GO:0048814),2/33,0.0222930200890272,0.1796573170239753,0.0556174276498817,0.3531020706065932,-1.905553617036788,7.247738215496251,Rac1;vvl
GO_Biological_Process_2018,"G-protein coupled receptor signaling pathway, coupled to cyclic nucleotide second messenger (GO:0007187)",2/31,0.019811986835594,0.1796573170239753,0.0500459457088759,0.3531020706065932,-2.247768807041997,8.814553737552117,Octbeta1R;Dop2R
GO_Biological_Process_2018,pole plasm oskar mRNA localization (GO:0045451),2/33,0.0222930200890272,0.1796573170239753,0.0556174276498817,0.3531020706065932,-2.101853777451389,7.994362273525828,Pat1;capu
GO_Biological_Process_2018,cortical actin cytoskeleton organization (GO:0030866),2/32,0.0210371133787425,0.1796573170239753,0.0528051147480393,0.3531020706065932,-2.0943308860052343,8.087189807278948,Rac1;Rok
GO_Biological_Process_2018,regulation of ERK1 and ERK2 cascade (GO:0070372),2/33,0.0222930200890272,0.1796573170239753,0.0556174276498817,0.3531020706065932,-1.7674290974470994,6.722384139821392,sNPF;Lnk
GO_Biological_Process_2018,regulation of dendrite development (GO:0050773),2/34,0.0235792225506112,0.1832612993174093,0.0584814244413487,0.3531020706065932,-2.062527676105607,7.729094258095965,Rac1;vvl
GO_Biological_Process_2018,sister chromatid segregation (GO:0000819),2/34,0.0235792225506112,0.1832612993174093,0.0584814244413487,0.3531020706065932,-1.8673618499979696,6.997731918855356,bel;luna
GO_Biological_Process_2018,brain segmentation (GO:0035284),1/6,0.0412768938086315,0.1928711856188352,0.0740261495336929,0.3531020706065932,-4.171986796992456,13.298009360231712,vvl
GO_Biological_Process_2018,L-phenylalanine catabolic process (GO:0006559),1/6,0.0412768938086315,0.1928711856188352,0.0740261495336929,0.3531020706065932,-4.176913716609807,13.313713682027716,Dhpr
GO_Biological_Process_2018,tetrahydrobiopterin metabolic process (GO:0046146),1/6,0.0412768938086315,0.1928711856188352,0.0740261495336929,0.3531020706065932,-4.402301619690378,14.032126896328654,Dhpr
GO_Biological_Process_2018,negative regulation of humoral immune response (GO:0002921),1/7,0.0479899694749689,0.1928711856188352,0.0841492614946388,0.3531020706065932,-4.682808712427942,14.22058144768251,Dsp1
GO_Biological_Process_2018,positive regulation of phosphatidylinositol 3-kinase signaling (GO:0014068),1/6,0.0412768938086315,0.1928711856188352,0.0740261495336929,0.3531020706065932,-4.530792068266367,14.441684085986022,Lnk
GO_Biological_Process_2018,positive regulation of nucleobase-containing compound transport (GO:0032241),1/6,0.0412768938086315,0.1928711856188352,0.0740261495336929,0.3531020706065932,-4.541451930955981,14.475661890979907,swm
GO_Biological_Process_2018,negative regulation of antimicrobial humoral response (GO:0008348),1/7,0.0479899694749689,0.1928711856188352,0.0841492614946388,0.3531020706065932,-5.047409748946424,15.32778847964182,Dsp1
GO_Biological_Process_2018,regulation of microtubule-based movement (GO:0060632),1/7,0.0479899694749689,0.1928711856188352,0.0841492614946388,0.3531020706065932,-3.930495089310376,11.935983077616353,Pat1
GO_Biological_Process_2018,regulation of cytokinetic process (GO:0032954),1/6,0.0412768938086315,0.1928711856188352,0.0740261495336929,0.3531020706065932,-3.4455377506328797,10.982487598469406,Rok
GO_Biological_Process_2018,erythrose 4-phosphate/phosphoenolpyruvate family amino acid catabolic process (GO:1902222),1/6,0.0412768938086315,0.1928711856188352,0.0740261495336929,0.3531020706065932,-3.4534271355773423,11.007634637504518,Dhpr
GO_Biological_Process_2018,L-phenylalanine metabolic process (GO:0006558),1/6,0.0412768938086315,0.1928711856188352,0.0740261495336929,0.3531020706065932,-3.457192433984136,11.0196363469763,Dhpr
GO_Biological_Process_2018,regulation of axon regeneration (GO:0048679),1/7,0.0479899694749689,0.1928711856188352,0.0841492614946388,0.3531020706065932,-3.7455541657011295,11.374361275680451,Imp
GO_Biological_Process_2018,glycosphingolipid biosynthetic process (GO:0006688),1/9,0.0612764263415961,0.1928711856188352,0.1040684197238826,0.3531020706065932,-4.074274807479008,11.37684229529056,egh
GO_Biological_Process_2018,positive regulation of response to external stimulus (GO:0032103),1/8,0.054656372932033,0.1928711856188352,0.0941629619158348,0.3531020706065932,-3.916737334900278,11.384739119466616,Imp
GO_Biological_Process_2018,positive regulation of stress fiber assembly (GO:0051496),1/6,0.0412768938086315,0.1928711856188352,0.0740261495336929,0.3531020706065932,-3.599846781412654,11.474340290131089,Rok
GO_Biological_Process_2018,regulation of presynaptic cytosolic calcium ion concentration (GO:0099509),1/6,0.0412768938086315,0.1928711856188352,0.0740261495336929,0.3531020706065932,-3.637824042785061,11.595391003323732,Cbp53E
GO_Biological_Process_2018,copulation (GO:0007620),1/7,0.0479899694749689,0.1928711856188352,0.0841492614946388,0.3531020706065932,-3.86047657170523,11.7233534158906,fru
GO_Biological_Process_2018,central nervous system segmentation (GO:0035283),1/6,0.0412768938086315,0.1928711856188352,0.0740261495336929,0.3531020706065932,-3.724675739214732,11.872226652206024,vvl
GO_Biological_Process_2018,regulation of myotube differentiation (GO:0010830),1/10,0.067850449663955,0.1928711856188352,0.1138667914985431,0.3531020706065932,-2.754893770173483,7.411901920215253,Rok
GO_Biological_Process_2018,regulation of phosphate metabolic process (GO:0019220),1/10,0.067850449663955,0.1928711856188352,0.1138667914985431,0.3531020706065932,-2.763066730142802,7.4338908543608415,Rok
GO_Biological_Process_2018,female somatic sex determination (GO:0019101),1/7,0.0479899694749689,0.1928711856188352,0.0841492614946388,0.3531020706065932,-2.557497259494016,7.766513713092249,Sxl
GO_Biological_Process_2018,renal filtration (GO:0097205),1/8,0.054656372932033,0.1928711856188352,0.0941629619158348,0.3531020706065932,-2.68241132784096,7.796936727529851,Rac1
GO_Biological_Process_2018,larval visceral muscle development (GO:0007523),1/10,0.067850449663955,0.1928711856188352,0.1138667914985431,0.3531020706065932,-2.837244982319974,7.633463678439488,Msp300
GO_Biological_Process_2018,"epithelial cell fate determination, open tracheal system (GO:0007425)",1/6,0.0412768938086315,0.1928711856188352,0.0740261495336929,0.3531020706065932,-2.4032243976355647,7.660163392063762,vvl
GO_Biological_Process_2018,oocyte development (GO:0048599),1/9,0.0612764263415961,0.1928711856188352,0.1040684197238826,0.3531020706065932,-2.5602006819415952,7.149002160894359,Rok
GO_Biological_Process_2018,positive regulation of actin filament bundle assembly (GO:0032233),1/8,0.054656372932033,0.1928711856188352,0.0941629619158348,0.3531020706065932,-2.534187427304369,7.366095878478681,Rok
GO_Biological_Process_2018,regulation of stress fiber assembly (GO:0051492),1/9,0.0612764263415961,0.1928711856188352,0.1040684197238826,0.3531020706065932,-2.473208630880444,6.906089030918484,Rok
GO_Biological_Process_2018,regulation of neuron projection development (GO:0010975),2/37,0.0276148378862755,0.1928711856188352,0.0673692897669551,0.3531020706065932,-1.9687564417461756,7.0666584003577855,Rac1;Rok
GO_Biological_Process_2018,negative regulation of protein polymerization (GO:0032272),1/10,0.067850449663955,0.1928711856188352,0.1138667914985431,0.3531020706065932,-2.533911505105328,6.81736034749645,Cip4
GO_Biological_Process_2018,"dorsal closure, amnioserosa morphology change (GO:0046664)",1/9,0.0612764263415961,0.1928711856188352,0.1040684197238826,0.3531020706065932,-2.884841240327387,8.055515493924915,Rac1
GO_Biological_Process_2018,tetrahydrobiopterin biosynthetic process (GO:0006729),1/6,0.0412768938086315,0.1928711856188352,0.0740261495336929,0.3531020706065932,-2.4834913473226115,7.916010474088342,Dhpr
GO_Biological_Process_2018,negative regulation of actin filament polymerization (GO:0030837),1/10,0.067850449663955,0.1928711856188352,0.1138667914985431,0.3531020706065932,-2.911316383990481,7.832749026650972,Cip4
GO_Biological_Process_2018,phospholipase C-activating G-protein coupled receptor signaling pathway (GO:0007200),1/10,0.067850449663955,0.1928711856188352,0.1138667914985431,0.3531020706065932,-2.2244892381065866,5.984875436551624,ninaE
GO_Biological_Process_2018,posttranslational protein targeting to endoplasmic reticulum membrane (GO:0006620),1/8,0.054656372932033,0.1928711856188352,0.0941629619158348,0.3531020706065932,-2.0067272989092118,5.832933083978415,Sec63
GO_Biological_Process_2018,positive regulation of hydrolase activity (GO:0051345),2/43,0.0364409562708659,0.1928711856188352,0.086354319932297,0.3531020706065932,-1.777151295662178,5.8860352116930725,RhoGAP93B;Dhit
GO_Biological_Process_2018,chemical homeostasis (GO:0048878),2/42,0.0349030501469418,0.1928711856188352,0.0830868749712932,0.3531020706065932,-1.7718015147903794,5.944714878891134,amon;Lnk
GO_Biological_Process_2018,calcium ion transport (GO:0006816),2/42,0.0349030501469418,0.1928711856188352,0.0830868749712932,0.3531020706065932,-1.813527364819527,6.084712660489148,dpr3;Ca-alpha1T
GO_Biological_Process_2018,negative regulation of response to stimulus (GO:0048585),2/37,0.0276148378862755,0.1928711856188352,0.0673692897669551,0.3531020706065932,-1.68853464543772,6.060829711314797,Cbp53E;Rok
GO_Biological_Process_2018,positive regulation of cell growth (GO:0030307),2/41,0.0333913078603867,0.1928711856188352,0.0798590524606049,0.3531020706065932,-1.9622824723801957,6.670700099650412,Lnk;Rac1
GO_Biological_Process_2018,negative regulation of cytoskeleton organization (GO:0051494),1/10,0.067850449663955,0.1928711856188352,0.1138667914985431,0.3531020706065932,-2.285936765689642,6.150196891998034,Cip4
GO_Biological_Process_2018,regulation of syncytium formation by plasma membrane fusion (GO:0060142),1/10,0.067850449663955,0.1928711856188352,0.1138667914985431,0.3531020706065932,-2.752490920784884,7.405437175842833,Rok
GO_Biological_Process_2018,regulation of mRNA metabolic process (GO:1903311),1/10,0.067850449663955,0.1928711856188352,0.1138667914985431,0.3531020706065932,-2.4657316491120667,6.633925904024378,swm
GO_Biological_Process_2018,action potential (GO:0001508),1/7,0.0479899694749689,0.1928711856188352,0.0841492614946388,0.3531020706065932,-2.135124376078584,6.483867259061144,Ca-alpha1T
GO_Biological_Process_2018,gliogenesis (GO:0042063),2/43,0.0364409562708659,0.1928711856188352,0.086354319932297,0.3531020706065932,-1.979019600175215,6.554635544927943,Rac1;numb
GO_Biological_Process_2018,regulation of cell-matrix adhesion (GO:0001952),1/6,0.0412768938086315,0.1928711856188352,0.0740261495336929,0.3531020706065932,-1.986788539205885,6.332793912532779,Rac1
GO_Biological_Process_2018,adenylate cyclase-activating adrenergic receptor signaling pathway (GO:0071880),1/9,0.0612764263415961,0.1928711856188352,0.1040684197238826,0.3531020706065932,-2.247700676908201,6.276389624298606,Dop2R
GO_Biological_Process_2018,defasciculation of motor neuron axon (GO:0007415),1/9,0.0612764263415961,0.1928711856188352,0.1040684197238826,0.3531020706065932,-2.2240387481436947,6.210316999187008,beat-Ic
GO_Biological_Process_2018,regulation of embryonic development (GO:0045995),2/41,0.0333913078603867,0.1928711856188352,0.0798590524606049,0.3531020706065932,-1.6438854494498325,5.58832226542673,Top1;Yp3
GO_Biological_Process_2018,female mating behavior (GO:0060180),1/9,0.0612764263415961,0.1928711856188352,0.1040684197238826,0.3531020706065932,-3.1349304907752606,8.75385473134454,Lnk
GO_Biological_Process_2018,negative regulation of retinal cell programmed cell death (GO:0046671),1/9,0.0612764263415961,0.1928711856188352,0.1040684197238826,0.3531020706065932,-3.1475950700975988,8.789218796974563,ninaE
GO_Biological_Process_2018,positive regulation of nucleocytoplasmic transport (GO:0046824),1/9,0.0612764263415961,0.1928711856188352,0.1040684197238826,0.3531020706065932,-3.151515652881701,8.800166475800372,swm
GO_Biological_Process_2018,regulation of smoothened signaling pathway (GO:0008589),2/40,0.0319061688272276,0.1928711856188352,0.0766721008289094,0.3531020706065932,-1.5830549334315709,5.453554445175123,apolpp;swm
GO_Biological_Process_2018,regulation of actin filament polymerization (GO:0030833),2/40,0.0319061688272276,0.1928711856188352,0.0766721008289094,0.3531020706065932,-1.5935043830278235,5.489552338294188,Cip4;svr
GO_Biological_Process_2018,negative regulation of neuromuscular junction development (GO:1904397),2/45,0.039593526193959,0.1928711856188352,0.0930031923300832,0.3531020706065932,-1.718488754798446,5.549154258697791,Octbeta1R;Cip4
GO_Biological_Process_2018,neuromuscular process (GO:0050905),1/9,0.0612764263415961,0.1928711856188352,0.1040684197238826,0.3531020706065932,-3.122212802405221,8.718342366130246,Calx
GO_Biological_Process_2018,regulation of cellular carbohydrate metabolic process (GO:0010675),1/8,0.054656372932033,0.1928711856188352,0.0941629619158348,0.3531020706065932,-3.004061911780441,8.731875088891357,sNPF
GO_Biological_Process_2018,regulation of glucose metabolic process (GO:0010906),1/9,0.0612764263415961,0.1928711856188352,0.1040684197238826,0.3531020706065932,-2.931208293036922,8.18498900057338,sNPF
GO_Biological_Process_2018,nephrocyte filtration (GO:0097206),1/8,0.054656372932033,0.1928711856188352,0.0941629619158348,0.3531020706065932,-2.8457799700879667,8.271798637648468,Rac1
GO_Biological_Process_2018,regulation of microtubule-based process (GO:0032886),1/10,0.067850449663955,0.1928711856188352,0.1138667914985431,0.3531020706065932,-3.13032901697328,8.421991404172621,Pat1
GO_Biological_Process_2018,negative regulation of RNA splicing (GO:0033119),1/9,0.0612764263415961,0.1928711856188352,0.1040684197238826,0.3531020706065932,-3.1074496283229744,8.677118268285072,Sxl
GO_Biological_Process_2018,syncytial nuclear migration (GO:0035190),1/8,0.054656372932033,0.1928711856188352,0.0941629619158348,0.3531020706065932,-3.000982453279215,8.722924059330786,Rok
GO_Biological_Process_2018,adrenergic receptor signaling pathway (GO:0071875),1/9,0.0612764263415961,0.1928711856188352,0.1040684197238826,0.3531020706065932,-2.9062414593957024,8.11527261118612,Dop2R
GO_Biological_Process_2018,mitotic spindle elongation (GO:0000022),1/10,0.067850449663955,0.1928711856188352,0.1138667914985431,0.3531020706065932,-3.02992321085609,8.151854676862843,Rok
GO_Biological_Process_2018,negative regulation of protein kinase activity (GO:0006469),1/10,0.067850449663955,0.1928711856188352,0.1138667914985431,0.3531020706065932,-2.269687482733625,6.106479020605759,pcs
GO_Biological_Process_2018,male courtship behavior (GO:0008049),3/113,0.0450486826236321,0.1928711856188352,0.1332077599095541,0.3559971351808,-1.028808102871066,3.1893169891791917,egh;ple;fru
GO_Biological_Process_2018,calcium ion import (GO:0070509),1/8,0.054656372932033,0.1928711856188352,0.0941629619158348,0.3531020706065932,-1.6530777549944404,4.804983683003195,Ca-alpha1T
GO_Biological_Process_2018,negative regulation of Notch signaling pathway (GO:0045746),2/53,0.0531657117674728,0.1928711856188352,0.1209485556186745,0.3559971351808,-1.6553162417160607,4.857263319275899,Smr;numb
GO_Biological_Process_2018,neuron projection development (GO:0031175),2/45,0.039593526193959,0.1928711856188352,0.0930031923300832,0.3531020706065932,-1.5083512602529372,4.870601449135729,Rac1;stai
GO_Biological_Process_2018,wing disc development (GO:0035220),3/103,0.0357622172156853,0.1928711856188352,0.1093079592564195,0.3531020706065932,-1.0313517381126318,3.43529168266916,bi;ple;zfh2
GO_Biological_Process_2018,sensory perception of chemical stimulus (GO:0007606),4/204,0.0553533164258512,0.1928711856188352,0.1921607276976581,0.3812051787651046,-0.7845361544433949,2.2704623051296817,dpr3;dpr17;dpr9;dpr8
GO_Biological_Process_2018,DNA topological change (GO:0006265),1/7,0.0479899694749689,0.1928711856188352,0.0841492614946388,0.3531020706065932,-3.0147479165592315,9.15507570870511,Top1
GO_Biological_Process_2018,"dorsal closure, spreading of leading edge cells (GO:0007395)",1/10,0.067850449663955,0.1928711856188352,0.1138667914985431,0.3531020706065932,-3.3753711968883024,9.08126495711674,Rac1
GO_Biological_Process_2018,positive regulation of MAPK cascade (GO:0043410),2/38,0.029017482299421,0.1928711856188352,0.0704259150145347,0.3531020706065932,-1.5222039149405229,5.388383868204709,sNPF;Lnk
GO_Biological_Process_2018,"primary sex determination, germ-line (GO:0007542)",1/7,0.0479899694749689,0.1928711856188352,0.0841492614946388,0.3531020706065932,-2.9024544011399627,8.814066886835393,Sxl
GO_Biological_Process_2018,aromatic amino acid family catabolic process (GO:0009074),1/9,0.0612764263415961,0.1928711856188352,0.1040684197238826,0.3531020706065932,-3.227233106198673,9.011596869206072,Dhpr
GO_Biological_Process_2018,peripheral nervous system neuron differentiation (GO:0048934),1/9,0.0612764263415961,0.1928711856188352,0.1040684197238826,0.3531020706065932,-3.202181182020557,8.941642876401065,egh
GO_Biological_Process_2018,neuromuscular process controlling posture (GO:0050884),1/7,0.0479899694749689,0.1928711856188352,0.0841492614946388,0.3531020706065932,-2.974077547930835,9.031569427516972,Calx
GO_Biological_Process_2018,carbohydrate homeostasis (GO:0033500),2/41,0.0333913078603867,0.1928711856188352,0.0798590524606049,0.3531020706065932,-1.569419032839871,5.335176686391852,amon;Lnk
GO_Biological_Process_2018,negative regulation of synaptic growth at neuromuscular junction (GO:0045886),2/45,0.039593526193959,0.1928711856188352,0.0930031923300832,0.3531020706065932,-1.6026611800516128,5.175136635430649,Octbeta1R;Cip4
GO_Biological_Process_2018,brain development (GO:0007420),2/44,0.0380045915945412,0.1928711856188352,0.089660160748832,0.3531020706065932,-1.5690996559902035,5.131031654944123,Dmtn;vvl
GO_Biological_Process_2018,negative regulation of multi-organism process (GO:0043901),1/9,0.0612764263415961,0.1928711856188352,0.1040684197238826,0.3531020706065932,-3.3792027316144617,9.43595078339371,Dsp1
GO_Biological_Process_2018,adenylate cyclase-modulating G-protein coupled receptor signaling pathway (GO:0007188),2/40,0.0319061688272276,0.1928711856188352,0.0766721008289094,0.3531020706065932,-1.626861840168831,5.604467307338719,Octbeta1R;Dop2R
GO_Biological_Process_2018,female germ-line sex determination (GO:0019099),1/6,0.0412768938086315,0.1928711856188352,0.0740261495336929,0.3531020706065932,-2.906683861887541,9.26491647348444,Sxl
GO_Biological_Process_2018,Malpighian tubule tip cell differentiation (GO:0061382),1/10,0.067850449663955,0.1928711856188352,0.1138667914985431,0.3531020706065932,-3.465037103124349,9.322506528680837,numb
GO_Biological_Process_2018,female gamete generation (GO:0007292),4/208,0.0586228544772,0.1928711856188352,0.2011179948129131,0.3836693511704201,-0.7993161654145321,2.2673647340865197,Sxl;bel;Top1;capu
GO_Biological_Process_2018,oogenesis (GO:0048477),4/216,0.0654653172868591,0.1928711856188352,0.2194019874393416,0.3887493907680303,-0.805897712281816,2.197066375286775,Sxl;bel;Top1;capu
GO_Biological_Process_2018,negative regulation of response to biotic stimulus (GO:0002832),1/9,0.0612764263415961,0.1928711856188352,0.1040684197238826,0.3531020706065932,-3.237728002275829,9.040902397973078,Dsp1
GO_Biological_Process_2018,regulation of protein phosphorylation (GO:0001932),2/49,0.0461938219533776,0.1928711856188352,0.1067238599947495,0.3531020706065932,-1.244582159235405,3.8269771487505455,svr;Rok
GO_Biological_Process_2018,positive regulation of RNA export from nucleus (GO:0046833),1/6,0.0412768938086315,0.1928711856188352,0.0740261495336929,0.3531020706065932,-5.40835875754388,17.238886142486447,swm
GO_Biological_Process_2018,microtubule depolymerization (GO:0007019),1/7,0.0479899694749689,0.1928711856188352,0.0841492614946388,0.3531020706065932,-4.122529086127899,12.519144863665842,stai
GO_Biological_Process_2018,microtubule anchoring (GO:0034453),1/6,0.0412768938086315,0.1928711856188352,0.0740261495336929,0.3531020706065932,-3.873034125630914,12.345111948164654,Msp300
GO_Biological_Process_2018,optomotor response (GO:0071632),1/6,0.0412768938086315,0.1928711856188352,0.0740261495336929,0.3531020706065932,-3.808402862155966,12.139102871800114,ninaE
GO_Biological_Process_2018,determination of digestive tract left/right asymmetry (GO:0071907),1/7,0.0479899694749689,0.1928711856188352,0.0841492614946388,0.3531020706065932,-3.9664519617973744,12.045175586899994,Rac1
GO_Biological_Process_2018,negative regulation of mRNA processing (GO:0050686),1/6,0.0412768938086315,0.1928711856188352,0.0740261495336929,0.3531020706065932,-3.753943004915461,11.965514668725456,Sxl
GO_Biological_Process_2018,regulation of RNA export from nucleus (GO:0046831),1/8,0.054656372932033,0.1928711856188352,0.0941629619158348,0.3531020706065932,-3.4278896417254354,9.96381068335275,swm
GO_Biological_Process_2018,mesodermal cell migration (GO:0008078),1/9,0.0612764263415961,0.1928711856188352,0.1040684197238826,0.3531020706065932,-3.5553620364305014,9.927850992496245,Rac1
GO_Biological_Process_2018,cellular glucose homeostasis (GO:0001678),1/6,0.0412768938086315,0.1928711856188352,0.0740261495336929,0.3531020706065932,-3.107268001271044,9.904268871473503,Hex-A
GO_Biological_Process_2018,convergent extension (GO:0060026),1/9,0.0612764263415961,0.1928711856188352,0.1040684197238826,0.3531020706065932,-3.4729522012613137,9.697733059218969,Toll-6
GO_Biological_Process_2018,negative regulation of compound eye retinal cell programmed cell death (GO:0046673),1/9,0.0612764263415961,0.1928711856188352,0.1040684197238826,0.3531020706065932,-3.4503049801861456,9.63449386334396,ninaE
GO_Biological_Process_2018,negative regulation of protein tyrosine kinase activity (GO:0061099),1/7,0.0479899694749689,0.1928711856188352,0.0841492614946388,0.3531020706065932,-3.168126544136815,9.620850289676603,pcs
GO_Biological_Process_2018,glycosphingolipid metabolic process (GO:0006687),1/9,0.0612764263415961,0.1928711856188352,0.1040684197238826,0.3531020706065932,-3.4431479469445763,9.614508849485292,egh
GO_Biological_Process_2018,pteridine-containing compound biosynthetic process (GO:0042559),1/10,0.067850449663955,0.1928711856188352,0.1138667914985431,0.3531020706065932,-3.567557776036655,9.598333197805951,Dhpr
GO_Biological_Process_2018,"mating behavior, sex discrimination (GO:0048047)",1/10,0.067850449663955,0.1928711856188352,0.1138667914985431,0.3531020706065932,-3.5651612783968947,9.591885542491529,fru
GO_Biological_Process_2018,cold acclimation (GO:0009631),1/9,0.0612764263415961,0.1928711856188352,0.1040684197238826,0.3531020706065932,-3.3901050801083703,9.46639406602055,Hsp23
GO_Biological_Process_2018,DNA conformation change (GO:0071103),1/7,0.0479899694749689,0.1928711856188352,0.0841492614946388,0.3531020706065932,-3.1076234144884203,9.437116608494785,Top1
GO_Biological_Process_2018,regulation of synapse assembly (GO:0051963),2/46,0.0412073348341676,0.1928711856188352,0.0963822307890317,0.3531020706065932,-1.0690408456728406,3.4093198626328114,Cip4;Rac1
GO_Biological_Process_2018,regulation of actin filament bundle assembly (GO:0032231),1/8,0.054656372932033,0.1928711856188352,0.0941629619158348,0.3531020706065932,-1.1608872877831893,3.374338840838626,Rok
GO_Biological_Process_2018,neuron projection morphogenesis (GO:0048812),4/180,0.0378910049008052,0.1928711856188352,0.1415157786323937,0.3559971351808,-1.028311153117586,3.3657051127669693,fru;Rac1;fax;vvl
GO_Biological_Process_2018,courtship behavior (GO:0007619),3/109,0.0412029574765516,0.1928711856188352,0.1234357522674653,0.3559971351808,-1.0430373328272158,3.326501850730111,egh;ple;fru
GO_Biological_Process_2018,positive regulation of GTPase activity (GO:0043547),2/58,0.0623646302964896,0.1928711856188352,0.1393359029619217,0.3559971351808,-1.1815982510887315,3.2786480024243296,RhoGAP93B;Dhit
GO_Biological_Process_2018,negative regulation of gene expression (GO:0010629),5/245,0.0291557849449465,0.1928711856188352,0.1375247919560276,0.3559971351808,-0.922900469301809,3.262547231613855,Dsp1;Sxl;Smr;Eip78C;numb
GO_Biological_Process_2018,regulation of actin nucleation (GO:0051125),1/9,0.0612764263415961,0.1928711856188352,0.1040684197238826,0.3531020706065932,-1.1453094960680994,3.198116507052183,Cip4
GO_Biological_Process_2018,detection of UV (GO:0009589),1/7,0.0479899694749689,0.1928711856188352,0.0841492614946388,0.3531020706065932,-1.2139117301037154,3.686362541870048,ninaE
GO_Biological_Process_2018,SRP-dependent cotranslational protein targeting to membrane (GO:0006614),1/9,0.0612764263415961,0.1928711856188352,0.1040684197238826,0.3531020706065932,-1.2840295307033476,3.585472792972176,Sec63
GO_Biological_Process_2018,negative regulation of cellular macromolecule biosynthetic process (GO:2000113),4/179,0.0372440108440401,0.1928711856188352,0.1395358401295886,0.3559971351808,-1.2153445013376645,3.9988044180934814,Dsp1;Sxl;Smr;Eip78C
GO_Biological_Process_2018,male mating behavior (GO:0060179),3/101,0.0340370805514818,0.1928711856188352,0.1047485717836791,0.3531020706065932,-1.1657466685973663,3.940578994380595,egh;ple;fru
GO_Biological_Process_2018,gland morphogenesis (GO:0022612),2/55,0.0567830423028843,0.1928711856188352,0.1282286444580255,0.3559971351808,-1.353577640887185,3.882761216596668,CrebA;Rac1
GO_Biological_Process_2018,catecholamine metabolic process (GO:0006584),1/10,0.067850449663955,0.1928711856188352,0.1138667914985431,0.3531020706065932,-1.4262071113509782,3.837137875040926,ple
GO_Biological_Process_2018,"negative regulation of transcription, DNA-templated (GO:0045892)",5/279,0.046663997081203,0.1928711856188352,0.1983958603020495,0.3818653862867034,-0.8517102605567922,2.610306575639937,Dsp1;bi;Smr;Eip78C;zfh2
GO_Biological_Process_2018,regulation of gene expression (GO:0010468),7/458,0.0424280864429279,0.1928711856188352,0.2444338662064915,0.3926162445947298,-0.8214660900347401,2.5957874338135074,Dsp1;mbl;bi;bel;Ets65A;swm;numb
GO_Biological_Process_2018,negative regulation of synapse assembly (GO:0051964),2/45,0.039593526193959,0.1928711856188352,0.0930031923300832,0.3531020706065932,-1.3965996463015409,4.50974546870339,Octbeta1R;Cip4
GO_Biological_Process_2018,neuromuscular junction development (GO:0007528),2/51,0.0496349276361671,0.1928711856188352,0.113777535107457,0.3531020706065932,-1.4993907251664798,4.502761071101107,Vap33;Frq2
GO_Biological_Process_2018,imaginal disc-derived wing hair organization (GO:0035317),2/45,0.039593526193959,0.1928711856188352,0.0930031923300832,0.3531020706065932,-1.3709655192834889,4.4269705743591405,Cip4;Rok
GO_Biological_Process_2018,negative regulation of nucleic acid-templated transcription (GO:1903507),3/132,0.0656184179713046,0.1928711856188352,0.1829195849037066,0.3781569869726461,-0.9954447312048996,2.7114907691995405,Dsp1;Smr;Eip78C
GO_Biological_Process_2018,positive regulation of gene expression (GO:0010628),4/204,0.0553533164258512,0.1928711856188352,0.1921607276976581,0.3812051787651046,-0.9318295055679988,2.6967320182978503,CrebA;swm;Eip93F;zfh2
GO_Biological_Process_2018,negative regulation of transcription from RNA polymerase II promoter (GO:0000122),4/192,0.0461584317365838,0.1928711856188352,0.1661260628152312,0.369856809692478,-0.9616263564615368,2.9576507515328627,Dsp1;bi;Smr;zfh2
GO_Biological_Process_2018,regulation of DNA binding (GO:0051101),1/10,0.067850449663955,0.1928711856188352,0.1138667914985431,0.3531020706065932,-1.0897214402253002,2.93184024834359,Dsp1
GO_Biological_Process_2018,border follicle cell migration (GO:0007298),3/121,0.0532538612652557,0.1928711856188352,0.1535228942594945,0.3640929535374138,-0.9803788869583718,2.875142421784183,egh;Rac1;stai
GO_Biological_Process_2018,regulation of locomotor rhythm (GO:1904059),1/9,0.0612764263415961,0.1928711856188352,0.1040684197238826,0.3531020706065932,-3.858470064292015,10.774237747038876,Rac1
GO_Biological_Process_2018,plasma membrane tubulation (GO:0097320),1/9,0.0612764263415961,0.1928711856188352,0.1040684197238826,0.3531020706065932,-3.864297941193054,10.790511277802628,Cip4
GO_Biological_Process_2018,muscle organ morphogenesis (GO:0048644),1/8,0.054656372932033,0.1928711856188352,0.0941629619158348,0.3531020706065932,-3.5270234070761566,10.25196175398795,pcs
GO_Biological_Process_2018,catecholamine biosynthetic process (GO:0042423),1/6,0.0412768938086315,0.1928711856188352,0.0740261495336929,0.3531020706065932,-3.249555830717381,10.357804556003588,ple
GO_Biological_Process_2018,behavioral response to starvation (GO:0042595),1/8,0.054656372932033,0.1928711856188352,0.0941629619158348,0.3531020706065932,-3.566437424401873,10.366526062629504,Hsp27
GO_Biological_Process_2018,positive regulation of feeding behavior (GO:2000253),1/9,0.0612764263415961,0.1928711856188352,0.1040684197238826,0.3531020706065932,-3.7243558965947914,10.399742700054167,Pka-R1
GO_Biological_Process_2018,negative regulation of peptidyl-tyrosine phosphorylation (GO:0050732),1/6,0.0412768938086315,0.1928711856188352,0.0740261495336929,0.3531020706065932,-3.2681109447310903,10.416948098838466,pcs
GO_Biological_Process_2018,detection of light stimulus (GO:0009583),1/8,0.054656372932033,0.1928711856188352,0.0941629619158348,0.3531020706065932,-3.668376232591709,10.662830521713223,ninaE
GO_Biological_Process_2018,axis elongation (GO:0003401),1/8,0.054656372932033,0.1928711856188352,0.0941629619158348,0.3531020706065932,-3.51143964159215,10.206664587146182,Toll-6
GO_Biological_Process_2018,positive regulation of nucleic acid-templated transcription (GO:1903508),3/135,0.0692003046110306,0.1958017835537917,0.1911898822997376,0.3812051787651046,-0.986121309003992,2.633683500296217,CrebA;Eip93F;zfh2
GO_Biological_Process_2018,cellular amide metabolic process (GO:0043603),1/11,0.0743787606703796,0.1985589523983178,0.1235592216151257,0.3559971351808,-2.2902839618276767,5.951497211722923,svr
GO_Biological_Process_2018,regulation of myoblast fusion (GO:1901739),1/11,0.0743787606703796,0.1985589523983178,0.1235592216151257,0.3559971351808,-3.050410626671126,7.926750849163542,Rok
GO_Biological_Process_2018,determination of left/right symmetry (GO:0007368),1/11,0.0743787606703796,0.1985589523983178,0.1235592216151257,0.3559971351808,-2.991773603295861,7.774377568409688,Rac1
GO_Biological_Process_2018,positive regulation of clathrin-dependent endocytosis (GO:2000370),1/11,0.0743787606703796,0.1985589523983178,0.1235592216151257,0.3559971351808,-3.4277280416082903,8.907242168301547,Pkc53E
GO_Biological_Process_2018,positive regulation of JAK-STAT cascade (GO:0046427),1/11,0.0743787606703796,0.1985589523983178,0.1235592216151257,0.3559971351808,-2.209211431943657,5.740823363591436,Imp
GO_Biological_Process_2018,sensory organ precursor cell division (GO:0045035),1/11,0.0743787606703796,0.1985589523983178,0.1235592216151257,0.3559971351808,-2.9762958689279038,7.734157362326081,numb
GO_Biological_Process_2018,morphogenesis of follicular epithelium (GO:0016333),1/11,0.0743787606703796,0.1985589523983178,0.1235592216151257,0.3559971351808,-2.761875939059037,7.176968980439137,egh
GO_Biological_Process_2018,adherens junction maintenance (GO:0034334),1/11,0.0743787606703796,0.1985589523983178,0.1235592216151257,0.3559971351808,-2.6049372734545613,6.769150541187091,Rac1
GO_Biological_Process_2018,skeletal muscle organ development (GO:0060538),1/11,0.0743787606703796,0.1985589523983178,0.1235592216151257,0.3559971351808,-2.134161791394462,5.545800504455268,Msp300
GO_Biological_Process_2018,protein targeting to ER (GO:0045047),1/11,0.0743787606703796,0.1985589523983178,0.1235592216151257,0.3559971351808,-2.0379827929732937,5.2958712160044605,Sec63
GO_Biological_Process_2018,peripheral nervous system neuron development (GO:0048935),1/11,0.0743787606703796,0.1985589523983178,0.1235592216151257,0.3559971351808,-3.2016185297719617,8.319677415778868,egh
GO_Biological_Process_2018,pericardial nephrocyte differentiation (GO:0061320),1/11,0.0743787606703796,0.1985589523983178,0.1235592216151257,0.3559971351808,-2.357309937195497,6.125669896055157,numb
GO_Biological_Process_2018,positive regulation of STAT cascade (GO:1904894),1/11,0.0743787606703796,0.1985589523983178,0.1235592216151257,0.3559971351808,-2.1521532812936712,5.592552917585924,Imp
GO_Biological_Process_2018,imaginal disc development (GO:0007444),3/140,0.0753628226001123,0.2003150349630691,0.2051815162306369,0.3836693511704201,-0.788847991265552,2.039520092840774,Dsp1;ple;zfh2
GO_Molecular_Function_2018,polynucleotide adenylyltransferase activity (GO:0004652),1/7,0.0479899694749689,0.202552631518054,0.0735856791807343,0.3012501738738823,-4.660911117050065,14.15408363457452,hrg
GO_Molecular_Function_2018,hormone activity (GO:0005179),2/43,0.0364409562708659,0.202552631518054,0.0677340927171789,0.3012501738738823,-1.8889585428302689,6.256347742404556,Neb-cGP;sNPF
GO_Molecular_Function_2018,"3',5'-cyclic-nucleotide phosphodiesterase activity (GO:0004114)",1/9,0.0612764263415961,0.202552631518054,0.0911345063820148,0.3012501738738823,-3.201545481742841,8.939867772327728,Pka-R1
GO_Molecular_Function_2018,"3',5'-cyclic-GMP phosphodiesterase activity (GO:0047555)",1/6,0.0412768938086315,0.202552631518054,0.0646868560775041,0.3012501738738823,-4.240131460442333,13.515217231804932,Pka-R1
GO_Molecular_Function_2018,enhancer sequence-specific DNA binding (GO:0001158),2/39,0.0304480772801039,0.202552631518054,0.0574581039084657,0.3012501738738823,-1.8277550237534044,6.382031491139092,CrebA;vvl
GO_Molecular_Function_2018,GDP-dissociation inhibitor activity (GO:0005092),1/6,0.0412768938086315,0.202552631518054,0.0646868560775041,0.3012501738738823,-4.933790847849551,15.726223516197653,Dhit
GO_Molecular_Function_2018,purine NTP-dependent helicase activity (GO:0070035),1/6,0.0412768938086315,0.202552631518054,0.0646868560775041,0.3012501738738823,-4.487474085185027,14.303610076524324,Sec63
GO_Molecular_Function_2018,calcium:cation antiporter activity (GO:0015368),1/8,0.054656372932033,0.202552631518054,0.0824013079418638,0.3012501738738823,-3.0925041657752623,8.98894925618276,Calx
GO_Molecular_Function_2018,metal ion binding (GO:0046872),3/107,0.039345395261128,0.202552631518054,0.0862290201051931,0.3012501738738823,-1.197412209578149,3.874079121335931,Calx;Cad87A;Cbp53E
GO_Molecular_Function_2018,purine ribonucleoside triphosphate binding (GO:0035639),3/94,0.0283513821381289,0.202552631518054,0.0641256854281026,0.3012501738738823,-1.4336368421807306,5.108162038989742,betaTub56D;Rac1;Rgk1
GO_Molecular_Function_2018,protein kinase regulator activity (GO:0019887),2/47,0.0428455969193946,0.202552631518054,0.0785677063556159,0.3012501738738823,-1.554074992943253,4.895573060861143,pcs;Pka-R1
GO_Molecular_Function_2018,G-protein coupled photoreceptor activity (GO:0008020),1/9,0.0612764263415961,0.202552631518054,0.0911345063820148,0.3012501738738823,-1.4526240756486868,4.056249468656511,ninaE
GO_Molecular_Function_2018,G-protein coupled receptor binding (GO:0001664),2/50,0.0479029665087367,0.202552631518054,0.0870259019814531,0.3012501738738823,-1.6965582109875454,5.155124192988831,sNPF;sun
GO_Molecular_Function_2018,ATP-dependent helicase activity (GO:0008026),2/40,0.0319061688272276,0.202552631518054,0.0599717146021,0.3012501738738823,-1.801591878056374,6.206404583616072,bel;Sec63
GO_Molecular_Function_2018,voltage-gated calcium channel activity (GO:0005245),1/8,0.054656372932033,0.202552631518054,0.0824013079418638,0.3012501738738823,-2.907430466182192,8.45099748470016,Ca-alpha1T
GO_Molecular_Function_2018,lysophospholipid acyltransferase activity (GO:0071617),1/7,0.0479899694749689,0.202552631518054,0.0735856791807343,0.3012501738738823,-3.55542324333586,10.796978676207056,LPCAT
GO_Molecular_Function_2018,adrenergic receptor activity (GO:0004935),1/9,0.0612764263415961,0.202552631518054,0.0911345063820148,0.3012501738738823,-3.8076900149139137,10.632441564694664,Dop2R
GO_Molecular_Function_2018,poly(A) binding (GO:0008143),1/9,0.0612764263415961,0.202552631518054,0.0911345063820148,0.3012501738738823,-3.471567182440962,9.693865587965869,Sxl
GO_Molecular_Function_2018,mRNA 5'-UTR binding (GO:0048027),1/7,0.0479899694749689,0.202552631518054,0.0735856791807343,0.3012501738738823,-4.352297376796409,13.21689676689322,Sxl
GO_Molecular_Function_2018,protein kinase inhibitor activity (GO:0004860),1/7,0.0479899694749689,0.202552631518054,0.0735856791807343,0.3012501738738823,-2.674543256417908,8.121954696185151,pcs
GO_Molecular_Function_2018,fructokinase activity (GO:0008865),1/9,0.0612764263415961,0.202552631518054,0.0911345063820148,0.3012501738738823,-2.955360516623791,8.252430705370514,Hex-A
GO_Molecular_Function_2018,hexokinase activity (GO:0004396),1/9,0.0612764263415961,0.202552631518054,0.0911345063820148,0.3012501738738823,-3.006077322097536,8.394050287961397,Hex-A
GO_Molecular_Function_2018,calcium ion binding (GO:0005509),3/84,0.0211884058223235,0.202552631518054,0.049225741804778,0.3012501738738823,-1.1981382156218598,4.61798549284019,Calx;Cad87A;Cbp53E
GO_Molecular_Function_2018,mRNA 3'-UTR binding (GO:0003730),2/38,0.029017482299421,0.202552631518054,0.0549829480861034,0.3012501738738823,-1.927122504395872,6.821737687586168,Sxl;Imp
GO_Molecular_Function_2018,"oxidoreductase activity, acting on paired donors, with incorporation or reduction of molecular oxygen, reduced ascorbate as one donor, and incorporation of one atom of oxygen (GO:0016715)",1/7,0.0479899694749689,0.202552631518054,0.0735856791807343,0.3012501738738823,-3.049349302588263,9.260151926514876,Phm
GO_Molecular_Function_2018,kinase inhibitor activity (GO:0019210),1/6,0.0412768938086315,0.202552631518054,0.0646868560775041,0.3012501738738823,-2.839657292845774,9.05127247462419,pcs
GO_Biological_Process_2018,apical constriction involved in gastrulation (GO:0003384),1/12,0.080861674951084,0.2034797886064164,0.1331468423510692,0.3559971351808,-3.162115453666332,7.952768748782414,Rok
GO_Biological_Process_2018,"regulation of epithelial cell migration, open tracheal system (GO:2000274)",1/12,0.080861674951084,0.2034797886064164,0.1331468423510692,0.3559971351808,-2.4057176521761576,6.050416704563369,ple
GO_Biological_Process_2018,dopamine metabolic process (GO:0042417),1/12,0.080861674951084,0.2034797886064164,0.1331468423510692,0.3559971351808,-2.14052245329994,5.383446721698073,ple
GO_Biological_Process_2018,sensory perception (GO:0007600),4/232,0.0803403924520316,0.2034797886064164,0.2572179018005677,0.4008421109277883,-0.7050247679962569,1.7777078015228784,dpr3;dpr17;dpr9;dpr8
GO_Biological_Process_2018,regulation of RNA polymerase II transcriptional preinitiation complex assembly (GO:0045898),1/12,0.080861674951084,0.2034797886064164,0.1331468423510692,0.3559971351808,-1.097924548468591,2.761297038493084,Dsp1
GO_Biological_Process_2018,axon development (GO:0061564),2/66,0.0780918405035894,0.2034797886064164,0.1698762953928479,0.369856809692478,-1.206325641761287,3.075973205373011,Rac1;fax
GO_Biological_Process_2018,mitotic nuclear division (GO:0140014),2/67,0.0801376168206241,0.2034797886064164,0.1737724094325679,0.3737107980749819,-1.224308920053924,3.090167849465156,bel;luna
GO_Biological_Process_2018,regulation of post-mating oviposition (GO:0048042),1/12,0.080861674951084,0.2034797886064164,0.1331468423510692,0.3559971351808,-2.6061360148661525,6.554471953284631,SPR
GO_Biological_Process_2018,epithelial cell morphogenesis involved in gastrulation (GO:0003381),1/12,0.080861674951084,0.2034797886064164,0.1331468423510692,0.3559971351808,-2.655273564654885,6.678053642845801,Rok
GO_Biological_Process_2018,regulation of clathrin-dependent endocytosis (GO:2000369),1/12,0.080861674951084,0.2034797886064164,0.1331468423510692,0.3559971351808,-2.67271709788164,6.721924395810636,Pkc53E
GO_Biological_Process_2018,"dorsal closure, elongation of leading edge cells (GO:0007394)",1/12,0.080861674951084,0.2034797886064164,0.1331468423510692,0.3559971351808,-2.778189029023756,6.987187916435163,Rac1
GO_Biological_Process_2018,positive regulation of antimicrobial peptide production (GO:0002225),1/12,0.080861674951084,0.2034797886064164,0.1331468423510692,0.3559971351808,-2.989085235129968,7.517595101667318,vvl
GO_Biological_Process_2018,wing disc anterior/posterior pattern formation (GO:0048100),1/12,0.080861674951084,0.2034797886064164,0.1331468423510692,0.3559971351808,-3.1492002718576337,7.92028686892127,bi
GO_Biological_Process_2018,regulation of adult chitin-containing cuticle pigmentation (GO:0048082),1/13,0.0872995059277234,0.2038094929263201,0.1426307740300924,0.3559971351808,-2.4907369317545167,6.07343902642586,ple
GO_Biological_Process_2018,microtubule polymerization or depolymerization (GO:0031109),1/13,0.0872995059277234,0.2038094929263201,0.1426307740300924,0.3559971351808,-2.464848240488957,6.010311770443598,stai
GO_Biological_Process_2018,phospholipid biosynthetic process (GO:0008654),1/13,0.0872995059277234,0.2038094929263201,0.1426307740300924,0.3559971351808,-2.493513742878005,6.0802100317582175,LPCAT
GO_Biological_Process_2018,negative regulation of response to external stimulus (GO:0032102),1/13,0.0872995059277234,0.2038094929263201,0.1426307740300924,0.3559971351808,-2.5533603222292096,6.226140557778747,Dsp1
GO_Biological_Process_2018,negative regulation of developmental growth (GO:0048640),2/69,0.0842786966897366,0.2038094929263201,0.181608075987513,0.3767140495146384,-1.1920378476455014,2.9486559967527546,Octbeta1R;Cip4
GO_Biological_Process_2018,negative regulation of phosphorylation (GO:0042326),1/13,0.0872995059277234,0.2038094929263201,0.1426307740300924,0.3559971351808,-1.186587977937504,2.8933885556580585,svr
GO_Biological_Process_2018,axonal defasciculation (GO:0007414),1/13,0.0872995059277234,0.2038094929263201,0.1426307740300924,0.3559971351808,-1.733588986605766,4.227201545374292,beat-Ic
GO_Biological_Process_2018,skeletal muscle tissue development (GO:0007519),1/13,0.0872995059277234,0.2038094929263201,0.1426307740300924,0.3559971351808,-2.177236368358092,5.308995968524473,Msp300
GO_Biological_Process_2018,regulation of supramolecular fiber organization (GO:1902903),1/13,0.0872995059277234,0.2038094929263201,0.1426307740300924,0.3559971351808,-2.01505439828638,4.913529753743487,Rok
GO_Biological_Process_2018,mitochondrion localization (GO:0051646),1/13,0.0872995059277234,0.2038094929263201,0.1426307740300924,0.3559971351808,-2.3607607774057477,5.756503810079869,Msp300
GO_Biological_Process_2018,regulation of epithelial cell migration (GO:0010632),1/13,0.0872995059277234,0.2038094929263201,0.1426307740300924,0.3559971351808,-1.869390913911857,4.558342387528051,ple
GO_Biological_Process_2018,cell junction maintenance (GO:0034331),1/13,0.0872995059277234,0.2038094929263201,0.1426307740300924,0.3559971351808,-1.9562471070350715,4.770133438712939,Rac1
GO_Biological_Process_2018,protein depolymerization (GO:0051261),1/13,0.0872995059277234,0.2038094929263201,0.1426307740300924,0.3559971351808,-2.3543693447086853,5.740918873637076,stai
GO_Biological_Process_2018,muscle fiber development (GO:0048747),1/13,0.0872995059277234,0.2038094929263201,0.1426307740300924,0.3559971351808,-2.842465987648413,6.931098840900582,Rac1
GO_Biological_Process_2018,sensory perception of touch (GO:0050975),1/13,0.0872995059277234,0.2038094929263201,0.1426307740300924,0.3559971351808,-2.855037104167361,6.961752383110733,Rac1
GO_Biological_Process_2018,negative regulation of signal transduction (GO:0009968),3/146,0.0830666552383594,0.2038094929263201,0.2222750244983135,0.3887493907680303,-0.7439692413191623,1.85107873618739,swm;Smr;numb
GO_Biological_Process_2018,regulation of calcium ion transport (GO:0051924),1/13,0.0872995059277234,0.2038094929263201,0.1426307740300924,0.3559971351808,-1.6343131725823854,3.9851263604831,Rgk1
GO_Biological_Process_2018,germarium-derived female germ-line cyst encapsulation (GO:0030708),1/13,0.0872995059277234,0.2038094929263201,0.1426307740300924,0.3559971351808,-2.985817092295216,7.28064767616431,Cip4
GO_Biological_Process_2018,cGMP-mediated signaling (GO:0019934),1/13,0.0872995059277234,0.2038094929263201,0.1426307740300924,0.3559971351808,-2.6768210144381377,6.527188402989386,Pka-R1
GO_Biological_Process_2018,regulation of neurotransmitter transport (GO:0051588),1/14,0.0936925648737488,0.2084320102626152,0.1520121251398044,0.3631729371044354,-2.398183715379421,5.678266980439847,Frq2
GO_Biological_Process_2018,compound eye photoreceptor cell differentiation (GO:0001751),2/73,0.092749886269718,0.2084320102626152,0.1974319981226437,0.3812051787651046,-1.1074018897865745,2.633234258841739,mbl;klg
GO_Biological_Process_2018,"energy coupled proton transport, down electrochemical gradient (GO:0015985)",1/14,0.0936925648737488,0.2084320102626152,0.1520121251398044,0.3631729371044354,-2.239811810548886,5.303284049790468,sun
GO_Biological_Process_2018,regulation of chitin-based cuticle tanning (GO:0007564),1/14,0.0936925648737488,0.2084320102626152,0.1520121251398044,0.3631729371044354,-1.7229511695533426,4.079494274039432,ple
GO_Biological_Process_2018,positive regulation of chemotaxis (GO:0050921),1/14,0.0936925648737488,0.2084320102626152,0.1520121251398044,0.3631729371044354,-2.8119620458652985,6.657985012945859,Rac1
GO_Biological_Process_2018,nephrocyte differentiation (GO:0061319),1/14,0.0936925648737488,0.2084320102626152,0.1520121251398044,0.3631729371044354,-1.694006901177684,4.010961874984055,numb
GO_Biological_Process_2018,larval salivary gland morphogenesis (GO:0007436),1/14,0.0936925648737488,0.2084320102626152,0.1520121251398044,0.3631729371044354,-2.8350344374724035,6.712614355386237,trn
GO_Biological_Process_2018,positive regulation of receptor-mediated endocytosis (GO:0048260),1/14,0.0936925648737488,0.2084320102626152,0.1520121251398044,0.3631729371044354,-2.367804951957189,5.606338075185079,Pkc53E
GO_Biological_Process_2018,initiation of dorsal closure (GO:0007392),1/14,0.0936925648737488,0.2084320102626152,0.1520121251398044,0.3631729371044354,-2.061021605076476,4.879955964602706,Rac1
GO_Biological_Process_2018,regulation of protein dephosphorylation (GO:0035304),1/14,0.0936925648737488,0.2084320102626152,0.1520121251398044,0.3631729371044354,-1.0585779531450934,2.506433597650541,CG17124
GO_Biological_Process_2018,rhodopsin mediated signaling pathway (GO:0016056),1/14,0.0936925648737488,0.2084320102626152,0.1520121251398044,0.3631729371044354,-2.6484873616355946,6.270920045551359,ninaE
GO_Biological_Process_2018,chromatin remodeling (GO:0006338),2/73,0.092749886269718,0.2084320102626152,0.1974319981226437,0.3812051787651046,-1.1137073031889042,2.648227578557289,Dsp1;Top1
GO_Biological_Process_2018,female germ-line cyst encapsulation (GO:0048139),1/14,0.0936925648737488,0.2084320102626152,0.1520121251398044,0.3631729371044354,-2.7505734501652066,6.512632997708672,Cip4
GO_Molecular_Function_2018,poly(U) RNA binding (GO:0008266),1/12,0.080861674951084,0.2091856373734565,0.1168470569218961,0.3160181766751282,-1.5127129156325934,3.804496128493307,Sxl
GO_Molecular_Function_2018,"oxidoreductase activity, acting on the CH-NH group of donors, NAD or NADP as acceptor (GO:0016646)",1/12,0.080861674951084,0.2091856373734565,0.1168470569218961,0.3160181766751282,-2.7540909185120745,6.926580799778559,Dhpr
GO_Molecular_Function_2018,poly-purine tract binding (GO:0070717),1/10,0.067850449663955,0.2091856373734565,0.0997860316222468,0.3124878358696676,-3.379986857587334,9.093683158053778,Sxl
GO_Molecular_Function_2018,GTPase binding (GO:0051020),1/11,0.0743787606703796,0.2091856373734565,0.108356633957794,0.3160181766751282,-2.5111223205763853,6.525364425675537,Rok
GO_Molecular_Function_2018,kinase binding (GO:0019900),2/64,0.0740514784407036,0.2091856373734565,0.1296217505170597,0.324433598725509,-1.1280582372327126,2.9363296951894755,Msp300;Rac1
GO_Molecular_Function_2018,nucleoside-triphosphatase activity (GO:0017111),4/230,0.0783958141798208,0.2091856373734565,0.1814309909733777,0.3549926455007867,-0.7694467702215819,1.9589997380076851,CG14535;Rac1;Rgk1;sun
GO_Molecular_Function_2018,calcium channel regulator activity (GO:0005246),1/10,0.067850449663955,0.2091856373734565,0.0997860316222468,0.3124878358696676,-2.618596776887463,7.045201774752801,Rgk1
GO_Molecular_Function_2018,leak channel activity (GO:0022840),1/12,0.080861674951084,0.2091856373734565,0.1168470569218961,0.3160181766751282,-2.2971360711798963,5.77733236697562,CG42594
GO_Molecular_Function_2018,potassium ion leak channel activity (GO:0022841),1/12,0.080861674951084,0.2091856373734565,0.1168470569218961,0.3160181766751282,-2.61845118932206,6.585444805472931,CG42594
GO_Molecular_Function_2018,protein phosphatase inhibitor activity (GO:0004864),1/12,0.080861674951084,0.2091856373734565,0.1168470569218961,0.3160181766751282,-2.5267663099920035,6.354855931108288,CG17124
GO_Biological_Process_2018,long-term memory (GO:0007616),2/74,0.0949052161716397,0.2103193084046705,0.2014155265612127,0.3836693511704201,-1.0826513541938647,2.549510350720808,klg;svr
GO_Biological_Process_2018,open tracheal system development (GO:0007424),3/155,0.0952260060855023,0.2103193084046705,0.248424595944315,0.3926162445947298,-0.8118864069274504,1.909152673113936,Rac1;vvl;sr
GO_Biological_Process_2018,positive regulation of cellular component movement (GO:0051272),1/15,0.100041160937027,0.2103605233401869,0.1612919924465416,0.3640929535374138,-2.7007289196826663,6.217546734068376,Rac1
GO_Biological_Process_2018,actin nucleation (GO:0045010),1/15,0.100041160937027,0.2103605233401869,0.1612919924465416,0.3640929535374138,-1.8410555498117185,4.238429424570055,capu
GO_Biological_Process_2018,mitochondrial respiratory chain complex I assembly (GO:0032981),1/15,0.100041160937027,0.2103605233401869,0.1612919924465416,0.3640929535374138,-2.5022582684600736,5.760632846738118,ND-B12
GO_Biological_Process_2018,glycerophospholipid metabolic process (GO:0006650),1/15,0.100041160937027,0.2103605233401869,0.1612919924465416,0.3640929535374138,-1.756420169803509,4.04358408977114,Vap33
GO_Biological_Process_2018,regulation of GTPase activity (GO:0043087),2/75,0.0970749396650297,0.2103605233401869,0.2054086759269757,0.3836693511704201,-0.968702397259165,2.2592775015753417,RhoGAP93B;Dhit
GO_Biological_Process_2018,stabilization of membrane potential (GO:0030322),1/15,0.100041160937027,0.2103605233401869,0.1612919924465416,0.3640929535374138,-2.591592389868393,5.9662954997926985,CG42594
GO_Biological_Process_2018,NADH dehydrogenase complex assembly (GO:0010257),1/15,0.100041160937027,0.2103605233401869,0.1612919924465416,0.3640929535374138,-0.97442736099058,2.2433009147122114,ND-B12
GO_Biological_Process_2018,positive regulation of axon extension (GO:0045773),1/15,0.100041160937027,0.2103605233401869,0.1612919924465416,0.3640929535374138,-1.172548844163502,2.6994109565876188,Rac1
GO_Biological_Process_2018,lipid modification (GO:0030258),1/15,0.100041160937027,0.2103605233401869,0.1612919924465416,0.3640929535374138,-2.309700085098564,5.317330486641137,LPCAT
GO_Biological_Process_2018,regulation of phosphatidylinositol 3-kinase signaling (GO:0014066),1/15,0.100041160937027,0.2103605233401869,0.1612919924465416,0.3640929535374138,-2.116302682875734,4.872096099063597,Lnk
GO_Biological_Process_2018,mitochondrial respiratory chain complex I biogenesis (GO:0097031),1/15,0.100041160937027,0.2103605233401869,0.1612919924465416,0.3640929535374138,-2.3113627719850363,5.321158280443553,ND-B12
GO_Biological_Process_2018,regulation of antimicrobial peptide biosynthetic process (GO:0002805),1/15,0.100041160937027,0.2103605233401869,0.1612919924465416,0.3640929535374138,-2.666218758967757,6.138098354232324,vvl
GO_Biological_Process_2018,ATP biosynthetic process (GO:0006754),1/15,0.100041160937027,0.2103605233401869,0.1612919924465416,0.3640929535374138,-2.245485701643361,5.16949783034514,sun
GO_Biological_Process_2018,cell-cell adhesion mediated by cadherin (GO:0044331),1/15,0.100041160937027,0.2103605233401869,0.1612919924465416,0.3640929535374138,-2.4200917789530574,5.571471326394107,Cad87A
GO_Biological_Process_2018,positive regulation of axon guidance (GO:1902669),1/16,0.1063456011400194,0.2162125798012316,0.1704714611449044,0.369856809692478,-2.805026574618502,6.286235941677977,Rac1
GO_Biological_Process_2018,visceral muscle development (GO:0007522),1/16,0.1063456011400194,0.2162125798012316,0.1704714611449044,0.369856809692478,-2.04099952498124,4.57400464116092,Msp300
GO_Biological_Process_2018,cuticle development involved in chitin-based cuticle molting cycle (GO:0042337),1/16,0.1063456011400194,0.2162125798012316,0.1704714611449044,0.369856809692478,-2.0310433676536466,4.55169228426561,CrebA
GO_Biological_Process_2018,regulation of cuticle pigmentation (GO:0048079),1/16,0.1063456011400194,0.2162125798012316,0.1704714611449044,0.369856809692478,-2.076886811804631,4.654430243656038,ple
GO_Biological_Process_2018,ecdysone-mediated induction of salivary gland cell autophagic cell death (GO:0035072),1/16,0.1063456011400194,0.2162125798012316,0.1704714611449044,0.369856809692478,-2.13479002424688,4.784194880642619,bel
GO_Biological_Process_2018,positive regulation of developmental growth (GO:0048639),2/78,0.103667453913643,0.2162125798012316,0.2174391628423002,0.3887493907680303,-1.0679260266047872,2.420525955997026,sNPF;Rac1
GO_Biological_Process_2018,striated muscle tissue development (GO:0014706),1/16,0.1063456011400194,0.2162125798012316,0.1704714611449044,0.369856809692478,-1.5518623746952094,3.4778184009445763,Msp300
GO_Biological_Process_2018,male germ-line stem cell population maintenance (GO:0036098),1/16,0.1063456011400194,0.2162125798012316,0.1704714611449044,0.369856809692478,-2.206392400300075,4.944660180304299,bel
GO_Biological_Process_2018,regulation of axon extension (GO:0030516),1/16,0.1063456011400194,0.2162125798012316,0.1704714611449044,0.369856809692478,-1.6011937065471535,3.5883729297838305,Rac1
GO_Biological_Process_2018,induction of programmed cell death by ecdysone (GO:0035078),1/16,0.1063456011400194,0.2162125798012316,0.1704714611449044,0.369856809692478,-2.060243628815194,4.617131853673279,bel
GO_Molecular_Function_2018,ATPase activity (GO:0016887),3/148,0.085707328807477,0.2170036622997823,0.1725244290107759,0.3511428959329793,-0.8735713337995896,2.1462048512017216,CG14535;Myo81F;sun
GO_Molecular_Function_2018,mannosyltransferase activity (GO:0000030),1/14,0.0936925648737488,0.2178511504405911,0.1335903053575625,0.324433598725509,-2.9796505592127094,7.055027217107854,egh
GO_Molecular_Function_2018,exopeptidase activity (GO:0008238),1/14,0.0936925648737488,0.2178511504405911,0.1335903053575625,0.324433598725509,-2.4513801939061244,5.804222221298476,svr
GO_Molecular_Function_2018,adenylyltransferase activity (GO:0070566),1/14,0.0936925648737488,0.2178511504405911,0.1335903053575625,0.324433598725509,-2.577220706142552,6.102179388154098,hrg
GO_Molecular_Function_2018,carbohydrate kinase activity (GO:0019200),1/14,0.0936925648737488,0.2178511504405911,0.1335903053575625,0.324433598725509,-1.977942508485373,4.683246559934185,Hex-A
GO_Molecular_Function_2018,DNA binding (GO:0003677),6/448,0.0951954606967289,0.2178511504405911,0.2604351938957231,0.3765346250966272,-0.749659752577761,1.763067063338864,Dsp1;CrebA;mbl;bi;luna;zfh2
GO_Molecular_Function_2018,neuropeptide receptor binding (GO:0071855),1/16,0.1063456011400194,0.2181918368217641,0.1500215920511533,0.3245921718924953,-2.430138881205978,5.446089714990952,sNPF
GO_Molecular_Function_2018,"proton-transporting ATP synthase activity, rotational mechanism (GO:0046933)",1/15,0.100041160937027,0.2181918368217641,0.1418445845830884,0.3245921718924953,-2.238055301453367,5.152391759425757,sun
GO_Molecular_Function_2018,pre-mRNA binding (GO:0036002),1/16,0.1063456011400194,0.2181918368217641,0.1500215920511533,0.3245921718924953,-2.3036179843004274,5.162548654561186,Sxl
GO_Molecular_Function_2018,Notch binding (GO:0005112),1/16,0.1063456011400194,0.2181918368217641,0.1500215920511533,0.3245921718924953,-2.208099593702994,4.948486105030266,numb
GO_Molecular_Function_2018,O-acyltransferase activity (GO:0008374),1/16,0.1063456011400194,0.2181918368217641,0.1500215920511533,0.3245921718924953,-1.4432541444419376,3.234420720951826,LPCAT
GO_Molecular_Function_2018,potassium ion transmembrane transporter activity (GO:0015079),1/16,0.1063456011400194,0.2181918368217641,0.1500215920511533,0.3245921718924953,-1.9528610307314471,4.376480890258924,CG42594
GO_Biological_Process_2018,embryonic development via the syncytial blastoderm (GO:0001700),3/166,0.1110086784366618,0.2188656719420668,0.2809898124004782,0.4071249779974738,-0.6243223313309226,1.3723521951006057,Rac1;Rok;sr
GO_Biological_Process_2018,positive regulation of axonogenesis (GO:0050772),1/17,0.1126061903996517,0.2188656719420668,0.1795516049383056,0.3737107980749819,-1.1727872327168771,2.5612014699264143,Rac1
GO_Biological_Process_2018,positive regulation of smoothened signaling pathway (GO:0045880),1/17,0.1126061903996517,0.2188656719420668,0.1795516049383056,0.3737107980749819,-2.072368335625403,4.52575938700902,apolpp
GO_Biological_Process_2018,regulation of antimicrobial humoral response (GO:0002759),1/17,0.1126061903996517,0.2188656719420668,0.1795516049383056,0.3737107980749819,-2.27758396298255,4.973921297180396,Dsp1
GO_Biological_Process_2018,regulation of neural precursor cell proliferation (GO:2000177),1/17,0.1126061903996517,0.2188656719420668,0.1795516049383056,0.3737107980749819,-1.983716697722594,4.332156746245219,numb
GO_Biological_Process_2018,leg disc development (GO:0035218),1/17,0.1126061903996517,0.2188656719420668,0.1795516049383056,0.3737107980749819,-2.4777072709148555,5.410962301843594,Dsp1
GO_Biological_Process_2018,DNA duplex unwinding (GO:0032508),1/17,0.1126061903996517,0.2188656719420668,0.1795516049383056,0.3737107980749819,-2.0377559669206686,4.450170868366269,Dsp1
GO_Biological_Process_2018,positive regulation of transport (GO:0051050),1/17,0.1126061903996517,0.2188656719420668,0.1795516049383056,0.3737107980749819,-1.838724545026248,4.015514388403893,numb
GO_Biological_Process_2018,cellular macromolecule biosynthetic process (GO:0034645),3/166,0.1110086784366618,0.2188656719420668,0.2809898124004782,0.4071249779974738,-0.7765251651097407,1.7069163818270592,mRpL33;Top1;RpL41
GO_Biological_Process_2018,ameboidal-type cell migration (GO:0001667),1/17,0.1126061903996517,0.2188656719420668,0.1795516049383056,0.3737107980749819,-0.9808485928248408,2.142034622851916,Rac1
GO_Biological_Process_2018,salivary gland development (GO:0007431),2/82,0.1126409647128552,0.2188656719420668,0.233575030577009,0.3926162445947298,-0.8346891594914372,1.822585365667771,CrebA;Rac1
GO_Biological_Process_2018,regulation of cytosolic calcium ion concentration (GO:0051480),1/17,0.1126061903996517,0.2188656719420668,0.1795516049383056,0.3737107980749819,-1.4257508753941524,3.113638293408944,Cbp53E
GO_Biological_Process_2018,TORC1 signaling (GO:0038202),1/17,0.1126061903996517,0.2188656719420668,0.1795516049383056,0.3737107980749819,-2.8059097697357687,6.127710147457781,Lnk
GO_Biological_Process_2018,neuron projection fasciculation (GO:0106030),1/17,0.1126061903996517,0.2188656719420668,0.1795516049383056,0.3737107980749819,-1.8065996023055129,3.945358056358016,Rac1
GO_Molecular_Function_2018,TBP-class protein binding (GO:0017025),1/17,0.1126061903996517,0.2196743714353862,0.1581220383392409,0.330114430918766,-2.265483130564102,4.947494790382853,Dsp1
GO_Molecular_Function_2018,poly-pyrimidine tract binding (GO:0008187),1/17,0.1126061903996517,0.2196743714353862,0.1581220383392409,0.330114430918766,-1.6951202617359482,3.7019029410838176,Sxl
GO_Molecular_Function_2018,GTPase activator activity (GO:0005096),2/81,0.1103787914640732,0.2196743714353862,0.1862463308310175,0.356098982851667,-1.0522250489640017,2.3189327792267,RhoGAP93B;Dhit
GO_Molecular_Function_2018,GTPase regulator activity (GO:0030695),2/83,0.1149151992858476,0.2205630437905785,0.1931389658690629,0.356098982851667,-1.0422628610874136,2.25499909054047,RhoGAP93B;Dhit
GO_Biological_Process_2018,nuclear migration (GO:0007097),1/18,0.1188232315495645,0.2250681968846603,0.1885334861993499,0.379539542709511,-1.99139221911862,4.2419010868976414,Msp300
GO_Biological_Process_2018,somatic muscle development (GO:0007525),2/85,0.1194987494859923,0.2250681968846603,0.2457271706217994,0.3926162445947298,-0.8841941136307929,1.878425629621516,mbl;sr
GO_Biological_Process_2018,positive regulation of endocytosis (GO:0045807),1/18,0.1188232315495645,0.2250681968846603,0.1885334861993499,0.379539542709511,-1.877700381523796,3.999724018595986,numb
GO_Biological_Process_2018,regulation of feeding behavior (GO:0060259),1/18,0.1188232315495645,0.2250681968846603,0.1885334861993499,0.379539542709511,-2.108794700092202,4.49198226471139,Pka-R1
GO_Biological_Process_2018,Ras protein signal transduction (GO:0007265),2/85,0.1194987494859923,0.2250681968846603,0.2457271706217994,0.3926162445947298,-0.8843918933544972,1.8788458026313768,Rac1;Rok
GO_Biological_Process_2018,medium-term memory (GO:0072375),1/18,0.1188232315495645,0.2250681968846603,0.1885334861993499,0.379539542709511,-1.8094926948551244,3.8544335743345006,Rgk1
GO_Biological_Process_2018,nucleus localization (GO:0051647),1/18,0.1188232315495645,0.2250681968846603,0.1885334861993499,0.379539542709511,-1.8169941030946395,3.8704124615968727,Msp300
GO_Biological_Process_2018,regulation of lamellipodium assembly (GO:0010591),1/18,0.1188232315495645,0.2250681968846603,0.1885334861993499,0.379539542709511,-1.2837077482328625,2.7344494169501137,Rac1
GO_Biological_Process_2018,"regulation of gene expression, epigenetic (GO:0040029)",1/18,0.1188232315495645,0.2250681968846603,0.1885334861993499,0.379539542709511,-2.0974082330842174,4.467727742516625,Sxl
GO_Biological_Process_2018,positive regulation of Rho protein signal transduction (GO:0035025),1/18,0.1188232315495645,0.2250681968846603,0.1885334861993499,0.379539542709511,-2.071432374122373,4.412396088960143,CG42674
KEGG_2019,Protein processing in endoplasmic reticulum,3/132,0.0656184179713046,0.2296644628995661,0.114590047166276,0.3818796803788824,3.2498756582631545,-8.852332602896647,l(1)G0320;CG8860;Sec63
GO_Biological_Process_2018,negative regulation of protein modification process (GO:0031400),1/19,0.1249970253575159,0.2297849508069304,0.1974181560605337,0.3812051787651046,-1.756370337157968,3.652311238748407,svr
GO_Biological_Process_2018,ATP synthesis coupled proton transport (GO:0015986),1/19,0.1249970253575159,0.2297849508069304,0.1974181560605337,0.3812051787651046,-1.985725802071819,4.129247978370583,sun
GO_Biological_Process_2018,photoreceptor cell morphogenesis (GO:0008594),1/19,0.1249970253575159,0.2297849508069304,0.1974181560605337,0.3812051787651046,-2.166583283992137,4.505334843341308,ninaE
GO_Biological_Process_2018,R7 cell fate commitment (GO:0007465),1/19,0.1249970253575159,0.2297849508069304,0.1974181560605337,0.3812051787651046,-1.8334682083040368,3.812633589515275,klg
GO_Biological_Process_2018,regulation of hemocyte differentiation (GO:0045610),1/19,0.1249970253575159,0.2297849508069304,0.1974181560605337,0.3812051787651046,-2.1078871436548687,4.383278253970841,Rac1
GO_Biological_Process_2018,regulation of neurotransmitter secretion (GO:0046928),1/19,0.1249970253575159,0.2297849508069304,0.1974181560605337,0.3812051787651046,-2.058038016176657,4.279618721195379,Frq2
GO_Biological_Process_2018,regulation of compound eye retinal cell programmed cell death (GO:0046669),1/19,0.1249970253575159,0.2297849508069304,0.1974181560605337,0.3812051787651046,-2.1574063836331945,4.486251797124486,ninaE
GO_Biological_Process_2018,positive regulation of protein serine/threonine kinase activity (GO:0071902),1/19,0.1249970253575159,0.2297849508069304,0.1974181560605337,0.3812051787651046,-1.8247385129654825,3.794480490637824,Rac1
GO_Molecular_Function_2018,cation channel activity (GO:0005261),2/86,0.1218075217324535,0.2300808743835233,0.2035412869062026,0.3615136289826583,-0.9320759238034552,1.962311718597923,CG42594;Ca-alpha1T
GO_Biological_Process_2018,"regulation of alternative mRNA splicing, via spliceosome (GO:0000381)",2/88,0.1264577258651205,0.2317762497945791,0.2579053921613106,0.4008959766760625,-0.8488554260564044,1.7553033240825604,mbl;Sxl
GO_Molecular_Function_2018,voltage-gated cation channel activity (GO:0022843),1/19,0.1249970253575159,0.2324163440241311,0.1740960576474435,0.3511428959329793,-2.0043293998771023,4.16793351518928,Ca-alpha1T
GO_Biological_Process_2018,regulation of organelle organization (GO:0033043),1/20,0.131127870468434,0.2354167031216915,0.2062066545378479,0.3836693511704201,-1.5074540533604937,3.0625170051615203,stai
GO_Biological_Process_2018,regulation of actin filament-based process (GO:0032970),1/20,0.131127870468434,0.2354167031216915,0.2062066545378479,0.3836693511704201,-1.3404360481916826,2.7232061785015724,Rok
GO_Biological_Process_2018,positive regulation of antimicrobial peptide biosynthetic process (GO:0002807),1/20,0.131127870468434,0.2354167031216915,0.2062066545378479,0.3836693511704201,-2.355790925678666,4.785983197572654,vvl
GO_Biological_Process_2018,chitin-based larval cuticle pattern formation (GO:0035293),1/20,0.131127870468434,0.2354167031216915,0.2062066545378479,0.3836693511704201,-1.8289021699916777,3.715565316163491,CrebA
GO_Biological_Process_2018,positive regulation of cellular component organization (GO:0051130),1/20,0.131127870468434,0.2354167031216915,0.2062066545378479,0.3836693511704201,-1.772893665634763,3.601779428862755,numb
GO_Biological_Process_2018,"anterior/posterior pattern specification, imaginal disc (GO:0007448)",1/20,0.131127870468434,0.2354167031216915,0.2062066545378479,0.3836693511704201,-2.0077981923528148,4.079007312564903,bi
GO_Biological_Process_2018,hemocyte migration (GO:0035099),1/20,0.131127870468434,0.2354167031216915,0.2062066545378479,0.3836693511704201,-1.7781470509693882,3.612452113636192,Rac1
GO_Molecular_Function_2018,enhancer binding (GO:0035326),1/20,0.131127870468434,0.2364669429548477,0.1819710199625881,0.3549926455007867,-2.3236332661357246,4.720652264946941,CrebA
GO_Molecular_Function_2018,protein kinase binding (GO:0019901),2/90,0.1311497330673945,0.2364669429548477,0.2175103270157006,0.3730139022716715,-0.8872695280185452,1.8024131677145907,Msp300;Rac1
GO_Biological_Process_2018,negative regulation of protein phosphorylation (GO:0001933),1/21,0.1372160635701,0.2379962232543543,0.214900010666818,0.3858146390334101,-1.9074142087765131,3.788503219615332,svr
GO_Biological_Process_2018,axonal fasciculation (GO:0007413),1/21,0.1372160635701,0.2379962232543543,0.214900010666818,0.3858146390334101,-2.2533816706143504,4.475663269605481,Rac1
GO_Biological_Process_2018,ATP generation from ADP (GO:0006757),1/21,0.1372160635701,0.2379962232543543,0.214900010666818,0.3858146390334101,-1.673931757171308,3.324760726998909,Hex-A
GO_Biological_Process_2018,negative regulation of supramolecular fiber organization (GO:1902904),1/21,0.1372160635701,0.2379962232543543,0.214900010666818,0.3858146390334101,-1.5039373041870103,2.9871180013211656,Cip4
GO_Biological_Process_2018,cell cycle comprising mitosis without cytokinesis (GO:0033301),1/21,0.1372160635701,0.2379962232543543,0.214900010666818,0.3858146390334101,-1.7303063326379833,3.436731823616116,luna
GO_Biological_Process_2018,epidermis development (GO:0008544),1/21,0.1372160635701,0.2379962232543543,0.214900010666818,0.3858146390334101,-2.060382604958563,4.092328816996623,Rok
GO_Biological_Process_2018,detection of visible light (GO:0009584),1/21,0.1372160635701,0.2379962232543543,0.214900010666818,0.3858146390334101,-1.0188244655668304,2.0235876141966243,ninaE
GO_Biological_Process_2018,TOR signaling (GO:0031929),1/21,0.1372160635701,0.2379962232543543,0.214900010666818,0.3858146390334101,-1.0276934332042849,2.0412031443182714,Lnk
GO_Biological_Process_2018,glycolytic process (GO:0006096),1/21,0.1372160635701,0.2379962232543543,0.214900010666818,0.3858146390334101,-1.853853699257171,3.682121416531028,Hex-A
GO_Biological_Process_2018,dosage compensation (GO:0007549),1/21,0.1372160635701,0.2379962232543543,0.214900010666818,0.3858146390334101,-1.8636691108102748,3.7016167721279833,Sxl
GO_Biological_Process_2018,neuroblast development (GO:0014019),1/21,0.1372160635701,0.2379962232543543,0.214900010666818,0.3858146390334101,-1.8998802098905467,3.773539202410925,numb
GO_Biological_Process_2018,phototaxis (GO:0042331),1/21,0.1372160635701,0.2379962232543543,0.214900010666818,0.3858146390334101,-2.060717554692977,4.092994093653052,ninaE
GO_Biological_Process_2018,"regulation of mRNA splicing, via spliceosome (GO:0048024)",2/93,0.1382616562540933,0.239134244901446,0.278221994864168,0.4071249779974738,-0.7932543624790158,1.5695388955725385,mbl;Sxl
GO_Molecular_Function_2018,cation-transporting ATPase activity (GO:0019829),1/22,0.1432618992625746,0.2401150142569913,0.1975002762034455,0.356098982851667,-1.8226323520136432,3.5415220388013284,sun
GO_Molecular_Function_2018,core promoter proximal region sequence-specific DNA binding (GO:0000987),2/95,0.1430493133010598,0.2401150142569913,0.2350927955493728,0.3730139022716715,-0.8842089476929338,1.719402532710241,bi;zfh2
GO_Molecular_Function_2018,RNA polymerase II core promoter proximal region sequence-specific DNA binding (GO:0000978),2/92,0.1358814946079339,0.2401150142569913,0.2245296200576329,0.3730139022716715,-0.88588962325741,1.76821100384192,bi;zfh2
GO_Molecular_Function_2018,protein phosphatase regulator activity (GO:0019888),1/21,0.1372160635701,0.2401150142569913,0.1897721997947956,0.356098982851667,-1.7366815658076704,3.449394302105594,MYPT-75D
GO_Molecular_Function_2018,metallocarboxypeptidase activity (GO:0004181),1/22,0.1432618992625746,0.2401150142569913,0.1975002762034455,0.356098982851667,-1.951961984398968,3.792819972175921,svr
GO_Biological_Process_2018,negative regulation of smoothened signaling pathway (GO:0045879),1/22,0.1432618992625746,0.2416560608440132,0.2234992425751053,0.3887493907680303,-1.894757581438985,3.681667191651956,swm
GO_Biological_Process_2018,calcium-dependent cell-cell adhesion via plasma membrane cell adhesion molecules (GO:0016339),1/22,0.1432618992625746,0.2416560608440132,0.2234992425751053,0.3887493907680303,-2.0340233604916227,3.9522718614422474,Cad87A
GO_Biological_Process_2018,regulation of RNA splicing (GO:0043484),1/22,0.1432618992625746,0.2416560608440132,0.2234992425751053,0.3887493907680303,-1.8037478990862328,3.504828019758354,Sxl
GO_Biological_Process_2018,positive regulation of protein polymerization (GO:0032273),1/22,0.1432618992625746,0.2416560608440132,0.2234992425751053,0.3887493907680303,-0.9366693626641508,1.8200243111454733,svr
GO_Biological_Process_2018,"branch fusion, open tracheal system (GO:0035147)",1/22,0.1432618992625746,0.2416560608440132,0.2234992425751053,0.3887493907680303,-0.8689352747813043,1.688411501381515,trn
GO_Biological_Process_2018,tube fusion (GO:0035146),1/22,0.1432618992625746,0.2416560608440132,0.2234992425751053,0.3887493907680303,-1.356357788693772,2.6355128591083363,trn
GO_Biological_Process_2018,organophosphate biosynthetic process (GO:0090407),1/22,0.1432618992625746,0.2416560608440132,0.2234992425751053,0.3887493907680303,-1.3859847853070095,2.6930805091795937,LPCAT
GO_Biological_Process_2018,stem cell development (GO:0048864),1/22,0.1432618992625746,0.2416560608440132,0.2234992425751053,0.3887493907680303,-0.7876347345185154,1.530437977654133,numb
GO_Biological_Process_2018,peptide biosynthetic process (GO:0043043),2/94,0.1406510100379654,0.2416560608440132,0.2822838295487025,0.4078171090421255,-0.7779510047592291,1.5259303290328927,mRpL33;RpL41
GO_Biological_Process_2018,regulation of axon guidance (GO:1902667),1/23,0.1492656701174132,0.2457081004077527,0.2320053576462786,0.3926162445947298,-1.6738411854027877,3.1836920319030857,Rac1
GO_Biological_Process_2018,response to ethanol (GO:0045471),1/23,0.1492656701174132,0.2457081004077527,0.2320053576462786,0.3926162445947298,-2.00849501315689,3.8202128285939754,Pka-R1
GO_Biological_Process_2018,proton transport (GO:0015992),1/23,0.1492656701174132,0.2457081004077527,0.2320053576462786,0.3926162445947298,-1.4887374002658686,2.8316195348497293,sun
GO_Biological_Process_2018,"male courtship behavior, veined wing generated song production (GO:0045433)",1/23,0.1492656701174132,0.2457081004077527,0.2320053576462786,0.3926162445947298,-2.2306974729741524,4.242848026579768,fru
GO_Biological_Process_2018,positive regulation of filopodium assembly (GO:0051491),1/23,0.1492656701174132,0.2457081004077527,0.2320053576462786,0.3926162445947298,-2.125047158921539,4.0418982196622,Rac1
GO_Biological_Process_2018,regulation of phosphorylation (GO:0042325),1/23,0.1492656701174132,0.2457081004077527,0.2320053576462786,0.3926162445947298,-1.886695252402788,3.588546329297492,Rok
GO_Biological_Process_2018,regulation of cellular localization (GO:0060341),1/23,0.1492656701174132,0.2457081004077527,0.2320053576462786,0.3926162445947298,-0.6153068593432515,1.1703305919044091,Frq2
GO_Biological_Process_2018,phospholipid metabolic process (GO:0006644),1/23,0.1492656701174132,0.2457081004077527,0.2320053576462786,0.3926162445947298,-1.6587871739800997,3.15505888759253,LPCAT
GO_Biological_Process_2018,hydrogen ion transmembrane transport (GO:1902600),1/23,0.1492656701174132,0.2457081004077527,0.2320053576462786,0.3926162445947298,-1.6290071750251185,3.098416509444664,sun
GO_Biological_Process_2018,"male courtship behavior, veined wing vibration (GO:0016545)",1/24,0.1552276667169262,0.2488506197498503,0.2404193525927953,0.3926162445947298,-2.0398726925232475,3.8000021849565098,fru
GO_Biological_Process_2018,calcium ion transmembrane transport (GO:0070588),1/24,0.1552276667169262,0.2488506197498503,0.2404193525927953,0.3926162445947298,-1.819536246137474,3.3895456987452017,Ca-alpha1T
GO_Biological_Process_2018,regulation of protein serine/threonine kinase activity (GO:0071900),1/24,0.1552276667169262,0.2488506197498503,0.2404193525927953,0.3926162445947298,-1.5001243104599744,2.794525206572084,Rac1
GO_Biological_Process_2018,nicotinamide nucleotide metabolic process (GO:0046496),1/24,0.1552276667169262,0.2488506197498503,0.2404193525927953,0.3926162445947298,-1.51117683829622,2.815114545348453,Hex-A
GO_Biological_Process_2018,cell fate determination involved in pattern specification (GO:0060582),1/24,0.1552276667169262,0.2488506197498503,0.2404193525927953,0.3926162445947298,-1.4227993797531668,2.6504794988597964,numb
GO_Biological_Process_2018,embryonic heart tube development (GO:0035050),1/24,0.1552276667169262,0.2488506197498503,0.2404193525927953,0.3926162445947298,-1.774689637550598,3.306002636845972,numb
GO_Biological_Process_2018,cellular response to radiation (GO:0071478),1/24,0.1552276667169262,0.2488506197498503,0.2404193525927953,0.3926162445947298,-1.1367598127386842,2.1176271382085394,ninaE
GO_Biological_Process_2018,RNA polyadenylation (GO:0043631),1/24,0.1552276667169262,0.2488506197498503,0.2404193525927953,0.3926162445947298,-1.6602929430163187,3.0928973333751237,hrg
GO_Biological_Process_2018,sensory organ precursor cell fate determination (GO:0016360),1/24,0.1552276667169262,0.2488506197498503,0.2404193525927953,0.3926162445947298,-1.4981915862031605,2.7909248071816064,numb
GO_Biological_Process_2018,coenzyme biosynthetic process (GO:0009108),1/24,0.1552276667169262,0.2488506197498503,0.2404193525927953,0.3926162445947298,-1.639323791703823,3.053834689369824,Dhpr
GO_Biological_Process_2018,embryonic hemopoiesis (GO:0035162),1/25,0.1611481776603723,0.2498610633420924,0.2487422135950324,0.3926162445947298,-1.6049325877763727,2.929693665139991,Rac1
GO_Biological_Process_2018,plasma membrane organization (GO:0007009),1/25,0.1611481776603723,0.2498610633420924,0.2487422135950324,0.3926162445947298,-1.81107219884879,3.305987297217098,Cip4
GO_Biological_Process_2018,neurotransmitter transport (GO:0006836),1/25,0.1611481776603723,0.2498610633420924,0.2487422135950324,0.3926162445947298,-1.7885359953226807,3.264849013148592,CG10804
GO_Biological_Process_2018,regulation of secretion by cell (GO:1903530),1/25,0.1611481776603723,0.2498610633420924,0.2487422135950324,0.3926162445947298,-1.6574909067355907,3.0256352487790688,Frq2
GO_Biological_Process_2018,mRNA polyadenylation (GO:0006378),1/25,0.1611481776603723,0.2498610633420924,0.2487422135950324,0.3926162445947298,-1.6535984159990418,3.0185297756026013,hrg
GO_Biological_Process_2018,regulation of Rho protein signal transduction (GO:0035023),1/25,0.1611481776603723,0.2498610633420924,0.2487422135950324,0.3926162445947298,-0.6169768346886687,1.1262486274453891,CG42674
GO_Biological_Process_2018,positive regulation of cytoskeleton organization (GO:0051495),1/25,0.1611481776603723,0.2498610633420924,0.2487422135950324,0.3926162445947298,-1.4823245694472011,2.7058811901923563,svr
GO_Biological_Process_2018,regulation of signal transduction (GO:0009966),2/102,0.1600682396389944,0.2498610633420924,0.3146853733899048,0.4237210948714946,-0.7275034470320114,1.33289911941291,RSG7;numb
GO_Biological_Process_2018,positive regulation of cellular amide metabolic process (GO:0034250),1/25,0.1611481776603723,0.2498610633420924,0.2487422135950324,0.3926162445947298,-1.4843491461130964,2.7095769151579026,vvl
GO_Biological_Process_2018,neuroblast differentiation (GO:0014016),1/25,0.1611481776603723,0.2498610633420924,0.2487422135950324,0.3926162445947298,-1.1199451260871938,2.044382528083628,numb
GO_Biological_Process_2018,dendrite guidance (GO:0070983),1/25,0.1611481776603723,0.2498610633420924,0.2487422135950324,0.3926162445947298,-1.9655239639886544,3.587928334084499,Toll-6
GO_Biological_Process_2018,regulation of stem cell proliferation (GO:0072091),1/25,0.1611481776603723,0.2498610633420924,0.2487422135950324,0.3926162445947298,-1.0718042791899982,1.9565047347960007,numb
GO_Biological_Process_2018,apical constriction (GO:0003383),1/25,0.1611481776603723,0.2498610633420924,0.2487422135950324,0.3926162445947298,-0.9501630591513835,1.7344570833985178,Rok
GO_Molecular_Function_2018,RNA polymerase II regulatory region sequence-specific DNA binding (GO:0000977),3/200,0.1652483328263288,0.2539634636924507,0.303652813528714,0.3927683131512714,-0.798336469657974,1.4372498478069842,bi;vvl;zfh2
GO_Molecular_Function_2018,protein phosphatase 1 binding (GO:0008157),1/27,0.1728658870511639,0.2539634636924507,0.2350674472430425,0.3730139022716715,-1.770051007314585,3.1068629219673465,MYPT-75D
GO_Molecular_Function_2018,single-stranded RNA binding (GO:0003727),1/24,0.1552276667169262,0.2539634636924507,0.2127398043310144,0.3722946575792753,-1.938880256184261,3.611867170375027,Sxl
GO_Molecular_Function_2018,heme binding (GO:0020037),1/26,0.1670274895551925,0.2539634636924507,0.2276949150322715,0.3730139022716715,-1.8157129436526536,3.2493942044050463,apolpp
GO_Molecular_Function_2018,GTPase activity (GO:0003924),2/107,0.1724425580537686,0.2539634636924507,0.2775652997573698,0.3765346250966272,-0.7937744684455877,1.3952103144316554,Rac1;Rgk1
GO_Molecular_Function_2018,RNA-dependent ATPase activity (GO:0008186),1/27,0.1728658870511639,0.2539634636924507,0.2350674472430425,0.3730139022716715,-1.1559149119713827,2.028907170534874,bel
GO_Molecular_Function_2018,"ATPase activity, coupled (GO:0042623)",2/107,0.1724425580537686,0.2539634636924507,0.2775652997573698,0.3765346250966272,-0.8478501903797064,1.4902587293177691,Myo81F;Sec63
GO_Molecular_Function_2018,carboxypeptidase activity (GO:0004180),1/25,0.1611481776603723,0.2539634636924507,0.2202525836987993,0.3730139022716715,-1.1940698468344482,2.179692089654921,svr
GO_Molecular_Function_2018,transcription regulatory region sequence-specific DNA binding (GO:0000976),3/204,0.1720841652921204,0.2539634636924507,0.3141579515420618,0.4019870562742511,-0.7421629705483238,1.3060373098001874,CrebA;vvl;zfh2
GO_Molecular_Function_2018,mRNA binding (GO:0003729),3/196,0.1584969447352072,0.2539634636924507,0.293170324394956,0.3833765780549425,-0.6955336401366415,1.2811868493527645,Sxl;swm;Imp
GO_Molecular_Function_2018,RNA polymerase II distal enhancer sequence-specific DNA binding (GO:0000980),1/28,0.1786636528125708,0.2561563215023606,0.2423708233765712,0.3745730906728828,-1.6204129375382172,2.790756627787966,vvl
GO_Molecular_Function_2018,Rho guanyl-nucleotide exchange factor activity (GO:0005089),1/28,0.1786636528125708,0.2561563215023606,0.2423708233765712,0.3745730906728828,-1.6282351123492629,2.804228370509797,CG42674
GO_Biological_Process_2018,adult chitin-containing cuticle pigmentation (GO:0048085),1/26,0.1670274895551925,0.2563871964672205,0.2569749163830459,0.4008421109277883,-1.59479773385358,2.854045035972088,ple
GO_Biological_Process_2018,exocrine system development (GO:0035272),1/26,0.1670274895551925,0.2563871964672205,0.2569749163830459,0.4008421109277883,-1.4700694015532332,2.630831602638,CrebA
GO_Biological_Process_2018,"tracheal outgrowth, open tracheal system (GO:0007426)",1/26,0.1670274895551925,0.2563871964672205,0.2569749163830459,0.4008421109277883,-1.8503237592546495,3.31133361174364,Rac1
GO_Biological_Process_2018,regulation of cell division (GO:0051302),1/26,0.1670274895551925,0.2563871964672205,0.2569749163830459,0.4008421109277883,-1.4732476727007564,2.636519426741965,numb
GO_Biological_Process_2018,dorsal closure (GO:0007391),2/107,0.1724425580537686,0.2582473349134176,0.3347910675747216,0.4345913646741629,-0.5933441200775992,1.0429156759863567,Rac1;Rok
GO_Biological_Process_2018,sensory organ boundary specification (GO:0008052),1/27,0.1728658870511639,0.2582473349134176,0.2651184263704096,0.4029275093847314,-1.3809725201593157,2.423937107692766,numb
GO_Biological_Process_2018,positive regulation of signal transduction (GO:0009967),2/107,0.1724425580537686,0.2582473349134176,0.3347910675747216,0.4345913646741629,-0.6647837389249559,1.1684844578471336,apolpp;sun
GO_Biological_Process_2018,striated muscle cell development (GO:0055002),1/27,0.1728658870511639,0.2582473349134176,0.2651184263704096,0.4029275093847314,-1.3186757514008256,2.314591376855458,Rac1
GO_Biological_Process_2018,cytoplasmic microtubule organization (GO:0031122),1/27,0.1728658870511639,0.2582473349134176,0.2651184263704096,0.4029275093847314,-1.5142811313016522,2.6579256082645344,Vap33
GO_Biological_Process_2018,sodium ion transmembrane transport (GO:0035725),1/27,0.1728658870511639,0.2582473349134176,0.2651184263704096,0.4029275093847314,-1.7339934326980802,3.043573253382005,CG10804
GO_Biological_Process_2018,positive regulation of plasma membrane bounded cell projection assembly (GO:0120034),1/27,0.1728658870511639,0.2582473349134176,0.2651184263704096,0.4029275093847314,-1.807626469942123,3.172816847097663,Rac1
GO_Biological_Process_2018,dsRNA transport (GO:0033227),1/27,0.1728658870511639,0.2582473349134176,0.2651184263704096,0.4029275093847314,-1.8030847167472548,3.1648449838329595,egh
GO_Biological_Process_2018,positive regulation of multicellular organism growth (GO:0040018),1/27,0.1728658870511639,0.2582473349134176,0.2651184263704096,0.4029275093847314,-1.6763914842284846,2.942468055173752,sNPF
GO_Biological_Process_2018,cyclic-nucleotide-mediated signaling (GO:0019935),1/27,0.1728658870511639,0.2582473349134176,0.2651184263704096,0.4029275093847314,-1.528190264065434,2.682339463391837,Pka-R1
GO_Biological_Process_2018,neuroblast fate determination (GO:0007400),1/27,0.1728658870511639,0.2582473349134176,0.2651184263704096,0.4029275093847314,-1.4621596190962307,2.566439886644812,numb
GO_Molecular_Function_2018,"transferase activity, transferring acyl groups other than amino-acyl groups (GO:0016747)",1/29,0.1844210676195195,0.2612631791276526,0.2496056806472736,0.3765346250966272,-1.5833167582944576,2.676650376972739,LPCAT
GO_Biological_Process_2018,response to UV (GO:0009411),1/28,0.1786636528125708,0.262438954131384,0.2731736987547304,0.4071249779974738,-1.6285672238195252,2.8048003495808898,ninaE
GO_Biological_Process_2018,adherens junction organization (GO:0034332),1/28,0.1786636528125708,0.262438954131384,0.2731736987547304,0.4071249779974738,-1.425064487813131,2.4543177064679305,Rac1
GO_Biological_Process_2018,small GTPase mediated signal transduction (GO:0007264),1/28,0.1786636528125708,0.262438954131384,0.2731736987547304,0.4071249779974738,-1.3793020232238555,2.375503289230274,Rgk1
GO_Biological_Process_2018,positive regulation of supramolecular fiber organization (GO:1902905),1/28,0.1786636528125708,0.262438954131384,0.2731736987547304,0.4071249779974738,-1.056621366004557,1.8197664384977452,svr
GO_Biological_Process_2018,photoreceptor cell axon guidance (GO:0072499),1/28,0.1786636528125708,0.262438954131384,0.2731736987547304,0.4071249779974738,-1.512778400708514,2.605383017100352,Unc-115a
GO_Biological_Process_2018,plasma membrane bounded cell projection morphogenesis (GO:0120039),1/28,0.1786636528125708,0.262438954131384,0.2731736987547304,0.4071249779974738,-1.4516984482282973,2.5001880521254947,Rac1
GO_Biological_Process_2018,homophilic cell adhesion via plasma membrane adhesion molecules (GO:0007156),1/28,0.1786636528125708,0.262438954131384,0.2731736987547304,0.4071249779974738,-1.7366310665266649,2.990913332434109,klg
GO_Biological_Process_2018,regulation of synaptic growth at neuromuscular junction (GO:0008582),2/110,0.1799414278438781,0.2636850517807665,0.3467774118045999,0.443586105933384,-0.7174515600816986,1.230518304812306,Octbeta1R;Cip4
GO_Biological_Process_2018,larval chitin-based cuticle development (GO:0008363),1/29,0.1844210676195195,0.2639499662433216,0.2811416786171481,0.4071249779974738,-1.520662842077534,2.5707318186158528,CrebA
GO_Biological_Process_2018,smoothened signaling pathway (GO:0007224),1/29,0.1844210676195195,0.2639499662433216,0.2811416786171481,0.4071249779974738,-1.4809785040772794,2.5036441068791846,Sxl
GO_Biological_Process_2018,photoreceptor cell development (GO:0042461),1/29,0.1844210676195195,0.2639499662433216,0.2811416786171481,0.4071249779974738,-1.4443350288627217,2.441697076234293,ninaE
GO_Biological_Process_2018,heterophilic cell-cell adhesion via plasma membrane cell adhesion molecules (GO:0007157),1/29,0.1844210676195195,0.2639499662433216,0.2811416786171481,0.4071249779974738,-1.4684545096705892,2.482471871965192,beat-Ic
GO_Biological_Process_2018,positive regulation of behavior (GO:0048520),1/29,0.1844210676195195,0.2639499662433216,0.2811416786171481,0.4071249779974738,-1.0552795284174938,1.7839856319041063,Pka-R1
GO_Biological_Process_2018,protein targeting to membrane (GO:0006612),1/29,0.1844210676195195,0.2639499662433216,0.2811416786171481,0.4071249779974738,-0.9346114718697204,1.5799922128013586,Sec63
GO_Biological_Process_2018,nucleus organization (GO:0006997),1/29,0.1844210676195195,0.2639499662433216,0.2811416786171481,0.4071249779974738,-1.725821785048547,2.9175599306571995,Msp300
GO_Biological_Process_2018,insulin receptor signaling pathway (GO:0008286),1/29,0.1844210676195195,0.2639499662433216,0.2811416786171481,0.4071249779974738,-1.5592540519473206,2.635971560382414,Lnk
GO_Biological_Process_2018,regulation of JAK-STAT cascade (GO:0046425),1/29,0.1844210676195195,0.2639499662433216,0.2811416786171481,0.4071249779974738,-0.4734723087363924,0.8004209056882399,Imp
GO_Biological_Process_2018,triglyceride homeostasis (GO:0070328),1/29,0.1844210676195195,0.2639499662433216,0.2811416786171481,0.4071249779974738,-1.7725258289183252,2.9965146919046286,Lnk
GO_Biological_Process_2018,regulation of macromolecule metabolic process (GO:0060255),2/113,0.1874892980211307,0.2677172767092424,0.3586951578001016,0.4531663104717333,-0.6010909475198303,1.0062463901612535,mbl;bel
GO_Biological_Process_2018,morphogenesis of embryonic epithelium (GO:0016331),2/114,0.1900152299834733,0.2677637245938505,0.3626510770603351,0.45708857189129,-0.6347799919775982,1.0541480616098398,Rac1;Rok
GO_Biological_Process_2018,activation of protein kinase activity (GO:0032147),1/30,0.1901384102979133,0.2677637245938505,0.2890233010460849,0.4126983880053399,-1.41255957748287,2.3448531317501327,Rac1
GO_Biological_Process_2018,acylglycerol homeostasis (GO:0055090),1/30,0.1901384102979133,0.2677637245938505,0.2890233010460849,0.4126983880053399,-1.6872762850211516,2.80088368952888,Lnk
GO_Biological_Process_2018,JNK cascade (GO:0007254),1/30,0.1901384102979133,0.2677637245938505,0.2890233010460849,0.4126983880053399,-1.5494747060629073,2.5721326554973465,Rac1
GO_Biological_Process_2018,cellular calcium ion homeostasis (GO:0006874),1/30,0.1901384102979133,0.2677637245938505,0.2890233010460849,0.4126983880053399,-1.410902962606132,2.342103146090239,Cbp53E
GO_Biological_Process_2018,cellular response to hypoxia (GO:0071456),1/30,0.1901384102979133,0.2677637245938505,0.2890233010460849,0.4126983880053399,-1.2496668807451898,2.0744507670122063,Eip93F
GO_Biological_Process_2018,stress-activated MAPK cascade (GO:0051403),1/31,0.1958159577521165,0.2695762288336313,0.296819491213291,0.4151416118564025,-1.5230367246171996,2.483433301533634,Rac1
GO_Biological_Process_2018,defense response to bacterium (GO:0042742),3/216,0.1930538636269671,0.2695762288336313,0.4301790026988883,0.5002460372293892,-0.5963460674515818,0.9808616884614682,Hsp27;Vap33;CG32795
GO_Biological_Process_2018,"mitotic cell cycle, embryonic (GO:0045448)",1/31,0.1958159577521165,0.2695762288336313,0.296819491213291,0.4151416118564025,-1.5597770205685542,2.5433412952143035,luna
GO_Biological_Process_2018,organic substance transport (GO:0071702),1/31,0.1958159577521165,0.2695762288336313,0.296819491213291,0.4151416118564025,-1.5195933005534634,2.4778185229449337,apolpp
GO_Biological_Process_2018,neuron projection extension (GO:1990138),1/31,0.1958159577521165,0.2695762288336313,0.296819491213291,0.4151416118564025,-1.338179303424902,2.182008478084306,Rac1
GO_Biological_Process_2018,neuroblast fate commitment (GO:0014017),1/31,0.1958159577521165,0.2695762288336313,0.296819491213291,0.4151416118564025,-0.7397505350839578,1.206222465920228,numb
GO_Biological_Process_2018,melanotic encapsulation of foreign target (GO:0035011),1/31,0.1958159577521165,0.2695762288336313,0.296819491213291,0.4151416118564025,-1.4148836581926785,2.307081068865611,Rac1
GO_Biological_Process_2018,embryonic organ development (GO:0048568),1/31,0.1958159577521165,0.2695762288336313,0.296819491213291,0.4151416118564025,-0.2710939427225692,0.4420403752053275,numb
GO_Biological_Process_2018,regulation of actin cytoskeleton organization (GO:0032956),1/31,0.1958159577521165,0.2695762288336313,0.296819491213291,0.4151416118564025,-1.444968301162894,2.3561364875625976,Rok
GO_Biological_Process_2018,ectoderm development (GO:0007398),1/31,0.1958159577521165,0.2695762288336313,0.296819491213291,0.4151416118564025,-1.3476594587663524,2.197466630273373,sr
GO_Biological_Process_2018,stem cell fate determination (GO:0048867),1/32,0.2014539849844995,0.2706624656028068,0.3045311645138663,0.4164412806492515,-0.3447777613417175,0.5524009591732448,numb
GO_Biological_Process_2018,cellular response to light stimulus (GO:0071482),1/32,0.2014539849844995,0.2706624656028068,0.3045311645138663,0.4164412806492515,-1.5276326942769711,2.44756437392907,ninaE
GO_Biological_Process_2018,cellular response to decreased oxygen levels (GO:0036294),1/32,0.2014539849844995,0.2706624656028068,0.3045311645138663,0.4164412806492515,-1.102351965721741,1.7661820206775645,Eip93F
GO_Biological_Process_2018,carbohydrate catabolic process (GO:0016052),1/32,0.2014539849844995,0.2706624656028068,0.3045311645138663,0.4164412806492515,-0.1470206342302068,0.235555620092711,Hex-A
GO_Biological_Process_2018,"mitochondrial electron transport, NADH to ubiquinone (GO:0006120)",1/32,0.2014539849844995,0.2706624656028068,0.3045311645138663,0.4164412806492515,-1.2920425310516688,2.0701031605637064,ND-B12
GO_Biological_Process_2018,salivary gland cell autophagic cell death (GO:0035071),1/32,0.2014539849844995,0.2706624656028068,0.3045311645138663,0.4164412806492515,-1.4419874735720295,2.310344090689504,bel
GO_Biological_Process_2018,regulation of Notch signaling pathway (GO:0008593),2/117,0.1976202953893806,0.2706624656028068,0.374464846808266,0.4650545133997517,-0.5818523579656513,0.9434199455340906,Smr;numb
GO_Biological_Process_2018,RNA interference (GO:0016246),1/32,0.2014539849844995,0.2706624656028068,0.3045311645138663,0.4164412806492515,-1.3836147046293603,2.216819573829585,bel
GO_Biological_Process_2018,mRNA 3'-end processing (GO:0031124),1/32,0.2014539849844995,0.2706624656028068,0.3045311645138663,0.4164412806492515,-1.2883089074006997,2.0641211700839226,hrg
GO_Biological_Process_2018,regulation of endocytosis (GO:0030100),1/32,0.2014539849844995,0.2706624656028068,0.3045311645138663,0.4164412806492515,-1.5129969591040748,2.4241150826631506,numb
GO_Biological_Process_2018,regulation of embryonic cell shape (GO:0016476),1/32,0.2014539849844995,0.2706624656028068,0.3045311645138663,0.4164412806492515,-1.5027166686619329,2.407644060057982,Rac1
GO_Molecular_Function_2018,ATP-dependent RNA helicase activity (GO:0004004),1/34,0.2126125694566028,0.2720526426380187,0.2847740862075331,0.3765346250966272,-1.5161124116569993,2.347372122602009,bel
GO_Molecular_Function_2018,potassium channel activity (GO:0005267),1/33,0.2070527651473548,0.2720526426380187,0.2778724648971134,0.3765346250966272,-1.4890972568436214,2.3450029816927094,CG42594
GO_Molecular_Function_2018,protein phosphatase binding (GO:0019903),1/32,0.2014539849844995,0.2720526426380187,0.2709054253730746,0.3765346250966272,-1.3707260032145614,2.196169370068397,MYPT-75D
GO_Molecular_Function_2018,cation transmembrane transporter activity (GO:0008324),1/34,0.2126125694566028,0.2720526426380187,0.2847740862075331,0.3765346250966272,-1.474019470190743,2.282200307770536,Ca-alpha1T
GO_Molecular_Function_2018,calcium channel activity (GO:0005262),1/32,0.2014539849844995,0.2720526426380187,0.2709054253730746,0.3765346250966272,-1.6352567269221334,2.61999898407307,Ca-alpha1T
GO_Molecular_Function_2018,microtubule motor activity (GO:0003777),1/33,0.2070527651473548,0.2720526426380187,0.2778724648971134,0.3765346250966272,-1.340735864369602,2.1113661885814903,CG14535
GO_Molecular_Function_2018,NADH dehydrogenase activity (GO:0003954),1/31,0.1958159577521165,0.2720526426380187,0.2638723587386402,0.3765346250966272,-1.3551151764676164,2.2096237748299536,ND-B12
GO_Molecular_Function_2018,neuropeptide hormone activity (GO:0005184),1/34,0.2126125694566028,0.2720526426380187,0.2847740862075331,0.3765346250966272,-1.648686836421416,2.552634942475549,sNPF
GO_Molecular_Function_2018,RNA helicase activity (GO:0003724),1/32,0.2014539849844995,0.2720526426380187,0.2709054253730746,0.3765346250966272,-1.6013584599259711,2.565687374385369,bel
GO_Biological_Process_2018,lipid transport (GO:0006869),1/33,0.2070527651473548,0.274579692873598,0.3121592266299906,0.4212434398918994,-1.284983884047372,2.023568995020054,apolpp
GO_Biological_Process_2018,regulation of filopodium assembly (GO:0051489),1/33,0.2070527651473548,0.274579692873598,0.3121592266299906,0.4212434398918994,-1.5929989874885488,2.508625516786114,Rac1
GO_Biological_Process_2018,regulation of cell development (GO:0060284),1/33,0.2070527651473548,0.274579692873598,0.3121592266299906,0.4212434398918994,-1.2575951343927847,1.9804376956306635,numb
GO_Biological_Process_2018,negative regulation of neural precursor cell proliferation (GO:2000178),1/33,0.2070527651473548,0.274579692873598,0.3121592266299906,0.4212434398918994,-1.2679125491134522,1.996685370637875,numb
GO_Biological_Process_2018,negative regulation of neuroblast proliferation (GO:0007406),1/33,0.2070527651473548,0.274579692873598,0.3121592266299906,0.4212434398918994,-1.3434764009342115,2.115681935176222,numb
GO_Biological_Process_2018,positive regulation of cellular biosynthetic process (GO:0031328),1/33,0.2070527651473548,0.274579692873598,0.3121592266299906,0.4212434398918994,-1.235004837273317,1.9448629110697384,vvl
KEGG_2019,Ribosome,4/240,0.0883562897012555,0.2748862346261284,0.1649861761589624,0.3818796803788824,6.661115771806638,-16.162384044880234,RpL29;RpL39;mRpL33;RpL41
GO_Biological_Process_2018,defense response to Gram-negative bacterium (GO:0050829),2/122,0.2103753422379236,0.2783846123579421,0.3939586143405244,0.4771017538561775,-0.6159787181767181,0.960225816373026,Vap33;CG32795
GO_Biological_Process_2018,asymmetric stem cell division (GO:0098722),1/34,0.2126125694566028,0.2789404223212695,0.3197045736585137,0.4267361048398423,-0.3852872402732258,0.5965339509510221,numb
GO_Biological_Process_2018,phosphatidylinositol metabolic process (GO:0046488),1/34,0.2126125694566028,0.2789404223212695,0.3197045736585137,0.4267361048398423,-0.3093800877402677,0.4790081445583258,Vap33
GO_Biological_Process_2018,asymmetric neuroblast division (GO:0055059),1/34,0.2126125694566028,0.2789404223212695,0.3197045736585137,0.4267361048398423,-1.4359057909422488,2.223189519738052,numb
GO_Biological_Process_2018,pyruvate metabolic process (GO:0006090),1/34,0.2126125694566028,0.2789404223212695,0.3197045736585137,0.4267361048398423,-1.322505089917427,2.047613063650431,Hex-A
GO_Biological_Process_2018,male gamete generation (GO:0048232),2/124,0.2155012237257925,0.2821274016367519,0.4016818217034087,0.4790035389866298,-0.2660650179273012,0.4083535805622526,bel;Imp
GO_Molecular_Function_2018,RNA polymerase II regulatory region DNA binding (GO:0001012),2/127,0.2232113845834255,0.2825761145258259,0.3479465287057948,0.4182387567271675,-0.7855200715871704,1.1779942123057852,vvl;zfh2
GO_Biological_Process_2018,positive regulation of protein kinase activity (GO:0045860),1/35,0.2181336673517228,0.2831587140675641,0.3271680922108182,0.4329336392617293,-1.1587437481624925,1.7643579828747045,Rac1
GO_Biological_Process_2018,neuroblast division (GO:0055057),1/35,0.2181336673517228,0.2831587140675641,0.3271680922108182,0.4329336392617293,-0.6618565592400939,1.0077740705527316,numb
GO_Biological_Process_2018,cuticle pattern formation (GO:0035017),1/35,0.2181336673517228,0.2831587140675641,0.3271680922108182,0.4329336392617293,-0.4027091423400776,0.6131839685789647,CrebA
GO_Biological_Process_2018,"epithelial cell migration, open tracheal system (GO:0007427)",1/35,0.2181336673517228,0.2831587140675641,0.3271680922108182,0.4329336392617293,-1.4804302257661992,2.2541730137156333,sr
GO_Biological_Process_2018,DNA packaging (GO:0006323),1/36,0.2236163263241187,0.2860425507562685,0.3345506594960467,0.4345913646741629,-1.2608761137511757,1.8885699047901712,Top1
GO_Biological_Process_2018,axon extension (GO:0048675),1/36,0.2236163263241187,0.2860425507562685,0.3345506594960467,0.4345913646741629,-1.347730082093576,2.018661821778794,Rac1
GO_Biological_Process_2018,glucose homeostasis (GO:0042593),1/36,0.2236163263241187,0.2860425507562685,0.3345506594960467,0.4345913646741629,-1.145729762148921,1.7161009905877724,Hex-A
GO_Biological_Process_2018,epithelial cell migration (GO:0010631),1/36,0.2236163263241187,0.2860425507562685,0.3345506594960467,0.4345913646741629,-0.4649682265508455,0.6964403479221404,sr
GO_Biological_Process_2018,DNA-dependent DNA replication (GO:0006261),1/36,0.2236163263241187,0.2860425507562685,0.3345506594960467,0.4345913646741629,-1.4445728346871451,2.163715174801031,Dsp1
GO_Biological_Process_2018,positive regulation of innate immune response (GO:0045089),1/36,0.2236163263241187,0.2860425507562685,0.3345506594960467,0.4345913646741629,-1.267152808225542,1.8979712854306408,CG32795
GO_Biological_Process_2018,eye photoreceptor cell differentiation (GO:0001754),1/36,0.2236163263241187,0.2860425507562685,0.3345506594960467,0.4345913646741629,-1.391664997361539,2.084468571418716,mbl
KEGG_2019,Tyrosine metabolism,1/21,0.1372160635701,0.2865237985251493,0.1781104087773356,0.3818796803788824,-13.912029005690478,27.63205099182296,ple
KEGG_2019,Base excision repair,1/20,0.131127870468434,0.2865237985251493,0.170725008084766,0.3818796803788824,-48.61247802957895,98.76025096535652,Dsp1
KEGG_2019,Wnt signaling pathway,2/91,0.1335107706886576,0.2865237985251493,0.1980733137389954,0.3818796803788824,-5.36882253150691,10.81051676276868,Pkc53E;Rac1
KEGG_2019,Notch signaling pathway,1/22,0.1432618992625746,0.2865237985251493,0.1854323650449762,0.3818796803788824,-5.31853337126703,10.334340399276268,numb
KEGG_2019,MAPK signaling pathway,2/93,0.1382616562540933,0.2865237985251493,0.2045784002029727,0.3818796803788824,-1.060592932425303,2.0984969494635277,bi;Rac1
GO_Biological_Process_2018,sphingolipid biosynthetic process (GO:0030148),1/37,0.2290608121292239,0.2893895856941224,0.3418531434228778,0.4382000627591794,-0.562315104828234,0.8287218699444339,egh
GO_Biological_Process_2018,positive regulation of cell size (GO:0045793),1/37,0.2290608121292239,0.2893895856941224,0.3418531434228778,0.4382000627591794,-1.537772571321961,2.266319630955801,sNPF
GO_Biological_Process_2018,positive regulation of canonical Wnt signaling pathway (GO:0090263),1/37,0.2290608121292239,0.2893895856941224,0.3418531434228778,0.4382000627591794,-1.103772332167879,1.6267040725973492,apolpp
GO_Biological_Process_2018,mitochondrial respiratory chain complex assembly (GO:0033108),1/37,0.2290608121292239,0.2893895856941224,0.3418531434228778,0.4382000627591794,-1.1798634525775653,1.7388447123394457,ND-B12
GO_Biological_Process_2018,protein maturation (GO:0051604),1/37,0.2290608121292239,0.2893895856941224,0.3418531434228778,0.4382000627591794,-0.6624720373104194,0.9763299275296718,svr
GO_Biological_Process_2018,positive regulation of immune response (GO:0050778),1/37,0.2290608121292239,0.2893895856941224,0.3418531434228778,0.4382000627591794,-0.5641899239499435,0.8314849179134641,CG32795
KEGG_2019,Ether lipid metabolism,1/24,0.1552276667169262,0.289758311204929,0.1998880401454401,0.3818796803788824,-32.84450808918137,61.18479989470645,LPCAT
GO_Biological_Process_2018,cortical cytoskeleton organization (GO:0030865),1/38,0.2344673886019878,0.2938019930645316,0.3490764027292619,0.4437534394943413,-0.2569070702951701,0.3726279746737942,Rac1
GO_Biological_Process_2018,compound eye morphogenesis (GO:0001745),2/131,0.2335246431467271,0.2938019930645316,0.4283463637481266,0.4990600898317832,-0.592974406194056,0.8624621025555308,mbl;bi
GO_Biological_Process_2018,negative regulation of stem cell proliferation (GO:2000647),1/38,0.2344673886019878,0.2938019930645316,0.3490764027292619,0.4437534394943413,-1.323811567088654,1.9201076191761808,numb
GO_Biological_Process_2018,posttranscriptional gene silencing by RNA (GO:0035194),1/38,0.2344673886019878,0.2938019930645316,0.3490764027292619,0.4437534394943413,-1.3221890937000338,1.9177543208723664,bel
GO_Biological_Process_2018,cellular protein metabolic process (GO:0044267),2/132,0.2361078158403222,0.2952549876292421,0.4321063820291322,0.5015374642077262,-0.4834190855255058,0.69779936732736,mRpL33;RpL41
GO_Biological_Process_2018,response to endoplasmic reticulum stress (GO:0034976),1/39,0.239836317855469,0.2987008096617809,0.3562212870279919,0.450968804608633,-1.029845105494709,1.4704113970096937,Calx
GO_Biological_Process_2018,head involution (GO:0008258),1/39,0.239836317855469,0.2987008096617809,0.3562212870279919,0.450968804608633,-1.1615278189262177,1.65842779052922,Rac1
GO_Molecular_Function_2018,metalloexopeptidase activity (GO:0008235),1/39,0.239836317855469,0.3004265455242191,0.3183218479074382,0.4026705160324455,-1.1978322762976532,1.710263243838063,svr
GO_Molecular_Function_2018,motor activity (GO:0003774),1/40,0.2451678601202851,0.3007729417970508,0.3248434415051661,0.4026705160324455,-1.302905540091595,1.831640451191956,CG14535
GO_Molecular_Function_2018,single-stranded DNA binding (GO:0003697),1/40,0.2451678601202851,0.3007729417970508,0.3248434415051661,0.4026705160324455,-1.2422765883788522,1.746407533644751,Dsp1
GO_Molecular_Function_2018,transcription regulatory region DNA binding (GO:0044212),2/137,0.2490453364629138,0.3010607130986313,0.3824055625952941,0.4505570489984158,-0.6328179257203853,0.8796930605319665,CrebA;zfh2
GO_Molecular_Function_2018,regulatory region DNA binding (GO:0000975),1/41,0.2504622739223907,0.3010607130986313,0.3313037275274905,0.4064447791316637,-1.0565848797000126,1.4627857383160086,zfh2
GO_Biological_Process_2018,olfactory learning (GO:0008355),1/40,0.2451678601202851,0.3047228058984921,0.3632886369429145,0.45708857189129,-1.15156858172224,1.618889114905385,Pka-R1
GO_Biological_Process_2018,regulation of nucleic acid-templated transcription (GO:1903506),3/246,0.2478608972104739,0.3074476583580424,0.5149308723191905,0.566608522587783,-0.3059310795486906,0.4267394658063212,Dsp1;bi;Ets65A
GO_Biological_Process_2018,regulation of hemocyte proliferation (GO:0035206),1/41,0.2504622739223907,0.3075676723766958,0.3702792841581104,0.4611591896005675,-1.334787426151777,1.8479424116051248,Pkc53E
GO_Biological_Process_2018,negative regulation of neurogenesis (GO:0050768),1/41,0.2504622739223907,0.3075676723766958,0.3702792841581104,0.4611591896005675,-1.1887287349793647,1.6457318987452705,numb
GO_Biological_Process_2018,response to alcohol (GO:0097305),1/41,0.2504622739223907,0.3075676723766958,0.3702792841581104,0.4611591896005675,-1.2991443731635384,1.7985964947905282,Pka-R1
GO_Biological_Process_2018,DNA replication (GO:0006260),1/41,0.2504622739223907,0.3075676723766958,0.3702792841581104,0.4611591896005675,-1.158924216688957,1.6044691236192763,Top1
GO_Biological_Process_2018,compound eye photoreceptor fate commitment (GO:0001752),1/41,0.2504622739223907,0.3075676723766958,0.3702792841581104,0.4611591896005675,-1.1567059349410176,1.601398030168295,klg
GO_Molecular_Function_2018,"ATPase activity, coupled to transmembrane movement of ions, rotational mechanism (GO:0044769)",1/43,0.2609407411932478,0.3105194820199649,0.3440426362489873,0.4177660583023417,-1.046555166086401,1.406007036546694,sun
GO_Biological_Process_2018,regulation of neuromuscular junction development (GO:1904396),1/42,0.2557198159822349,0.3115316805815321,0.3771940515848149,0.4650545133997517,-0.9816790867615188,1.3386891697544767,Cip4
GO_Biological_Process_2018,peptidyl-serine phosphorylation (GO:0018105),1/42,0.2557198159822349,0.3115316805815321,0.3771940515848149,0.4650545133997517,-1.0293121313266402,1.403645061900574,Pkc53E
GO_Biological_Process_2018,chorion-containing eggshell formation (GO:0007304),1/42,0.2557198159822349,0.3115316805815321,0.3771940515848149,0.4650545133997517,-1.0362955090992851,1.41316810493838,capu
GO_Biological_Process_2018,positive regulation of defense response (GO:0031349),1/42,0.2557198159822349,0.3115316805815321,0.3771940515848149,0.4650545133997517,-1.0846624961732632,1.4791248545959372,CG32795
GO_Biological_Process_2018,melanization defense response (GO:0035006),1/43,0.2609407411932478,0.3141521864561846,0.3840337533671914,0.4687807645476252,-1.0103509318977186,1.3573680257505163,Rac1
GO_Biological_Process_2018,glycolipid biosynthetic process (GO:0009247),1/43,0.2609407411932478,0.3141521864561846,0.3840337533671914,0.4687807645476252,-1.188686287029675,1.5969547884036794,egh
GO_Biological_Process_2018,positive regulation of Wnt signaling pathway (GO:0030177),1/43,0.2609407411932478,0.3141521864561846,0.3840337533671914,0.4687807645476252,-1.0338429861367404,1.3889287065758924,apolpp
GO_Biological_Process_2018,peptidyl-serine modification (GO:0018209),1/43,0.2609407411932478,0.3141521864561846,0.3840337533671914,0.4687807645476252,-0.6470158401473523,0.8692411575456739,Pkc53E
GO_Biological_Process_2018,R7 cell differentiation (GO:0045466),1/43,0.2609407411932478,0.3141521864561846,0.3840337533671914,0.4687807645476252,-1.124319644612948,1.5104806539390547,klg
GO_Biological_Process_2018,spermatogenesis (GO:0007283),2/141,0.2594127627693869,0.3141521864561846,0.4653491071918192,0.5281411308979242,-0.6386524671619221,0.8617560036422415,bel;Imp
GO_Biological_Process_2018,sensory organ development (GO:0007423),2/143,0.2645992585840918,0.3179006535837387,0.4725838116353439,0.5324155235671582,-0.3410852266498642,0.4534860529420089,mbl;numb
GO_Biological_Process_2018,neuron maturation (GO:0042551),1/44,0.2661253028372014,0.3179006535837387,0.3907991950382148,0.4742108809356994,-1.066167462294104,1.4113797115725433,Imp
GO_Biological_Process_2018,regulation of synapse organization (GO:0050807),1/44,0.2661253028372014,0.3179006535837387,0.3907991950382148,0.4742108809356994,-1.2512314378412013,1.656365184931586,Rac1
GO_Biological_Process_2018,neuron remodeling (GO:0016322),1/44,0.2661253028372014,0.3179006535837387,0.3907991950382148,0.4742108809356994,-1.1703991285121942,1.5493603423892743,Imp
GO_Biological_Process_2018,negative regulation of cellular amide metabolic process (GO:0034249),1/45,0.271273752290437,0.3215484245295914,0.3974911735768337,0.4776117036715771,-0.9856465477155648,1.2859009132196613,Sxl
GO_Biological_Process_2018,positive regulation of growth (GO:0045927),1/45,0.271273752290437,0.3215484245295914,0.3974911735768337,0.4776117036715771,-1.3287754768690707,1.733556114136478,Lnk
GO_Biological_Process_2018,regulation of neurogenesis (GO:0050767),1/45,0.271273752290437,0.3215484245295914,0.3974911735768337,0.4776117036715771,-1.2007469154300805,1.566526620192462,numb
GO_Biological_Process_2018,positive regulation of Ras protein signal transduction (GO:0046579),1/45,0.271273752290437,0.3215484245295914,0.3974911735768337,0.4776117036715771,-1.1087027549860766,1.4464433405971509,CG42674
KEGG_2019,Fructose and mannose metabolism,1/29,0.1844210676195195,0.3227368683341592,0.234953192742498,0.4111680872993715,-18.29558661521696,30.929306188427592,Hex-A
GO_Biological_Process_2018,protein processing (GO:0016485),1/46,0.2763863393584012,0.3232404045067778,0.4041104775164076,0.4790035389866298,-1.2473908566500456,1.604089272167326,svr
GO_Biological_Process_2018,regulation of cell differentiation (GO:0045595),1/46,0.2763863393584012,0.3232404045067778,0.4041104775164076,0.4790035389866298,-1.1733337358727227,1.5088551021129344,Rac1
GO_Biological_Process_2018,anterior/posterior pattern specification (GO:0009952),1/46,0.2763863393584012,0.3232404045067778,0.4041104775164076,0.4790035389866298,-0.9050511242538888,1.1638555721640478,pcs
GO_Biological_Process_2018,cellular response to insulin stimulus (GO:0032869),1/46,0.2763863393584012,0.3232404045067778,0.4041104775164076,0.4790035389866298,-1.0807831927092142,1.3898392117603782,Lnk
GO_Biological_Process_2018,lipid biosynthetic process (GO:0008610),1/46,0.2763863393584012,0.3232404045067778,0.4041104775164076,0.4790035389866298,-1.0685996181790909,1.3741716757220688,LPCAT
GO_Biological_Process_2018,"positive regulation of transcription, DNA-templated (GO:0045893)",4/379,0.2745502399132782,0.3232404045067778,0.6081446947063893,0.6404817196393191,-0.2902284075835954,0.3751553377523022,CrebA;Eip93F;vvl;zfh2
GO_Biological_Process_2018,post-embryonic animal organ development (GO:0048569),1/46,0.2763863393584012,0.3232404045067778,0.4041104775164076,0.4790035389866298,-0.7719243770592326,0.9926604845337156,Msp300
GO_Biological_Process_2018,myotube differentiation (GO:0014902),1/47,0.2814633120106864,0.3254585189728088,0.4106578870168292,0.4811907302067426,-0.8432792184827955,1.0690699026216253,Rac1
GO_Biological_Process_2018,myoblast fusion (GO:0007520),1/47,0.2814633120106864,0.3254585189728088,0.4106578870168292,0.4811907302067426,-1.0984615110658211,1.3925780630306137,Rac1
GO_Biological_Process_2018,gland development (GO:0048732),1/47,0.2814633120106864,0.3254585189728088,0.4106578870168292,0.4811907302067426,-0.7439656894470175,0.9431648613396724,CrebA
GO_Biological_Process_2018,morphogenesis of a polarized epithelium (GO:0001738),1/47,0.2814633120106864,0.3254585189728088,0.4106578870168292,0.4811907302067426,-0.6521095511369027,0.826713950791832,Rok
GO_Biological_Process_2018,segmentation (GO:0035282),1/47,0.2814633120106864,0.3254585189728088,0.4106578870168292,0.4811907302067426,-0.9238971944435715,1.171273597223519,vvl
GO_Biological_Process_2018,regulation of multicellular organism growth (GO:0040014),1/47,0.2814633120106864,0.3254585189728088,0.4106578870168292,0.4811907302067426,-1.145532000171361,1.4522518248184928,sNPF
GO_Biological_Process_2018,regulation of cellular macromolecule biosynthetic process (GO:2000112),3/266,0.2856329615194811,0.3296590946860177,0.5676732022084988,0.6051709069764404,-0.2295981509485337,0.2876974220424041,Dsp1;bi;Ets65A
GO_Biological_Process_2018,associative learning (GO:0008306),1/49,0.2915113977329841,0.3351835172435436,0.4235401020799969,0.4943985221998443,-1.013672025544639,1.2495293538060082,Pka-R1
GO_Biological_Process_2018,regulation of neuroblast proliferation (GO:1902692),1/49,0.2915113977329841,0.3351835172435436,0.4235401020799969,0.4943985221998443,-1.0749092541014789,1.325015026389689,numb
GO_Biological_Process_2018,chemical synaptic transmission (GO:0007268),2/154,0.2931065390104554,0.3363876914998497,0.5113188423584719,0.5646578582879527,-0.3234662463452901,0.3969639627351281,Pka-R1;Frq2
GO_Molecular_Function_2018,G-protein coupled peptide receptor activity (GO:0008528),1/48,0.2865049165900555,0.3375651987546198,0.3748560319473262,0.4460786780173182,-1.189235536356766,1.4865439234665612,SPR
GO_Biological_Process_2018,regulation of cell proliferation (GO:0042127),2/155,0.2956932126489558,0.338723195086677,0.5147488479589754,0.566608522587783,-0.556812335225201,0.6784384159630734,Lnk;Pkc53E
KEGG_2019,Starch and sucrose metabolism,1/33,0.2070527651473548,0.3410280837721139,0.2619337555935773,0.4314203033305979,-19.084818063240576,30.054420594545423,Hex-A
GO_Biological_Process_2018,digestive tract development (GO:0048565),1/51,0.3014199598005969,0.3446403264759153,0.4361438960676072,0.5052685890292657,-0.9093869695495084,1.090583024694577,Rac1
GO_Biological_Process_2018,defense response to fungus (GO:0050832),1/52,0.3063225216043493,0.348300052342723,0.4423432491652909,0.5095661444418174,-0.9695327417693234,1.1470704166863122,Hsp27
GO_Biological_Process_2018,actomyosin structure organization (GO:0031032),1/52,0.3063225216043493,0.348300052342723,0.4423432491652909,0.5095661444418174,0.0325370208585254,-0.038495094044797,Rok
GO_Biological_Process_2018,RNA transport (GO:0050658),1/52,0.3063225216043493,0.348300052342723,0.4423432491652909,0.5095661444418174,-1.108243746323438,1.3111817281851887,egh
GO_Biological_Process_2018,chromosome condensation (GO:0030261),1/53,0.3111909217884358,0.3518807108252294,0.4484752179850665,0.5137384026918485,-1.0285353914616204,1.2006594096835743,Top1
GO_Biological_Process_2018,cytoskeleton organization (GO:0007010),1/53,0.3111909217884358,0.3518807108252294,0.4484752179850665,0.5137384026918485,-0.9892492863267738,1.1547988275475127,Msp300
GO_Biological_Process_2018,establishment of planar polarity (GO:0001736),1/53,0.3111909217884358,0.3518807108252294,0.4484752179850665,0.5137384026918485,-0.919036151974937,1.0728356193363586,Rok
GO_Biological_Process_2018,regulation of cell growth (GO:0001558),1/54,0.3160253967078038,0.3560359515203515,0.4545405265552556,0.5187507124626894,-1.0595895037933876,1.2205757972506095,Lnk
GO_Biological_Process_2018,generation of neurons (GO:0048699),1/54,0.3160253967078038,0.3560359515203515,0.4545405265552556,0.5187507124626894,-1.0081582239536522,1.1613304242365663,numb
KEGG_2019,Galactose metabolism,1/37,0.2290608121292239,0.3563168188676816,0.2879956291676085,0.4479932009273909,-78.08888915691269,115.08488690476842,Hex-A
GO_Biological_Process_2018,gene expression (GO:0010467),2/164,0.3189018149840703,0.358618524542526,0.5449093291038795,0.5890393099820105,-0.4758151087225219,0.5437957714036571,mRpL33;RpL41
GO_Biological_Process_2018,apoptotic process (GO:0006915),1/55,0.3208261810555925,0.3594658305987843,0.4605398911787005,0.523650913303189,-0.9067891204248454,1.0308884659903668,mbl
GO_Biological_Process_2018,circulatory system development (GO:0072359),1/55,0.3208261810555925,0.3594658305987843,0.4605398911787005,0.523650913303189,-0.6042989759985098,0.6870007925048595,numb
GO_Biological_Process_2018,dorsal/ventral pattern formation (GO:0009953),1/56,0.3255935079268664,0.364142830359009,0.4664740205908535,0.5284410491564281,-0.8181543913635957,0.9180556110021928,CrebA
GO_Biological_Process_2018,neuropeptide signaling pathway (GO:0007218),1/57,0.3303276088577569,0.3680964643169922,0.472343615962003,0.5324155235671582,-0.8364952663939907,0.9265610152586968,sNPF
GO_Biological_Process_2018,embryo development ending in birth or egg hatching (GO:0009792),1/57,0.3303276088577569,0.3680964643169922,0.472343615962003,0.5324155235671582,-0.7768713675498684,0.8605173895908006,Yp3
KEGG_2019,TGF-beta signaling pathway,1/41,0.2504622739223907,0.3691022984119442,0.3131689744425885,0.461512172862762,-13.01121296023419,18.013334396595532,Rok
GO_Biological_Process_2018,cell morphogenesis (GO:0000902),1/58,0.3350287137536187,0.3726587504433367,0.4781493710426669,0.5376991095608012,-0.8787592804841822,0.9609575783309656,Rac1
GO_Molecular_Function_2018,transcription corepressor activity (GO:0003714),1/55,0.3208261810555925,0.3742972112315247,0.4156183263629938,0.4848880474234927,-1.092876360832549,1.2424428235397826,Smr
GO_Biological_Process_2018,neuromuscular synaptic transmission (GO:0007274),1/59,0.3396970509382511,0.3771681542063041,0.4838919721956199,0.5431621040733285,-0.7574205410131155,0.8177877801030686,Pka-R1
GO_Molecular_Function_2018,sodium ion transmembrane transporter activity (GO:0015081),1/57,0.3303276088577569,0.3779710139814718,0.4267771167217844,0.4883315085566572,-0.7246667551489503,0.8026918876296231,Calx
GO_Molecular_Function_2018,protein transporter activity (GO:0008565),1/57,0.3303276088577569,0.3779710139814718,0.4267771167217844,0.4883315085566572,-1.1561827596229193,1.28066937688592,Sec63
GO_Molecular_Function_2018,hydrogen ion transmembrane transporter activity (GO:0015078),1/58,0.3350287137536187,0.3796992089207678,0.4322777403497389,0.4899147723963707,-0.5725085061545526,0.6260604011431098,sun
GO_Biological_Process_2018,positive regulation of macromolecule metabolic process (GO:0010604),1/60,0.3443328471862613,0.3809376003105666,0.489572098499181,0.547536008157554,-0.807290469582488,0.8606899170098262,swm
GO_Biological_Process_2018,Notch signaling pathway (GO:0007219),1/60,0.3443328471862613,0.3809376003105666,0.489572098499181,0.547536008157554,-0.8300292835981844,0.884932824222881,numb
GO_Molecular_Function_2018,protein serine/threonine kinase activity (GO:0004674),2/172,0.339383231246388,0.3810057030030206,0.4961957420962577,0.5570499368816478,-0.4916042207756052,0.5312399754951577,Pkc53E;Rok
GO_Biological_Process_2018,branching involved in open tracheal system development (GO:0060446),1/61,0.3489363276925443,0.3832681667320612,0.4951904218030266,0.5498135967216246,-0.8543619261644746,0.8995284661797056,trn
GO_Biological_Process_2018,leg disc morphogenesis (GO:0007478),1/61,0.3489363276925443,0.3832681667320612,0.4951904218030266,0.5498135967216246,-0.7961475861328654,0.8382365775846885,CG42674
GO_Biological_Process_2018,negative regulation of translation (GO:0017148),1/61,0.3489363276925443,0.3832681667320612,0.4951904218030266,0.5498135967216246,-0.8650751725719572,0.9108080770958794,Sxl
GO_Biological_Process_2018,Malpighian tubule development (GO:0072002),1/61,0.3489363276925443,0.3832681667320612,0.4951904218030266,0.5498135967216246,-0.3099352525033818,0.3263202323996299,numb
GO_Biological_Process_2018,response to light stimulus (GO:0009416),1/62,0.3535077161366484,0.3875959601926824,0.500747606832542,0.5549801996302904,-0.7377358504744395,0.76713459907509,ninaE
GO_Biological_Process_2018,proteasome-mediated ubiquitin-dependent protein catabolic process (GO:0043161),2/178,0.3546234040237657,0.3881261498584531,0.5892234793961658,0.6216206466481887,-0.2544567422006266,0.2637950212572669,Ubr1;CG18467
GO_Biological_Process_2018,sodium ion transport (GO:0006814),1/63,0.3580472346196305,0.3911761602427992,0.5062443112519469,0.5600612740697213,-0.7488838999655544,0.7691714351675709,CG10804
KEGG_2019,Amino sugar and nucleotide sugar metabolism,1/47,0.2814633120106864,0.394048636814961,0.3493266400284872,0.4890572960398821,-54.19527620508368,68.70623322054858,Hex-A
GO_Biological_Process_2018,mitotic cytokinesis (GO:0000281),1/65,0.3670315426722168,0.399569800001314,0.5170588738887267,0.5669181224422825,-0.8790469129673719,0.8810753025420387,Rok
GO_Biological_Process_2018,negative regulation of cellular protein metabolic process (GO:0032269),1/65,0.3670315426722168,0.399569800001314,0.5170588738887267,0.5669181224422825,-0.6177394422975464,0.6191648682061445,Sxl
KEGG_2019,Neuroactive ligand-receptor interaction,1/54,0.3160253967078038,0.4022141412644776,0.3891927136412275,0.4953361809979259,-16.35848786514997,18.843877082905895,Dop2R
KEGG_2019,Glycolysis / Gluconeogenesis,1/54,0.3160253967078038,0.4022141412644776,0.3891927136412275,0.4953361809979259,-67.73996665204679,78.03188263572501,Hex-A
GO_Biological_Process_2018,imaginal disc-derived leg morphogenesis (GO:0007480),1/68,0.3802744459859004,0.4125238689670368,0.5328431563024937,0.5821453700529023,-0.5518933742210608,0.5336047650655832,CG42674
GO_Biological_Process_2018,regulation of canonical Wnt signaling pathway (GO:0060828),1/68,0.3802744459859004,0.4125238689670368,0.5328431563024937,0.5821453700529023,-0.3954178165803469,0.3823144849617041,apolpp
GO_Biological_Process_2018,positive regulation of intracellular signal transduction (GO:1902533),1/69,0.3846273246435574,0.4150460058543835,0.537990401160222,0.5846479757741174,-0.4499079554574494,0.4298782338897536,Lnk
GO_Biological_Process_2018,cytoskeleton-dependent cytokinesis (GO:0061640),1/69,0.3846273246435574,0.4150460058543835,0.537990401160222,0.5846479757741174,-0.6077384368416,0.580682165601526,Rok
GO_Biological_Process_2018,positive regulation of multicellular organismal process (GO:0051240),1/69,0.3846273246435574,0.4150460058543835,0.537990401160222,0.5846479757741174,-0.4061583758141335,0.3880763679695,sNPF
KEGG_2019,Phosphatidylinositol signaling system,1/63,0.3580472346196305,0.4177217737229023,0.4369996544751067,0.5098329302209578,-2.035399549825988,2.090539258423225,Pkc53E
KEGG_2019,Glycerophospholipid metabolism,1/63,0.3580472346196305,0.4177217737229023,0.4369996544751067,0.5098329302209578,-67.73996665204679,69.57506680321848,LPCAT
GO_Biological_Process_2018,regulation of cell size (GO:0008361),1/70,0.3889498460489131,0.4182402897969048,0.5430815772362113,0.5880989213810118,-0.8438512017676857,0.7968528028793513,sNPF
GO_Biological_Process_2018,modulation of chemical synaptic transmission (GO:0050804),1/70,0.3889498460489131,0.4182402897969048,0.5430815772362113,0.5880989213810118,-0.8198830379475872,0.7742195489598114,Frq2
GO_Biological_Process_2018,peptide metabolic process (GO:0006518),1/72,0.3975046565446079,0.4252053294745457,0.5530981315301994,0.5947500048328239,0.9242317422930424,-0.8526487280049989,svr
GO_Biological_Process_2018,mitochondrial ATP synthesis coupled electron transport (GO:0042775),1/72,0.3975046565446079,0.4252053294745457,0.5530981315301994,0.5947500048328239,-0.6133949388109382,0.5658866606812794,ND-B12
GO_Biological_Process_2018,sensory perception of mechanical stimulus (GO:0050954),1/72,0.3975046565446079,0.4252053294745457,0.5530981315301994,0.5947500048328239,-0.5968714182724519,0.5506429094394639,Rac1
GO_Biological_Process_2018,positive regulation of cell proliferation (GO:0008284),1/73,0.4017373616881554,0.4282408681884157,0.5580246979946925,0.5979531667866339,-0.7491874814316819,0.6832265679780799,Lnk
GO_Biological_Process_2018,negative regulation of macromolecule metabolic process (GO:0010605),1/73,0.4017373616881554,0.4282408681884157,0.5580246979946925,0.5979531667866339,-0.4831537835188937,0.4406153459590874,numb
GO_Biological_Process_2018,"RNA splicing, via transesterification reactions with bulged adenosine as nucleophile (GO:0000377)",2/198,0.4044493647900992,0.4303845926882511,0.6469330724070796,0.6752203699784525,0.0316316973509549,-0.0286339212230193,Sxl;Imp
KEGG_2019,Apoptosis,1/69,0.3846273246435574,0.4307826036007842,0.4668440484697209,0.5228653342860875,1.5510514127819115,-1.4819992265328044,Eip93F
GO_Biological_Process_2018,mitotic spindle organization (GO:0007052),1/74,0.4059405417562835,0.4312240357065019,0.5628975723191876,0.6021238839790612,-0.7459312547506887,0.6724932627381746,Rok
KEGG_2019,mRNA surveillance pathway,1/73,0.4017373616881554,0.4326402356641674,0.4858864386680715,0.5232623185656154,2.470021647749593,-2.2525528723445527,hrg
GO_Biological_Process_2018,regulation of innate immune response (GO:0045088),1/75,0.4101144012557829,0.4349054272384296,0.5677173329290386,0.6051709069764404,-0.5590911339924719,0.498328623561082,CG32795
GO_Biological_Process_2018,wing disc pattern formation (GO:0035222),1/76,0.4142591432302863,0.4385432999024066,0.5724845520961177,0.6091949999774979,-0.6612182277086184,0.5827075234356694,bi
GO_Biological_Process_2018,cilium organization (GO:0044782),1/77,0.4183749693878427,0.4406213228201293,0.5771997960090955,0.6110356461199735,-0.5080020997465726,0.4426614435221487,unc-119
GO_Biological_Process_2018,imaginal disc morphogenesis (GO:0007560),1/77,0.4183749693878427,0.4406213228201293,0.5771997960090955,0.6110356461199735,-0.7731488160845172,0.673704244837074,bi
GO_Biological_Process_2018,respiratory electron transport chain (GO:0022904),1/77,0.4183749693878427,0.4406213228201293,0.5771997960090955,0.6110356461199735,-0.6146091201190306,0.5355563696478663,ND-B12
GO_Molecular_Function_2018,sequence-specific DNA binding (GO:0043565),2/197,0.4019989853938973,0.4470829837558297,0.569206291014354,0.6102301678442175,-0.6120404481886225,0.5577559577938155,CrebA;luna
GO_Biological_Process_2018,cilium assembly (GO:0060271),1/79,0.426520673927729,0.4484309825199068,0.58647659268492,0.6197876556085041,-0.5647876240332972,0.4812523940908935,unc-119
GO_Molecular_Function_2018,ubiquitin-like protein ligase activity (GO:0061659),1/76,0.4142591432302863,0.4522645692147163,0.5228688228369088,0.5761239807184458,-0.7566949252907447,0.6668476569989779,Ubr1
GO_Molecular_Function_2018,"transcriptional activator activity, RNA polymerase II core promoter proximal region sequence-specific binding (GO:0001077)",1/76,0.4142591432302863,0.4522645692147163,0.5228688228369088,0.5761239807184458,-0.8316205141242274,0.7328768474863848,vvl
GO_Biological_Process_2018,"mRNA splicing, via spliceosome (GO:0000398)",2/211,0.4358556252478619,0.4574621434225423,0.680940874509606,0.7026852049561312,-0.1189564222015542,0.0987866738704616,Sxl;Imp
GO_Molecular_Function_2018,ubiquitin protein ligase activity (GO:0061630),1/79,0.426520673927729,0.4614178199763613,0.5365185492199224,0.5857404344694566,-0.784067757789055,0.6680997768166672,Ubr1
GO_Biological_Process_2018,mRNA processing (GO:0006397),2/213,0.4406095486986015,0.4616625646773742,0.6859326834828423,0.7066487712390355,-0.1274935068711818,0.1044931902902272,Sxl;Imp
GO_Biological_Process_2018,epithelium development (GO:0060429),1/85,0.4502843563262089,0.4709959025286069,0.6131166185611163,0.6446123352680229,-0.544003898639016,0.4340476507339348,numb
GO_Molecular_Function_2018,ion channel activity (GO:0005216),1/83,0.4424738140204662,0.4743638186345539,0.5541229531035631,0.5994602856302182,-0.2657040385166815,0.2166481630116443,Ca-alpha1T
GO_Biological_Process_2018,heart development (GO:0007507),1/87,0.4579862492051476,0.478237341857076,0.6216139243470663,0.652428973588203,-0.4771793614288088,0.3726370549405422,numb
GO_Biological_Process_2018,anterograde trans-synaptic signaling (GO:0098916),1/89,0.4655809933586016,0.485342495623398,0.6299266982507074,0.6600255848565432,-0.285201041823942,0.2180274137717641,Frq2
KEGG_2019,mTOR signaling pathway,1/96,0.4913399876362755,0.4913399876362755,0.5832876930381671,0.583287693038167,1.52805161767873,-1.0858624385994258,Pkc53E
KEGG_2019,Autophagy,1/95,0.4877370328403488,0.4913399876362755,0.5794508155048546,0.583287693038167,2.812961563037471,-2.019647007985372,Dsp1
GO_Biological_Process_2018,transmembrane receptor protein tyrosine kinase signaling pathway (GO:0007169),1/93,0.4804549353897706,0.4999988649649478,0.6460144134926032,0.6752203699784525,0.6550885428009735,-0.4801942102384572,Lnk
GO_Biological_Process_2018,mitochondrial translation (GO:0032543),1/94,0.4841087410378281,0.5012525581740749,0.6499270987903346,0.6752203699784525,-0.4003701737349963,0.2904468313277548,mRpL33
GO_Biological_Process_2018,mitochondrial gene expression (GO:0140053),1/94,0.4841087410378281,0.5012525581740749,0.6499270987903346,0.6752203699784525,-0.2550973307660328,0.1850592683015489,mRpL33
GO_Biological_Process_2018,proteasomal protein catabolic process (GO:0010498),1/94,0.4841087410378281,0.5012525581740749,0.6499270987903346,0.6752203699784525,0.5562812071871353,-0.4035518241716588,CG18467
GO_Molecular_Function_2018,protein kinase activity (GO:0004672),2/228,0.4755497904781417,0.5052716523830256,0.6489969593020791,0.6834569748402427,-0.4535332461160517,0.3371038650021366,Pkc53E;Rok
GO_Molecular_Function_2018,"transcriptional activator activity, RNA polymerase II transcription regulatory region sequence-specific binding (GO:0001228)",1/93,0.4804549353897706,0.5059658169148912,0.5953104781478752,0.6325173830321174,-0.7382835443444247,0.5411779635050475,vvl
GO_Biological_Process_2018,regulation of translation (GO:0006417),1/96,0.4913399876362755,0.5070948091128394,0.657624662790232,0.6820634171506798,-0.4200087605563788,0.2984661851041998,Sxl
GO_Biological_Process_2018,protein phosphorylation (GO:0006468),2/235,0.4914029501989241,0.5070948091128394,0.7367583894930757,0.7539494185812474,-0.2801719417736496,0.1990595913215707,Pkc53E;Rok
GO_Biological_Process_2018,positive regulation of cellular process (GO:0048522),1/97,0.4949177811400114,0.5098649624496091,0.6614104602336901,0.6848330903600096,-0.2753396150021072,0.1936638707923299,Lnk
GO_Biological_Process_2018,regulation of mitotic cell cycle (GO:0007346),1/100,0.5055019323898434,0.519896459777829,0.6725213245322008,0.6951651401730156,-0.5412933193232508,0.3692721524742262,Smr
GO_Biological_Process_2018,phosphorylation (GO:0016310),2/258,0.5413313692919883,0.5558151517479611,0.782333155463288,0.7966045728929666,-0.3144346569373765,0.1929759932313956,Pkc53E;Rok
GO_Molecular_Function_2018,RNA binding (GO:0003723),3/401,0.5348230307901852,0.558280181263439,0.7488799392645059,0.774927937151967,-0.3663969442257778,0.2292983049433708,mbl;Sxl;swm
GO_Biological_Process_2018,respiratory system development (GO:0060541),1/112,0.5456811504937926,0.5593459539285287,0.7134731403647042,0.7337897959529788,-0.1256953789299581,0.0761362611453186,Rac1
GO_Biological_Process_2018,eye morphogenesis (GO:0048592),1/114,0.5520550801708578,0.5649363653748444,0.7197877880431273,0.7390463241780604,0.3799779602455879,-0.2257477388282286,bi
GO_Biological_Process_2018,protein modification by small protein conjugation (GO:0032446),1/115,0.555208670122946,0.5672181754667035,0.7228933246570474,0.7409958286134009,-0.3647208492806831,0.2146058521742412,Ubr1
GO_Biological_Process_2018,regulation of cell cycle (GO:0051726),1/122,0.5766750558728486,0.5881702397108455,0.7436996955332156,0.7597863777993251,-0.3146507984951012,0.1732078175762513,Smr
GO_Biological_Process_2018,DNA metabolic process (GO:0006259),1/128,0.5942539645710613,0.6050944183194555,0.7602991448189572,0.7754546094997337,-0.4786342286472894,0.2491044669272505,Top1
GO_Molecular_Function_2018,"transcription factor activity, RNA polymerase II core promoter proximal region sequence-specific binding (GO:0000982)",1/134,0.6111078933005402,0.6323638200240373,0.7284887885411048,0.7604400511964166,-0.5750497659365137,0.2832015154219572,vvl
GO_Biological_Process_2018,eye development (GO:0001654),1/140,0.6272665349995976,0.6376517425327035,0.7903749025490504,0.8034605797435711,-0.425698857894914,0.1985390224719083,mbl
GO_Biological_Process_2018,proteolysis (GO:0006508),2/305,0.6325042544026003,0.6408541455498294,0.8546288198990042,0.8588250334173299,-0.089032102473862,0.0407827866813201,amon;svr
GO_Biological_Process_2018,positive regulation of transcription from RNA polymerase II promoter (GO:0045944),2/305,0.6325042544026003,0.6408541455498294,0.8546288198990042,0.8588250334173299,-0.1223618395911673,0.0560500837711377,CrebA;vvl
GO_Biological_Process_2018,protein transport (GO:0015031),1/146,0.6427583751137712,0.6501707451727438,0.803981780049644,0.8159418395875728,-0.3705547492973151,0.1637801606803701,unc-119
GO_Biological_Process_2018,organelle assembly (GO:0070925),1/161,0.6787473215303624,0.68544548588757,0.8342968257339338,0.8453106452155698,-0.0140427747195925,0.0054416644305334,unc-119
GO_Molecular_Function_2018,"phosphotransferase activity, alcohol group as acceptor (GO:0016773)",1/158,0.6718498435760449,0.6892252705650805,0.7853366951186987,0.80564712688901,0.1327024675535487,-0.0527784798679632,Hex-A
GO_Biological_Process_2018,ubiquitin-dependent protein catabolic process (GO:0006511),1/164,0.6855008334563272,0.6899959208888277,0.8397785045108042,0.848065792384266,-0.1898310082615552,0.0716812449665176,CG18467
GO_Biological_Process_2018,cellular protein localization (GO:0034613),1/164,0.6855008334563272,0.6899959208888277,0.8397785045108042,0.848065792384266,-0.3893933620004776,0.147037100131891,Cip4
GO_Biological_Process_2018,protein ubiquitination (GO:0016567),1/168,0.694286717043857,0.697695653461421,0.8468094672938301,0.8537619259744034,-0.1254818650841256,0.0457846015970896,Ubr1
GO_Biological_Process_2018,compound eye development (GO:0048749),1/198,0.7528583640427524,0.7553186854938724,0.8906687762992678,0.8935794585747556,-0.3127343725933491,0.0887784596475894,bi
GO_Biological_Process_2018,cellular protein modification process (GO:0006464),2/391,0.7620823079458091,0.7633255091006961,0.933451199908403,0.9334511999084028,-0.0286296691557554,0.0077787015355091,Pkc53E;Rok
GO_Molecular_Function_2018,zinc ion binding (GO:0008270),1/211,0.7746404358401872,0.7878821526921562,0.872667071516162,0.8875844573540452,-0.3308216613336245,0.0844773990513474,Ubr1
GO_Biological_Process_2018,vesicle-mediated transport (GO:0016192),1/235,0.8099660034628962,0.8099660034628962,0.9280069917289304,0.9295208693663348,-0.2072218812835404,0.0436747060342734,Frq2
GO_Molecular_Function_2018,ubiquitin-protein transferase activity (GO:0004842),1/231,0.804485780943029,0.8113034570527157,0.8955745456097014,0.903164160403004,-0.3475444489167203,0.0756089854703929,Ubr1
GO_Molecular_Function_2018,transition metal ion binding (GO:0046914),1/242,0.8191918774597264,0.8191918774597264,0.9063938426956408,0.9063938426956408,-0.2654778082693877,0.0529460817075638,Ubr1
